<COLLADA xmlns="http://www.collada.org/2005/11/COLLADASchema" version="1.4.1">
  <asset>
    <created>2026-07-31T12:55:25.553553</created>
    <modified>2026-07-31T12:55:25.553560</modified>
    <up_axis>Y_UP</up_axis>
  </asset>
  <library_effects>
    <effect id="a12fa1634b52412e99da10c97a7767c0" name="a12fa1634b52412e99da10c97a7767c0">
      <profile_COMMON>
        <technique sid="common">
          <phong>
            <emission>
              <color>0.0 0.0 0.0 1.0</color>
            </emission>
            <ambient>
              <color>0.0 0.0 0.0 1.0</color>
            </ambient>
            <diffuse>
              <color>0.0 0.0 0.0 1.0</color>
            </diffuse>
            <specular>
              <color>0.0 0.0 0.0 1.0</color>
            </specular>
            <shininess>
              <float>0.0</float>
            </shininess>
            <reflective>
              <color>0.0 0.0 0.0 1.0</color>
            </reflective>
            <reflectivity>
              <float>0.0</float>
            </reflectivity>
            <transparent>
              <color>0.0 0.0 0.0 1.0</color>
            </transparent>
            <transparency>
              <float>1.0</float>
            </transparency>
          </phong>
        </technique>
        <extra>
          <technique profile="GOOGLEEARTH">
            <double_sided>0</double_sided>
          </technique>
        </extra>
      </profile_COMMON>
    </effect>
  </library_effects>
  <library_geometries>
    <geometry id="278bb15e4d8b48018c3165880fd4527c" name="ec6d615aa3ef4110a745da7da7f224ac">
      <mesh>
        <source id="verts-array">
          <float_array count="6426" id="verts-array-array">0.027 -0.01025 0.0087 0.0266454 -0.01025 0.009635016 0.02625149 -0.01025 0.009363122 0.02602906 -0.01025 0.008939316 0.026 -0.01025 0.0087 0.02602906 -0.01025 0.008460685 0.02625149 -0.01025 0.008036877 0.0266454 -0.01025 0.007764984 0.02712054 -0.01025 0.007707291 0.02756806 -0.01025 0.007877016 0.02788546 -0.01025 0.008235277 0.028 -0.01025 0.0087 0.02788546 -0.01025 0.009164724 0.02756806 -0.01025 0.009522984 0.02712054 -0.01025 0.009692709 0.027 -0.01025 0.0097 0.02575 -0.01 0.0087 0.02578632 -0.01 0.008999145 0.02606436 -0.01 0.009528903 0.02655674 -0.01 0.00986877 0.02715067 -0.01 0.009940886 0.02771008 -0.01 0.00972873 0.02810682 -0.01 0.009280904 0.02825 -0.01 0.0087 0.02810682 -0.01 0.008119096 0.02771008 -0.01 0.00767127 0.02655674 -0.01 0.00753123 0.027 -0.01 0.00745 0.02606436 -0.01 0.007871097 0.02578632 -0.01 0.008400856 0.02715067 -0.01 0.007459114 0.02825 -0.00225 0.0087 0.02810682 -0.00225 0.009280904 0.02771008 -0.00225 0.00972873 0.02715067 -0.00225 0.009940886 0.02655674 -0.00225 0.00986877 0.02606436 -0.00225 0.009528903 0.02578632 -0.00225 0.008999145 0.02578632 -0.00225 0.008400856 0.02606436 -0.00225 0.007871097 0.02655674 -0.00225 0.00753123 0.027 -0.00225 0.00745 0.02715067 -0.00225 0.007459114 0.02771008 -0.00225 0.00767127 0.02810682 -0.00225 0.008119096 0.027 -0.00225 0.0066 0.02725313 -0.00225 0.006615311 0.02819294 -0.00225 0.006971734 0.02542813 -0.00225 0.01009256 0.02496102 -0.00225 0.009202563 0.02496102 -0.00225 0.008197437 0.02542813 -0.00225 0.007307442 0.02625533 -0.00225 0.006736466 0.02885946 -0.00225 0.009675919 0.02819294 -0.00225 0.01042827 0.02725313 -0.00225 0.01078469 0.02625533 -0.00225 0.01066353 0.02885946 -0.00225 0.007724081 0.0291 -0.00225 0.0087 0.0291 -0.0014 0.0087 0.02885946 -0.0014 0.009675919 0.02819294 -0.0014 0.01042827 0.02725313 -0.0014 0.01078469 0.02625533 -0.0014 0.01066353 0.02542813 -0.0014 0.01009256 0.02496102 -0.0014 0.009202563 0.02496102 -0.0014 0.008197437 0.02542813 -0.0014 0.007307442 0.02625533 -0.0014 0.006736466 0.027 -0.0014 0.0066 0.02725313 -0.0014 0.006615311 0.02819294 -0.0014 0.006971734 0.02885946 -0.0014 0.007724081 0.02863701 -0.0007070904 0.0087 0.02835 -0.00065 0.0087 0.02819537 -0.00065 0.009327376 0.0284495 -0.0007070904 0.009460757 0.02776689 -0.00065 0.009811028 0.02792993 -0.0007070904 0.01004723 0.02716273 -0.00065 0.01004016 0.02719732 -0.0007070904 0.01032508 0.02652128 -0.00065 0.009962272 0.02641951 -0.0007070904 0.01023063 0.02598951 -0.00065 0.009595215 0.02577468 -0.0007070904 0.00978554 0.02568923 -0.00065 0.009023076 0.02541056 -0.0007070904 0.009091763 0.02568923 -0.00065 0.008376923 0.02541056 -0.0007070904 0.008308237 0.02598951 -0.00065 0.007804784 0.02577468 -0.0007070904 0.00761446 0.02652128 -0.00065 0.007437728 0.02641951 -0.0007070904 0.007169367 0.027 -0.00065 0.00735 0.02719732 -0.0007070904 0.007074923 0.02716273 -0.00065 0.007359843 0.02776689 -0.00065 0.007588972 0.02792993 -0.0007070904 0.007352765 0.02819537 -0.00065 0.008072624 0.0284495 -0.0007070904 0.007939243 0.02888033 -0.0008696699 0.0087 0.02866495 -0.0008696699 0.009573833 0.02806815 -0.0008696699 0.01024748 0.02722665 -0.0008696699 0.01056662 0.02633323 -0.0008696699 0.01045814 0.02559255 -0.0008696699 0.009946889 0.02517431 -0.0008696699 0.009149993 0.02517431 -0.0008696699 0.008250007 0.02559255 -0.0008696699 0.007453111 0.02633323 -0.0008696699 0.006941861 0.02722665 -0.0008696699 0.00683338 0.02806815 -0.0008696699 0.007152519 0.02866495 -0.0008696699 0.007826167 0.02904291 -0.001112987 0.0087 0.02880891 -0.001112987 0.009649388 0.0281605 -0.001112987 0.01038128 0.02724625 -0.001112987 0.01072801 0.02627558 -0.001112987 0.01061015 0.02547086 -0.001112987 0.0100547 0.02501645 -0.001112987 0.009188901 0.02501645 -0.001112987 0.0082111 0.02547086 -0.001112987 0.0073453 0.02627558 -0.001112987 0.006789846 0.02724625 -0.001112987 0.006671986 0.0281605 -0.001112987 0.007018718 0.02880891 -0.001112987 0.007750613 0.02745466 -0.00065 0.0079125 0.02803923 -0.00065 0.0081 0.027 -0.00065 0.0075 0.02654534 -0.00065 0.0079125 0.02790933 -0.00065 0.0087 0.02803923 -0.00065 0.0093 0.02609067 -0.00065 0.0087 0.02654534 -0.00065 0.0094875 0.02596077 -0.00065 0.0093 0.02745466 -0.00065 0.0094875 0.027 -0.00065 0.0099 0.02596077 -0.00065 0.0081 0.02596077 -0.00215 0.0093 0.02609067 -0.00215 0.0087 0.02596077 -0.00215 0.0081 0.02790933 -0.00215 0.0087 0.02654534 -0.00215 0.0094875 0.02745466 -0.00215 0.0094875 0.02803923 -0.00215 0.0081 0.02745466 -0.00215 0.0079125 0.027 -0.00215 0.0099 0.02654534 -0.00215 0.0079125 0.027 -0.00215 0.0075 0.02803923 -0.00215 0.0093 0.017 -0.01025 0.0052 0.01664539 -0.01025 0.006135016 0.01625149 -0.01025 0.005863123 0.01602906 -0.01025 0.005439315 0.016 -0.01025 0.0052 0.01602906 -0.01025 0.004960684 0.01625149 -0.01025 0.004536877 0.01664539 -0.01025 0.004264984 0.01712054 -0.01025 0.004207291 0.01756806 -0.01025 0.004377016 0.01788546 -0.01025 0.004735277 0.018 -0.01025 0.0052 0.01788546 -0.01025 0.005664723 0.01756806 -0.01025 0.006022984 0.01712054 -0.01025 0.006192709 0.017 -0.01025 0.0062 0.01575 -0.01 0.0052 0.01578632 -0.01 0.005499145 0.01606436 -0.01 0.006028903 0.01655674 -0.01 0.00636877 0.01715067 -0.01 0.006440886 0.01771008 -0.01 0.00622873 0.01810682 -0.01 0.005780904 0.01825 -0.01 0.0052 0.01810682 -0.01 0.004619096 0.01771008 -0.01 0.00417127 0.01655674 -0.01 0.00403123 0.017 -0.01 0.00395 0.01606436 -0.01 0.004371097 0.01578632 -0.01 0.004900855 0.01715067 -0.01 0.003959114 0.01825 -0.00225 0.0052 0.01810682 -0.00225 0.005780904 0.01771008 -0.00225 0.00622873 0.01715067 -0.00225 0.006440886 0.01655674 -0.00225 0.00636877 0.01606436 -0.00225 0.006028903 0.01578632 -0.00225 0.005499145 0.01578632 -0.00225 0.004900855 0.01606436 -0.00225 0.004371097 0.01655674 -0.00225 0.00403123 0.017 -0.00225 0.00395 0.01715067 -0.00225 0.003959114 0.01771008 -0.00225 0.00417127 0.01810682 -0.00225 0.004619096 0.017 -0.00225 0.0031 0.01725313 -0.00225 0.003115311 0.01819294 -0.00225 0.003471734 0.01625533 -0.00225 0.007163534 0.01542813 -0.00225 0.006592558 0.01542813 -0.00225 0.003807442 0.01625533 -0.00225 0.003236466 0.01496102 -0.00225 0.005702563 0.01885946 -0.00225 0.004224082 0.01885946 -0.00225 0.006175919 0.01819294 -0.00225 0.006928266 0.01725313 -0.00225 0.007284689 0.01496102 -0.00225 0.004697437 0.0191 -0.00225 0.0052 0.0191 -0.0014 0.0052 0.01885946 -0.0014 0.006175919 0.01819294 -0.0014 0.006928266 0.01725313 -0.0014 0.007284689 0.01625533 -0.0014 0.007163534 0.01542813 -0.0014 0.006592558 0.01496102 -0.0014 0.005702563 0.01496102 -0.0014 0.004697437 0.01542813 -0.0014 0.003807442 0.01625533 -0.0014 0.003236466 0.017 -0.0014 0.0031 0.01725313 -0.0014 0.003115311 0.01819294 -0.0014 0.003471734 0.01885946 -0.0014 0.004224082 0.01863701 -0.0007070904 0.0052 0.01835 -0.00065 0.0052 0.01819537 -0.00065 0.005827376 0.0184495 -0.0007070904 0.005960758 0.01776689 -0.00065 0.006311028 0.01792993 -0.0007070904 0.006547235 0.01716273 -0.00065 0.006540157 0.01719732 -0.0007070904 0.006825077 0.01652128 -0.00065 0.006462272 0.01641951 -0.0007070904 0.006730633 0.01598951 -0.00065 0.006095216 0.01577468 -0.0007070904 0.00628554 0.01568923 -0.00065 0.005523076 0.01541056 -0.0007070904 0.005591763 0.01568923 -0.00065 0.004876924 0.01541056 -0.0007070904 0.004808237 0.01598951 -0.00065 0.004304784 0.01577468 -0.0007070904 0.00411446 0.01652128 -0.00065 0.003937728 0.01641951 -0.0007070904 0.003669367 0.017 -0.00065 0.00385 0.01719732 -0.0007070904 0.003574923 0.01716273 -0.00065 0.003859843 0.01776689 -0.00065 0.004088972 0.01792993 -0.0007070904 0.003852765 0.01819537 -0.00065 0.004572624 0.0184495 -0.0007070904 0.004439242 0.01888033 -0.0008696699 0.0052 0.01866495 -0.0008696699 0.006073833 0.01806815 -0.0008696699 0.006747481 0.01722665 -0.0008696699 0.007066621 0.01633323 -0.0008696699 0.006958139 0.01559255 -0.0008696699 0.00644689 0.01517431 -0.0008696699 0.005649992 0.01517431 -0.0008696699 0.004750008 0.01559255 -0.0008696699 0.00395311 0.01633323 -0.0008696699 0.003441861 0.01722665 -0.0008696699 0.00333338 0.01806815 -0.0008696699 0.003652519 0.01866495 -0.0008696699 0.004326167 0.01904291 -0.001112987 0.0052 0.01880891 -0.001112987 0.006149387 0.01816051 -0.001112987 0.006881282 0.01724625 -0.001112987 0.007228015 0.01627557 -0.001112987 0.007110154 0.01547086 -0.001112987 0.0065547 0.01501645 -0.001112987 0.0056889 0.01501645 -0.001112987 0.0047111 0.01547086 -0.001112987 0.0038453 0.01627557 -0.001112987 0.003289846 0.01724625 -0.001112987 0.003171986 0.01816051 -0.001112987 0.003518718 0.01880891 -0.001112987 0.004250613 0.01609067 -0.00065 0.0052 0.01596077 -0.00065 0.0046 0.01654534 -0.00065 0.0059875 0.01596077 -0.00065 0.0058 0.01745466 -0.00065 0.0044125 0.01803923 -0.00065 0.0046 0.017 -0.00065 0.0064 0.01745466 -0.00065 0.0059875 0.01803923 -0.00065 0.0058 0.01790933 -0.00065 0.0052 0.017 -0.00065 0.004 0.01654534 -0.00065 0.0044125 0.01596077 -0.00215 0.0058 0.01609067 -0.00215 0.0052 0.01596077 -0.00215 0.0046 0.01654534 -0.00215 0.0044125 0.01790933 -0.00215 0.0052 0.01745466 -0.00215 0.0044125 0.01745466 -0.00215 0.0059875 0.01654534 -0.00215 0.0059875 0.01803923 -0.00215 0.0046 0.017 -0.00215 0.004 0.017 -0.00215 0.0064 0.01803923 -0.00215 0.0058 0.006877543 0.002970321 0.0038 0.0067 0.00225 0.0038 0.0067 0.00225 0.0001 0.0073695 0.003525625 0.0038 0.006877543 0.002970321 0.0001 0.008063168 0.003788699 0.0038 0.0073695 0.003525625 0.0001 0.008799638 0.003699275 0.0038 0.008063168 0.003788699 0.0001 0.009410191 0.00327784 0.0038 0.008799638 0.003699275 0.0001 0.009754959 0.002620939 0.0038 0.009410191 0.00327784 0.0001 0.009754959 0.001879061 0.0038 0.009754959 0.002620939 0.0001 0.009410191 0.00122216 0.0038 0.009754959 0.001879061 0.0001 0.008799638 0.0008007248 0.0038 0.009410191 0.00122216 0.0001 0.008799638 0.0008007248 0.0001 0.00825 0.0007 0.0001 0.00825 0.0007 0.0038 0.008063168 0.0007113012 0.0001 0.008063168 0.0007113012 0.0038 0.0073695 0.000974375 0.0038 0.006877543 0.001529679 0.0038 0.0073695 0.000974375 0.0001 0.006877543 0.001529679 0.0001 0.01075 -0.00275 0.0038 0.01075 0.01054737 0.0038 0.00525 0.0137228 0.0038 0.00525 -0.00275 0.0038 0.01213582 -0.00275 0.004725975 0.01225 -0.00275 0.0053 0.01225 0.009396625 0.0053 0.01181066 -0.00275 0.00423934 0.01219219 0.009472236 0.004887596 0.01202786 0.009616191 0.004514452 0.01132402 -0.00275 0.003914181 0.01180917 0.009788922 0.004237857 0.0117422 0.009840357 0.004175034 0.01132828 0.01014635 0.003915951 0.01079959 0.01051779 0.00380082 0.0109 0.01069171 0.0036 0.00525 0.01395374 0.0036 0.01158823 0.01029436 0.003737756 0.01217279 0.009956863 0.004127208 0.01256224 0.009732013 0.004711774 0.0127 0.00965248 0.0054 0.01225 0.009392671 0.0054 0.0127 0.00965248 0.012 0.01225 0.009392671 0.012 0.01225 -0.00275 0.0121 0.01225 0.009396625 0.0121 0.01075 -0.00275 0.0136 0.01181066 -0.00275 0.01316066 0.01213582 -0.00275 0.01267403 0.01132402 -0.00275 0.01348582 0.00525 -0.00275 0.0136 0.01079959 0.01051779 0.01359918 0.01139257 0.0101 0.0134554 0.01075 0.01054737 0.0136 0.01189383 0.009723082 0.01307039 0.01214159 0.009519606 0.0126599 0.01256224 0.009732013 0.01268823 0.01217279 0.009956863 0.01327279 0.01158823 0.01029436 0.01366224 0.0109 0.01069171 0.0138 0.00525 0.0137228 0.0136 0.00525 0.01395374 0.0138 0.008063168 0.0007113012 0.0136 0.00825 0.0007 0.0136 0.0073695 0.000974375 0.0136 0.008799638 0.0008007248 0.0136 0.008799638 0.003699275 0.0136 0.008063168 0.003788699 0.0136 0.006877543 0.001529679 0.0136 0.009410191 0.00327784 0.0136 0.009754959 0.001879061 0.0136 0.009754959 0.002620939 0.0136 0.009410191 0.00122216 0.0136 0.006877543 0.002970321 0.0136 0.0067 0.00225 0.0136 0.0073695 0.003525625 0.0136 0.006877543 0.002970321 0.0173 0.0067 0.00225 0.0173 0.0073695 0.003525625 0.0173 0.008063168 0.003788699 0.0173 0.008799638 0.003699275 0.0173 0.009410191 0.00327784 0.0173 0.009754959 0.002620939 0.0173 0.009754959 0.001879061 0.0173 0.009410191 0.00122216 0.0173 0.008799638 0.0008007248 0.0173 0.00825 0.0007 0.0173 0.008063168 0.0007113012 0.0173 0.0073695 0.000974375 0.0173 0.006877543 0.001529679 0.0173 0.00525 0.01395374 0.0004 0.00525 0.01360733 0.0001 0.00525 -0.00475 0.0001 0.00525 -0.00475 0.0173 0.00525 0.01360733 0.0173 0.00525 0.01395374 0.017 0.01375 0.009046261 0.017 0.01375 0.009046261 0.0004 0.0136 0.008786454 0.0173 0.01405228 0.008406949 0.0173 0.01428209 0.008599786 0.017 0.01434748 0.007895645 0.0173 0.01462939 0.00799825 0.017 0.01445 0.007314211 0.0173 0.01475 0.007314211 0.017 0.0136 0.008786454 0.0001 0.01475 0.007314211 0.0004 0.01445 0.007314211 0.0001 0.01434748 0.007895645 0.0001 0.01462939 0.00799825 0.0004 0.01405228 0.008406949 0.0001 0.01428209 0.008599786 0.0004 0.01445 0.00225 0.0173 0.01475 0.00225 0.017 0.01462508 0.001369828 0.0173 0.02552786 -0.00475 0.0173 0.01675 -5e-05 0.0173 0.01586983 0.0001250771 0.0173 0.01512365 0.0006236544 0.0173 0.02552786 -5e-05 0.0173 0.01490224 0.001484633 0.017 0.01533579 0.0008357865 0.017 0.01598463 0.0004022409 0.017 0.01675 0.00025 0.017 0.01475 0.007314211 0.01462288 0.01475 0.00225 0.01462288 0.01675 0.00025 0.0153 0.01625 0.0003135083 0.0153 0.01598463 0.0004022409 0.01528232 0.01533579 0.0008357865 0.01507882 0.01483579 0.001670529 0.01471421 0.02552786 0.00025 0.017 0.02642229 -0.00475 0.01708885 0.02642229 -5e-05 0.01708885 0.02628813 0.00025 0.01682053 0.03289443 -5e-05 0.01385279 0.03289443 -0.00475 0.01385279 0.03276026 0.00025 0.01358446 0.034 -0.00475 0.01206393 0.034 -5e-05 0.01206393 0.03386534 -5e-05 0.01278539 0.03386534 -0.00475 0.01278539 0.0334795 -5e-05 0.0134097 0.0334795 -0.00475 0.0134097 0.0337 0.00025 0.01206393 0.03358554 0.00025 0.01267717 0.03325757 0.00025 0.01320783 0.034 -0.00475 0.005336068 0.034 -5e-05 0.005336068 0.0337 0.00025 0.005336068 0.03289443 -0.00475 0.003547214 0.03289443 -5e-05 0.003547214 0.0334795 -5e-05 0.003990302 0.0334795 -0.00475 0.003990302 0.03386534 -5e-05 0.00461461 0.03386534 -0.00475 0.00461461 0.03276026 0.00025 0.003815542 0.03325757 0.00025 0.004192167 0.03358554 0.00025 0.004722829 0.02642229 -0.00475 0.0003111456 0.02642229 -5e-05 0.0003111456 0.02552786 -0.00475 0.0001 0.02552786 -5e-05 0.0001 0.02628813 0.00025 0.0005794738 0.02552786 0.00025 0.0004 0.01586983 0.0001250771 0.0001 0.01675 -5e-05 0.0001 0.01512365 0.0006236544 0.0001 0.01445 0.00225 0.0001 0.01462508 0.001369828 0.0001 0.01675 0.00025 0.0004 0.01598463 0.0004022409 0.0004 0.01533579 0.0008357865 0.0004 0.01490224 0.001484633 0.0004 0.01475 0.00225 0.0004 0.01475 0.007314211 0.002777124 0.01475 0.00225 0.002777124 0.01471813 0.007669804 0.01458584 0.01462939 0.00799825 0.01447201 0.01451777 0.008249615 0.01429969 0.01440224 0.008441198 0.01406537 0.01425 0.008637086 0.0041 0.01428209 0.008599786 0.003743173 0.01425 0.008637086 0.0133 0.01428209 0.008599786 0.01365683 0.01451784 0.008249484 0.003100186 0.01462939 0.00799825 0.00292799 0.01440224 0.008441198 0.003334633 0.01471817 0.007669628 0.002814121 0.01425 -0.00225 0.0133 0.01440224 -0.00225 0.01406537 0.01455307 0.007877704 0.0143585 0.01483579 -0.00225 0.01471421 0.01548463 -0.00225 0.01514776 0.01625 -0.00225 0.0153 0.01425 -0.00225 0.0041 0.01440224 -0.00225 0.003334633 0.01548463 -0.00225 0.002252241 0.01625 -0.00225 0.0021 0.01625 0.0003135083 0.0021 0.01598463 0.0004022409 0.002117683 0.01483579 -0.00225 0.002685786 0.01533579 0.0008357865 0.002321176 0.01455307 0.007877704 0.0030415 0.01483579 0.001670529 0.002685786 0.01675 0.00025 0.0021 0.02505573 -0.00225 0.0153 0.02505573 0.00025 0.0153 0.02505573 -0.00225 0.0021 0.02505573 0.00025 0.0021 0.02595016 0.00025 0.01508885 0.02595016 -0.00225 0.01508885 0.03089443 0.00025 0.01261672 0.03089443 -0.00225 0.01261672 0.03186534 0.00025 0.01154932 0.032 0.00025 0.01082786 0.032 -0.00225 0.01082786 0.0314795 0.00025 0.01217363 0.03186534 -0.00225 0.01154932 0.0314795 -0.00225 0.01217363 0.032 -0.00225 0.006572136 0.032 0.00025 0.006572136 0.02595016 0.00025 0.002311146 0.03089443 0.00025 0.004783282 0.03186534 0.00025 0.005850678 0.0314795 0.00025 0.00522637 0.02595016 -0.00225 0.002311146 0.03089443 -0.00225 0.004783282 0.0314795 -0.00225 0.00522637 0.03186534 -0.00225 0.005850678 0.02588897 -0.00225 0.009466887 0.02565984 -0.00225 0.008862725 0.01826227 -0.00225 0.01172128 0.02610478 -0.00225 0.00768951 0.01835 -0.00225 0.0052 0.01834016 -0.00225 0.005362724 0.01835 -0.00225 0.0122 0.01826227 -0.00225 0.004721283 0.01834016 -0.00225 0.01236272 0.01789522 -0.00225 0.00418951 0.01811103 -0.00225 0.005966887 0.02573773 -0.00225 0.008221284 0.01732308 -0.00225 0.003889228 0.01610478 -0.00225 0.00418951 0.01667692 -0.00225 0.003889228 0.01789522 -0.00225 0.01118951 0.01811103 -0.00225 0.01296689 0.02637262 -0.00225 0.009895366 0.01637262 -0.00225 0.006395366 0.01610478 -0.00225 0.01118951 0.01667692 -0.00225 0.01088923 0.01573773 -0.00225 0.01172128 0.02667692 -0.00225 0.007389228 0.02732308 -0.00225 0.007389228 0.01762738 -0.00225 0.006395366 0.01637262 -0.00225 0.01339537 0.01588897 -0.00225 0.01296689 0.01762738 -0.00225 0.01339537 0.01588897 -0.00225 0.005966887 0.01565984 -0.00225 0.005362724 0.017 -0.00225 0.00655 0.01565984 -0.00225 0.01236272 0.017 -0.00225 0.01355 0.027 -0.00225 0.01005 0.02811103 -0.00225 0.009466887 0.02835 -0.00225 0.0087 0.01573773 -0.00225 0.004721283 0.01732308 -0.00225 0.01088923 0.02826227 -0.00225 0.008221284 0.02789522 -0.00225 0.00768951 0.02762738 -0.00225 0.009895366 0.02834016 -0.00225 0.008862725 0.01835 -0.00475 0.0122 0.01811103 -0.00475 0.005966887 0.01834016 -0.00475 0.005362724 0.02573773 -0.00475 0.008221284 0.02610478 -0.00475 0.00768951 0.02565984 -0.00475 0.008862725 0.01667692 -0.00475 0.01088923 0.01762738 -0.00475 0.006395366 0.02732308 -0.00475 0.007389228 0.02667692 -0.00475 0.007389228 0.01588897 -0.00475 0.005966887 0.01610478 -0.00475 0.01118951 0.01573773 -0.00475 0.01172128 0.01637262 -0.00475 0.006395366 0.017 -0.00475 0.00655 0.01732308 -0.00475 0.003889228 0.01667692 -0.00475 0.003889228 0.01835 -0.00475 0.0052 0.01826227 -0.00475 0.004721283 0.02588897 -0.00475 0.009466887 0.01826227 -0.00475 0.01172128 0.01834016 -0.00475 0.01236272 0.01789522 -0.00475 0.00418951 0.01637262 -0.00475 0.01339537 0.017 -0.00475 0.01355 0.02789522 -0.00475 0.00768951 0.01565984 -0.00475 0.005362724 0.02637262 -0.00475 0.009895366 0.027 -0.00475 0.01005 0.01789522 -0.00475 0.01118951 0.01811103 -0.00475 0.01296689 0.01762738 -0.00475 0.01339537 0.01588897 -0.00475 0.01296689 0.01610478 -0.00475 0.00418951 0.01573773 -0.00475 0.004721283 0.01732308 -0.00475 0.01088923 0.01565984 -0.00475 0.01236272 0.02834016 -0.00475 0.008862725 0.02835 -0.00475 0.0087 0.02762738 -0.00475 0.009895366 0.02811103 -0.00475 0.009466887 0.02826227 -0.00475 0.008221284 0.017 -0.01025 0.0122 0.01664539 -0.01025 0.01313502 0.01625149 -0.01025 0.01286312 0.01602906 -0.01025 0.01243932 0.016 -0.01025 0.0122 0.01602906 -0.01025 0.01196068 0.01625149 -0.01025 0.01153688 0.01664539 -0.01025 0.01126498 0.01712054 -0.01025 0.01120729 0.01756806 -0.01025 0.01137702 0.01788546 -0.01025 0.01173528 0.018 -0.01025 0.0122 0.01788546 -0.01025 0.01266472 0.01756806 -0.01025 0.01302298 0.01712054 -0.01025 0.01319271 0.017 -0.01025 0.0132 0.01575 -0.01 0.0122 0.01578632 -0.01 0.01249914 0.01606436 -0.01 0.0130289 0.01655674 -0.01 0.01336877 0.01715067 -0.01 0.01344089 0.01771008 -0.01 0.01322873 0.01810682 -0.01 0.0127809 0.01825 -0.01 0.0122 0.01810682 -0.01 0.0116191 0.01771008 -0.01 0.01117127 0.01655674 -0.01 0.01103123 0.017 -0.01 0.01095 0.01606436 -0.01 0.0113711 0.01578632 -0.01 0.01190086 0.01715067 -0.01 0.01095911 0.01825 -0.00225 0.0122 0.01810682 -0.00225 0.0127809 0.01771008 -0.00225 0.01322873 0.01715067 -0.00225 0.01344089 0.01655674 -0.00225 0.01336877 0.01606436 -0.00225 0.0130289 0.01578632 -0.00225 0.01249914 0.01578632 -0.00225 0.01190086 0.01606436 -0.00225 0.0113711 0.01655674 -0.00225 0.01103123 0.017 -0.00225 0.01095 0.01715067 -0.00225 0.01095911 0.01771008 -0.00225 0.01117127 0.01810682 -0.00225 0.0116191 0.017 -0.00225 0.0101 0.01725313 -0.00225 0.01011531 0.01819294 -0.00225 0.01047173 0.01496102 -0.00225 0.01169744 0.01542813 -0.00225 0.01080744 0.01625533 -0.00225 0.01023647 0.01542813 -0.00225 0.01359256 0.01496102 -0.00225 0.01270256 0.01885946 -0.00225 0.01122408 0.0191 -0.00225 0.0122 0.01885946 -0.00225 0.01317592 0.01819294 -0.00225 0.01392827 0.01725313 -0.00225 0.01428469 0.01625533 -0.00225 0.01416353 0.0191 -0.0014 0.0122 0.01885946 -0.0014 0.01317592 0.01819294 -0.0014 0.01392827 0.01725313 -0.0014 0.01428469 0.01625533 -0.0014 0.01416353 0.01542813 -0.0014 0.01359256 0.01496102 -0.0014 0.01270256 0.01496102 -0.0014 0.01169744 0.01542813 -0.0014 0.01080744 0.01625533 -0.0014 0.01023647 0.017 -0.0014 0.0101 0.01725313 -0.0014 0.01011531 0.01819294 -0.0014 0.01047173 0.01885946 -0.0014 0.01122408 0.01863701 -0.0007070904 0.0122 0.01835 -0.00065 0.0122 0.01819537 -0.00065 0.01282738 0.0184495 -0.0007070904 0.01296076 0.01776689 -0.00065 0.01331103 0.01792993 -0.0007070904 0.01354724 0.01716273 -0.00065 0.01354016 0.01719732 -0.0007070904 0.01382508 0.01652128 -0.00065 0.01346227 0.01641951 -0.0007070904 0.01373063 0.01598951 -0.00065 0.01309522 0.01577468 -0.0007070904 0.01328554 0.01568923 -0.00065 0.01252308 0.01541056 -0.0007070904 0.01259176 0.01568923 -0.00065 0.01187692 0.01541056 -0.0007070904 0.01180824 0.01598951 -0.00065 0.01130478 0.01577468 -0.0007070904 0.01111446 0.01652128 -0.00065 0.01093773 0.01641951 -0.0007070904 0.01066937 0.017 -0.00065 0.01085 0.01719732 -0.0007070904 0.01057492 0.01716273 -0.00065 0.01085984 0.01776689 -0.00065 0.01108897 0.01792993 -0.0007070904 0.01085277 0.01819537 -0.00065 0.01157262 0.0184495 -0.0007070904 0.01143924 0.01888033 -0.0008696699 0.0122 0.01866495 -0.0008696699 0.01307383 0.01806815 -0.0008696699 0.01374748 0.01722665 -0.0008696699 0.01406662 0.01633323 -0.0008696699 0.01395814 0.01559255 -0.0008696699 0.01344689 0.01517431 -0.0008696699 0.01264999 0.01517431 -0.0008696699 0.01175001 0.01559255 -0.0008696699 0.01095311 0.01633323 -0.0008696699 0.01044186 0.01722665 -0.0008696699 0.01033338 0.01806815 -0.0008696699 0.01065252 0.01866495 -0.0008696699 0.01132617 0.01904291 -0.001112987 0.0122 0.01880891 -0.001112987 0.01314939 0.01816051 -0.001112987 0.01388128 0.01724625 -0.001112987 0.01422801 0.01627557 -0.001112987 0.01411015 0.01547086 -0.001112987 0.0135547 0.01501645 -0.001112987 0.0126889 0.01501645 -0.001112987 0.0117111 0.01547086 -0.001112987 0.0108453 0.01627557 -0.001112987 0.01028985 0.01724625 -0.001112987 0.01017199 0.01816051 -0.001112987 0.01051872 0.01880891 -0.001112987 0.01125061 0.01745466 -0.00065 0.0114125 0.01803923 -0.00065 0.0116 0.01654534 -0.00065 0.0129875 0.01596077 -0.00065 0.0128 0.01790933 -0.00065 0.0122 0.01803923 -0.00065 0.0128 0.017 -0.00065 0.011 0.01609067 -0.00065 0.0122 0.01596077 -0.00065 0.0116 0.017 -0.00065 0.0134 0.01745466 -0.00065 0.0129875 0.01654534 -0.00065 0.0114125 0.01596077 -0.00215 0.0128 0.01609067 -0.00215 0.0122 0.01596077 -0.00215 0.0116 0.01654534 -0.00215 0.0114125 0.01790933 -0.00215 0.0122 0.01745466 -0.00215 0.0114125 0.01745466 -0.00215 0.0129875 0.01654534 -0.00215 0.0129875 0.01803923 -0.00215 0.0116 0.017 -0.00215 0.011 0.017 -0.00215 0.0134 0.01803923 -0.00215 0.0128 0.01604161 -0.01 0.01256347 0.0176797 -0.01 0.01296722 0.01795839 -0.01 0.01256347 0.0163203 -0.01 0.01296722 0.01784356 -0.01 0.01161773 0.01615644 -0.01 0.01161773 0.01598247 -0.01 0.01207645 0.01769068 -0.01 0.01144264 0.01630932 -0.01 0.01144264 0.01801753 -0.01 0.01207645 0.0167547 -0.01 0.01319522 0.0172453 -0.01 0.01319522 0.01747634 -0.009988651 0.01129241 0.017 -0.009963519 0.011175 0.01652366 -0.009988651 0.01129241 0.01615644 -0.00475 0.01161773 0.015975 -0.00475 0.0122 0.01598247 -0.00475 0.01207645 0.01604161 -0.00475 0.01256347 0.0163203 -0.00475 0.01296722 0.0167547 -0.00475 0.01319522 0.0172453 -0.00475 0.01319522 0.0176797 -0.00475 0.01296722 0.01795839 -0.00475 0.01256347 0.01801753 -0.00475 0.01207645 0.01652366 -0.00475 0.01129241 0.01747634 -0.00475 0.01129241 0.017 -0.00475 0.011175 0.01784356 -0.00475 0.01161773 0.02604161 -0.00475 0.00906347 0.0263203 -0.00475 0.009467224 0.025975 -0.00475 0.0087 0.03000675 -0.00475 0.0183378 0.0267547 -0.00475 0.009695215 0.0276797 -0.00475 0.009467224 0.03591444 -0.00475 0.01371056 0.036 -0.00475 0.01313182 0.03320543 -0.00475 0.016799 0.03566507 -0.00475 0.01423977 0.02784356 -0.00475 0.008117734 0.02801753 -0.00475 0.00857645 0.036 -0.00475 0.004268182 0.0272453 -0.00475 0.009695215 0.03591444 -0.00475 0.003689444 0.03320543 -0.00475 0.0006010011 0.02747634 -0.00475 0.007792408 0.03000675 -0.00475 -0.0009377956 0.01053465 -0.00475 -0.004149449 0.02652366 -0.00475 0.007792408 0.0167547 -0.00475 0.006195216 0.0176797 -0.00475 0.005967224 0.02795839 -0.00475 0.00906347 0.03566507 -0.00475 0.003160227 0.027 -0.00475 0.007675 0.02615644 -0.00475 0.008117734 0.0172453 -0.00475 0.006195216 0.02598247 -0.00475 0.00857645 0.01747634 -0.00475 0.004292408 0.01795839 -0.00475 0.00556347 0.01801753 -0.00475 0.00507645 0.01784356 -0.00475 0.004617733 0.01053465 -0.00475 0.02154945 0.01615644 -0.00475 0.004617733 0.005581608 -0.00475 -0.0009481202 0.00525 -0.00475 0.0008424422 0.005581608 -0.00475 0.01834812 0.006816581 -0.00475 0.02019234 0.01652366 -0.00475 0.004292408 0.017 -0.00475 0.004175 0.006816581 -0.00475 -0.002792339 0.00525 -0.00475 0.01655756 0.008728117 -0.00475 -0.003920317 0.015975 -0.00475 0.0052 0.01598247 -0.00475 0.00507645 0.01604161 -0.00475 0.00556347 0.0163203 -0.00475 0.005967224 0.008728117 -0.00475 0.02132032 0.009520552 -0.008512805 -0.004100502 0.008738635 -0.008028017 -0.003917144 0.01053465 -0.009141549 -0.004149449 0.007966834 -0.007549501 -0.003599969 0.006833196 -0.006846645 -0.002807958 0.008536242 -0.007902533 -0.003847914 0.006156151 -0.006426877 -0.002021974 0.005664817 -0.00612225 -0.001135562 0.006816581 -0.006836344 -0.002792339 0.005350443 -0.005927338 -0.0001376424 0.005591951 -0.006077073 -0.0009576071 0.00525 -0.005865063 0.0008424422 0.00525 -0.005865063 0.01655756 0.005629288 -0.006100222 0.01845116 0.006157269 -0.00642757 0.01942359 0.007020318 -0.006962661 0.02037401 0.008536242 -0.007902533 0.02124791 0.006751036 -0.006795706 0.02012922 0.008993843 -0.008186246 0.02139135 0.01053465 -0.009141549 0.02154945 0.005307379 -0.006097629 0.0008424422 0.005466348 -0.006276817 0.0008424422 0.005377168 -0.006198224 0.01655756 0.005466348 -0.006276817 0.01655756 0.005307379 -0.006097629 0.01655756 0.00526413 -0.005983089 0.01655756 0.00526413 -0.005983089 0.0008424422 0.006816427 -0.007182165 -0.002540297 0.006783817 -0.007083336 -0.002646895 0.007542026 -0.007588735 -0.003244083 0.008397732 -0.008262797 -0.003533492 0.005701205 -0.006360805 -0.00104952 0.005790431 -0.006500075 -0.0008191079 0.00576053 -0.006460353 -0.0009941994 0.007566296 -0.007464921 -0.003345259 0.006784595 -0.006962581 -0.002734137 0.005668689 -0.006244095 -0.001098086 0.00918215 -0.008836593 -0.003584879 0.007291367 -0.007534053 -0.002774413 0.01025043 -0.009528298 -0.003837377 0.01022254 -0.009553302 -0.003650259 0.008408979 -0.008166008 -0.003679837 0.009349017 -0.00879112 -0.003940747 0.006747994 -0.007159729 -0.002302466 0.009425854 -0.008656756 -0.004053663 0.008459101 -0.008037735 -0.003789865 0.0104266 -0.009295891 -0.004119135 0.01032276 -0.009437521 -0.004009082 0.01367934 -0.01188939 -0.003579968 0.01364609 -0.01191175 -0.003391095 0.01375776 -0.01179924 -0.003752862 0.01386657 -0.01165623 -0.003861841 0.01397675 -0.0115 -0.003888881 0.005701205 -0.006360805 0.01844952 0.00576053 -0.006460353 0.0183942 0.006816427 -0.007182165 0.0199403 0.008408979 -0.008166008 0.02107984 0.008397732 -0.008262797 0.02093349 0.01025043 -0.009528298 0.02123738 0.006146039 -0.006551657 0.01937312 0.006784595 -0.006962581 0.02013414 0.006797136 -0.006899092 0.02016716 0.0104818 -0.009217803 0.02154381 0.008495387 -0.007969425 0.0212256 0.006227275 -0.006801012 0.01905486 0.005544108 -0.006330386 0.01737563 0.01022254 -0.009553302 0.02105026 0.00784161 -0.007913109 0.02051936 0.006783817 -0.007083336 0.0200469 0.008459101 -0.008037735 0.02118986 0.008429662 -0.00810437 0.02114081 0.01037234 -0.009370917 0.0214739 0.0104266 -0.009295891 0.02151913 0.006779968 -0.007024724 0.02009371 0.01032276 -0.009437521 0.02140908 0.005668689 -0.006244095 0.01849809 0.01364609 -0.01191175 0.02079109 0.01367934 -0.01188939 0.02097997 0.01375776 -0.01179924 0.02115286 0.01386657 -0.01165623 0.02126184 0.01397675 -0.0115 0.02128888 0.03566507 -0.012 0.003160227 0.03369026 -0.012 0.0009752982 0.03054895 -0.012 -0.0007710609 0.03000675 -0.01169094 -0.0009377956 0.0356701 -0.01200408 0.003167838 0.03592356 -0.01226571 0.003720525 0.03586429 -0.0121899 0.003544014 0.03599998 -0.012004 0.004260181 0.03596263 -0.01218967 0.003883357 0.036 -0.012 0.004268182 0.03369026 -0.012 0.0164247 0.03000675 -0.01169094 0.0183378 0.03054895 -0.012 0.01817106 0.03566507 -0.012 0.01423977 0.0356701 -0.01200408 0.01423216 0.03586429 -0.0121899 0.01385599 0.03599998 -0.012004 0.01313982 0.036 -0.012 0.01313182 0.03592356 -0.01226571 0.01367948 0.03596263 -0.01218967 0.01351664 0.03349424 -0.01246194 0.001213728 0.03337273 -0.0125 0.001361533 0.03038849 -0.0125 -0.0002975079 0.03042982 -0.01248313 -0.0004194689 0.03359726 -0.01235355 0.001088424 0.0304499 -0.01246194 -0.0004787288 0.03049153 -0.0123833 -0.0006015828 0.03366609 -0.01219134 0.001004699 0.03050195 -0.01235355 -0.0006323604 0.03053674 -0.01219134 -0.0007350138 0.03585339 -0.01235371 0.003739438 0.03581107 -0.01239145 0.003750883 0.03566519 -0.01247192 0.003790532 0.03550602 -0.01249996 0.00383416 0.0355 -0.0125 0.003835819 0.03569134 -0.01246194 0.006492893 0.0355 -0.0125 0.006492893 0.03585355 -0.01235355 0.006492893 0.03596194 -0.01219134 0.006492893 0.036 -0.012 0.006492893 0.03039822 -0.01237043 -0.0006331978 0.0304824 -0.0122044 -0.0007440499 0.03031221 -0.0124669 -0.0004593179 0.03020082 -0.01242154 -0.0004900896 0.03025503 -0.01248186 -0.0002975079 0.03031359 -0.0123318 -0.0006639789 0.03044164 -0.01217436 -0.0007630979 0.03013125 -0.01242875 -0.0002975079 0.03038849 -0.0125 0.006492893 0.03569134 -0.01232664 0.006819534 0.0355 -0.01235355 0.006846447 0.0355 -0.01246194 0.006684235 0.03569134 -0.01242678 0.00666967 0.03585355 -0.01225 0.006742893 0.03585355 -0.01232664 0.006628192 0.03596194 -0.0121353 0.006628192 0.03596194 -0.01217678 0.006566117 0.036 -0.0105 0.007992893 0.036 -0.01020711 0.0087 0.036 -0.01028323 0.008317317 0.036 -0.01028323 0.009082683 0.036 -0.012 0.01090711 0.036 -0.0105 0.009407107 0.03596194 -0.0106353 0.008128192 0.03585355 -0.01075 0.008242893 0.03569134 -0.01082664 0.008319534 0.0355 -0.01085355 0.008346447 0.03038849 -0.01247415 0.006651584 0.03038849 -0.01235355 0.006846447 0.03025503 -0.01248186 0.006492893 0.03013125 -0.01242875 0.006492893 0.02967629 -0.01210821 -0.0006483588 0.02977908 -0.01201733 -0.00082275 0.02990044 -0.01186217 -0.0009248932 0.02961615 -0.01211969 -0.0004559058 0.02555989 -0.0096395 -0.001683935 0.02565468 -0.009547744 -0.001858321 0.02577048 -0.009394375 -0.00196265 0.02587559 -0.009225602 -0.001979535 0.02550725 -0.009654349 -0.001492034 0.03569134 -0.01082664 0.009080466 0.0355 -0.01085355 0.009053553 0.0355 -0.01074517 0.008891341 0.03569134 -0.01071 0.008905907 0.0355 -0.01070711 0.0087 0.03569134 -0.01066905 0.0087 0.0355 -0.01074517 0.008508658 0.03569134 -0.01071 0.008494093 0.03585355 -0.01075 0.009157107 0.03585355 -0.01060987 0.008947385 0.03585355 -0.01056066 0.0087 0.03585355 -0.01060987 0.008452616 0.03596194 -0.0106353 0.009271808 0.03596194 -0.01046 0.00900946 0.03596194 -0.01039845 0.0087 0.03596194 -0.01046 0.00839054 0.02788849 -0.01085355 0.008346447 0.03024417 -0.01243669 0.006689046 0.03031162 -0.01246449 0.006661245 0.02763124 -0.01092875 0.007992893 0.02781576 -0.01090511 0.008276788 0.02774497 -0.01093645 0.008190145 0.0273937 -0.01075498 0.008419819 0.02745068 -0.01072221 0.008579688 0.02740563 -0.0107087 0.008661038 0.02746096 -0.01075677 0.008466933 0.02752871 -0.01074562 0.008508997 0.02726687 -0.01068896 0.0087 0.02774497 -0.01093645 0.009209855 0.0273937 -0.01075498 0.008980181 0.02746096 -0.01075677 0.008933066 0.02715598 -0.01064359 0.008578299 0.02727147 -0.01071288 0.008317994 0.02763124 -0.01092875 0.009407107 0.02736702 -0.01077021 0.009198939 0.0272452 -0.01069712 0.009041535 0.02715364 -0.01064218 0.008810095 0.02767652 -0.01078996 0.008424911 0.02756814 -0.01075745 0.008482551 0.02742385 -0.01071416 0.008782255 0.02750957 -0.01073988 0.008876512 0.02740093 -0.01070728 0.008712999 0.02781576 -0.01090511 0.009123213 0.02756647 -0.01075695 0.008916404 0.02788849 -0.01085355 0.009053553 0.0355 -0.01235355 0.01055355 0.03038849 -0.01235355 0.01055355 0.03024417 -0.01243669 0.01071095 0.03013125 -0.01242875 0.01090711 0.03596194 -0.0121353 0.01077181 0.03585355 -0.01225 0.01065711 0.03569134 -0.01232664 0.01058047 0.03569134 -0.01246194 0.01090711 0.0355 -0.0125 0.01090711 0.0355 -0.01246194 0.01071576 0.03569134 -0.01242678 0.01073033 0.03585355 -0.01235355 0.01090711 0.03585355 -0.01232664 0.01077181 0.03596194 -0.01219134 0.01090711 0.03596194 -0.01217678 0.01083388 0.03585339 -0.01235371 0.01366056 0.03581107 -0.01239145 0.01364912 0.03566519 -0.01247192 0.01360947 0.03550602 -0.01249996 0.01356584 0.0355 -0.0125 0.01356418 0.03038849 -0.0125 0.01090711 0.03038849 -0.01247415 0.01074842 0.03349424 -0.01246194 0.01618627 0.03042982 -0.01248313 0.01781947 0.03038849 -0.0125 0.01769751 0.0304499 -0.01246194 0.01787873 0.03359726 -0.01235355 0.01631158 0.03049153 -0.0123833 0.01800158 0.03050195 -0.01235355 0.01803236 0.03053674 -0.01219134 0.01813501 0.03366609 -0.01219134 0.0163953 0.03337273 -0.0125 0.01603847 0.03025503 -0.01248186 0.01769751 0.03025503 -0.01248186 0.01090711 0.03013125 -0.01242875 0.01769751 0.03031162 -0.01246449 0.01073875 0.03031359 -0.0123318 0.01806398 0.03039822 -0.01237043 0.0180332 0.0304824 -0.0122044 0.01814405 0.03020082 -0.01242154 0.01789009 0.03031221 -0.0124669 0.01785932 0.03044164 -0.01217436 0.0181631 0.02967629 -0.01210821 0.01804836 0.02961615 -0.01211969 0.0178559 0.02977908 -0.01201733 0.01822275 0.02990044 -0.01186217 0.01832489 0.02550725 -0.009654349 0.01889203 0.02538276 -0.009601621 -0.001548335 0.0254309 -0.009576369 -0.001734103 0.02549788 -0.009471199 -0.001903992 0.02556833 -0.009303513 -0.002010549 0.02534828 -0.009593619 -0.001563797 0.02524971 -0.009584132 -0.001607728 0.02528849 -0.009549433 -0.001787639 0.02532473 -0.009438446 -0.001953225 0.02562526 -0.009120149 -0.002036141 0.02534917 -0.009269154 -0.002061833 0.02511681 -0.00960175 -0.001666355 0.02514294 -0.009560589 -0.00184085 0.02514795 -0.009451785 -0.002002499 0.02535773 -0.009085169 -0.002095855 0.02512828 -0.009292453 -0.002112942 0.02499275 -0.009654349 -0.001720363 0.02500388 -0.009611745 -0.001890274 0.02497914 -0.009513542 -0.002048591 0.0250905 -0.009120407 -0.0021548 0.02491998 -0.009374657 -0.002160536 0.02484103 -0.009225603 -0.0022091 0.02102984 -0.0115 -0.002948933 0.02555989 -0.009639499 0.01908394 0.02565468 -0.009547743 0.01925832 0.02577048 -0.009394375 0.01936265 0.02587559 -0.009225602 0.01937954 0.02538338 -0.009601815 0.01894806 0.02534827 -0.009593645 0.0189638 0.02525053 -0.009584144 0.01900737 0.02511742 -0.009601576 0.01906609 0.02499275 -0.009654349 0.01912036 0.02111224 -0.01165065 -0.002902619 0.02117691 -0.01179072 -0.002790314 0.02120778 -0.01188845 -0.002629345 0.02120209 -0.01192875 -0.002456211 0.02097737 -0.01196194 -0.002644767 0.02094484 -0.012 -0.002456211 0.01392975 -0.012 -0.003391095 0.02100494 -0.01185355 -0.002804618 0.01394774 -0.01196194 -0.00358159 0.02102337 -0.01169134 -0.002911427 0.01396299 -0.01185355 -0.003743083 0.01397317 -0.01169134 -0.003850989 0.02514361 -0.009560414 0.01924061 0.02500388 -0.009611745 0.01929027 0.02514876 -0.00945157 0.01940228 0.02497914 -0.009513542 0.01944859 0.02512929 -0.009292169 0.01951271 0.02491998 -0.009374657 0.01956054 0.02509171 -0.009120057 0.01955453 0.02484103 -0.009225602 0.0196091 0.02528937 -0.009549463 0.01918731 0.02532579 -0.009438477 0.01935293 0.02535938 -0.009085193 0.01949549 0.02543155 -0.009576594 0.01913386 0.02535051 -0.009269174 0.01946152 0.02549866 -0.009471467 0.01930377 0.02562651 -0.009120534 0.01943586 0.02556934 -0.009303834 0.01941031 0.02102984 -0.0115 0.02034893 0.02111224 -0.01165065 0.02030262 0.02117691 -0.01179072 0.02019031 0.02120778 -0.01188845 0.02002935 0.02120209 -0.01192875 0.01985621 0.01394774 -0.01196194 0.02098159 0.01392975 -0.012 0.02079109 0.02094484 -0.012 0.01985621 0.01396299 -0.01185355 0.02114308 0.02097737 -0.01196194 0.02004477 0.01397317 -0.01169134 0.02125099 0.02100494 -0.01185355 0.02020462 0.02102337 -0.01169134 0.02031143 0.01378122 -0.01197743 -0.003391095 0.01385385 -0.01184799 -0.003742009 0.013914 -0.01168959 -0.003853487 0.01380618 -0.01194913 -0.00357279 0.01364609 -0.01191175 0.006992893 0.01378122 -0.01197743 0.006992893 0.01392975 -0.012 0.006992893 0.02109796 -0.01194667 -0.002620646 0.02107831 -0.01198186 -0.002456211 0.02109755 -0.01184248 -0.002786948 0.02107361 -0.01168553 -0.002902301 0.02094484 -0.012 0.006992893 0.02107831 -0.01198186 0.006992893 0.02120209 -0.01192875 0.006992893 0.02094484 -0.01197415 0.007151584 0.01392975 -0.01197648 0.007144439 0.01392975 -0.01196194 0.007184235 0.02094484 -0.01185355 0.007346447 0.01392975 -0.01185355 0.007346447 0.01384321 -0.01196452 0.007156403 0.01376941 -0.01193038 0.007190535 0.01219448 -0.01091175 0.007992893 0.01239726 -0.01090262 0.008278118 0.01247813 -0.01085355 0.008346447 0.01231868 -0.0109302 0.008191638 0.02102171 -0.01196449 0.007161245 0.02108916 -0.01193669 0.007189046 0.02261151 -0.01085355 0.008346447 0.01190444 -0.01068454 0.0087 0.01201435 -0.01075009 0.008420701 0.012072 -0.01071366 0.008620714 0.01208915 -0.01075531 0.00846774 0.01216149 -0.01074449 0.008511756 0.01231868 -0.0109302 0.009208363 0.01201435 -0.01075009 0.008979299 0.01208915 -0.01075531 0.00893226 0.01177763 -0.01062459 0.008595307 0.01188113 -0.01069589 0.008317994 0.01219448 -0.01091175 0.009407107 0.01192433 -0.01072565 0.009147359 0.01178684 -0.01063093 0.00885213 0.01217492 -0.01074911 0.00850076 0.0120707 -0.01071321 0.008776525 0.01214683 -0.01073944 0.008875346 0.01205297 -0.01070711 0.0087 0.01239726 -0.01090262 0.009121882 0.01247813 -0.01085355 0.009053553 0.01364609 -0.01191175 0.01040711 0.01385385 -0.01184799 0.02114201 0.013914 -0.01168959 0.02125349 0.01380618 -0.01194913 0.02097279 0.01378122 -0.01197743 0.02079109 0.02286876 -0.01092875 0.007992893 0.02275503 -0.01093645 0.008190145 0.02268424 -0.01090511 0.008276788 0.02282348 -0.01078996 0.008424911 0.02304932 -0.01072221 0.008579688 0.02309437 -0.0107087 0.008661038 0.02297129 -0.01074562 0.008508997 0.02293186 -0.01075745 0.008482551 0.02307614 -0.01071416 0.008782255 0.02299043 -0.01073988 0.008876512 0.02309907 -0.01070728 0.008712999 0.02261151 -0.01085355 0.009053553 0.01376941 -0.01193038 0.01020946 0.01392975 -0.01185355 0.01005355 0.01378122 -0.01197743 0.01040711 0.01392975 -0.012 0.01040711 0.02313298 -0.01077021 0.008201061 0.0231063 -0.01075498 0.008419819 0.0232548 -0.01069712 0.008358466 0.02334636 -0.01064218 0.008589905 0.02323313 -0.01068896 0.0087 0.0231063 -0.01075498 0.008980181 0.02334402 -0.01064359 0.008821702 0.02322853 -0.01071288 0.009082006 0.02286876 -0.01092875 0.009407107 0.02275503 -0.01093645 0.009209855 0.02303904 -0.01075677 0.008466933 0.02268424 -0.01090511 0.009123213 0.02303904 -0.01075677 0.008933066 0.02120209 -0.01192875 0.01040711 0.02109755 -0.01184248 0.02018695 0.02107361 -0.01168553 0.0203023 0.02109796 -0.01194667 0.02002065 0.02107831 -0.01198186 0.01985621 0.02094484 -0.012 0.01040711 0.02094484 -0.01185355 0.01005355 0.01384321 -0.01196452 0.0102436 0.01392975 -0.01196194 0.01021576 0.01392975 -0.01197648 0.01025556 0.02108916 -0.01193669 0.01021095 0.02094484 -0.01197415 0.01024842 0.02107831 -0.01198186 0.01040711 0.02102171 -0.01196449 0.01023875 0.01652366 -0.01 0.004292408 0.017 -0.01 0.004175 0.01615644 -0.01 0.004617733 0.01598247 -0.01 0.00507645 0.01604161 -0.01 0.00556347 0.01801753 -0.01 0.00507645 0.01795839 -0.01 0.00556347 0.01784356 -0.01 0.004617733 0.01747634 -0.01 0.004292408 0.01769068 -0.01 0.005957359 0.0176797 -0.009999951 0.005967224 0.0172453 -0.0099713 0.006195216 0.0167547 -0.0099713 0.006195216 0.01630932 -0.01 0.005957359 0.0163203 -0.009999951 0.005967224 0.01700549 -0.009999988 0.005962291 0.02699999 -0.008217611 0.007675 0.02726962 -0.008379394 0.007711098 0.02747306 -0.008501456 0.007790694 0.02770993 -0.00864358 0.007960663 0.02784272 -0.008701807 0.008116526 0.02787014 -0.008708375 0.008158265 0.02798845 -0.008712753 0.008428739 0.02802452 -0.008705229 0.008731263 0.02801752 -0.008707062 0.008576402 0.02788508 -0.008711126 0.009216965 0.02770993 -0.00864358 0.009439337 0.02795813 -0.008715626 0.009064151 0.02753205 -0.008536848 0.009576099 0.02724336 -0.008363636 0.009695691 0.02706494 -0.008256583 0.009722941 0.02675664 -0.008071602 0.009695691 0.02653624 -0.007939363 0.009614085 0.0263203 -0.00782379 0.009467224 0.02615831 -0.007753937 0.00928496 0.02604161 -0.007711734 0.00906347 0.02598248 -0.007692809 0.008823621 0.02598247 -0.007692806 0.00857645 0.02604204 -0.007711879 0.008335381 0.02615644 -0.00775321 0.008117734 0.02632497 -0.007826011 0.00792866 0.02652366 -0.007931865 0.007792408 0.02653624 -0.007939363 0.007785915 0.02673468 -0.008058426 0.007709935 0.02757926 -0.008565178 0.008656722 0.02652995 -0.007935604 0.008703246 0.001328184 0.01219708 1.913227e-16 0.0015 0.0115 1.789306e-16 0.0015 0.0115 0.0038 0.0008520971 0.01273448 2.012151e-16 0.001328184 0.01219708 0.0038 0.000180805 0.01298906 2.063416e-16 0.0008520971 0.01273448 0.0038 -0.0005319073 0.01290252 2.055277e-16 8.930018e-16 0.013 2.067118e-16 8.944557e-16 0.013 0.0038 0.000180805 0.01298906 0.0038 -0.001122766 0.01249468 1.9896e-16 -0.0005319073 0.01290252 0.0038 -0.001456413 0.01185897 1.88143e-16 -0.001122766 0.01249468 0.0038 -0.001456413 0.01114103 1.755547e-16 -0.001456413 0.01185897 0.0038 -0.001122766 0.01050532 1.64079e-16 -0.001456413 0.01114103 0.0038 -0.0005319073 0.01009748 1.563448e-16 -0.001122766 0.01050532 0.0038 0.000180805 0.01001094 1.54124e-16 -0.0005319073 0.01009748 0.0038 0.0008520971 0.01026552 1.579252e-16 0.000180805 0.01001094 0.0038 0.001328184 0.01080292 1.668777e-16 0.0008520971 0.01026552 0.0038 0.001328184 0.01080292 0.0038 -0.001375126 0.0157322 0.0038 0.002225 0.01535381 0.0038 0.0004651517 0.01592562 0.0038 -0.002977631 0.01480699 0.0038 0.00525 0.01360733 0.0038 -0.00445 0.0115 0.0038 -0.00445 0.002926348 0.0038 -0.004065277 0.01330998 0.0038 0.00525 0.008526647 0.0038 -0.00475 0.0115 0.0035 -0.00475 0.002753143 0.0035 -0.004339341 0.013432 0.0035 -0.00317837 0.01502994 0.0035 -0.001467831 0.01601752 0.0035 0.0004965102 0.01622398 0.0035 0.002375 0.01561362 0.0035 0.00525 0.01395374 0.0035 0.002375 0.01561362 0.0003 0.0004965102 0.01622398 0.0003 -0.001467831 0.01601752 0.0003 -0.00317837 0.01502994 0.0003 -0.004339341 0.013432 0.0003 -0.00475 0.0115 0.0003 0.00525 0.01395374 0.0003 0.002225 0.01535381 2.810252e-16 0.00525 0.01360733 2.324529e-16 0.0004651517 0.01592562 2.843837e-16 -0.001375126 0.0157322 2.828088e-16 -0.002977631 0.01480699 2.681683e-16 -0.004065277 0.01330998 2.429937e-16 -0.00445 0.0115 2.116363e-16 -0.00445 3.053113e-16 0 -0.00475 3.191891e-16 0.0003 0.0001958721 0.001613152 2.809119e-17 1.114441e-16 0.001625 2.849227e-17 0.0009231052 0.001337349 2.253749e-17 0.00525 -0.00445 -8.673617e-17 0.001625 -1.14717e-16 -1.60403e-18 0.001438866 0.0007551751 1.182072e-17 0.001438866 -0.0007551751 -1.466132e-17 -3.053113e-16 -0.00445 -8.326673e-17 0.0001958721 -0.001613152 -2.847788e-17 0.0009231052 -0.001337349 -2.435987e-17 -0.001702941 -0.004111264 -7.566311e-17 -0.000576233 -0.001519401 -2.607194e-17 -0.003146625 -0.003146625 -5.732436e-17 -0.00121633 -0.001077574 -1.769324e-17 -0.000576233 0.001519401 2.720954e-17 -0.004111264 -0.001702941 -3.105904e-17 -0.00157778 -0.0003888879 -5.261227e-18 -0.00157778 0.0003888879 8.376067e-18 -0.00121633 0.001077574 2.009451e-17 -0.004388428 -0.001817746 0.0003 -0.003358757 -0.003358757 0.0003 -0.001817746 -0.004388428 0.0003 -3.191891e-16 -0.00475 0.0003 0.00525 -0.00475 0.0003 -0.00475 2.775558e-17 0.0169 -0.004388428 -0.001817746 0.0169 -0.003358757 -0.003358757 0.0169 -0.001817746 -0.004388428 0.0169 -3.191891e-16 -0.00475 0.0169 0.00525 -0.00475 0.0169 0.00525 -0.00445 0.0172 -2.914335e-16 -0.00445 0.0172 0.001625 -4.162967e-16 0.0172 0.001438866 0.0007551751 0.0172 0.0009231052 0.001337349 0.0172 1.259335e-16 0.001625 0.0172 0.0001958721 0.001613152 0.0172 -0.000576233 0.001519401 0.0172 -0.00121633 0.001077574 0.0172 -0.00157778 0.0003888879 0.0172 -0.00157778 -0.0003888879 0.0172 -0.00121633 -0.001077574 0.0172 -0.000576233 -0.001519401 0.0172 0.0001958721 -0.001613152 0.0172 0.0009231052 -0.001337349 0.0172 0.001438866 -0.0007551751 0.0172 -0.001702941 -0.004111264 0.0172 -0.003146625 -0.003146625 0.0172 -0.004111264 -0.001702941 0.0172 -0.00445 0 0.0172 -0.00475 0.0115 0.0169 -0.00445 0.0115 0.0172 -0.00475 0.002753143 0.0137 -0.00475 0.0115 0.0137 -0.004065277 0.01330998 0.0172 -0.004339341 0.013432 0.0169 -0.002977631 0.01480699 0.0172 -0.00317837 0.01502994 0.0169 -0.001375126 0.0157322 0.0172 -0.001467831 0.01601752 0.0169 0.0004651517 0.01592562 0.0172 0.0004965102 0.01622398 0.0169 0.002225 0.01535381 0.0172 0.002375 0.01561362 0.0169 0.000180805 0.01001094 0.0172 -0.0005319073 0.01009748 0.0172 -0.0005319073 0.01290252 0.0172 9.076828e-16 0.013 0.0172 -0.001122766 0.01050532 0.0172 0.0008520971 0.01273448 0.0172 0.001328184 0.01219708 0.0172 0.000180805 0.01298906 0.0172 0.00525 0.01360733 0.0172 0.0015 0.0115 0.0172 0.001328184 0.01080292 0.0172 -0.001122766 0.01249468 0.0172 -0.001456413 0.01185897 0.0172 -0.001456413 0.01114103 0.0172 0.0008520971 0.01026552 0.0172 0.00525 0.01395374 0.0169 0.00525 0.01395374 0.0137 0.002375 0.01561362 0.0137 0.0004965102 0.01622398 0.0137 -0.001467831 0.01601752 0.0137 -0.00317837 0.01502994 0.0137 -0.004339341 0.013432 0.0137 -0.00445 0.0115 0.0134 -0.00445 0.002926348 0.0134 0.002225 0.01535381 0.0134 0.00525 0.01360733 0.0134 0.001328184 0.01219708 0.0134 0.00525 0.008526647 0.0134 0.000180805 0.01001094 0.0134 -0.001456413 0.01114103 0.0134 -0.001122766 0.01050532 0.0134 -0.004065277 0.01330998 0.0134 -0.001456413 0.01185897 0.0134 -0.002977631 0.01480699 0.0134 -0.001375126 0.0157322 0.0134 -0.0005319073 0.01290252 0.0134 0.0004651517 0.01592562 0.0134 9.06229e-16 0.013 0.0134 0.0015 0.0115 0.0134 0.001328184 0.01080292 0.0134 -0.0005319073 0.01009748 0.0134 -0.001122766 0.01249468 0.0134 0.0008520971 0.01026552 0.0134 0.0008520971 0.01273448 0.0134 0.000180805 0.01298906 0.0134 0.00525 -0.00265 0.0038 0.00525 -0.00265 0.0134 0.01075 -0.00265 0.0134 0.009017223 0.001570299 0.0134 0.00861347 0.001291608 0.0134 0.01075 0.008526647 0.0134 0.009245215 0.002495299 0.0134 0.009245215 0.002004701 0.0134 0.009017223 0.002929701 0.0134 0.00812645 0.003267527 0.0134 0.00825 0.001225 0.0134 0.00861347 0.003208392 0.0134 0.007225 0.00225 0.0134 0.00812645 0.001232473 0.0134 0.007342407 0.002726341 0.0134 0.007667734 0.003093558 0.0134 0.007342407 0.001773659 0.0134 0.007667734 0.001406442 0.0134 0.007225 0.00225 0.0038 0.007342407 0.002726341 0.0038 0.007667734 0.003093558 0.0038 0.00812645 0.003267527 0.0038 0.00861347 0.003208392 0.0038 0.009017223 0.002929701 0.0038 0.009245215 0.002495299 0.0038 0.009245215 0.002004701 0.0038 0.009017223 0.001570299 0.0038 0.00825 0.001225 0.0038 0.00812645 0.001232473 0.0038 0.00861347 0.001291608 0.0038 0.007667734 0.001406442 0.0038 0.007342407 0.001773659 0.0038 0.01075 -0.00265 0.0038 0.01075 0.008526647 0.0038 0.01132402 0.008526647 0.01328582 0.01181066 0.008526647 0.01296066 0.01132402 0.008526647 0.003914181 0.01225 0.008526647 0.0053 0.01213582 0.008526647 0.004725975 0.01213582 0.008526647 0.01247403 0.01181066 0.008526647 0.00423934 0.01225 0.008526647 0.0119 0.01225 -0.00265 0.0053 0.01132402 -0.00265 0.003914181 0.01225 -0.00265 0.0119 0.01181066 -0.00265 0.01296066 0.01132402 -0.00265 0.01328582 0.01181066 -0.00265 0.00423934 0.01213582 -0.00265 0.01247403 0.01213582 -0.00265 0.004725975 0.02710132 0.004559811 0.00816521 0.02857187 0.00374084 0.009792558 0.02774467 0.00420558 0.01036353 0.02885654 0.003578466 0.009381464 0.02903804 0.003474275 0.008906337 0.02496193 0.005693351 0.008906227 0.0249 0.005725164 0.0084 0.02674687 0.0047523 0.01048469 0.02580706 0.005253623 0.01012827 0.02514054 0.005601285 0.009375919 0.02496221 0.005693206 0.007892634 0.02514054 0.005601285 0.007424081 0.02580706 0.005253623 0.006671734 0.02674687 0.0047523 0.006315311 0.02885618 0.003578674 0.007417851 0.02903898 0.003473738 0.007897438 0.0290961 0.003440839 0.008527896 0.02774467 0.00420558 0.006436466 0.02857187 0.00374084 0.007007442 0.02857187 -0.00205 0.007007442 0.02903898 -0.00205 0.007897438 0.02774467 -0.00205 0.006436466 0.02674687 -0.00205 0.006315311 0.02580706 -0.00205 0.006671734 0.02514054 -0.00205 0.007424081 0.0249 -0.00205 0.0084 0.02514054 -0.00205 0.009375919 0.02580706 -0.00205 0.01012827 0.02674687 -0.00205 0.01048469 0.02774467 -0.00205 0.01036353 0.02857187 -0.00205 0.009792558 0.02903898 -0.00205 0.008902563 0.02815247 -0.00205 0.0114388 0.02660826 -0.00205 0.0116263 0.02515379 -0.00205 0.0110747 0.02412227 -0.00205 0.009910351 0.02375 -0.00205 0.0084 0.02943266 -0.00205 0.01055515 0.02515379 -0.00205 0.005725302 0.02660826 -0.00205 0.005173696 0.02412227 -0.00205 0.00688965 0.02815247 -0.00205 0.005361197 0.02943266 -0.00205 0.006244851 0.03015556 -0.00205 0.007622224 0.03015556 -0.00205 0.009177776 0.0298719 0.002988966 0.00687858 0.03015556 0.002821357 0.007622224 0.02943266 0.003245972 0.006244851 0.03025 0.002765271 0.008398641 0.03015556 0.002821357 0.009177776 0.0298722 0.002988784 0.009920836 0.02871053 0.00045 0.01116344 0.02943266 0.003245972 0.01055515 0.02871053 0.003661909 0.01116344 0.02815247 0.00045 0.0114388 0.02660826 0.00045 0.0116263 0.02515379 0.005594438 0.0110747 0.02528947 0.00045 0.01116344 0.02412227 0.006119989 0.009910351 0.0238455 0.006258404 0.009182084 0.02384549 0.006258412 0.007617978 0.02412227 0.006119989 0.00688965 0.02375 0.006305914 0.0084 0.02515379 0.005594438 0.005725302 0.02528947 0.00045 0.00563656 0.02528947 0.005524164 0.00563656 0.02660826 0.00045 0.005173696 0.02815247 0.00045 0.005361197 0.02871053 0.00045 0.00563656 0.02871053 0.003661909 0.00563656 0.02528947 0.005524164 0.01116344 0.02833146 0.00045 0.01149838 0.02808529 0.00045 0.01194028 0.02833146 0.003876992 0.01149838 0.028 0.00045 0.01243887 0.02808529 0.004015485 0.01194028 0.028 0.004063251 0.01243887 0.028 0.004063251 0.01453052 0.028 0.00045 0.01453052 0.02804324 0.00403905 0.01488808 0.02816771 0.003969222 0.01521972 0.02816771 0.00045 0.01521972 0.02863333 0.003705889 0.01575481 0.02863333 0.00045 0.01575481 0.02929276 0.003327192 0.01601614 0.02929276 0.00045 0.01601614 0.02999852 0.002914306 0.01594526 0.02999852 0.00045 0.01594526 0.028 0.00045 0.004361127 0.028 0.004063251 0.004361127 0.02808529 0.004015485 0.004859723 0.02808529 0.00045 0.004859723 0.02833146 0.003876992 0.005301619 0.02833146 0.00045 0.005301619 0.028 0.00045 0.002269478 0.028 0.004063251 0.002269478 0.02929276 0.00045 0.0007838635 0.02999852 0.00045 0.0008547419 0.02999852 0.002914306 0.0008547419 0.02863333 0.00045 0.001045186 0.02929276 0.003327192 0.0007838635 0.02816771 0.00045 0.001580275 0.02863333 0.003705889 0.001045186 0.02816771 0.003969222 0.001580275 0.02804313 0.004039113 0.001912382 0.03203229 0.001679643 0.001920801 0.02902405 0.003482325 0.001383562 0.034 0.0004194527 0.003968182 0.034 0.0004194527 0.01283182 0.03203229 0.001679643 0.0148792 0.02902411 0.003482292 0.01541667 0.034 -0.00475 0.01283182 0.034 -0.00475 0.003968182 0.03203229 -0.00475 0.0148792 0.02947335 -0.00475 0.01611024 0.02947335 0.00045 0.01611024 0.03203229 -0.00475 0.001920801 0.02947335 -0.00475 0.0006897636 0.02947335 0.00045 0.0006897636 0.02591471 0.00045 0.01194028 0.026 0.00045 0.01243887 0.026 0.005151771 0.01243887 0.02566854 0.00045 0.01149838 0.02591471 0.005196865 0.01194028 0.02566854 0.005326416 0.01149838 0.0258643 0.00045 0.01642458 0.026 0.00045 0.01580113 0.02540281 0.00045 0.01699902 0.02482325 0.00045 0.01726589 0.026 0.004646604 0.01580113 0.026 0.005040846 0.01500773 0.026 0.005151771 0.01424266 0.02482325 0.002721171 0.01726587 0.02539816 0.003390554 0.01700251 0.02564554 0.003730709 0.01676949 0.02585925 0.004106151 0.01643552 0.02593927 0.004306134 0.01622361 0.02599635 0.004568425 0.0159057 0.01592632 -0.00475 0.01877033 0.01592635 0.006688361 0.01877038 0.01442848 -0.00475 0.01799037 0.01442857 0.00954934 0.01799055 0.01480428 0.008786594 0.01844504 0.01478445 -0.00475 0.01842865 0.0150356 0.008349509 0.01859969 0.01537562 0.007719531 0.01873326 0.01536314 -0.00475 0.01872999 0.02566854 0.005326416 0.005301619 0.02566854 0.00045 0.005301619 0.02591471 0.005196865 0.004859723 0.02591471 0.00045 0.004859723 0.026 0.005151771 0.004361127 0.026 0.00045 0.004361127 0.026 0.00045 0.000998869 0.0258643 0.00045 0.0003754219 0.02540281 0.00045 -0.0001990199 0.02482325 0.00045 -0.000465886 0.026 0.005151771 0.002557341 0.026 0.00500553 0.001682964 0.026 0.004940988 0.001516011 0.026 0.004646604 0.0009988701 0.02586133 0.004110639 0.000368967 0.02577518 0.003942559 0.0002089833 0.02539785 0.003390159 -0.0002027426 0.02507977 0.003008653 -0.0003845568 0.02482325 0.002721171 -0.0004658701 0.01558441 0.006820618 -0.002010228 0.01558437 -0.00475 -0.002010152 0.01310696 -0.00475 0.0172 0.01310704 0.01062365 0.01720009 0.01362634 0.01037759 0.01729279 0.01363759 -0.00475 0.01729699 0.01405334 0.01006926 0.01753624 0.0140996 -0.00475 0.01757543 0.01719801 0.009266996 0.01573177 0.01710295 0.008409396 0.01778958 0.01723619 0.009035935 0.01680037 0.0168093 0.007486634 0.01846124 0.007987533 0.01250555 0.01637978 0.007975655 0.01238976 0.0172 0.01501632 -0.00475 -0.001966299 0.01443526 -0.00475 -0.001656839 0.01504263 0.007832237 -0.001973271 0.01482183 0.008239858 -0.001898186 0.01408185 -0.00475 -0.001209947 0.01444619 0.008945705 -0.001666158 0.01408194 0.009690401 -0.001210136 0.01375373 -0.00475 -0.0007853109 0.01328757 -0.00475 -0.0004996369 0.01372658 0.01019129 -0.0007614499 0.01275 -0.00475 -0.0004 0.01326422 0.0105231 -0.000490894 0.01275008 0.01076133 -0.0004000844 0.007987533 0.01250555 0.0004202165 0.007975655 0.01238976 -0.0004000001 0.01719801 0.009266996 0.001068232 0.01723619 0.009035935 -3.689015e-07 0.01710295 0.008409396 -0.0009895819 0.0168093 0.007486634 -0.001661241 0.007874696 0.01280286 0.000413135 0.00791142 0.01284653 0.0004139723 0.007896416 0.01273586 -0.0004 0.007867604 0.01269962 -0.0004 0.007835787 0.01260956 -0.0004 0.007850257 0.01274472 0.0004128817 0.007845431 0.01267832 0.0004134055 0.007862649 0.01261403 0.0004146838 0.007835232 0.01256834 -0.0004 0.007846907 0.01251335 -0.0004 0.007898893 0.0124341 -0.0004 0.007897578 0.01256155 0.0004164627 0.007941853 0.01252559 0.000418398 0.007932483 0.01276436 -0.0004 0.007922786 0.01275796 -0.0004 0.007952514 0.01287485 0.0004151239 0.007944888 0.01277148 -0.0004000016 0.007913543 0.01275108 -0.0004 0.007950272 0.01287551 0.0005424421 0.007879231 0.01281377 0.0005424421 0.007843159 0.012679 0.0005424421 0.007844295 0.01272638 0.0005424421 0.007853203 0.01263268 0.0005424421 0.007903982 0.01255343 0.0005424421 0.007985385 0.01250618 0.0005424421 0.007985385 0.01250618 0.01625756 0.007950272 0.01287551 0.01625756 0.007879231 0.01281377 0.01625756 0.007853203 0.01263268 0.01625756 0.007843159 0.012679 0.01625756 0.007844295 0.01272638 0.01625756 0.007903982 0.01255343 0.01625756 0.00791142 0.01284653 0.01638603 0.007850257 0.01274472 0.01638712 0.007845431 0.01267832 0.01638659 0.007897578 0.01256155 0.01638354 0.007862649 0.01261403 0.01638532 0.007941853 0.01252559 0.0163816 0.007874696 0.01280286 0.01638686 0.007952514 0.01287485 0.01638488 0.007920449 0.01241671 0.0172 0.007871539 0.01246602 0.0172 0.007841626 0.01253092 0.0172 0.007835248 0.01260251 0.0172 0.007852481 0.01267108 0.0172 0.007890182 0.01272907 0.0172 0.007944888 0.01277148 0.0172 0.01183898 0.01317657 0.01625756 0.01183898 0.01317657 0.0005424421 0.009864062 0.01342086 0.0005424421 0.009495507 0.01337853 0.0005424421 0.009495507 0.01337853 0.01625756 0.009864062 0.01342086 0.01625756 0.007573798 0.01240121 -0.0009112657 0.009638755 0.01333051 -0.0002748477 0.01017235 0.01315167 -0.001117187 0.008522894 0.0120831 -0.002409529 0.01099866 0.01287471 -0.001633656 0.006101103 0.01059434 -0.001225968 0.007255662 0.01020736 -0.00304858 0.009992654 0.01159048 -0.00332817 0.006237371 0.01126608 -0.0004 0.007018465 0.01213294 -0.0004 0.005877194 0.01066969 -0.0004 0.007469112 0.01248281 -0.0004 0.007704577 0.0126349 -0.0004 0.01178019 0.01261276 -0.001740392 0.01156304 0.01175811 -0.002955853 0.01138275 0.01112456 -0.003518019 0.01109232 0.0101636 -0.004073305 0.009043599 0.009608094 -0.00416609 0.01073462 0.009041309 -0.004397039 0.01053465 0.008435778 -0.004449449 0.00820017 0.008435778 -0.004018062 0.008643989 0.008435778 -0.004192611 0.006327792 0.008435778 -0.002558572 0.006719744 0.008435778 -0.002998362 0.005551523 0.008435778 -0.001167621 0.005431733 0.009382408 -0.0004 0.005339623 0.008435778 -0.0004 0.008063168 0.0007113012 -0.0004 0.00537841 -0.004441405 -0.0004 0.00544775 -0.004558025 -0.0004 0.0073695 0.000974375 -0.0004 0.005339623 -0.00425 -0.0004 0.008799638 0.0008007248 -0.0004 0.00825 0.0007 -0.0004 0.008063168 0.003788699 -0.0004 0.005571845 -0.004669452 -0.0004 0.005367517 -0.004413222 -0.0004 0.009410191 0.00122216 -0.0004 0.008799638 0.003699275 -0.0004 0.006877543 0.001529679 -0.0004 0.0067 0.00225 -0.0004 0.005654437 -0.004711997 -0.0004 0.005728075 -0.00473561 -0.0004 0.009754959 0.001879061 -0.0004 0.009754959 0.002620939 -0.0004 0.006877543 0.002970321 -0.0004 0.005849795 -0.00475 -0.0004 0.009410191 0.00327784 -0.0004 0.0073695 0.003525625 -0.0004 0.00634001 -0.004441342 -0.002512525 0.006310018 -0.00425 -0.002535958 0.008187061 -0.00425 -0.004012147 0.008202764 -0.004441342 -0.003977477 0.01053465 -0.00425 -0.004449449 0.006425418 -0.004603554 -0.002445793 0.008247483 -0.004603554 -0.003878746 0.01053249 -0.004441342 -0.00441145 0.00655324 -0.00471194 -0.002345923 0.008314409 -0.00471194 -0.003730985 0.01052632 -0.004603554 -0.004303239 0.006704017 -0.00475 -0.002228118 0.008393355 -0.00475 -0.003556688 0.01051708 -0.00471194 -0.004141291 0.01050619 -0.00475 -0.00395026 0.0067 0.00225 -0.0011 0.006877543 0.002970321 -0.0011 0.0073695 0.003525625 -0.0011 0.008063168 0.003788699 -0.0011 0.008799638 0.003699275 -0.0011 0.009410191 0.00327784 -0.0011 0.009754959 0.002620939 -0.0011 0.009754959 0.001879061 -0.0011 0.009410191 0.00122216 -0.0011 0.008063168 0.0007113012 -0.0011 0.008799638 0.0008007248 -0.0011 0.00825 0.0007 -0.0011 0.0073695 0.000974375 -0.0011 0.006877543 0.001529679 -0.0011 0.01035216 0.004022969 -0.0011 0.01092534 0.002886441 -0.0011 0.01092534 0.001613559 -0.0011 0.009328604 -0.000279647 -0.0011 0.00807396 -0.0004943597 -0.0011 0.01035216 0.0004770306 -0.0011 0.006857033 -0.0001211062 -0.0011 0.00552746 0.001862345 -0.0011 0.009328604 0.004779647 -0.0011 0.005938543 0.0007601458 -0.0011 0.00807396 0.00499436 -0.0011 0.00552746 0.002637655 -0.0011 0.005938543 0.003739854 -0.0011 0.006857033 0.004621106 -0.0011 0.009328604 0.004779647 -0.004371928 0.00820017 0.004999549 -0.004018062 0.01053465 0.00378064 -0.004449449 0.01035216 0.004022969 -0.004456514 0.009882371 0.004463112 -0.004444025 0.00807396 0.00499436 -0.003959208 0.006857033 0.004621106 -0.003130129 0.005941944 0.0007548826 -0.001995402 0.006327792 0.0002833742 -0.002558572 0.005685538 0.001257008 -0.001498558 0.006310625 0.004199699 -0.002536734 0.005938543 0.003739854 -0.00198962 0.005685628 0.003243225 -0.00149876 0.006857033 -0.0001211062 -0.003130129 0.00807396 -0.0004943597 -0.003959208 0.009882498 3.69815e-05 -0.004444034 0.01035213 0.000476992 -0.004456515 0.009328604 -0.000279647 -0.004371928 0.00820017 -0.0004995485 -0.004018062 0.01053465 0.0007193598 -0.004449449 0.01092534 0.002886441 -0.004426344 0.01092534 0.001613559 -0.004426344 0.0205766 0.004673681 -0.003328031 0.03000675 -0.00425 -0.001237796 0.02035629 -0.00425 -0.003362572 0.03000675 -2.017074e-05 -0.001237796 0.02124521 0.006285218 -0.002888411 0.03074238 0.001452795 -0.0007257584 0.02174599 0.007780598 -0.001769509 0.03125487 0.002829161 0.000384767 0.0219478 0.008811363 -0.0001461205 0.03141725 0.003819125 0.001928752 0.02184009 0.00921647 0.001603456 0.03123188 0.004275573 0.003581102 0.0203501 -0.004441342 -0.003325019 0.02033246 -0.004603554 -0.003218078 0.0299966 -0.004441342 -0.001201114 0.02030606 -0.00471194 -0.003058028 0.02996769 -0.004603554 -0.001096653 0.02027493 -0.00475 -0.002869237 0.02992443 -0.00471194 -0.000940317 0.0298734 -0.00475 -0.0007559058 0.03346995 -0.00425 0.0004993289 0.03314676 -0.0009759928 0.000258822 0.03566507 -0.00177313 0.002860227 0.03163685 -0.0005111982 -0.0006302992 0.03566507 -0.00425 0.002860227 0.03344662 -0.004441342 0.000529399 0.03338017 -0.004603554 0.0006150316 0.03328073 -0.00471194 0.0007431897 0.0356701 -0.004254083 0.002867838 0.03586429 -0.004439903 0.003244014 0.03585339 -0.004603712 0.003439438 0.03569124 -0.004711983 0.003483429 0.03566519 -0.004721924 0.003490532 0.03581107 -0.004641454 0.003450883 0.03550602 -0.004749964 0.00353416 0.0355 -0.00475 0.003535819 0.03316344 -0.00475 0.0008943625 0.03592356 -0.004515705 0.003420525 0.009992654 0.01159048 0.02012817 0.01099866 0.01287471 0.01843366 0.01017235 0.01315167 0.01791719 0.008522894 0.0120831 0.01920953 0.009638755 0.01333051 0.01707485 0.009043599 0.009608094 0.02096609 0.007255662 0.01020736 0.01984858 0.007573798 0.01240121 0.01771127 0.006101103 0.01059434 0.01802597 0.007152289 0.01224576 0.0172 0.007424998 0.01245214 0.0172 0.005867265 0.01065015 0.0172 0.005339623 0.008435778 0.0172 0.005551523 0.008435778 0.01796762 0.006327792 0.008435778 0.01935857 0.006719744 0.008435778 0.01979836 0.00820017 0.008435778 0.02081806 0.008643989 0.008435778 0.02099261 0.01053465 0.008435778 0.02124945 0.01109232 0.0101636 0.0208733 0.01073462 0.009041309 0.02119704 0.01156304 0.01175811 0.01975585 0.01138275 0.01112456 0.02031802 0.01178019 0.01261276 0.01854039 0.00825 0.0038 0.0172 0.007700362 0.003699275 0.0172 0.0098 0.00225 0.0172 0.005849795 -0.00475 0.0172 0.008436832 0.0007113012 0.0172 0.007700362 0.0008007248 0.0172 0.005349983 -0.004350352 0.0172 0.005339623 -0.00425 0.0172 0.005488916 -0.004603642 0.0172 0.005412166 -0.004507199 0.0172 0.005678119 -0.004720928 0.0172 0.005525792 -0.004636423 0.0172 0.0091305 0.003525625 0.0172 0.008436832 0.003788699 0.0172 0.009622457 0.002970321 0.0172 0.005378419 -0.004441426 0.0172 0.009622457 0.001529679 0.0172 0.0091305 0.000974375 0.0172 0.00674504 0.002620939 0.0172 0.00674504 0.001879061 0.0172 0.007089808 0.00122216 0.0172 0.007089808 0.00327784 0.0172 0.01053249 -0.004441342 0.02121145 0.01053465 -0.00425 0.02124945 0.008187061 -0.00425 0.02081215 0.008202764 -0.004441342 0.02077748 0.006310018 -0.00425 0.01933596 0.01052632 -0.004603554 0.02110324 0.008247483 -0.004603554 0.02067875 0.00634001 -0.004441342 0.01931253 0.01051708 -0.00471194 0.02094129 0.008314409 -0.00471194 0.02053098 0.006425418 -0.004603554 0.01924579 0.01050619 -0.00475 0.02075026 0.008393355 -0.00475 0.02035669 0.00655324 -0.00471194 0.01914592 0.006704017 -0.00475 0.01902812 0.0298734 -0.00475 0.01755591 0.02027493 -0.00475 0.01966924 0.03316344 -0.00475 0.01590564 0.0355 -0.00475 0.01326418 0.0299966 -0.004441342 0.01800111 0.03000675 -0.00425 0.0180378 0.02035629 -0.00425 0.02016257 0.0203501 -0.004441342 0.02012502 0.02996769 -0.004603554 0.01789665 0.02033246 -0.004603554 0.02001808 0.02992443 -0.00471194 0.01774032 0.02030606 -0.00471194 0.01985803 0.0205766 0.004673681 0.02012803 0.02124521 0.006285218 0.01968841 0.02174599 0.007780598 0.01856951 0.0219478 0.008811363 0.01694612 0.02184009 0.00921647 0.01519654 0.03000675 -2.017074e-05 0.0180378 0.03074238 0.001452795 0.01752576 0.03125487 0.002829161 0.01641523 0.03141725 0.003819125 0.01487125 0.03123188 0.004275573 0.0132189 0.03154751 0.004086791 0.003674038 0.03367972 0.002769521 0.01180765 0.03368109 0.002768648 0.01180625 0.03368109 0.002768648 0.00499375 0.0098 0.00225 0.0179 0.009622457 0.002970321 0.0179 0.0091305 0.003525625 0.0179 0.00825 0.0038 0.0179 0.008436832 0.003788699 0.0179 0.007700362 0.003699275 0.0179 0.007089808 0.00327784 0.0179 0.00674504 0.002620939 0.0179 0.00674504 0.001879061 0.0179 0.007089808 0.00122216 0.0179 0.007700362 0.0008007248 0.0179 0.008436832 0.0007113012 0.0179 0.0091305 0.000974375 0.0179 0.009622457 0.001529679 0.0179 0.009328604 -0.000279647 0.02117193 0.00820017 -0.0004995485 0.02081806 0.01053465 0.0007193598 0.02124945 0.01035216 0.0004770306 0.02125651 0.009882371 3.688784e-05 0.02124402 0.00807396 -0.0004943597 0.02075921 0.006857033 -0.0001211062 0.01993013 0.005941944 0.003745117 0.0187954 0.006327792 0.004216626 0.01935857 0.005685538 0.003242992 0.01829856 0.00552746 0.002637655 0.0179 0.00552746 0.001862345 0.0179 0.006310625 0.0003003009 0.01933673 0.005938543 0.0007601458 0.01878962 0.005685628 0.001256775 0.01829876 0.006857033 0.004621106 0.01993013 0.00807396 0.00499436 0.02075921 0.009882498 0.004463018 0.02124403 0.01035213 0.004023008 0.02125651 0.009328604 0.004779647 0.02117193 0.00820017 0.004999549 0.02081806 0.01053465 0.00378064 0.02124945 0.00807396 0.00499436 0.0179 0.006857033 0.004621106 0.0179 0.009328604 0.004779647 0.0179 0.005938543 0.003739854 0.0179 0.01035216 0.0004770306 0.0179 0.01092534 0.001613559 0.0179 0.01092534 0.002886441 0.0179 0.01035216 0.004022969 0.0179 0.005938543 0.0007601458 0.0179 0.006857033 -0.0001211062 0.0179 0.00807396 -0.0004943597 0.0179 0.009328604 -0.000279647 0.0179 0.01092534 0.001613559 0.02122634 0.01092534 0.002886441 0.02122634 0.03344662 -0.004441342 0.0162706 0.03346995 -0.00425 0.01630067 0.03338017 -0.004603554 0.01618497 0.03328073 -0.00471194 0.01605681 0.03550602 -0.004749964 0.01326584 0.03566519 -0.004721924 0.01330947 0.03569124 -0.004711983 0.01331657 0.03581107 -0.004641454 0.01334912 0.03585339 -0.004603717 0.01336056 0.03586429 -0.004439903 0.01355599 0.03592356 -0.004515705 0.01337948 0.0356701 -0.004254083 0.01393216 0.03566507 -0.00425 0.01393977 0.03566507 -0.00177313 0.01393977 0.03314676 -0.0009759928 0.01654118 0.03163685 -0.0005111982 0.0174303 0.03599998 -0.004254 0.01283982 0.03599998 -0.004254 0.003960181 0.036 -0.00425 0.003968182 0.03596263 -0.004439671 0.003583357 0.036 -0.00425 0.01283182 0.03596263 -0.004439671 0.01321664 0.03591444 -0.00177313 0.003389444 0.036 -0.00177313 0.003968182 0.036 -0.00145175 0.003998092 0.036 -0.00145175 0.01280191 0.036 -0.00177313 0.01283182 0.03591444 -0.00177313 0.01341056 0.03367307 0.0016501 0.001811473 0.03222143 0.0008940005 -5.948985e-05 0.03356662 0.0003709513 0.0008450171 0.03342534 0.00265807 0.00303794 0.03509318 0.001241632 0.003834416 0.03564558 -0.0004656813 0.003149543 0.03568224 -0.0008960782 0.0030276 0.03568479 -0.001250196 0.002939382 0.03529792 0.0008207958 0.00362915 0.03581998 -0.001296663 0.00318346 0.03591958 -0.001346751 0.003446561 0.0352811 0.001077061 0.004087704 0.03522329 0.001106204 0.003929667 0.035668 -3.584257e-05 0.003507597 0.03574931 -7.525861e-05 0.003725809 0.03400394 0.002545296 0.004891343 0.03549098 0.0007462232 0.004352733 0.03486434 0.001721081 0.00459999 0.03583514 -0.0001784109 0.004176216 0.03367307 0.0016501 0.01498853 0.03222143 0.0008940005 0.01685949 0.03342534 0.00265807 0.01376206 0.03356662 0.0003709513 0.01595498 0.03568479 -0.001250196 0.01386062 0.03564555 -0.0004654675 0.01365039 0.03556418 -5.301233e-06 0.01350042 0.03526954 0.0008860577 0.01314091 0.03461296 0.001945554 0.01254116 0.03396759 0.002567749 0.01202556 0.03530795 0.001086271 0.01236953 0.0357478 0.0001161813 0.01257244 0.03598887 -0.00111836 0.01276166 0.03598 -0.001398983 0.01307908 0.03591958 -0.001346751 0.01335344 0.0352811 0.001077061 0.0127123 0.03532676 0.001040188 0.01255192 0.03580484 -0.000123259 0.01284971 0.03574931 -7.525861e-05 0.01307419</float_array>
          <technique_common>
            <accessor count="2142" source="#verts-array-array" stride="3">
              <param type="float" name="X"/>
              <param type="float" name="Y"/>
              <param type="float" name="Z"/>
            </accessor>
          </technique_common>
        </source>
        <source id="normals-array">
          <float_array count="6426" id="normals-array-array">0 -1 0 -0.1639464 -0.9051874 0.392119 -0.3223066 -0.9025442 0.2855387 -0.3999057 -0.9077063 0.1270618 -0.4072385 -0.9133218 -6.052494e-07 -0.3999063 -0.9077061 -0.1270611 -0.322307 -0.902544 -0.285539 -0.1588625 -0.9051371 -0.3943216 0.06197694 -0.9071953 -0.4161197 0.2446069 -0.9025444 -0.3543742 0.3812745 -0.9025444 -0.2001085 0.4305984 -0.9025437 -4.959029e-07 0.381274 -0.9025445 0.200109 0.2446072 -0.9025442 0.3543745 0.08972135 -0.9101195 0.4045152 -0.02909853 -0.9077135 0.4185803 -0.927985 -0.3726176 -3.961057e-07 -0.8883402 -0.3676351 0.2751294 -0.6973146 -0.3634784 0.6177667 -0.3355392 -0.3588493 0.8709998 0.1187344 -0.3559208 0.9269426 0.5292102 -0.3634784 0.7666942 0.8248929 -0.3634784 0.4329378 0.9316029 -0.3634777 -2.723826e-07 0.8248931 -0.3634786 -0.4329373 0.5292102 -0.3634786 -0.7666941 -0.3553411 -0.3656185 -0.860265 -0.05617954 -0.3788661 -0.9237447 -0.6973151 -0.3634779 -0.6177665 -0.8883402 -0.3676354 -0.2751289 0.1930027 -0.3695115 -0.9089616 0.6438573 -0.7651456 -7.323298e-18 0.5701068 -0.765146 0.2992154 0.3657523 -0.7651456 0.5298843 0.07760822 -0.7651458 0.6391626 -0.2283152 -0.7651458 0.6020166 -0.4819342 -0.7651456 0.4269562 -0.6257753 -0.7644009 0.1552305 -0.6257753 -0.7644009 -0.1552305 -0.4819344 -0.7651456 -0.4269561 -0.2498124 -0.7575388 -0.6030992 -0.04092272 -0.7352709 -0.6765368 0.1405664 -0.742594 -0.6548246 0.3657524 -0.7651457 -0.5298842 0.570107 -0.7651459 -0.2992153 -0.04421638 -0.6809563 -0.730988 0.1549009 -0.6747567 -0.7216018 0.4282591 -0.6569992 -0.6204403 -0.5642958 -0.6569992 0.4999222 -0.7319846 -0.6569992 0.1804179 -0.7319846 -0.6569992 -0.1804179 -0.5642958 -0.6569992 -0.4999223 -0.2865598 -0.6627768 -0.6918168 0.6675372 -0.6569993 0.3503513 0.428259 -0.6569993 0.6204403 0.09087186 -0.6569992 0.7483945 -0.2673335 -0.6569991 0.7049007 0.6675372 -0.6569993 -0.3503512 0.7538915 -0.6569989 0 0.9953239 0.09659357 -4.040484e-07 0.8813153 0.09659058 0.4625511 0.5654085 0.09659063 0.8191358 0.1199732 0.09659071 0.9880671 -0.3529466 0.09659183 0.9306442 -0.745011 0.09659068 0.6600219 -0.966402 0.09658979 0.2381967 -0.9664019 0.09658993 -0.2381967 -0.7450108 0.09659138 -0.6600219 -0.3805482 0.09672389 -0.9196888 -0.06744112 0.1392517 -0.9879578 0.2081107 0.09674375 -0.9733091 0.5654086 0.0965907 -0.8191357 0.8813156 0.09659093 -0.4625506 0.4076784 0.9131256 2.375252e-07 0.1129034 0.993606 -1.571744e-07 0.09997164 0.9936059 0.05246926 0.3609804 0.9131261 0.1894568 0.06413647 0.993606 0.0929177 0.2315878 0.9131256 0.3355126 0.01360911 0.993606 0.1120803 0.04914011 0.9131256 0.404706 -0.04003604 0.993606 0.1055666 -0.1445648 0.9131255 0.3811862 -0.08450963 0.9936059 0.07486885 -0.3051516 0.9131255 0.270341 -0.1096223 0.993606 0.02701948 -0.3958319 0.9131256 0.09756379 -0.1096223 0.993606 -0.02701947 -0.395832 0.9131256 -0.09756374 -0.08450957 0.9936059 -0.07486901 -0.3051516 0.9131256 -0.2703409 -0.04302529 0.9938076 -0.1024469 -0.1464156 0.9124937 -0.3819918 -0.008944863 0.9934972 -0.1135049 0.05165543 0.9118915 -0.4071679 0.02367901 0.994166 -0.1052297 0.06413631 0.993606 -0.09291775 0.2315882 0.9131255 -0.3355126 0.09997179 0.9936059 -0.05246895 0.3609802 0.9131261 -0.1894572 0.7214356 0.6924815 1.016231e-07 0.6387992 0.692482 0.3352673 0.409822 0.6924816 0.5937299 0.08695953 0.6924821 0.7161749 -0.2558246 0.692482 0.6745536 -0.540002 0.6924819 0.4784001 -0.7004716 0.6924819 0.172651 -0.7004716 0.6924819 -0.1726509 -0.540002 0.6924818 -0.4784003 -0.2558246 0.6924818 -0.6745537 0.08695942 0.6924819 -0.7161752 0.4098221 0.6924818 -0.5937296 0.6387992 0.6924821 -0.3352673 0.9280128 0.3725483 -5.213117e-07 0.8217154 0.3725455 0.4312698 0.527172 0.3725459 0.7637403 0.1118601 0.3725463 0.9212473 -0.3290773 0.3725475 0.8677076 -0.6946277 0.3725464 0.6153873 -0.9010476 0.3725454 0.2220883 -0.9010476 0.3725452 -0.2220885 -0.6946279 0.3725462 -0.6153872 -0.3396415 0.3809446 -0.8599563 0.1330064 0.3924568 -0.9101027 0.5271721 0.3725458 -0.7637403 0.8217159 0.3725451 -0.4312692 -0.3745599 0.6624358 0.6487555 -0.389856 0.8929444 0.2250837 -4.709831e-07 0.8929446 0.4501665 0.3745591 0.662436 0.6487557 -0.7491183 0.6624362 1.354341e-17 -0.389856 0.8929444 -0.2250837 0.7491189 0.6624356 0 0.3745589 0.6624361 -0.6487558 0.3898557 0.8929447 -0.2250828 -0.3745597 0.6624359 -0.6487555 -4.709832e-07 0.8929445 -0.4501667 0.3898557 0.8929447 0.2250828 0.7038501 0.5826326 -0.4063671 0.6522773 0.7579804 0 0.7038501 0.5826326 0.4063671 -0.6522782 0.7579797 -8.844468e-18 0.3261388 0.7579798 -0.5648895 -0.3261392 0.7579801 -0.5648889 -0.7038494 0.5826328 0.4063681 -0.3261393 0.7579801 0.5648887 -8.503177e-07 0.5826327 -0.8127356 0.3261389 0.7579799 0.5648893 -8.503182e-07 0.5826327 0.8127356 -0.7038494 0.5826328 -0.4063681 0 -1 0 -0.1639466 -0.9051873 0.3921192 -0.3223058 -0.9025448 0.2855379 -0.3999046 -0.9077069 0.1270608 -0.407238 -0.9133221 3.513662e-08 -0.3999047 -0.9077069 -0.1270608 -0.3223055 -0.9025448 -0.2855383 -0.1588638 -0.9051367 -0.3943221 0.06197702 -0.9071953 -0.4161197 0.244607 -0.9025444 -0.3543742 0.3812745 -0.9025445 -0.2001079 0.4305962 -0.9025447 1.016491e-07 0.3812745 -0.9025444 0.2001081 0.2446074 -0.9025442 0.3543744 0.08972126 -0.9101197 0.4045147 -0.02909841 -0.9077138 0.4185798 -0.9279846 -0.3726184 4.844174e-09 -0.8883405 -0.3676364 0.2751265 -0.6973144 -0.3634791 0.6177666 -0.3355385 -0.3588491 0.8710001 0.1187346 -0.3559211 0.9269424 0.5292105 -0.3634784 0.766694 0.8248929 -0.3634789 0.4329374 0.9316024 -0.363479 5.535485e-08 0.8248931 -0.3634787 -0.4329372 0.5292102 -0.3634786 -0.7666941 -0.3553407 -0.3656183 -0.8602652 -0.05617947 -0.3788661 -0.9237448 -0.6973142 -0.3634791 -0.6177668 -0.8883406 -0.3676362 -0.2751264 0.1930027 -0.3695115 -0.9089616 0.6438573 -0.7651456 -7.323298e-18 0.5701068 -0.765146 0.2992154 0.3657525 -0.7651455 0.5298843 0.07760844 -0.7651459 0.6391625 -0.228315 -0.7651457 0.6020169 -0.4819338 -0.7651458 0.4269563 -0.6257753 -0.7644009 0.1552304 -0.6257753 -0.7644009 -0.1552304 -0.4819338 -0.7651458 -0.4269563 -0.249812 -0.7575386 -0.6030997 -0.04092272 -0.7352709 -0.6765368 0.1405664 -0.742594 -0.6548246 0.3657524 -0.7651457 -0.5298842 0.570107 -0.7651459 -0.2992153 -0.04421671 -0.6809564 -0.7309878 0.1549006 -0.6747566 -0.7216019 0.4282592 -0.6569992 -0.6204403 -0.2673335 -0.6569993 0.7049005 -0.5642955 -0.6569992 0.4999226 -0.5642955 -0.6569992 -0.4999225 -0.2865598 -0.6627768 -0.6918168 -0.7319846 -0.6569992 0.1804182 0.6675377 -0.6569992 -0.3503505 0.6675377 -0.6569992 0.3503506 0.4282592 -0.6569992 0.6204403 0.09087152 -0.6569991 0.7483946 -0.7319846 -0.6569991 -0.1804182 0.7538912 -0.6569993 -6.859869e-18 0.9953242 0.09659082 -8.270355e-08 0.8813159 0.09659027 0.4625501 0.5654087 0.09659069 0.8191357 0.1199729 0.09659128 0.9880671 -0.3529468 0.0965904 0.9306443 -0.7450104 0.09659178 0.6600223 -0.9664017 0.09659143 0.238197 -0.9664017 0.09659141 -0.238197 -0.7450107 0.09659118 -0.6600221 -0.3805479 0.09672239 -0.9196891 -0.06744141 0.1392514 -0.9879579 0.2081102 0.09674378 -0.9733092 0.5654086 0.09659094 -0.8191357 0.881316 0.09659032 -0.4625499 0.4076783 0.9131256 2.16768e-07 0.1129034 0.993606 -1.492191e-07 0.09997159 0.9936059 0.05246915 0.3609804 0.913126 0.1894573 0.06413669 0.9936059 0.09291797 0.2315871 0.9131259 0.3355122 0.01360912 0.9936059 0.1120805 0.04914009 0.9131257 0.4047057 -0.04003633 0.9936059 0.1055668 -0.1445647 0.9131256 0.381186 -0.08450954 0.9936059 0.07486901 -0.3051517 0.9131255 0.2703408 -0.1096233 0.9936059 0.02701969 -0.3958318 0.9131257 0.09756379 -0.1096233 0.9936059 -0.02701978 -0.3958317 0.9131257 -0.09756371 -0.08450965 0.9936059 -0.07486893 -0.3051517 0.9131256 -0.2703408 -0.04302547 0.9938075 -0.1024469 -0.1464156 0.9124937 -0.3819918 -0.008944867 0.9934972 -0.1135049 0.05165567 0.9118913 -0.4071681 0.02367901 0.994166 -0.1052297 0.06413665 0.9936059 -0.09291797 0.2315871 0.9131259 -0.3355123 0.09997174 0.9936059 -0.05246902 0.3609802 0.9131261 -0.1894574 0.7214356 0.6924815 8.840754e-08 0.6387992 0.692482 0.3352673 0.4098219 0.6924822 0.5937292 0.08695943 0.6924819 0.7161752 -0.2558239 0.6924824 0.6745534 -0.5400024 0.6924815 0.4784001 -0.7004712 0.6924824 0.1726507 -0.7004712 0.6924824 -0.1726506 -0.5400021 0.6924816 -0.4784004 -0.2558241 0.6924824 -0.6745533 0.08695951 0.6924821 -0.716175 0.4098218 0.6924823 -0.5937292 0.6387993 0.6924819 -0.3352673 0.9280139 0.3725455 -1.425775e-07 0.8217158 0.3725449 0.4312695 0.5271721 0.3725458 0.7637403 0.1118601 0.3725465 0.9212472 -0.3290789 0.372546 0.8677076 -0.6946281 0.3725464 0.6153868 -0.901047 0.3725469 0.2220883 -0.901047 0.3725468 -0.2220882 -0.694628 0.3725463 -0.615387 -0.3396425 0.3809441 -0.8599562 0.1330064 0.3924569 -0.9101027 0.527172 0.372546 -0.7637402 0.821716 0.3725449 -0.4312693 0.7491183 0.6624362 -1.354341e-17 0.3898558 0.8929445 0.2250838 0.3745589 0.662436 -0.6487559 0.3898558 0.8929445 -0.2250838 -0.3745597 0.6624358 0.6487557 -0.3898558 0.8929445 0.2250838 -4.709831e-07 0.8929446 -0.4501665 -0.3745597 0.6624358 -0.6487557 -0.3898558 0.8929445 -0.2250838 -0.7491183 0.6624362 1.354341e-17 -4.709831e-07 0.8929446 0.4501665 0.3745589 0.662436 0.6487559 0.7038493 0.5826328 -0.4063684 0.6522782 0.7579797 8.844468e-18 0.7038493 0.5826328 0.4063684 0.3261386 0.75798 0.5648893 -0.6522782 0.7579797 -8.844468e-18 -0.3261391 0.7579802 0.5648887 -0.3261391 0.7579802 -0.5648887 0.3261386 0.75798 -0.5648893 -0.7038493 0.5826328 0.4063684 -8.503182e-07 0.5826327 0.8127356 -8.503182e-07 0.5826327 -0.8127356 -0.7038493 0.5826328 -0.4063684 0.5701071 -0.2992153 0.7651458 0.6438571 9.881352e-09 0.7651458 0.6438571 9.881352e-09 -0.7651458 0.3657524 -0.5298841 0.7651458 0.5701071 -0.2992153 -0.7651458 0.0776084 -0.6391627 0.7651457 0.3657524 -0.5298841 -0.7651458 -0.2283149 -0.6020167 0.7651458 0.0776084 -0.6391627 -0.7651457 -0.4819341 -0.4269562 0.7651457 -0.2283149 -0.6020167 -0.7651458 -0.6251478 -0.1540851 0.7651458 -0.4819341 -0.4269562 -0.7651457 -0.6251478 0.1540851 0.7651458 -0.6251478 -0.1540851 -0.7651458 -0.481934 0.4269562 0.7651457 -0.6251478 0.1540851 -0.7651458 -0.2498121 0.6030996 0.7575387 -0.481934 0.4269562 -0.7651457 -0.2498121 0.6030996 -0.7575387 -0.04092292 0.6765369 -0.7352708 -0.04092292 0.6765369 0.7352708 0.1405661 0.6548245 -0.7425941 0.1405661 0.6548245 0.7425941 0.3657525 0.5298841 0.7651457 0.5701071 0.2992154 0.7651458 0.3657525 0.5298841 -0.7651457 0.5701071 0.2992154 -0.7651458 -0.07136237 0.6856878 0.7243891 0.1895569 0.3334106 0.9235289 -0.5390631 0.3725099 0.7554121 -0.904534 0.3015113 0.3015113 -0.6896212 0.6650636 0.2865537 -0.7243826 0.6856965 0.07134515 -0.8694734 0.4782917 0.1235034 -0.5286129 0.6651243 0.527426 -0.8027945 0.4805367 0.352995 -0.6507779 0.4478885 0.6130938 -0.2855362 0.6657194 0.6894104 -0.4825293 0.4207795 0.7681862 -0.3622759 0.3885083 0.8472411 -0.08220371 0.3705531 0.9251665 0.1422676 0.3562709 0.9234885 0.4456256 0.8143078 0.3719149 -0.4335367 0.8363118 0.3356016 0.3487378 0.8583223 0.3763837 0.2087555 0.920537 0.3302011 0.09980455 0.9765303 0.19086 0.02872581 0.9983611 0.04949649 -0.8687278 0.4951944 0.009723835 0.02660833 0.9985296 -0.04723038 -0.8687278 0.4951944 -0.009723879 -0.7243826 0.6856966 -0.0713451 -0.8615259 0.4874973 -0.141843 -0.07166123 0.6854756 -0.7245605 -0.5275961 0.6652453 -0.5282907 -0.6894163 0.6656734 -0.2856294 -0.2860074 0.6650676 -0.6898441 -0.904534 0.3015113 -0.3015113 0.1216828 0.3589024 -0.9254093 -0.1400782 0.3794039 -0.9145659 0.1895528 0.3334121 -0.9235292 -0.5058842 0.4271805 -0.7493984 -0.7458211 0.4671605 -0.474881 0.108744 0.9748448 -0.1945569 0.2268336 0.9208212 -0.3172298 0.3552509 0.8624258 -0.360581 0.4393091 0.8212517 -0.3640785 -0.5390633 0.3725093 -0.7554122 -0.4335367 0.8363117 -0.335602 0.1405661 0.6548245 -0.7425941 -0.04092292 0.6765369 -0.7352708 0.3657525 0.5298841 -0.7651457 -0.2498121 0.6030996 -0.7575387 -0.2283149 -0.6020167 -0.7651458 0.0776084 -0.6391627 -0.7651457 0.5701071 0.2992154 -0.7651458 -0.4819341 -0.4269562 -0.7651457 -0.6251478 0.1540851 -0.7651458 -0.6251478 -0.1540851 -0.7651458 -0.481934 0.4269562 -0.7651457 0.5701071 -0.2992153 -0.7651458 0.6438571 9.881352e-09 -0.7651458 0.3657524 -0.5298841 -0.7651458 0.5701071 -0.2992153 0.7651458 0.6438571 9.881352e-09 0.7651458 0.3657524 -0.5298841 0.7651458 0.0776084 -0.6391627 0.7651457 -0.2283149 -0.6020167 0.7651458 -0.4819341 -0.4269562 0.7651457 -0.6251478 -0.1540851 0.7651458 -0.6251478 0.1540851 0.7651458 -0.481934 0.4269562 0.7651457 -0.2498121 0.6030996 0.7575387 -0.04092292 0.6765369 0.7352708 0.1405661 0.6548245 0.7425941 0.3657525 0.5298841 0.7651457 0.5701071 0.2992154 0.7651458 -0.4335367 0.8363118 -0.3356018 -0.5390631 0.3725097 -0.7554121 -0.5773503 -0.5773503 -0.5773503 -0.5773503 -0.5773503 0.5773503 -0.5390633 0.3725093 0.7554122 -0.4335367 0.8363117 0.3356021 0.5307957 0.7601925 0.3746509 0.5307957 0.7601927 -0.3746504 0.2314938 0.3280657 0.9158512 0.320032 0.2685388 0.9085518 0.7119283 0.5974831 0.369015 0.392578 0.1428865 0.9085516 0.8733362 0.3179634 0.3690301 0.3998595 0.0364464 0.9158516 0.923769 0.07959818 0.3745864 0.2314939 0.328066 -0.9158511 0.9237692 0.07959808 -0.374586 0.3998598 0.03644627 -0.9158514 0.3925782 0.1428869 -0.9085514 0.8733362 0.3179637 -0.3690297 0.3200324 0.2685388 -0.9085517 0.7119285 0.597483 -0.3690146 0.361288 0.03410092 0.9318305 0.9173914 0.09008343 0.387657 0.3145293 0.1302824 0.9402647 0.08458503 -0.6819789 0.7264642 0.03410096 0.3612883 0.9318304 0.1302822 0.3145288 0.9402649 0.2407301 0.2407301 0.9402649 0.1052838 0.3717221 0.9223546 0.8463181 0.3529488 0.3989646 0.6478919 0.6478924 0.4005889 0.3544867 0.8469539 0.3962428 0.08883635 0.9181302 0.386193 0.9545481 0.03072651 -0.2964688 0.9503091 0.03694035 -0.3091084 0.04370439 0.6909339 -0.7215956 0.1917551 0.675362 -0.7121209 0.4402412 0.6032092 -0.6650762 0.7529235 0.3821049 -0.535819 0.9087774 0.1531021 -0.3881795 0.04983769 0.9129534 0.405009 0.2492296 -0.6819789 0.6875968 0.318321 0.371723 0.8720629 0.1365494 0.912954 0.3845377 0.4882496 0.3740931 0.7884584 0.3834966 -0.6869459 0.6172809 0.2138725 0.9153567 0.341146 0.7236178 -0.6869457 0.06695427 0.9235706 0.3740928 0.08409492 0.867323 0.3677225 0.3354564 0.6940172 -0.6680474 0.2684265 0.6879191 0.3677232 0.6257372 0.5504619 -0.668047 0.5007044 0.4007765 0.9153569 0.03872806 0.3914484 0.9076595 0.1514011 0.3104779 0.9076596 0.2824138 0.7236178 -0.6869457 -0.06695427 0.9235704 0.3740932 -0.0840954 0.400777 0.9153567 -0.03872882 0.3834968 -0.6869459 -0.6172808 0.4882495 0.374093 -0.7884585 0.6879194 0.3677229 -0.625737 0.5504618 -0.6680471 -0.5007043 0.867323 0.3677228 -0.335456 0.6940172 -0.6680474 -0.2684266 0.2138719 0.9153569 -0.3411458 0.3104778 0.9076598 -0.2824132 0.3914491 0.9076593 -0.1514005 0.2492295 -0.6819789 -0.6875969 0.3183208 0.3717226 -0.8720632 0.08458499 -0.6819789 -0.7264642 0.1052837 0.3717225 -0.9223544 0.1365493 0.9129536 -0.3845386 0.04983755 0.9129536 -0.4050086 0.1302823 0.3145292 -0.9402648 0.03410102 0.3612886 -0.9318303 0.2407304 0.2407304 -0.9402647 0.3612883 0.03410106 -0.9318304 0.3145297 0.1302824 -0.9402646 0.08883639 0.9181304 -0.3861925 0.3544867 0.8469541 -0.3962424 0.6478921 0.6478924 -0.4005886 0.8463184 0.3529487 -0.3989641 0.9173916 0.0900836 -0.3876565 0.9545475 0.03071499 0.2964721 0.9503092 0.03694038 0.3091081 0.9552035 0.1096448 -0.2748897 0.9393901 0.2146251 -0.2673616 0.9343351 0.2855709 -0.2132305 0.9256052 0.3432177 -0.1595511 0.8971311 0.4412026 0.02227396 0.902815 0.422772 0.07866949 0.8971311 0.4412026 -0.02227393 0.902815 0.422772 -0.07866946 0.9343388 0.2855406 0.2132549 0.9393938 0.2146075 0.2673629 0.9256056 0.3432175 0.1595491 0.9552071 0.1096131 0.2748898 0.7243533 0.685728 -0.07134022 0.6892736 0.6658877 -0.2854742 0.8555566 0.005325253 -0.5176818 0.5281628 0.6670511 -0.5254397 0.283277 0.6674636 -0.6886555 0.07134573 0.6856964 -0.7243827 0.7243533 0.685728 0.07134026 0.6892735 0.6658877 0.2854743 0.2832772 0.6674634 0.6886556 0.07134551 0.6856964 0.7243826 0.1917553 0.675362 0.7121208 0.4402415 0.6032089 0.6650763 0.5281629 0.6670512 0.5254395 0.7529236 0.3821048 0.535819 0.8555569 0.005327725 0.5176813 0.908777 0.1531023 0.3881804 0.04370439 0.6909339 0.7215956 -0.08458503 0.6819789 -0.7264642 -0.07853432 0.7340884 -0.6744972 -0.08458503 0.6819789 0.7264642 -0.07853432 0.7340884 0.6744972 -0.2314012 0.7340884 -0.6384102 -0.2492296 0.6819789 -0.6875968 -0.3615415 0.728444 -0.5819426 -0.3834961 0.6869461 -0.617281 -0.6160241 0.7508302 -0.238261 -0.6821909 0.7284444 -0.06312115 -0.7236178 0.6869457 -0.06695427 -0.4886003 0.7508308 -0.4444354 -0.6940172 0.6680474 -0.2684265 -0.5504616 0.6680469 -0.5007049 -0.7236179 0.6869456 0.06695432 -0.6821909 0.7284445 0.06312119 -0.2314012 0.7340884 0.6384103 -0.3615416 0.728444 0.5819424 -0.6160241 0.7508302 0.2382611 -0.4886004 0.7508307 0.4444354 -0.2492296 0.6819789 0.6875968 -0.3834962 0.686946 0.617281 -0.5504615 0.668047 0.5007048 -0.6940172 0.6680474 0.2684267 0.5298837 0.7651457 -0.365753 0.6391622 0.7651462 -0.07760798 -0.6030995 0.757539 0.2498112 0.4269566 0.765146 0.4819332 -0.6765378 0.7352699 0.04092382 -0.654824 0.7425948 -0.1405647 -0.6765378 0.7352699 0.04092382 -0.6030995 0.757539 0.2498112 -0.654824 0.7425948 -0.1405647 -0.4269562 0.7651457 0.481934 -0.5298843 0.7651455 -0.3657527 0.6020175 0.7651452 0.2283151 -0.1540851 0.7651458 0.6251478 0.4269562 0.7651457 0.481934 0.1540851 0.7651458 0.6251478 -0.4269561 0.7651458 0.481934 -0.5298843 0.7651455 -0.3657527 0.299215 0.7651457 -0.5701073 0.2992154 0.765146 -0.5701068 0.4269561 0.7651458 0.481934 0.154085 0.7651457 0.6251479 0.6020168 0.7651459 0.2283147 0.1540852 0.7651458 0.6251477 -0.1540852 0.7651458 0.6251477 -0.2992157 0.7651459 -0.5701068 0.2992157 0.7651459 -0.5701068 0.5298843 0.7651455 -0.3657527 -0.2992159 0.7651458 -0.5701068 0.5298843 0.7651455 -0.3657527 0.6391625 0.7651458 -0.07760895 -2.223304e-07 0.7651457 -0.6438571 0.6391625 0.7651458 -0.07760895 -2.223304e-07 0.7651459 -0.6438569 8.787957e-18 0.7651456 -0.6438572 -0.5298843 0.7651455 -0.3657527 -0.6765378 0.7352699 0.04092382 0.6020168 0.7651459 0.2283147 -0.154085 0.7651457 0.6251479 -0.6030995 0.757539 0.2498112 -0.4269563 0.7651457 0.481934 -0.2992154 0.765146 -0.5701068 -0.654824 0.7425948 -0.1405647 -0.6765378 -0.7352699 0.04092382 -0.5298843 -0.7651455 -0.3657527 -0.654824 -0.7425948 -0.1405647 0.6020175 -0.7651452 0.2283151 0.4269566 -0.765146 0.4819332 0.6391622 -0.7651462 -0.07760798 0.154085 -0.7651457 0.6251479 -0.2992157 -0.7651459 -0.5701068 -0.1540852 -0.7651458 0.6251477 0.1540852 -0.7651458 0.6251477 0.5298843 -0.7651455 -0.3657527 0.4269561 -0.7651458 0.481934 0.6020168 -0.7651459 0.2283147 0.2992154 -0.765146 -0.5701068 -2.223304e-07 -0.7651457 -0.6438571 -0.1540851 -0.7651458 0.6251478 0.1540851 -0.7651458 0.6251478 -0.6765378 -0.7352699 0.04092382 -0.6030995 -0.757539 0.2498112 0.5298837 -0.7651457 -0.365753 -0.6030995 -0.757539 0.2498112 -0.654824 -0.7425948 -0.1405647 -0.4269562 -0.7651457 0.481934 0.2992157 -0.7651459 -0.5701068 -2.223304e-07 -0.7651459 -0.6438569 -0.4269563 -0.7651457 0.481934 0.6391625 -0.7651458 -0.07760895 0.299215 -0.7651457 -0.5701073 -1.171728e-17 -0.7651456 -0.6438572 -0.4269561 -0.7651458 0.481934 -0.5298843 -0.7651455 -0.3657527 -0.2992159 -0.7651458 -0.5701068 0.5298843 -0.7651455 -0.3657527 0.4269562 -0.7651457 0.481934 0.6020168 -0.7651459 0.2283147 -0.154085 -0.7651457 0.6251479 0.6391625 -0.7651458 -0.07760895 -0.654824 -0.7425948 -0.1405647 -0.6765378 -0.7352699 0.04092382 -0.2992154 -0.765146 -0.5701068 -0.5298843 -0.7651455 -0.3657527 -0.6030995 -0.757539 0.2498112 0 -1 0 -0.1639465 -0.9051875 0.3921189 -0.3223059 -0.9025446 0.2855383 -0.3999046 -0.9077069 0.1270607 -0.407238 -0.9133221 7.712452e-09 -0.3999046 -0.907707 -0.1270607 -0.3223053 -0.9025449 -0.2855381 -0.1588642 -0.9051364 -0.3943225 0.06197709 -0.9071951 -0.4161201 0.2446071 -0.9025442 -0.3543745 0.3812743 -0.9025447 -0.2001076 0.4305962 -0.9025447 2.894506e-08 0.3812747 -0.9025443 0.2001083 0.2446073 -0.9025443 0.3543743 0.08972117 -0.9101199 0.4045143 -0.02909837 -0.907714 0.4185793 -0.9279846 -0.3726184 4.844174e-09 -0.8883406 -0.3676363 0.2751264 -0.6973146 -0.363479 0.6177665 -0.3355387 -0.3588495 0.8709999 0.1187349 -0.3559214 0.9269423 0.5292107 -0.3634784 0.7666938 0.824893 -0.3634787 0.4329374 0.9316024 -0.363479 3.331378e-08 0.824893 -0.3634788 -0.4329374 0.5292101 -0.3634783 -0.7666943 -0.3553406 -0.3656181 -0.8602654 -0.05617948 -0.3788657 -0.9237449 -0.6973139 -0.3634794 -0.6177669 -0.8883406 -0.3676363 -0.2751265 0.1930027 -0.369511 -0.9089618 0.6438573 -0.7651456 -7.323298e-18 0.5701068 -0.765146 0.2992154 0.3657528 -0.7651455 0.5298843 0.07760867 -0.765146 0.6391623 -0.2283151 -0.7651458 0.6020168 -0.4819341 -0.7651457 0.4269562 -0.6257753 -0.7644009 0.1552304 -0.6257753 -0.7644009 -0.1552304 -0.4819336 -0.7651459 -0.4269564 -0.2498118 -0.7575385 -0.6030998 -0.04092272 -0.7352709 -0.6765368 0.1405664 -0.742594 -0.6548246 0.3657523 -0.7651456 -0.5298843 0.5701068 -0.765146 -0.2992154 -0.04421617 -0.680956 -0.7309883 0.1549016 -0.6747569 -0.7216015 0.4282592 -0.6569992 -0.6204403 -0.7319846 -0.6569991 -0.1804182 -0.5642954 -0.6569992 -0.4999227 -0.28656 -0.6627769 -0.6918165 -0.5642956 -0.6569992 0.4999226 -0.7319846 -0.6569992 0.1804181 0.6675376 -0.6569992 -0.3503506 0.7538912 -0.6569993 -8.099041e-08 0.6675377 -0.6569992 0.3503506 0.4282592 -0.6569992 0.6204403 0.09087152 -0.6569991 0.7483946 -0.2673335 -0.6569993 0.7049005 0.9953242 0.09659083 -1.688036e-07 0.8813159 0.09659057 0.4625501 0.5654086 0.09659076 0.8191357 0.1199729 0.09659203 0.988067 -0.3529467 0.09659104 0.9306443 -0.7450105 0.09659174 0.6600223 -0.9664018 0.09659125 0.2381968 -0.9664017 0.09659159 -0.2381971 -0.7450106 0.09659154 -0.6600222 -0.3805484 0.09672134 -0.919689 -0.06744071 0.1392512 -0.9879579 0.2081117 0.09674306 -0.9733089 0.5654086 0.09659061 -0.8191357 0.881316 0.09658998 -0.4625499 0.4076783 0.9131256 1.809734e-07 0.1129034 0.993606 -1.571744e-07 0.09997154 0.9936059 0.05246905 0.3609805 0.9131259 0.1894575 0.06413669 0.9936059 0.09291797 0.2315871 0.9131259 0.3355123 0.01360906 0.9936059 0.1120806 0.04914001 0.9131259 0.4047054 -0.04003629 0.9936059 0.1055668 -0.1445646 0.9131258 0.3811856 -0.0845096 0.9936059 0.07486912 -0.3051516 0.9131256 0.2703406 -0.1096233 0.9936059 0.02701973 -0.3958318 0.9131257 0.09756366 -0.1096233 0.9936059 -0.02701974 -0.3958318 0.9131257 -0.09756384 -0.08450959 0.993606 -0.07486879 -0.3051518 0.9131255 -0.270341 -0.04302543 0.9938075 -0.102447 -0.1464157 0.9124935 -0.3819922 -0.008944834 0.9934972 -0.1135047 0.05165574 0.9118913 -0.4071683 0.02367898 0.994166 -0.1052295 0.06413663 0.9936059 -0.09291795 0.2315872 0.9131259 -0.3355123 0.09997179 0.9936059 -0.05246909 0.36098 0.9131261 -0.1894574 0.7214356 0.6924815 7.78065e-08 0.6387994 0.6924819 0.3352672 0.409822 0.6924823 0.5937291 0.08695934 0.6924817 0.7161754 -0.2558239 0.6924822 0.6745535 -0.5400022 0.6924817 0.4784001 -0.7004711 0.6924824 0.1726508 -0.7004713 0.6924823 -0.1726505 -0.5400024 0.6924813 -0.4784006 -0.2558243 0.6924826 -0.6745531 0.08695957 0.6924822 -0.7161748 0.4098218 0.6924823 -0.5937292 0.6387991 0.6924821 -0.3352674 0.9280139 0.3725455 -1.670507e-07 0.8217159 0.3725452 0.4312692 0.527172 0.3725457 0.7637403 0.11186 0.3725466 0.9212472 -0.3290788 0.3725462 0.8677076 -0.694628 0.3725464 0.6153869 -0.901047 0.3725467 0.2220884 -0.901047 0.372547 -0.2220881 -0.6946281 0.3725467 -0.6153867 -0.3396427 0.3809439 -0.8599562 0.1330069 0.3924568 -0.9101027 0.527172 0.3725457 -0.7637404 0.821716 0.3725445 -0.4312696 -0.3745597 0.6624356 0.6487558 -0.3898555 0.8929445 0.2250838 0.3745589 0.6624361 -0.6487558 0.389856 0.8929444 -0.2250837 -0.7491183 0.6624362 1.354341e-17 -0.389856 0.8929444 -0.2250837 -4.528683e-07 0.8929448 0.4501662 0.7491183 0.6624362 -1.354341e-17 0.3898555 0.8929445 0.2250838 -4.709832e-07 0.8929445 -0.4501667 -0.3745597 0.6624359 -0.6487555 0.3745589 0.6624358 0.648756 0.7038494 0.5826328 -0.4063681 0.6522782 0.7579797 8.844468e-18 0.7038491 0.5826327 0.4063686 0.3261385 0.7579801 0.5648892 -0.6522782 0.7579797 -8.844468e-18 -0.3261389 0.7579804 0.5648886 -0.3261392 0.7579801 -0.5648889 0.3261388 0.7579798 -0.5648895 -0.7038491 0.5826327 0.4063686 -8.176142e-07 0.5826326 0.8127356 -8.503177e-07 0.5826327 -0.8127356 -0.7038494 0.5826328 -0.4063681 0.7039097 0.6577707 -0.2680463 -0.4999226 0.6569993 -0.5642954 -0.7049005 0.6569993 -0.2673337 0.4999226 0.6569993 -0.5642954 -0.6371325 0.6694109 0.3820357 0.6371323 0.6694118 0.3820344 0.747579 0.6577982 0.09179992 -0.4839322 0.6799526 0.5508848 0.4839342 0.6799519 0.5508839 -0.7483946 0.6569992 0.09087096 0.1804183 0.6569991 -0.7319845 -0.1804183 0.6569991 -0.7319845 -0.3026364 0.6398438 0.7064072 -3.255209e-07 0.5729231 0.8196091 0.3026362 0.6398437 0.7064074 0.5299328 0.7650986 0.3657805 0.6764942 0.73531 -0.04092285 0.6548238 0.7425949 0.1405655 0.6030996 0.7575387 -0.2498118 0.4269565 0.7651457 -0.4819338 0.1540853 0.7651459 -0.6251476 -0.1540853 0.7651459 -0.6251476 -0.4269565 0.7651457 -0.4819338 -0.6020169 0.7651457 -0.228315 -0.6391628 0.7651457 0.0776079 0.2992153 0.7651461 0.5701067 -0.2992151 0.7651457 0.5701074 -2.914999e-07 0.7651456 0.6438573 -0.5299322 0.7650994 0.3657797 0.6035466 0.7567442 -0.251137 0.4270491 0.7650016 -0.4820804 0.6774881 0.7344515 -0.03988448 0.2350089 0.6840622 0.6905286 0.1541343 0.7649922 -0.6253235 -0.4269339 0.7647073 -0.4826492 0.7056627 0.675673 0.2133214 0.720938 0.6909696 0.05300491 0.4325418 0.6712955 0.6018887 0.6099476 0.6741213 0.4165627 -0.5299098 0.7651091 0.3657919 -0.6402953 0.7640461 0.07909132 0.720938 0.6909696 -0.05300489 -0.1541836 0.7650439 -0.6252482 0.7056628 0.675673 -0.2133214 0.4325418 0.6712955 -0.6018887 -0.2993068 0.7650825 0.5701441 0.2350096 0.6840623 -0.6905282 -7.158789e-05 0.683845 -0.7296273 0.2992692 0.7650069 0.5702652 0.1540851 0.7651458 -0.6251478 -0.4269394 0.7650399 -0.4821168 -0.6032876 0.7637286 -0.2297011 0.6099476 0.6741213 -0.4165627 -2.328405e-05 0.7650218 0.6440043 0.5300119 0.7649982 0.3658758 -0.1540851 0.7651458 -0.6251478 0.6548239 0.7425948 0.1405653 -0.2992151 0.7651454 0.5701077 -0.6021762 0.7650449 -0.2282327 -0.6391629 0.7651456 0.0776077 -0.5298834 0.7651463 0.3657523 0.001947618 0.6841635 0.7293261 0.529884 0.7651455 0.3657531 -0.6801082 0.675381 -0.2851547 -0.7182374 0.6937802 -0.05295369 -0.6944553 0.663897 0.2774394 -0.5041864 0.6656858 0.5501441 0.2992154 0.7651458 0.5701071 -2.914999e-07 0.7651459 0.643857 -0.5041598 0.6680308 -0.5473187 -0.7235245 0.6870946 0.06643262 -0.2377033 0.6679485 -0.7052248 0.6764942 0.73531 -0.04092285 0.6548239 0.7425948 0.1405653 0.6032607 0.7574368 -0.249732 0.4269394 0.7650399 -0.4821168 -0.24219 0.6684026 0.7032652 -0.1739119 -0.066721 -0.9824983 -0.3143928 -0.09846607 -0.9441724 -0.01988894 -0.06872472 -0.9974374 -0.5106111 -0.08979582 -0.8551099 -0.6190295 -0.03972477 -0.7843624 -0.3914265 -0.06882672 -0.9176318 -0.8160627 -0.4515645 -0.3607371 -0.8899999 -0.07095543 -0.450406 -0.7572447 -0.03343487 -0.6522749 -0.9583049 -0.2354879 -0.1618557 -0.9478845 -0.1095018 -0.2992061 -0.9970991 -0.0581764 -0.04907955 -0.9939837 -0.05894656 0.0923135 -0.9391896 -0.06935963 0.3363214 -0.8364919 -0.03305651 0.5469813 -0.6466685 -0.1857762 0.739802 -0.3963829 -0.02174044 0.9178278 -0.7137639 -0.02748562 0.6998468 -0.3352088 -0.2922018 0.8956859 -0.01119321 -0.02195815 0.9996962 -0.8617381 -0.5043536 -0.0550893 -0.6688981 -0.7431694 -0.01656924 -0.7543982 -0.6557266 0.03010024 -0.6170373 -0.7869253 0.003685854 -0.8874699 -0.4567385 0.06153912 -0.9692561 -0.231632 0.08300123 -0.9676377 -0.245299 -0.05920855 -0.7000813 -0.6763737 -0.2289207 -0.7731323 -0.4717306 -0.4239537 -0.6784503 -0.5586208 -0.4771247 -0.6126312 -0.7311253 -0.3002313 -0.8580659 -0.4658242 -0.2161728 -0.6783197 -0.7339093 -0.0354898 -0.7713348 -0.631132 -0.08194509 -0.6145296 -0.1565889 -0.7731968 -0.7806213 -0.2324211 -0.5801818 -0.8991723 -0.2729534 -0.3420315 -0.5769836 -0.7955052 -0.1850982 -0.6219486 -0.7686925 -0.1493046 -0.5205367 -0.7610455 -0.3871064 -0.5641923 -0.8196395 -0.09938864 -0.5869434 -0.5293634 -0.6125943 -0.5074076 -0.6003674 -0.6181395 -0.6252059 -0.7775884 -0.06688658 -0.3347362 -0.2968597 -0.8943299 -0.4967532 -0.2856134 -0.8195494 -0.187785 -0.2959532 -0.9365621 -0.3844109 -0.5758334 -0.7215568 -0.4446608 -0.8118549 -0.3783759 -0.5007097 -0.8607367 -0.09177195 -0.3076179 -0.6284131 -0.7144706 -0.1117145 -0.3298012 -0.9374172 0.07823468 -0.09598175 -0.9923038 -0.8616876 -0.4615213 0.2109324 -0.7336895 -0.6698554 0.1139894 -0.6850686 -0.6950424 0.2181676 -0.5972443 -0.5512616 0.582589 -0.6121794 -0.7272731 0.310339 -0.5312787 -0.7506067 0.3928518 -0.8385511 -0.3614114 0.4076934 -0.7195838 -0.2750518 0.6376093 -0.6701492 -0.1556863 0.7257147 -0.1076236 -0.1214595 0.9867445 -0.4504431 -0.1426104 0.8813418 -0.7371247 -0.6453009 0.200584 -0.9223584 -0.3597524 0.1408301 -0.5670416 -0.8174198 0.1014329 -0.6244367 -0.7641198 0.1618631 -0.7395036 -0.5255309 0.4206563 -0.4938241 -0.2707451 0.8263383 -0.5498187 -0.403125 0.7315665 -0.3201507 -0.418985 0.8496794 -0.2186458 -0.2667523 0.9386358 -0.7409777 -0.3862545 0.5493264 -0.4288278 -0.586051 0.6874962 -0.9194781 -0.2384001 0.3126106 -0.5007097 -0.8607368 0.09177141 -0.4446605 -0.8118547 0.3783766 -0.3072998 -0.6289261 0.714156 -0.1108349 -0.3303115 0.9373419 0.07875573 -0.09599506 0.9922613 0.7715166 -0.1276767 -0.6232662 0.6209899 -0.09909396 -0.7775294 0.360276 -0.0954093 -0.9279538 0.2422177 -0.07276884 -0.9674892 0.7986367 -0.2252494 -0.55807 0.8809635 -0.4072617 -0.2409177 0.8217939 -0.321175 -0.4706393 0.9961685 -0.08158293 -0.0315057 0.9595159 -0.2671273 -0.08928762 0.9999194 -0.01257781 0.001708335 0.6209896 -0.0990967 0.7775293 0.2422174 -0.07276921 0.9674892 0.3602766 -0.09540978 0.9279535 0.7715185 -0.1276901 0.6232612 0.798638 -0.2252516 0.5580673 0.8217936 -0.3211754 0.4706396 0.9961685 -0.08158293 0.0315057 0.9999194 -0.01257781 -0.001708335 0.8809627 -0.4072625 0.2409192 0.9595159 -0.2671274 0.08928749 0.2544239 -0.9158438 -0.3106422 0.06877774 -0.9940516 -0.08444543 -0.04844222 -0.9958326 -0.07727069 0.05132728 -0.9795822 -0.1943815 0.4530974 -0.6969709 -0.5558186 0.1274012 -0.8914419 -0.4348567 0.2177742 -0.8165149 -0.5346755 0.5795954 -0.3783036 -0.7217725 0.2834095 -0.6235834 -0.7285759 0.3449955 -0.3624936 -0.8657809 0.6897828 -0.6858362 -0.2320093 0.5441335 -0.8134897 -0.2053125 0.3323395 -0.934384 -0.1283627 0.09530277 -0.9947441 -0.03743856 0.006941586 -0.9999733 -0.002281062 0.3774372 -0.9217 0.08950046 0.09725211 -0.9905406 0.09680566 0.6992809 -0.7114311 0.06980038 0.9188697 -0.3925514 0.03977314 0.9933753 -0.1061681 0.04397618 -0.01866041 -0.744371 -0.6675055 0.1714224 -0.4358413 -0.8835478 -0.1776899 -0.9225244 -0.3426004 -0.3272631 -0.8640606 -0.3824893 -0.2713766 -0.9589134 -0.08270271 -0.1208189 -0.685402 -0.7180717 0.1184128 -0.3595618 -0.9255775 -0.4472167 -0.8902746 -0.08607161 -0.06507841 -0.9948434 0.0777906 0.3770731 -0.7154926 0.588121 0.09698253 -0.7690021 0.6318467 0.09711693 -0.9194443 0.3810387 0.3743686 -0.8566951 0.3548545 0.6995018 -0.552606 0.4531267 0.6951571 -0.664138 0.2750953 0.9188771 -0.3057053 0.2494175 0.9151609 -0.3724056 0.154255 0.9957292 -0.07104182 0.05896116 0.9963081 -0.08585015 9.989716e-09 0.9963081 -0.07931531 0.03285344 0.9963081 -0.07931524 -0.03285348 0.9933753 -0.1061681 -0.04397618 0.9957292 -0.07104182 -0.05896109 0.9275973 -0.2884206 0.2374379 0.711628 -0.5432876 0.4454484 0.3855059 -0.7138844 0.5845976 0.09814259 -0.7696602 0.6308655 -0.03849923 -0.9393999 0.3406546 -0.0452914 -0.7896138 0.6119303 -0.2718813 -0.9584734 0.08607685 -0.439708 -0.8942854 0.0831292 -0.3885451 -0.8319545 -0.3960865 -0.1866134 -0.6523903 -0.734549 0.05001644 -0.3507498 -0.9351326 -0.4911559 -0.8653035 -0.1000786 -0.3386484 -0.8615261 -0.3782725 -0.1618962 -0.6709755 -0.7235893 0.04393785 -0.3564508 -0.9332804 0.1904623 -0.08283973 -0.9781931 -0.4244847 -0.9014047 -0.08533612 0.3855064 -0.7138843 -0.5845973 0.09814245 -0.7696611 -0.6308644 0.09943752 -0.9193513 -0.3806643 0.3915335 -0.8501205 -0.3521316 0.09963563 -0.995024 5.875784e-06 0.3915319 -0.9201645 1.935696e-07 0.09944284 -0.919353 0.3806589 0.3915331 -0.8501208 0.3521312 0.7116281 -0.5432872 -0.4454487 0.7194625 -0.6416636 -0.2657848 0.719463 -0.6945307 -4.741309e-07 0.7194625 -0.6416632 0.2657857 0.9275972 -0.2884208 -0.2374381 0.932371 -0.3339853 -0.1383409 0.9323713 -0.361502 -1.649478e-07 0.932371 -0.3339852 0.1383411 -0.02239113 -0.7721872 0.6350005 -0.2646471 -0.8879386 0.3762007 -0.1529102 -0.925878 0.3454974 -0.4607667 -0.8832166 0.08730701 -0.1093831 -0.8289861 0.5484682 -0.2907008 -0.9000974 0.324527 -0.3236738 -0.9316016 0.1653898 0.01817778 -0.9803512 0.1964205 -0.02601937 -0.9908758 0.1322431 -0.2060304 -0.8986532 0.3872646 -0.003384633 -0.9434521 0.3314916 -0.3134978 -0.9495744 0.005262124 -0.2993035 -0.8977795 -0.3231244 -0.3139347 -0.9349039 -0.1655284 -0.1932517 -0.9262948 -0.3234682 -0.4642756 -0.8855876 0.01351504 -0.4667377 -0.8832513 0.04497728 -0.4632324 -0.8811047 -0.0952375 -0.4622036 -0.8847978 -0.05916556 -0.4606813 -0.886715 -0.038848 -0.4640449 -0.8857281 -0.01216916 -0.002481351 -0.8272296 0.5618585 -0.004267193 -0.9090707 0.4166201 -0.03258452 -0.9833675 -0.1786801 -0.002503327 -0.9567348 -0.2909505 -2.72982e-05 -0.999529 -0.03068738 -0.1066698 -0.8339448 -0.5414403 -0.03505981 -0.8833814 -0.4673415 -0.01674115 -0.7917096 -0.6106682 0.09698267 -0.7690017 -0.6318471 -0.04529153 -0.7896135 -0.6119307 -0.264648 -0.8879383 -0.3762007 -0.439708 -0.8942854 -0.0831292 0.9188772 -0.3057053 -0.2494172 0.699502 -0.552606 -0.4531265 0.3770724 -0.7154925 -0.5881215 0.3774372 -0.9217 -0.08950045 0.09725223 -0.9905406 -0.09680554 0.09711719 -0.9194441 -0.3810391 0.3743684 -0.8566951 -0.3548547 0.6992808 -0.7114311 -0.06980043 0.6951575 -0.6641379 -0.2750943 0.9188697 -0.3925514 -0.03977312 0.9151609 -0.3724056 -0.1542552 0.6897835 -0.6858359 0.2320085 0.5441342 -0.8134888 0.2053143 0.3323394 -0.9343841 0.1283624 0.09530278 -0.994744 0.03743889 0.006941655 -0.9999733 0.002280505 -0.06507842 -0.9948434 -0.07779037 -0.03849922 -0.9393998 -0.3406549 0.2544237 -0.915844 0.3106419 0.05132761 -0.9795819 0.1943832 -0.04844256 -0.9958326 0.07727031 0.127402 -0.8914414 0.4348575 0.453098 -0.6969696 0.5558197 0.217772 -0.8165173 0.5346726 0.2834072 -0.623585 0.7285754 0.3450068 -0.3624937 0.8657763 0.5795955 -0.3783046 0.7217719 0.06877755 -0.9940516 0.08444513 -0.2713765 -0.9589135 0.08270257 -0.2718814 -0.9584734 -0.08607676 -0.4472168 -0.8902746 0.08607129 -0.152911 -0.9258776 -0.3454981 -0.1208168 -0.6854031 0.718071 -0.0186598 -0.7443737 0.6675025 0.1714284 -0.435839 0.8835478 -0.3272619 -0.864061 0.3824895 -0.1776884 -0.9225251 0.3425992 0.118409 -0.3595588 0.9255791 -0.3885448 -0.8319542 0.3960872 -0.4911561 -0.8653035 0.1000782 -0.1866137 -0.65239 0.7345492 0.05001539 -0.3507507 0.9351323 -0.4247046 -0.901299 0.08535927 -0.3074242 -0.9492432 -0.06654119 -0.1572737 -0.9082982 -0.387633 -0.02303176 -0.6951166 -0.7185279 0.1125345 -0.3599503 -0.9261597 -0.1098959 -0.9931072 -0.04075629 0.04738258 -0.9958349 -0.07789634 0.08703723 -0.9246478 -0.3707438 0.1586089 -0.698086 -0.6982257 0.1990492 -0.07407426 -0.977186 0.2041415 -0.3603216 -0.9102168 0.29585 -0.9517023 -0.0820702 0.321349 -0.8750893 -0.3618751 0.3301435 -0.6533818 -0.681247 0.2150204 -0.06856521 -0.9741997 0.2898085 -0.3356014 -0.8963162 0.4715872 -0.8770123 -0.09195033 0.478246 -0.7994939 -0.3634422 0.4399464 -0.5963252 -0.6714487 0.2126787 -0.0336532 -0.9765425 0.3414284 -0.3117646 -0.8866959 0.2203828 -0.02631766 -0.9750584 0.1783793 -0.06761386 -0.981636 -0.3389008 -0.8614046 0.3783232 -0.1621118 -0.6708894 0.7236209 0.04382404 -0.3564318 0.933293 0.1904375 -0.08284814 0.9781972 -0.307913 -0.9490859 0.06652435 -0.1107452 -0.9930144 0.04071635 0.04603628 -0.9958984 0.07789125 0.2948961 -0.9519935 0.08212583 0.4713562 -0.8771333 0.09198119 0.3505896 -0.2977517 -0.8879363 0.4328175 -0.6042766 -0.6689685 0.4795495 -0.7995444 -0.3616089 0.4641163 -0.8812431 -0.08948032 0.1154714 -0.9216211 -0.3705143 0.07005394 -0.9936021 -0.08858495 -0.06518763 -0.9929532 -0.09896733 0.1504168 -0.7148328 -0.6829267 -0.02221828 -0.9212666 -0.3882964 0.1221485 -0.3807717 -0.9165657 0.02845892 -0.7062168 -0.7074234 0.0750625 -0.3822379 -0.9210102 0.3281897 -0.8707809 0.366104 0.4780674 -0.7995839 0.3634791 0.3367537 -0.6525845 0.6787713 0.4398179 -0.596387 0.671478 0.2917899 -0.3373211 0.8950269 0.3413543 -0.3117847 0.8867173 0.2126138 -0.03366335 0.9765563 0.2203712 -0.0262599 0.9750625 0.09080105 -0.9202514 0.3806476 0.1570082 -0.700765 0.6959001 0.2149374 -0.06864445 0.9742124 -0.1612676 -0.9049836 0.3936971 0.2031219 -0.3649654 0.9085933 -0.03197349 -0.6944607 0.7188199 0.1989707 -0.07412912 0.9771978 0.1092424 -0.3616237 0.9259019 0.1783783 -0.06761222 0.9816363 0.3505891 -0.2977508 0.8879368 0.4328172 -0.6042778 0.6689676 0.4795483 -0.7995447 0.3616099 0.4641162 -0.8812431 0.08948037 -0.02221765 -0.9212669 0.3882959 -0.06518762 -0.9929532 0.09896717 0.07005396 -0.9936021 0.08858548 0.02846148 -0.7062175 0.7074226 0.1154712 -0.9216216 0.3705132 0.07506244 -0.3822388 0.9210098 0.1504204 -0.7148334 0.6829252 0.1221487 -0.3807694 0.9165666 -0.2973434 -0.9504897 -0.09031168 -0.1604218 -0.7051677 -0.6906543 -0.04255864 -0.401255 -0.9149772 -0.2496544 -0.8971313 -0.3644559 -0.487525 -0.8692409 0.08209528 -0.3033005 -0.949203 0.08380015 -0.07227348 -0.9946812 0.07338901 0.3013792 -0.8940687 -0.3313784 0.2619526 -0.9615055 -0.0829937 0.3024476 -0.6966422 -0.6505499 0.267726 -0.5437541 -0.7953956 0.06511792 -0.9948429 0.07776412 0.2718805 -0.9584737 0.08607674 0.4397081 -0.8942854 0.08312919 0.03845562 -0.9393728 0.3407344 -0.04090537 -0.975651 0.2154805 -0.05678264 -0.8695277 0.4906092 0.0446269 -0.7897104 0.6118545 -0.05689584 -0.7834031 0.6189043 -0.1979859 -0.9234943 0.3285724 -0.2953837 -0.8783092 0.3759275 -0.5104811 -0.855463 0.08713285 -0.121255 -0.8349212 0.5368461 -0.01807238 -0.7967798 0.6039994 -0.3259518 -0.88823 0.3237327 0.1529094 -0.9258781 0.3454973 0.2644566 -0.8882021 0.3757124 0.02207147 -0.7716835 0.6356237 -0.3207332 -0.9471694 -0.0006273499 -0.3488299 -0.9201995 0.177625 -0.05768936 -0.984963 0.162849 -0.1786201 -0.9299915 0.3212641 -0.004823665 -0.9576685 0.287833 -0.3338758 -0.88557 -0.3229439 -0.3461345 -0.9230929 -0.1676021 -0.1876788 -0.9288254 -0.3194684 -0.5125786 -0.8585552 0.01208741 -0.5157888 -0.855512 0.04539946 -0.5120062 -0.8538357 -0.09388427 -0.510663 -0.8581851 -0.05236107 -0.5127961 -0.8583459 -0.0168045 -0.04407533 -0.8902768 0.453282 -0.05582652 -0.9856522 -0.1592893 -0.03747678 -0.9395909 -0.3402418 -0.08712097 -0.996197 0.001241263 -0.1201751 -0.8372965 -0.5333784 -0.01579797 -0.8043217 -0.5939841 -0.4875251 -0.8692409 -0.08209512 -0.1604221 -0.705166 0.690656 -0.0425593 -0.4012556 0.9149769 -0.2496534 -0.8971321 0.3644547 -0.2973433 -0.9504898 0.09031135 0.4632438 -0.8810989 0.09523609 0.2993025 -0.8977758 0.3231356 0.1093376 -0.8290138 0.5484354 0.002374728 -0.8271801 0.5619319 -0.01835852 -0.980341 0.1964549 0.02599145 -0.9908787 0.1322264 0.001653622 -0.9432415 0.3321035 3.515467e-05 -0.9059281 0.4234315 0.03226845 -0.9833914 -0.1786061 0.05171364 -0.930468 -0.3627052 1.999947e-05 -0.9995294 -0.03067401 0.01283094 -0.8040579 -0.5944125 -0.2953836 -0.8783091 -0.3759277 -0.05689566 -0.7834026 -0.6189048 -0.3033005 -0.949203 -0.08379993 -0.07227349 -0.9946812 -0.07338879 0.4622035 -0.8847979 0.05916559 0.3229862 -0.9335293 0.1555728 0.4606813 -0.886715 0.03884806 0.464045 -0.885728 0.01216918 0.3134982 -0.9495756 0.005006119 0.3145302 -0.9331049 -0.1743159 0.4642759 -0.8855875 -0.01351504 0.4667377 -0.8832514 -0.04497729 0.4607785 -0.8832106 -0.08730503 0.290698 -0.9000935 -0.3245401 0.2060304 -0.8986532 0.3872646 0.1045102 -0.8375624 -0.5362525 0.1985058 -0.9266513 -0.319238 0.4397081 -0.8942854 -0.08312919 0.3024498 -0.6966438 0.6505471 0.2677307 -0.5437568 0.7953922 0.3013777 -0.8940691 0.3313787 0.2619525 -0.9615055 0.08299411 0.06511793 -0.9948429 -0.0777639 0.04462703 -0.7897102 -0.6118548 -0.1979859 -0.9234943 -0.3285726 -0.05678278 -0.8695272 -0.4906099 -0.04090539 -0.9756511 -0.2154802 0.2644575 -0.8882018 -0.3757124 0.0384556 -0.9393727 -0.3407347 0.2718806 -0.9584737 -0.08607665 0.1529102 -0.9258777 -0.3454981 0.3503508 0.6569992 0.6675376 -3.413168e-07 0.6569991 0.7538913 0.6204399 0.6569994 0.4282594 0.7475789 0.6577983 0.09179966 0.7043137 0.6584508 -0.2653013 -0.7483946 0.6569993 0.0908707 -0.705302 0.6576802 -0.264586 -0.6204405 0.6569988 0.4282594 -0.3503502 0.6569995 0.6675376 -0.6183798 0.5711422 -0.5398176 -0.5568998 0.1555354 -0.8158868 -0.1748688 0.6098819 -0.7729585 0.1748684 0.6098733 -0.7729655 0.6183798 0.5711422 -0.5398176 0.5569048 0.1554991 -0.8158904 9.210625e-06 0.9924487 -0.1226603 0.3161388 0.5903363 0.7426704 0.1575928 0.6366044 0.7549168 -0.02433218 0.6866779 0.7265545 -0.2001435 0.751175 0.62903 -0.3714466 0.7949816 0.4796162 -0.4981728 0.7950604 0.3459808 -0.5931555 0.7850677 0.1784246 -0.6346996 0.7717643 -0.0391948 -0.6155686 0.7862134 0.05425673 -0.4440941 0.7966598 -0.4100166 -0.2318857 0.7617534 -0.6049469 -0.5951563 0.7797154 -0.1945068 -0.03843373 0.6913891 -0.7214596 0.1374912 0.6411757 -0.7549768 0.3069713 0.5969362 -0.7412393 0.4548353 0.5556272 -0.6959909 0.5945588 0.5245308 -0.6093991 0.6826115 0.5166067 -0.5168743 0.7605688 0.5203287 -0.3883209 0.8170758 0.5179862 -0.2531351 0.8502231 0.5193958 -0.08572401 0.8520698 0.5155559 0.09043902 0.8196016 0.517853 0.2451152 0.7566543 0.5203106 0.395918 0.6880653 0.5173379 0.5088493 0.6244906 0.524574 0.5786481 0.58412 0.5326887 0.6124105 0.4806099 0.5527226 0.6808171 0.4311063 0.9022972 -0.002648177 0.4655605 0.885016 -1.597135e-05 -0.5701071 -0.2992154 -0.7651458 -0.6438571 1.468745e-14 -0.7651458 -0.6438571 1.171728e-17 0.7651458 -0.3657528 -0.529884 -0.7651456 -0.5701071 -0.2992154 0.7651458 -0.1405661 -0.6548243 -0.7425943 -0.3657528 -0.529884 0.7651456 0.2498122 -0.6030997 -0.7575385 0.04092345 -0.6765369 -0.7352708 0.04092345 -0.6765369 0.7352708 -0.1405661 -0.6548243 0.7425943 0.4819338 -0.4269562 -0.7651458 0.2498122 -0.6030997 0.7575385 0.6251478 -0.1540851 -0.7651458 0.4819338 -0.4269562 0.7651458 0.6251478 0.1540851 -0.7651458 0.6251478 -0.1540851 0.7651458 0.4819338 0.4269562 -0.7651458 0.6251478 0.1540851 0.7651458 0.228315 0.6020169 -0.7651456 0.4819338 0.4269562 0.7651458 -0.07760844 0.6391624 -0.765146 0.228315 0.6020169 0.7651456 -0.3657528 0.529884 -0.7651456 -0.07760844 0.6391624 0.765146 -0.5701071 0.2992154 -0.7651458 -0.3657528 0.529884 0.7651456 -0.5701071 0.2992154 0.7651458 -0.1311743 0.4037126 0.9054333 0.1629627 0.3712917 0.9141037 0.04437128 0.4221639 0.9054329 -0.2840388 0.3154571 0.9054329 0.6859428 0.1746213 0.7063922 -0.4030299 0.04451605 0.9141035 -0.625609 0.6305858 0.45932 -0.3877902 0.1726553 0.905433 0.6205364 0.7719579 0.137897 -0.922987 0.09527404 0.372851 -0.9829422 0.1220537 0.1375771 -0.8502128 0.378539 0.3658502 -0.6227423 0.6916254 0.3658501 -0.2875938 0.8851232 0.3658506 0.09728197 0.9255755 0.36585 0.3789834 0.8469672 0.3728514 0.7909839 0.5381299 0.2911369 0.3789835 0.8469672 -0.3728514 0.09728185 0.9255755 -0.36585 -0.2875937 0.8851233 -0.3658506 -0.6227424 0.6916254 -0.36585 -0.8502128 0.3785391 -0.3658501 -0.922987 0.09527401 -0.3728509 0.7909839 0.5381299 -0.2911369 0.1629627 0.3712917 -0.9141037 0.6859428 0.1746214 -0.7063922 0.04437112 0.422164 -0.9054329 -0.1311741 0.4037127 -0.9054333 -0.2840389 0.315457 -0.9054329 -0.3877902 0.1726554 -0.905433 -0.4030299 0.04451601 -0.9141035 -0.401853 -0.04145763 -0.9147652 -0.9233096 -0.08940507 -0.3735052 -0.1405663 -0.6548246 -0.742594 0.04092278 -0.6765368 -0.7352709 -0.3657525 -0.529884 -0.7651458 0.6302625 -0.2971086 -0.7172836 -0.6438571 1.323832e-14 -0.7651458 -0.5701072 -0.2992153 -0.7651457 -0.5701072 0.2992153 -0.7651457 -0.04145762 -0.401853 -0.9147652 -0.0776084 0.6391627 -0.7651457 -0.3657525 0.529884 -0.7651458 -0.1614859 -0.3898614 -0.9066038 0.2283148 0.6020168 -0.7651458 -0.298387 -0.298387 -0.9066037 0.481934 0.4269562 -0.7651458 0.249812 -0.6030996 -0.7575387 -0.3898614 -0.1614859 -0.9066038 0.6251478 0.1540851 -0.7651458 0.6251478 -0.1540851 -0.7651458 0.481934 -0.4269562 -0.7651458 -0.859474 -0.3560058 -0.36683 -0.657813 -0.657813 -0.3668299 -0.3560058 -0.859474 -0.36683 -0.08940507 -0.9233096 -0.3735052 0.6302625 -0.7172836 -0.2971085 -0.92331 -0.08940511 0.3735042 -0.8594744 -0.356006 0.366829 -0.6578132 -0.6578132 0.366829 -0.3560059 -0.8594744 0.366829 -0.08940511 -0.92331 0.3735042 0.6302627 -0.7172838 0.2971077 0.6302623 -0.2971095 0.7172834 -0.04145774 -0.4018541 0.9147648 -0.6438571 1.722439e-15 0.7651458 -0.5701072 -0.2992153 0.7651457 -0.3657525 -0.529884 0.7651458 0.04092278 -0.6765368 0.7352709 -0.1405663 -0.6548246 0.742594 0.249812 -0.6030996 0.7575387 0.481934 -0.4269562 0.7651458 0.6251478 -0.1540851 0.7651458 0.6251478 0.1540851 0.7651458 0.481934 0.4269562 0.7651458 0.2283148 0.6020168 0.7651458 -0.0776084 0.6391627 0.7651457 -0.3657525 0.529884 0.7651458 -0.5701072 0.2992153 0.7651457 -0.1614863 -0.3898624 0.9066033 -0.2983878 -0.2983878 0.9066032 -0.3898624 -0.1614863 0.9066033 -0.401854 -0.04145772 0.9147648 -0.9229874 0.09527408 0.37285 -0.403031 0.04451616 0.914103 -0.9829423 0.1220536 -0.137577 -0.9229871 0.09527402 -0.3728506 -0.3877913 0.1726558 0.9054325 -0.8502132 0.3785392 0.3658492 -0.2840396 0.3154579 0.9054324 -0.6227426 0.6916257 0.3658491 -0.1311746 0.4037137 0.9054327 -0.2875939 0.8851236 0.3658497 0.0443714 0.4221651 0.9054324 0.097282 0.9255759 0.3658491 0.1629631 0.3712928 0.9141032 0.3789836 0.8469675 0.3728504 -0.07760844 0.6391624 0.765146 0.228315 0.6020169 0.7651456 0.2498122 -0.6030997 0.7575385 0.04092345 -0.6765369 0.7352708 0.4819338 0.4269562 0.7651458 -0.3657528 -0.529884 0.7651456 -0.5701071 -0.2992154 0.7651458 -0.1405661 -0.6548243 0.7425943 0.6859427 0.1746219 0.7063921 -0.6438571 1.171728e-17 0.7651458 -0.5701071 0.2992154 0.7651458 0.4819338 -0.4269562 0.7651458 0.6251478 -0.1540851 0.7651458 0.6251478 0.1540851 0.7651458 -0.3657528 0.529884 0.7651456 0.7909841 0.5381301 0.291136 0.7909839 0.53813 -0.2911366 0.3789835 0.8469673 -0.372851 0.09728186 0.9255756 -0.3658497 -0.2875937 0.8851234 -0.3658503 -0.6227425 0.6916255 -0.3658497 -0.8502129 0.3785391 -0.3658498 -0.4030302 0.04451604 -0.9141034 -0.6256092 0.6305859 -0.4593197 0.1629628 0.371292 -0.9141036 0.6859427 0.1746215 -0.7063921 -0.5701071 -0.2992154 -0.7651458 0.6205364 0.7719579 -0.137897 -0.07760844 0.6391624 -0.765146 0.6251478 0.1540851 -0.7651458 0.4819338 0.4269562 -0.7651458 -0.3877905 0.1726555 -0.9054328 0.6251478 -0.1540851 -0.7651458 -0.2840391 0.3154573 -0.9054328 -0.1311742 0.4037131 -0.9054331 0.2498122 -0.6030997 -0.7575385 0.04437116 0.4221644 -0.9054327 0.04092345 -0.6765369 -0.7352708 -0.6438571 -7.323297e-18 -0.7651458 -0.5701071 0.2992154 -0.7651458 0.228315 0.6020169 -0.7651456 0.4819338 -0.4269562 -0.7651458 -0.3657528 0.529884 -0.7651456 -0.3657528 -0.529884 -0.7651456 -0.1405661 -0.6548243 -0.7425943 0.904534 -0.3015113 -0.3015113 0.904534 -0.3015113 0.3015113 0.07134521 -0.6856965 0.7243826 -0.481934 0.426956 0.7651458 -0.249812 0.6030996 0.7575387 0.07134521 0.6856965 0.7243826 -0.6251479 -0.1540849 0.7651457 -0.6251479 0.1540849 0.7651457 -0.481934 -0.426956 0.7651459 0.0776085 -0.6391625 0.7651458 -0.04092293 0.6765369 0.7352708 -0.2283149 -0.6020169 0.7651457 0.643857 5.434744e-08 0.7651458 0.1405662 0.6548245 0.7425941 0.5701069 -0.2992155 0.7651459 0.3657526 -0.5298842 0.7651456 0.570107 0.2992155 0.7651458 0.3657525 0.5298841 0.7651457 0.643857 5.434744e-08 -0.7651458 0.5701069 -0.2992155 -0.7651459 0.3657526 -0.5298842 -0.7651456 0.0776085 -0.6391625 -0.7651458 -0.2283149 -0.6020169 -0.7651457 -0.481934 -0.426956 -0.7651459 -0.6251479 -0.1540849 -0.7651457 -0.6251479 0.1540849 -0.7651457 -0.481934 0.426956 -0.7651458 -0.04092293 0.6765369 -0.7352708 0.1405662 0.6548245 -0.7425941 -0.249812 0.6030996 -0.7575387 0.3657525 0.5298841 -0.7651457 0.570107 0.2992155 -0.7651458 0.0713455 -0.6856964 -0.7243826 0.0713455 0.6856964 -0.7243826 0.285559 0.6657189 0.6894015 0.5276447 0.6657189 0.5276452 0.2855592 0.665719 -0.6894013 0.7243826 0.6856965 -0.07134515 0.6894015 0.6657188 -0.2855591 0.6894015 0.6657188 0.2855592 0.5276449 0.6657188 -0.5276451 0.7243826 0.6856966 0.0713451 0.7243826 -0.6856965 -0.07134515 0.2855592 -0.665719 -0.6894013 0.7243826 -0.6856966 0.0713451 0.5276447 -0.6657189 0.5276452 0.285559 -0.6657189 0.6894015 0.5276449 -0.6657188 -0.5276451 0.6894015 -0.6657188 0.2855592 0.6894015 -0.6657188 -0.2855591 -0.4787122 -0.8779718 -0.000268806 -0.7225009 -0.4963902 -0.4812371 -0.5010428 -0.5373935 -0.6783542 -0.8240967 -0.4818 -0.2978817 -0.8636751 -0.4756685 -0.1667478 0.5157184 -0.8259319 -0.2277523 0.546176 -0.8376704 0.0002165515 -0.1804478 -0.6166396 -0.766286 0.1683388 -0.7082972 -0.6855487 0.4165314 -0.7849441 -0.458655 0.5154007 -0.8260317 0.228109 0.4161031 -0.7851664 0.4586633 0.1682518 -0.7085623 0.6852961 -0.1803889 -0.6167051 0.7662471 -0.8240389 -0.4820375 0.2976572 -0.8711987 -0.4671506 0.1509407 -0.8812751 -0.4721978 -0.01957987 -0.5011552 -0.5374162 0.6782531 -0.7224486 -0.4967051 0.4809907 -0.4820639 -0.7649726 0.4271198 -0.6264563 -0.7635627 0.1566029 -0.2283148 -0.7651458 0.6020168 0.07760837 -0.7651457 0.6391627 0.3657525 -0.7651458 0.529884 0.5701072 -0.7651458 0.2992152 0.6440737 -0.7649634 2.493158e-08 0.5701072 -0.7651458 -0.2992151 0.3657526 -0.7651458 -0.5298839 0.07760835 -0.7651459 -0.6391626 -0.2283149 -0.7651457 -0.6020169 -0.4820617 -0.76495 -0.4271628 -0.6265432 -0.763493 -0.1565954 0.2576153 -0.66271 0.7031713 -0.08766585 -0.6587057 0.747276 -0.429737 -0.6595434 0.6167079 -0.6675375 -0.6569992 0.3503508 -0.753381 -0.6575842 -5.321242e-08 0.5657249 -0.6628953 0.4904337 -0.429737 -0.6595434 -0.6167079 -0.08766586 -0.6587058 -0.747276 -0.6675375 -0.6569992 -0.3503508 0.2576153 -0.6627099 -0.7031713 0.565725 -0.6628953 -0.4904335 0.7280374 -0.6603158 -0.1842405 0.7280387 -0.6603143 0.1842406 0.3047727 -0.8490164 -0.4316072 0.3974523 -0.8825347 -0.2513249 0.1491724 -0.7891273 -0.5958403 0.4459745 -0.8950456 -0.0002151915 0.397465 -0.8825939 0.2510969 0.3048248 -0.8490399 0.4315241 0.601296 -0.04590444 0.7977067 0.1491847 -0.7891448 0.5958141 0.1343117 -0.7497014 0.6480033 0.1898745 -0.7469414 0.6372018 -0.07003347 -0.7619948 0.6437851 -0.689335 -0.5963596 0.4113058 -0.5258467 -0.06321035 0.8482274 -0.7593418 -0.5997957 0.2522801 -0.7924663 -0.5952933 0.132752 -0.792467 -0.5952935 -0.1327468 -0.7593419 -0.5997964 -0.2522777 -0.8022375 -0.597005 2.964511e-06 -0.689335 -0.5963597 -0.4113057 -0.5258465 -0.06321029 -0.8482275 -0.6592267 -0.5577174 -0.5043525 -0.07003348 -0.7619947 -0.6437852 0.1898744 -0.7469415 -0.6372018 0.601296 -0.04590434 -0.7977067 0.1343114 -0.7497014 -0.6480033 -0.6592268 -0.5577173 0.5043525 0.5178253 -0.7471014 0.4167692 0.6269149 -0.7471011 0.2209473 0.3110471 -0.7713051 0.555282 0.684538 -0.726656 0.05812678 0.4766342 -0.8232139 0.3084456 0.5142108 -0.8538202 0.0811069 0.5095304 -0.8584656 -0.05844321 0.673595 -0.7346789 -0.080726 0.4980625 -0.8361611 -0.2297137 0.4050931 -0.7894329 -0.461189 0.5726607 -0.764396 -0.2962407 0.1575783 -0.7085402 -0.6878517 0.3725205 -0.7643961 -0.5262386 -0.1859638 -0.6129528 -0.7679234 0.08907975 -0.7643963 -0.6385633 -0.4863981 -0.5481461 -0.6804063 -0.3361643 -0.03163355 -0.9412719 0.684538 -0.726656 -0.05812678 0.5142108 -0.8538202 -0.0811069 0.4766342 -0.8232139 -0.3084456 0.6269149 -0.7471011 -0.2209473 0.311047 -0.771305 -0.5552822 0.5178251 -0.7471015 -0.4167693 0.6735949 -0.7346789 0.08072604 0.5095164 -0.858479 0.05836848 0.08907977 -0.764396 0.6385637 -0.3361641 -0.03163377 0.941272 -0.4863973 -0.5481449 0.6804079 0.3725202 -0.7643963 0.5262386 -0.1859641 -0.6129528 0.7679233 0.5726608 -0.7643959 0.2962407 0.1575784 -0.7085395 0.6878524 0.4051468 -0.7894394 0.4611306 0.4981011 -0.8361803 0.2295601 -0.6760785 -0.5026984 0.5387134 -0.5037245 -0.8636833 -0.01768629 -0.8711906 -0.4014295 0.282633 -0.8711906 -0.4014295 -0.282633 -0.6760783 -0.5026986 -0.5387135 -0.5037237 -0.8636837 0.01768942 -0.554612 -0.8015853 -0.2233082 -0.554612 -0.8015853 0.2233082 -0.392146 -0.7474042 -0.5362915 -0.2201955 -0.7301275 -0.64686 -0.1931367 -0.7003299 -0.6871945 -0.392146 -0.7474042 0.5362915 -0.2198502 -0.7301945 0.6469018 -0.1931367 -0.7003299 0.6871945 -0.626915 -0.7471006 0.2209486 -0.6845374 -0.7266565 0.05812792 -0.8568858 -0.5129934 0.05083867 -0.5178253 -0.7471014 0.4167692 -0.8407924 -0.4962778 0.2162786 -0.7493236 -0.5168772 0.413947 -0.5840109 -0.7623791 -0.278764 -0.6774672 -0.7319218 -0.07299725 -0.3981109 -0.7625822 -0.5098785 -0.2482174 -0.01698568 -0.9685554 -0.8339882 -0.4630525 -0.3000768 -0.826892 -0.5374376 -0.1655609 -0.8348975 -0.5491972 -0.03645021 -0.2871822 -0.05029534 -0.9565546 -0.4834352 -0.1419743 -0.8637903 -0.6129036 -0.2281637 -0.7564988 -0.7252156 -0.2909248 -0.6240393 -0.7900624 -0.3491623 -0.5038721 -0.8312265 -0.4003168 -0.3857576 -0.03548278 -0.7353863 -0.6767186 -0.08695799 -0.05474484 -0.9947066 0.550372 -0.7085138 -0.4416999 0.2547001 -0.4925819 -0.8321604 0.2653582 -0.3392495 -0.9024936 0.413962 -0.7558308 -0.507302 0.1320528 -0.2453086 -0.9604092 0.05638267 -0.1376954 -0.9888685 0.1783689 -0.7557826 -0.6300612 -0.7493234 -0.5168772 -0.4139473 -0.5178251 -0.7471015 -0.4167693 -0.8407924 -0.4962778 -0.2162786 -0.626915 -0.7471006 -0.2209486 -0.8568859 -0.5129933 -0.05083826 -0.6845374 -0.7266565 -0.0581279 -0.6773277 -0.7320555 0.0729514 -0.5839139 -0.7624278 0.278834 -0.3984187 -0.7622739 0.5100991 -0.2471497 -0.01636776 0.9688391 -0.8335649 -0.5508058 0.04222068 -0.8345971 -0.5316931 0.1440489 -0.8372349 -0.4926124 0.2374252 -0.8280728 -0.4285605 0.3614295 -0.766026 -0.3285386 0.5525093 -0.6505582 -0.2521621 0.7163716 -0.5207931 -0.169377 0.8367114 -0.3486246 -0.08209484 0.9336602 -0.2440269 -0.02034953 0.9695549 -0.08235912 -0.05231469 0.9952287 -0.03285805 -0.735804 0.6763969 0.06553314 -0.6873664 -0.7233484 -0.1996583 -0.6669403 -0.717863 -0.08416454 -0.608783 -0.7888597 0.26284 -0.6689317 -0.6953025 0.09088546 -0.5734099 -0.8142118 0.4908956 -0.669239 -0.5577999 -0.3767471 -0.9250608 -0.04820865 -0.3718385 -0.6300897 -0.681706 -0.4077423 -0.8393052 -0.3596011 -0.2808105 -0.3221424 -0.904085 -0.3544218 -0.9310021 -0.08729392 -0.2450507 -0.5941317 -0.7661317 0.182916 -0.7562931 0.6281421 0.4191654 -0.7563128 0.502286 0.04197915 -0.1264021 0.9910904 0.1185019 -0.2296908 0.9660225 0.5560347 -0.708407 0.4347239 0.2709226 -0.3403727 0.9004151 0.2670121 -0.4971764 0.8255423 0.4966582 -0.6687089 0.5533164 0.2665288 -0.6684233 0.6943866 0.09936892 -0.580083 0.8084736 0.0664162 -0.6871296 0.7234928 -0.08316234 -0.6205018 0.779783 -0.1996874 -0.6700028 0.7149973 -0.3531562 -0.9314538 0.08760446 -0.2597576 -0.5793625 0.7725705 -0.3769305 -0.9249677 0.04856032 -0.4082383 -0.8387322 0.3603743 -0.3695819 -0.6300685 0.6829516 -0.2748961 -0.3199302 0.9066845 -0.8456663 0.5304277 -0.05911855 -0.6616685 0.7468687 -0.06619563 -0.7276102 0.6812808 -0.08024849 -0.8595882 0.4639544 0.2141364 -0.8676542 0.1408689 0.4767936 -0.962863 0.2695761 -0.01495155 -0.9962859 -0.08233393 0.02520807 -0.9027282 -0.4264531 0.05674057 -0.7944843 -0.08657013 0.6010826 -0.5831973 -0.2516023 0.7723841 -0.4106777 -0.44525 0.7956735 -0.7436798 -0.6607547 0.1017034 -0.5184459 -0.847874 0.1110119 -0.4954785 0.8628534 -0.09992543 0 0 0 -0.39051 0.9173871 -0.07682962 -0.3647032 0.8948961 -0.2572015 -0.6615969 0.7445546 -0.08903948 -0.4822505 0.876028 0.003076298 -0.8103998 0.5858155 0.008505533 -0.995511 -0.09464596 0 -0.966844 0.2553489 0.003104007 -0.9015642 -0.4326143 0.005178797 -0.6861378 -0.7273607 0.01270112 -0.4200212 -0.9075115 0.00225285 -0.4200213 -0.9075115 -0.002252811 -0.4822505 0.876028 -0.003076261 -0.8103997 0.5858156 -0.008505517 -0.9015642 -0.4326143 -0.005178777 -0.995511 -0.09464596 0 -0.966844 0.2553488 -0.003104016 -0.6861378 -0.7273607 -0.01270107 -0.6609515 0.7474884 0.06636462 -0.96313 0.2687125 0.01320062 -0.9960974 -0.08585382 -0.02047155 -0.7435236 -0.6619768 -0.09465398 -0.903481 -0.4257312 -0.04974963 -0.5199753 -0.8475044 -0.1065931 -0.8452568 0.5312625 0.05745615 -0.3905082 0.9173879 0.07682943 -0.3569213 -0.5049449 -0.7858994 -0.5111018 -0.3627727 -0.7792117 -0.6183614 -0.1737637 -0.7664433 -0.6612102 0.03964118 -0.7491526 -0.6286075 0.2645873 -0.7313318 -0.7413123 0.6680104 -0.06494699 -0.4016851 0.8798508 0.2539914 0.2637252 0.9587188 0.1063357 0.2637252 0.9587188 -0.1063357 0.01419007 0.9982128 -0.05804986 -0.2155149 0.9754032 -0.04627991 -0.2155149 0.9754032 0.04627993 0.01419008 0.9982128 0.05804988 -0.5109054 0.7619124 -0.3980769 -0.1283316 0.9696369 -0.2081713 -0.03657222 0.9358398 -0.350523 -0.3572339 0.7173534 -0.5981538 0.1215449 0.8904193 -0.4386118 -0.7932049 0.4265427 -0.4346118 -0.5870697 0.3910399 -0.7088279 -0.0997394 0.6307264 -0.7695689 -0.6543929 0.5233157 0.5458119 -0.5960512 0.5929379 0.5414311 -0.7394058 0.3446709 0.5783434 -0.4616312 0.6482529 0.6055285 -0.4353408 0.7300264 0.5268205 0.3032132 0.8512273 -0.4283384 0.2206194 0.7019791 -0.677165 0.1848795 0.5369292 -0.82312 0.1027665 0.3624025 -0.9263387 -0.2473412 0.2916598 -0.9239897 0.04898902 0.1680845 -0.9845546 -0.008885593 0.04666935 -0.9988709 -0.4672191 0.08990591 -0.8795585 -0.2664072 0.06183042 -0.9618754 -0.8095352 0.1104444 -0.5765889 -0.666686 0.09059167 -0.7398128 -0.9187733 0.079783 -0.3866397 -0.819844 0.185247 0.5417927 -0.8065062 0.02949077 0.5904896 0.1405661 0.6548245 0.7425941 -0.7652278 -0.3594602 0.534055 -0.662695 -0.5175448 0.5412788 0.3657525 0.5298841 0.7651457 -0.8493404 -0.07455209 0.5225541 -0.2498121 0.6030996 0.7575387 -0.04092292 0.6765369 0.7352708 0.0776084 -0.6391627 0.7651458 -0.479179 -0.6603981 0.5781538 -0.8231409 -0.2248054 0.5214419 -0.481934 0.4269562 0.7651457 -0.2283112 -0.6020153 0.7651481 0.5701071 0.2992154 0.7651458 0.6438571 9.881352e-09 0.7651458 -0.3176124 -0.7192712 0.6178764 -0.1798876 -0.7428846 0.6447968 -0.6251478 0.1540851 0.7651458 -0.6251428 -0.1540822 0.7651504 0.5701071 -0.2992153 0.7651458 -0.0564649 -0.7315089 0.6794898 -0.4819296 -0.4269532 0.7651502 0.3657524 -0.5298841 0.7651458 -0.729412 -0.3719914 -0.574091 -0.7838453 -0.09982784 -0.6128792 -0.4095924 -0.09871626 -0.9069119 -0.3828837 -0.3725673 -0.8453365 -0.03488689 -0.1003272 -0.9943427 -0.5658172 -0.6928211 -0.4470457 -0.2976435 -0.6925126 -0.6571413 -0.03332151 -0.375163 -0.9263598 -0.3193028 -0.9133251 -0.2527508 -0.1681806 -0.9131499 -0.3713119 -0.02715754 -0.6966624 -0.7168849 -0.08796365 -0.9936615 -0.0699947 -0.04656872 -0.9936098 -0.1028152 -0.01661044 -0.9167133 -0.3992002 -0.005049433 -0.994188 -0.1075398 0.6438571 9.881352e-09 -0.7651458 0.5701071 -0.2992153 -0.7651458 0.3657524 -0.5298841 -0.7651458 0.0776084 -0.6391627 -0.7651457 -0.2283149 -0.6020167 -0.7651458 -0.4819341 -0.4269562 -0.7651457 -0.6251478 -0.1540851 -0.7651458 -0.6251478 0.1540851 -0.7651458 -0.481934 0.4269562 -0.7651457 0.1405661 0.6548245 -0.7425941 -0.2498121 0.6030996 -0.7575387 -0.04092292 0.6765369 -0.7352708 0.3657525 0.5298841 -0.7651457 0.5701071 0.2992154 -0.7651458 -0.5703809 -0.4855927 -0.6624692 -0.7308867 -0.1700281 -0.6609804 -0.7308867 0.1700281 -0.6609804 -0.2952135 0.6917969 -0.6589887 0.04817389 0.7510054 -0.6585364 -0.5703808 0.4855927 -0.6624692 0.374641 0.6475073 -0.6636102 -0.6168756 0.03811232 -0.7861374 -0.2952135 -0.6917969 -0.6589886 0.6051713 0.4279257 -0.6713026 0.04817389 -0.7510054 -0.6585364 -0.6168704 -0.03802023 -0.7861459 0.6050749 -0.428388 -0.6710946 0.3747543 -0.6474958 -0.6635574 -0.3745619 -0.5644057 -0.7356287 -0.3214495 -0.6404883 -0.6974561 -0.5382524 -0.3527975 -0.7653876 -0.4950903 -0.4590453 -0.737674 -0.4254237 -0.5200615 -0.7406421 -0.3265338 -0.6604391 -0.6761626 -0.2841846 -0.7082286 -0.6462595 -0.1829069 0.7389855 -0.6484176 -0.2167869 0.7355112 -0.6418931 -0.06013931 0.6110982 -0.7892669 -0.1944762 -0.7342715 -0.6504032 -0.1829393 -0.7504009 -0.6351627 -0.06036334 -0.6104954 -0.7897162 -0.2812689 0.7010066 -0.6553454 -0.3376341 0.6557161 -0.6753071 -0.4253434 0.5203646 -0.7404753 -0.4950807 0.4590746 -0.7376623 -0.3910096 0.5470793 -0.7401457 -0.3063191 0.6293357 -0.7142164 -0.5406616 0.3515677 -0.7642547 -0.5929559 -0.134634 -0.7938999 -0.5885604 0.1367521 -0.7968033 0.1893372 0.05581266 -0.9803246 0.3225555 -0.102281 -0.9410083 0.1795008 -0.02935507 -0.9833198 0.3016523 0.07200271 -0.9506953 0.3014384 0.330679 -0.8943077 0.4139149 0.2999442 -0.8594812 0.3996167 0.6216947 -0.6736484 0.5221689 0.5690643 -0.6352208 0.4363092 0.8261242 -0.3565854 0.5444446 0.7645271 -0.3450774 0.4231082 0.9012591 -0.09333578 0.5031747 0.8596314 -0.08859492 0.1505056 -0.3803659 -0.9125075 0.1156058 -0.7038155 -0.700913 0.3090522 -0.3766464 -0.8732836 0.06319091 -0.9215332 -0.3831233 0.2394663 -0.6986764 -0.6741714 0.01648614 -0.9948554 -0.09995456 0.1335775 -0.9180318 -0.3733292 0.03604087 -0.9943684 -0.09966196 0.6006136 -0.09851883 -0.7934465 0.6086921 0.04462043 -0.7921508 0.8198077 0.02347004 -0.5721578 0.449651 0.0474749 -0.8919417 0.7690963 -0.1333822 -0.62506 0.5590616 -0.3777268 -0.7380871 0.4376421 -0.6961146 -0.5691168 0.246357 -0.915218 -0.3188798 0.7942437 -0.231336 -0.5618369 0.8183572 -0.3244186 -0.4743882 0.6878516 -0.686762 -0.2349855 0.4059516 -0.8995585 -0.1612385 0.2596379 -0.9597683 -0.1069253 0.551891 -0.8060273 -0.2138604 0.09641171 -0.9944555 -0.04198901 0.003624169 -0.9999762 -0.005871591 0.0668879 -0.9939557 -0.08705172 0.8809858 -0.407246 -0.2408624 -0.0997395 0.6307263 0.769569 0.1215452 0.8904193 0.4386118 -0.03657244 0.9358398 0.3505229 -0.3572342 0.7173534 0.5981537 -0.1283317 0.9696369 0.2081714 -0.2473412 0.2916597 0.9239897 -0.5870697 0.3910401 0.7088278 -0.5139105 0.7614208 0.3951383 -0.8041223 0.4298682 0.4106102 -0.5897436 0.5891033 -0.5524127 -0.4537579 0.6565748 -0.6025058 -0.7488079 0.3624488 -0.5549033 -0.8133863 0.08415446 -0.5756046 -0.9237867 0.09975081 0.3696864 -0.8096537 0.1102061 0.5764681 -0.6666863 0.09059192 0.7398125 -0.4672184 0.08990581 0.8795589 -0.2664065 0.06182993 0.9618756 -0.008885883 0.04666898 0.9988709 0.1027665 0.3624026 0.9263387 0.04898898 0.1680847 0.9845545 0.2206195 0.7019793 0.6771648 0.1848794 0.5369291 0.8231202 0.3032133 0.8512273 0.4283384 0.04092271 -0.6765368 -0.7352709 0.249812 -0.6030996 -0.7575386 -0.6438521 3.397887e-06 -0.76515 -0.07962 -0.7380795 -0.6699995 -0.07760836 0.6391626 -0.7651458 0.2283149 0.6020169 -0.7651458 -0.8370788 -0.1699232 -0.5200242 -0.8467367 -0.04732028 -0.5299035 -0.6100958 -0.5585711 -0.5619443 -0.7116026 -0.447353 -0.5417537 -0.2951331 -0.7390285 -0.6055851 -0.48544 -0.6536682 -0.5805738 -0.365748 -0.5298826 -0.7651489 -0.1405663 -0.6548246 -0.742594 -0.5701006 -0.2992136 -0.7651513 -0.7877368 -0.3124868 -0.5308697 -0.5701072 0.2992155 -0.7651457 -0.3657525 0.5298839 -0.7651458 0.6251478 -0.1540851 -0.7651458 0.6251478 0.1540851 -0.7651458 0.4819339 0.4269562 -0.7651458 0.481934 -0.4269562 -0.7651458 -0.03332168 -0.3751645 0.9263591 -0.03488697 -0.1003261 0.9943428 -0.4095926 -0.09871533 0.9069119 -0.3828835 -0.3725671 0.8453366 -0.7836563 -0.1001836 0.6130629 -0.02715767 -0.6966637 0.7168836 -0.297643 -0.6925135 0.6571406 -0.729632 -0.3723994 0.5735467 -0.01661051 -0.9167127 0.3992015 -0.1681807 -0.9131499 0.3713119 -0.566646 -0.6927497 0.4461056 -0.005049445 -0.994188 0.1075398 -0.04656895 -0.9936097 0.1028159 -0.3200164 -0.9131907 0.2523336 -0.08796375 -0.9936615 0.06999483 0.03604086 -0.9943684 0.09966199 0.01648606 -0.9948555 0.09995409 0.06688802 -0.9939557 0.08705189 0.003624549 -0.9999762 0.005872211 0.3090524 -0.3766463 0.8732836 0.3225553 -0.1022837 0.941008 0.1795008 -0.02935473 0.9833198 0.1505059 -0.3803626 0.9125088 0.2394667 -0.6986751 0.6741726 0.1156061 -0.7038138 0.7009146 0.133577 -0.9180324 0.3733279 0.06319074 -0.9215336 0.3831223 0.1893372 0.05581272 0.9803246 0.3014384 0.3306789 0.8943077 0.3996167 0.6216947 0.6736484 0.4363092 0.8261242 0.3565854 0.4231082 0.9012591 0.09333577 0.3016522 0.0720028 0.9506953 0.4139148 0.2999443 0.8594812 0.5221689 0.5690644 0.6352207 0.5449021 0.7646247 0.3441377 0.5121492 0.8543319 0.08843252 0.5405177 0.8371013 -0.08427369 0.5339614 0.8440566 0.04953432 0.6379241 0.7692763 -0.03559215 0.5844404 0.8091938 -0.06029 -0.6438569 9.881351e-09 0.7651459 -0.5701072 -0.2992155 0.7651457 -0.3657525 -0.5298839 0.7651458 0.04092271 -0.6765368 0.7352709 -0.1405663 -0.6548246 0.742594 0.249812 -0.6030996 0.7575386 0.481934 -0.4269562 0.7651458 0.6251478 -0.1540851 0.7651458 0.6251478 0.1540851 0.7651458 0.4819339 0.4269562 0.7651458 0.2283149 0.6020169 0.7651458 -0.07760836 0.6391626 0.7651458 -0.3657525 0.5298839 0.7651458 -0.5701072 0.2992155 0.7651457 -0.3910084 0.5470848 0.7401423 -0.3063191 0.6293357 0.7142165 -0.5406643 0.3515654 0.7642538 -0.4950773 0.4590735 0.7376653 -0.4253346 0.5203693 0.740477 -0.337634 0.655716 0.6753072 -0.2821166 0.7007796 0.6552237 -0.1840214 -0.7502584 0.6350184 -0.1954927 -0.7348805 0.64941 -0.06057598 -0.6106163 0.7896064 -0.6168689 -0.03801743 0.7861472 -0.6168768 0.03811528 0.7861363 -0.2156789 0.7348904 0.6429764 -0.1818372 0.7392558 0.6484104 -0.05992675 0.6109752 0.7893783 -0.2833548 -0.7084486 0.6463827 -0.3265336 -0.6604391 0.6761626 -0.4254312 -0.5200568 0.7406411 -0.4950982 -0.459046 0.7376683 -0.3745636 -0.5644005 0.7356318 -0.3214493 -0.6404882 0.6974562 -0.5382503 -0.3527988 0.7653886 0.04817389 -0.7510054 0.6585364 0.374641 -0.6475073 0.6636102 -0.2952135 -0.6917969 0.6589886 0.6051714 -0.4279257 0.6713026 -0.5703808 0.4855927 0.6624692 -0.7308867 0.1700281 0.6609804 -0.7308867 -0.1700281 0.6609804 -0.5703808 -0.4855927 0.6624692 0.6050749 0.428388 0.6710947 0.3747543 0.6474958 0.6635574 0.04817389 0.7510054 0.6585364 -0.2952135 0.6917969 0.6589887 -0.5885603 0.1367519 0.7968034 -0.5929558 -0.1346338 0.7939 0.559062 -0.377726 0.7380872 0.6006135 -0.09851958 0.7934465 0.4375119 -0.6959492 0.5694191 0.2458591 -0.9153105 0.3189984 0.0965399 -0.9944495 0.04183506 0.2585878 -0.9604609 0.1031848 0.4080214 -0.8987029 0.1607846 0.5518817 -0.8060343 0.2138581 0.6878462 -0.6867682 0.2349831 0.8183573 -0.3244179 0.4743884 0.8809856 -0.4072454 0.2408641 0.7942449 -0.2313394 0.5618337 0.7690976 -0.1333961 0.6250554 0.8223465 0.02805526 0.5682949 0.6072723 0.04391712 0.7932791 0.4496512 0.04747481 0.8919417 0.9965829 -0.07545182 0.03360983 0.9965829 -0.07545182 -0.03360983 0.999921 0.007179953 -0.01031806 0.9599232 -0.2657752 -0.08894389 0.999921 0.007179954 0.01031806 0.9599231 -0.2657757 0.08894358 0.9578148 0.005033301 -0.2873421 0.997141 0.003611849 -0.07547645 0.995499 0.0665659 -0.06745965 0.9992324 0.01926599 0.03410849 0.9977138 -0.006171758 0.06729908 0.9541277 0.006531351 0.2993286 0.6820798 0.5185509 -0.5156279 0.552728 0.2974495 -0.77847 0.6858549 0.2585509 -0.6802606 0.6381048 0.7237132 -0.2627956 0.7392519 0.6373588 -0.2174405 0.8526548 0.2627732 -0.4515861 0.838072 0.1778363 -0.5157611 0.8081323 0.1044246 -0.5796703 0.823591 0.4513132 -0.3435321 0.9145473 0.09654117 -0.3927888 0.9670154 0.09657211 -0.2357011 0.8185342 0.5570534 -0.1403328 0.7960543 0.5720617 -0.197593 0.8591299 0.3439587 -0.3789304 0.9331618 0.2935231 -0.2074929 0.4595361 0.7742145 -0.4352223 0.8955476 0.440511 -0.06280619 0.6967968 0.6854481 -0.2112701 0.9680367 0.2431331 -0.06157212 0.6828127 0.5215154 0.5116527 0.5527281 0.2974495 0.7784699 0.6343051 0.7228495 0.2741272 0.683295 0.2610501 0.6818804 0.8343888 0.1102363 0.5400401 0.853629 0.2322375 0.4662438 0.8274927 0.3551548 0.4348803 0.7956549 0.5036246 0.336594 0.7627075 0.6467229 0.00516648 0.7076573 0.6604244 -0.251119 0.8129935 0.5809254 0.03958845 0.941952 0.3302147 0.06070115 0.990266 0.1219203 0.06714729 0.987268 0.05913158 0.1476664 0.9502884 0.09883782 0.2952676 0.8069552 0.5670701 0.1650903 0.8375648 0.5404852 0.07975547 0.9607048 0.2604574 0.09595979 0.9207435 0.3085274 0.238835</float_array>
          <technique_common>
            <accessor count="2142" source="#normals-array-array" stride="3">
              <param type="float" name="X"/>
              <param type="float" name="Y"/>
              <param type="float" name="Z"/>
            </accessor>
          </technique_common>
        </source>
        <vertices id="verts-array-vertices">
          <input semantic="POSITION" source="#verts-array"/>
        </vertices>
        <triangles count="4300" material="material0">
          <input offset="0" semantic="VERTEX" source="#verts-array-vertices"/>
          <input offset="1" semantic="NORMAL" source="#normals-array"/>
          <p>0 0 1 1 2 2 2 2 3 3 0 0 3 3 4 4 0 0 4 4 5 5 0 0 5 5 6 6 0 0 6 6 7 7 0 0 7 7 8 8 0 0 8 8 9 9 0 0 9 9 10 10 0 0 10 10 11 11 0 0 11 11 12 12 0 0 12 12 13 13 0 0 13 13 14 14 0 0 14 14 15 15 0 0 15 15 1 1 0 0 16 16 4 4 3 3 17 17 3 3 2 2 18 18 2 2 1 1 19 19 1 1 15 15 15 15 20 20 19 19 20 20 14 14 13 13 21 21 13 13 12 12 22 22 12 12 11 11 23 23 11 11 10 10 24 24 10 10 9 9 25 25 9 9 8 8 7 7 26 26 27 27 27 27 8 8 7 7 26 26 7 7 6 6 28 28 6 6 5 5 29 29 5 5 4 4 4 4 16 16 29 29 5 5 29 29 28 28 6 6 28 28 26 26 27 27 30 30 8 8 8 8 30 30 25 25 9 9 25 25 24 24 10 10 24 24 23 23 11 11 23 23 22 22 12 12 22 22 21 21 13 13 21 21 20 20 15 15 14 14 20 20 1 1 19 19 18 18 2 2 18 18 17 17 3 3 17 17 16 16 23 23 31 31 32 32 22 22 32 32 33 33 21 21 33 33 34 34 20 20 34 34 35 35 19 19 35 35 36 36 18 18 36 36 37 37 38 38 29 29 16 16 16 16 37 37 38 38 29 29 38 38 39 39 28 28 39 39 40 40 27 27 26 26 40 40 27 27 41 41 42 42 42 42 30 30 27 27 30 30 42 42 43 43 25 25 43 43 44 44 24 24 44 44 31 31 31 31 23 23 24 24 44 44 24 24 25 25 43 43 25 25 30 30 40 40 41 41 27 27 40 40 26 26 28 28 39 39 28 28 29 29 16 16 17 17 37 37 37 37 17 17 18 18 36 36 18 18 19 19 35 35 19 19 20 20 34 34 20 20 21 21 33 33 21 21 22 22 32 32 22 22 23 23 45 45 41 41 40 40 46 46 42 42 41 41 41 41 45 45 46 46 46 46 47 47 43 43 48 48 36 36 35 35 48 48 49 49 37 37 50 50 38 38 37 37 51 51 39 39 38 38 51 51 52 52 40 40 43 43 42 42 46 46 53 53 54 54 33 33 54 54 55 55 34 34 56 56 35 35 34 34 37 37 36 36 48 48 38 38 50 50 51 51 40 40 52 52 45 45 53 53 32 32 31 31 34 34 33 33 54 54 35 35 56 56 48 48 40 40 39 39 51 51 33 33 32 32 53 53 37 37 49 49 50 50 57 57 44 44 43 43 57 57 58 58 31 31 34 34 55 55 56 56 31 31 44 44 57 57 43 43 47 47 57 57 31 31 58 58 53 53 58 58 59 59 60 60 53 53 60 60 61 61 54 54 61 61 62 62 55 55 62 62 63 63 56 56 63 63 64 64 48 48 64 64 65 65 49 49 65 65 66 66 50 50 66 66 67 67 51 51 67 67 68 68 52 52 68 68 69 69 70 70 46 46 45 45 45 45 69 69 70 70 46 46 70 70 71 71 47 47 71 71 72 72 57 57 72 72 59 59 59 59 58 58 57 57 72 72 57 57 47 47 71 71 47 47 46 46 69 69 45 45 52 52 68 68 52 52 51 51 67 67 51 51 50 50 66 66 50 50 49 49 65 65 49 49 48 48 64 64 48 48 56 56 63 63 56 56 55 55 62 62 55 55 54 54 61 61 54 54 53 53 60 60 53 53 58 58 73 73 74 74 75 75 76 76 75 75 77 77 78 78 77 77 79 79 80 80 79 79 81 81 82 82 81 81 83 83 84 84 83 83 85 85 86 86 85 85 87 87 88 88 87 87 89 89 90 90 89 89 91 91 92 92 91 91 93 93 93 93 94 94 92 92 94 94 95 95 96 96 97 97 96 96 98 98 99 99 98 98 74 74 100 100 73 73 76 76 101 101 76 76 78 78 102 102 78 78 80 80 103 103 80 80 82 82 104 104 82 82 84 84 105 105 84 84 86 86 106 106 86 86 88 88 107 107 88 88 90 90 108 108 90 90 92 92 109 109 92 92 94 94 110 110 94 94 97 97 111 111 97 97 99 99 112 112 99 99 73 73 113 113 100 100 101 101 114 114 101 101 102 102 115 115 102 102 103 103 116 116 103 103 104 104 117 117 104 104 105 105 118 118 105 105 106 106 119 119 106 106 107 107 120 120 107 107 108 108 121 121 108 108 109 109 122 122 109 109 110 110 123 123 110 110 111 111 124 124 111 111 112 112 125 125 112 112 100 100 59 59 113 113 114 114 60 60 114 114 115 115 61 61 115 115 116 116 62 62 116 116 117 117 63 63 117 117 118 118 64 64 118 118 119 119 65 65 119 119 120 120 66 66 120 120 121 121 67 67 121 121 122 122 122 122 123 123 69 69 123 123 70 70 69 69 70 70 123 123 124 124 71 71 124 124 125 125 72 72 125 125 113 113 113 113 59 59 72 72 125 125 72 72 71 71 124 124 71 71 70 70 69 69 68 68 122 122 122 122 68 68 67 67 121 121 67 67 66 66 120 120 66 66 65 65 119 119 65 65 64 64 118 118 64 64 63 63 117 117 63 63 62 62 116 116 62 62 61 61 115 115 61 61 60 60 114 114 60 60 59 59 100 100 113 113 125 125 112 112 125 125 124 124 111 111 124 124 123 123 110 110 123 123 122 122 109 109 122 122 121 121 108 108 121 121 120 120 107 107 120 120 119 119 106 106 119 119 118 118 105 105 118 118 117 117 104 104 117 117 116 116 103 103 116 116 115 115 102 102 115 115 114 114 101 101 114 114 113 113 73 73 100 100 112 112 99 99 112 112 111 111 97 97 111 111 110 110 94 94 110 110 109 109 92 92 109 109 108 108 90 90 108 108 107 107 88 88 107 107 106 106 86 86 106 106 105 105 84 84 105 105 104 104 82 82 104 104 103 103 80 80 103 103 102 102 78 78 102 102 101 101 76 76 101 101 100 100 74 74 73 73 99 99 98 98 99 99 97 97 96 96 97 97 94 94 93 93 95 95 94 94 91 91 92 92 90 90 89 89 90 90 88 88 87 87 88 88 86 86 85 85 86 86 84 84 83 83 84 84 82 82 81 81 82 82 80 80 79 79 80 80 78 78 77 77 78 78 76 76 75 75 76 76 73 73 96 96 126 126 127 127 126 126 96 96 95 95 95 95 128 128 126 126 129 129 91 91 89 89 91 91 129 129 128 128 74 74 130 130 131 131 74 74 98 98 127 127 127 127 98 98 96 96 128 128 93 93 91 91 132 132 87 87 85 85 133 133 134 134 83 83 135 135 136 136 79 79 77 77 75 75 131 131 127 127 130 130 74 74 89 89 137 137 129 129 85 85 134 134 132 132 81 81 136 136 133 133 131 131 135 135 77 77 95 95 93 93 128 128 132 132 137 137 87 87 81 81 79 79 136 136 131 131 75 75 74 74 85 85 83 83 134 134 79 79 77 77 135 135 83 83 81 81 133 133 137 137 89 89 87 87 134 134 138 138 139 139 132 132 139 139 140 140 140 140 137 137 132 132 139 139 132 132 134 134 141 141 142 142 143 143 141 141 144 144 145 145 142 142 146 146 143 143 139 139 138 138 142 142 139 139 141 141 147 147 145 145 147 147 141 141 142 142 141 141 139 139 145 145 148 148 147 147 147 147 140 140 139 139 143 143 149 149 141 141 136 136 146 146 142 142 133 133 142 142 138 138 138 138 134 134 133 133 142 142 133 133 136 136 131 131 149 149 143 143 135 135 143 143 146 146 146 146 136 136 135 135 143 143 135 135 131 131 127 127 144 144 141 141 130 130 141 141 149 149 149 149 131 131 130 130 141 141 130 130 127 127 128 128 148 148 145 145 126 126 145 145 144 144 144 144 127 127 126 126 145 145 126 126 128 128 137 137 140 140 147 147 129 129 147 147 148 148 148 148 128 128 129 129 147 147 129 129 137 137 150 150 151 151 152 152 152 152 153 153 150 150 153 153 154 154 150 150 154 154 155 155 150 150 155 155 156 156 150 150 156 156 157 157 150 150 157 157 158 158 150 150 158 158 159 159 150 150 159 159 160 160 150 150 160 160 161 161 150 150 161 161 162 162 150 150 162 162 163 163 150 150 163 163 164 164 150 150 164 164 165 165 150 150 165 165 151 151 150 150 166 166 154 154 153 153 167 167 153 153 152 152 168 168 152 152 151 151 169 169 151 151 165 165 165 165 170 170 169 169 170 170 164 164 163 163 171 171 163 163 162 162 172 172 162 162 161 161 173 173 161 161 160 160 174 174 160 160 159 159 175 175 159 159 158 158 157 157 176 176 177 177 177 177 158 158 157 157 176 176 157 157 156 156 178 178 156 156 155 155 179 179 155 155 154 154 154 154 166 166 179 179 155 155 179 179 178 178 156 156 178 178 176 176 177 177 180 180 158 158 158 158 180 180 175 175 159 159 175 175 174 174 160 160 174 174 173 173 161 161 173 173 172 172 162 162 172 172 171 171 163 163 171 171 170 170 165 165 164 164 170 170 151 151 169 169 168 168 152 152 168 168 167 167 153 153 167 167 166 166 173 173 181 181 182 182 172 172 182 182 183 183 171 171 183 183 184 184 170 170 184 184 185 185 169 169 185 185 186 186 168 168 186 186 187 187 187 187 188 188 166 166 188 188 179 179 166 166 179 179 188 188 189 189 178 178 189 189 190 190 177 177 176 176 190 190 177 177 191 191 192 192 192 192 180 180 177 177 180 180 192 192 193 193 175 175 193 193 194 194 174 174 194 194 181 181 181 181 173 173 174 174 194 194 174 174 175 175 193 193 175 175 180 180 190 190 191 191 177 177 190 190 176 176 178 178 189 189 178 178 179 179 166 166 167 167 187 187 187 187 167 167 168 168 186 186 168 168 169 169 185 185 169 169 170 170 184 184 170 170 171 171 183 183 171 171 172 172 182 182 172 172 173 173 195 195 191 191 190 190 196 196 192 192 191 191 191 191 195 195 196 196 197 197 193 193 192 192 198 198 185 185 184 184 199 199 186 186 185 185 200 200 201 201 190 190 192 192 196 196 197 197 185 185 198 198 199 199 199 199 202 202 187 187 190 190 201 201 195 195 203 203 194 194 193 193 204 204 182 182 181 181 204 204 205 205 183 183 206 206 184 184 183 183 187 187 186 186 199 199 207 207 188 188 187 187 207 207 200 200 189 189 193 193 197 197 203 203 203 203 208 208 181 181 183 183 182 182 204 204 184 184 206 206 198 198 189 189 188 188 207 207 181 181 194 194 203 203 183 183 205 205 206 206 190 190 189 189 200 200 187 187 202 202 207 207 181 181 208 208 204 204 208 208 209 209 210 210 204 204 210 210 211 211 205 205 211 211 212 212 206 206 212 212 213 213 198 198 213 213 214 214 199 199 214 214 215 215 202 202 215 215 216 216 207 207 216 216 217 217 200 200 217 217 218 218 201 201 218 218 219 219 220 220 196 196 195 195 195 195 219 219 220 220 196 196 220 220 221 221 197 197 221 221 222 222 203 203 222 222 209 209 209 209 208 208 203 203 222 222 203 203 197 197 221 221 197 197 196 196 219 219 195 195 201 201 218 218 201 201 200 200 217 217 200 200 207 207 216 216 207 207 202 202 215 215 202 202 199 199 214 214 199 199 198 198 213 213 198 198 206 206 212 212 206 206 205 205 211 211 205 205 204 204 210 210 204 204 208 208 223 223 224 224 225 225 226 226 225 225 227 227 228 228 227 227 229 229 230 230 229 229 231 231 232 232 231 231 233 233 234 234 233 233 235 235 236 236 235 235 237 237 238 238 237 237 239 239 240 240 239 239 241 241 242 242 241 241 243 243 243 243 244 244 242 242 244 244 245 245 246 246 247 247 246 246 248 248 249 249 248 248 224 224 250 250 223 223 226 226 251 251 226 226 228 228 252 252 228 228 230 230 253 253 230 230 232 232 254 254 232 232 234 234 255 255 234 234 236 236 256 256 236 236 238 238 257 257 238 238 240 240 258 258 240 240 242 242 259 259 242 242 244 244 260 260 244 244 247 247 261 261 247 247 249 249 262 262 249 249 223 223 263 263 250 250 251 251 264 264 251 251 252 252 265 265 252 252 253 253 266 266 253 253 254 254 267 267 254 254 255 255 268 268 255 255 256 256 269 269 256 256 257 257 270 270 257 257 258 258 271 271 258 258 259 259 272 272 259 259 260 260 273 273 260 260 261 261 274 274 261 261 262 262 275 275 262 262 250 250 209 209 263 263 264 264 210 210 264 264 265 265 211 211 265 265 266 266 212 212 266 266 267 267 213 213 267 267 268 268 214 214 268 268 269 269 215 215 269 269 270 270 216 216 270 270 271 271 217 217 271 271 272 272 272 272 273 273 219 219 273 273 220 220 219 219 220 220 273 273 274 274 221 221 274 274 275 275 222 222 275 275 263 263 263 263 209 209 222 222 275 275 222 222 221 221 274 274 221 221 220 220 219 219 218 218 272 272 272 272 218 218 217 217 271 271 217 217 216 216 270 270 216 216 215 215 269 269 215 215 214 214 268 268 214 214 213 213 267 267 213 213 212 212 266 266 212 212 211 211 265 265 211 211 210 210 264 264 210 210 209 209 250 250 263 263 275 275 262 262 275 275 274 274 261 261 274 274 273 273 260 260 273 273 272 272 259 259 272 272 271 271 258 258 271 271 270 270 257 257 270 270 269 269 256 256 269 269 268 268 255 255 268 268 267 267 254 254 267 267 266 266 253 253 266 266 265 265 252 252 265 265 264 264 251 251 264 264 263 263 223 223 250 250 262 262 249 249 262 262 261 261 247 247 261 261 260 260 244 244 260 260 259 259 242 242 259 259 258 258 240 240 258 258 257 257 238 238 257 257 256 256 236 236 256 256 255 255 234 234 255 255 254 254 232 232 254 254 253 253 230 230 253 253 252 252 228 228 252 252 251 251 226 226 251 251 250 250 224 224 223 223 249 249 248 248 249 249 247 247 246 246 247 247 244 244 243 243 245 245 244 244 241 241 242 242 240 240 239 239 240 240 238 238 237 237 238 238 236 236 235 235 236 236 234 234 233 233 234 234 232 232 231 231 232 232 230 230 229 229 230 230 228 228 227 227 228 228 226 226 225 225 226 226 223 223 276 276 277 277 237 237 278 278 279 279 233 233 246 246 280 280 281 281 280 280 246 246 245 245 235 235 279 279 276 276 231 231 282 282 278 278 283 283 282 282 229 229 227 227 225 225 284 284 224 224 285 285 284 284 224 224 248 248 281 281 245 245 286 286 280 280 237 237 235 235 276 276 231 231 229 229 282 282 284 284 283 283 227 227 281 281 285 285 224 224 281 281 248 248 246 246 287 287 241 241 239 239 241 241 287 287 286 286 235 235 233 233 279 279 229 229 227 227 283 283 245 245 243 243 286 286 286 286 243 243 241 241 233 233 231 231 278 278 239 239 277 277 287 287 284 284 225 225 224 224 277 277 239 239 237 237 279 279 288 288 289 289 276 276 289 289 290 290 290 290 277 277 276 276 289 289 276 276 279 279 291 291 292 292 293 293 294 294 289 289 295 295 289 289 292 292 291 291 292 292 296 296 293 293 292 292 289 289 294 294 289 289 288 288 295 295 293 293 297 297 291 291 295 295 298 298 294 294 294 294 299 299 292 292 291 291 290 290 289 289 282 282 298 298 295 295 278 278 295 295 288 288 288 288 279 279 278 278 295 295 278 278 282 282 284 284 299 299 294 294 283 283 294 294 298 298 298 298 282 282 283 283 294 294 283 283 284 284 281 281 296 296 292 292 285 285 292 292 299 299 299 299 284 284 285 285 292 292 285 285 281 281 286 286 297 297 293 293 280 280 293 293 296 296 296 296 281 281 280 280 293 293 280 280 286 286 277 277 290 290 291 291 287 287 291 291 297 297 297 297 286 286 287 287 291 291 287 287 277 277 300 300 301 301 302 302 303 303 300 300 304 304 305 305 303 303 306 306 307 307 305 305 308 308 309 309 307 307 310 310 311 311 309 309 312 312 313 313 311 311 314 314 315 315 313 313 316 316 317 317 315 315 318 318 319 319 320 320 321 321 322 322 323 323 321 321 321 321 320 320 322 322 324 324 323 323 322 322 325 325 324 324 326 326 301 301 325 325 327 327 327 327 302 302 301 301 326 326 327 327 325 325 322 322 326 326 324 324 321 321 317 317 319 319 318 318 319 319 317 317 316 316 318 318 315 315 314 314 316 316 313 313 312 312 314 314 311 311 310 310 312 312 309 309 308 308 310 310 307 307 306 306 308 308 305 305 304 304 306 306 303 303 302 302 304 304 300 300 328 328 329 329 311 311 329 329 307 307 309 309 329 329 330 330 305 305 328 328 315 315 317 317 311 311 313 313 328 328 305 305 307 307 329 329 330 330 300 300 303 303 330 330 331 331 301 301 331 331 324 324 325 325 331 331 328 328 321 321 313 313 315 315 328 328 303 303 305 305 330 330 325 325 301 301 331 331 321 321 323 323 331 331 309 309 311 311 329 329 323 323 324 324 331 331 301 301 300 300 330 330 317 317 321 321 328 328 332 332 333 333 334 334 335 335 332 332 336 336 336 336 337 337 335 335 338 338 335 335 339 339 339 339 340 340 338 338 328 328 338 338 341 341 341 341 342 342 328 328 342 342 329 329 328 328 340 340 341 341 338 338 337 337 339 339 335 335 334 334 336 336 332 332 343 343 344 344 330 330 330 330 329 329 343 343 329 329 342 342 343 343 343 343 342 342 341 341 345 345 341 341 340 340 340 340 346 346 345 345 346 346 339 339 337 337 337 337 347 347 346 346 348 348 347 347 336 336 336 336 334 334 348 348 334 334 349 349 348 348 337 337 336 336 347 347 340 340 339 339 346 346 341 341 345 345 343 343 350 350 348 348 349 349 349 349 351 351 350 350 333 333 352 352 351 351 351 351 349 349 333 333 352 352 353 353 351 351 349 349 334 334 333 333 354 354 355 355 356 356 332 332 335 335 338 338 354 354 357 357 355 355 328 328 333 333 332 332 356 356 352 352 354 354 331 331 358 358 354 354 338 338 328 328 332 332 354 354 333 333 331 331 352 352 333 333 354 354 328 328 331 331 333 333 354 354 359 359 360 360 354 354 361 361 359 359 357 357 360 360 362 362 355 355 362 362 363 363 356 356 363 363 353 353 353 353 352 352 356 356 363 363 356 356 355 355 362 362 355 355 357 357 360 360 357 357 354 354 364 364 350 350 353 353 350 350 351 351 353 353 364 364 363 363 362 362 365 365 362 362 360 360 366 366 360 360 359 359 359 359 367 367 366 366 360 360 366 366 365 365 362 362 365 365 364 364 353 353 363 363 364 364 367 367 361 361 368 368 367 367 359 359 361 361 368 368 369 369 367 367 358 358 370 370 371 371 371 371 354 354 358 358 358 358 372 372 370 370 371 371 373 373 354 354 361 361 374 374 375 375 358 358 376 376 372 372 361 361 377 377 374 374 354 354 378 378 379 379 373 373 380 380 354 354 368 368 381 381 382 382 361 361 379 379 377 377 380 380 378 378 354 354 382 382 358 358 368 368 368 368 375 375 383 383 379 379 361 361 354 354 383 383 381 381 368 368 382 382 376 376 358 358 375 375 368 368 361 361 384 384 385 385 382 382 386 386 384 384 381 381 387 387 386 386 383 383 388 388 387 387 375 375 389 389 388 388 374 374 390 390 389 389 377 377 391 391 390 390 379 379 392 392 391 391 378 378 393 393 392 392 380 380 394 394 393 393 373 373 394 394 371 371 370 370 370 370 395 395 394 394 396 396 395 395 370 370 397 397 396 396 372 372 385 385 397 397 376 376 376 376 382 382 385 385 372 372 376 376 397 397 370 370 372 372 396 396 373 373 371 371 394 394 380 380 373 373 393 393 378 378 380 380 392 392 379 379 378 378 391 391 377 377 379 379 390 390 374 374 377 377 389 389 375 375 374 374 388 388 383 383 375 375 387 387 381 381 383 383 386 386 382 382 381 381 384 384 330 330 344 344 398 398 399 399 400 400 331 331 331 331 330 330 399 399 400 400 401 401 358 358 402 402 368 368 358 358 368 368 402 402 403 403 358 358 331 331 400 400 403 403 369 369 368 368 358 358 401 401 402 402 398 398 399 399 330 330 398 398 344 344 343 343 403 403 404 404 367 367 404 404 405 405 348 348 343 343 405 405 398 398 404 404 366 366 367 367 405 405 347 347 348 348 343 343 345 345 405 405 404 404 365 365 366 366 348 348 350 350 404 404 345 345 346 346 405 405 404 404 364 364 365 365 346 346 347 347 405 405 350 350 364 364 404 404 367 367 369 369 403 403 404 404 403 403 402 402 402 402 406 406 404 404 404 404 406 406 407 407 408 408 407 407 409 409 410 410 409 409 411 411 411 411 412 412 410 410 409 409 410 410 408 408 407 407 408 408 404 404 405 405 413 413 399 399 399 399 398 398 405 405 414 414 415 415 416 416 417 417 416 416 418 418 419 419 418 418 413 413 413 413 405 405 419 419 418 418 419 419 417 417 416 416 417 417 414 414 420 420 421 421 412 412 412 412 411 411 420 420 411 411 389 389 390 390 388 388 389 389 409 409 402 402 387 387 388 388 391 391 422 422 420 420 390 390 420 420 411 411 409 409 407 407 388 388 402 402 386 386 387 387 402 402 401 401 385 385 423 423 424 424 425 425 391 391 426 426 422 422 407 407 406 406 388 388 402 402 384 384 386 386 401 401 397 397 385 385 401 401 423 423 393 393 392 392 425 425 426 426 423 423 427 427 424 424 411 411 409 409 389 389 385 385 384 384 402 402 401 401 394 394 395 395 423 423 392 392 393 393 425 425 392 392 423 423 388 388 406 406 402 402 395 395 396 396 401 401 426 426 391 391 392 392 396 396 397 397 401 401 420 420 390 390 391 391 393 393 394 394 401 401 420 420 422 422 428 428 422 422 426 426 429 429 426 426 425 425 430 430 425 425 424 424 431 431 431 431 430 430 425 425 430 430 429 429 426 426 429 429 428 428 422 422 428 428 421 421 420 420 432 432 412 412 421 421 421 421 433 433 432 432 431 431 434 434 435 435 435 435 430 430 431 431 429 429 430 430 436 436 428 428 429 429 437 437 421 421 428 428 438 438 438 438 433 433 421 421 437 437 438 438 428 428 436 436 437 437 429 429 435 435 436 436 430 430 439 439 431 431 424 424 424 424 427 427 439 439 440 440 441 441 427 427 427 427 423 423 440 440 441 441 442 442 439 439 439 439 427 427 441 441 443 443 441 441 440 440 440 440 444 444 443 443 442 442 441 441 443 443 443 443 445 445 442 442 446 446 447 447 448 448 449 449 448 448 450 450 451 451 450 450 443 443 443 443 444 444 451 451 450 450 451 451 449 449 448 448 449 449 446 446 447 447 452 452 453 453 448 448 453 453 454 454 450 450 454 454 445 445 445 445 443 443 450 450 454 454 450 450 448 448 453 453 448 448 447 447 446 446 455 455 456 456 456 456 447 447 446 446 457 457 452 452 447 447 447 447 456 456 457 457 458 458 459 459 460 460 461 461 460 460 462 462 463 463 462 462 456 456 456 456 455 455 463 463 462 462 463 463 461 461 460 460 461 461 458 458 459 459 464 464 465 465 460 460 465 465 466 466 462 462 466 466 457 457 457 457 456 456 462 462 466 466 462 462 460 460 465 465 460 460 459 459 458 458 467 467 468 468 468 468 459 459 458 458 468 468 467 467 469 469 469 469 470 470 468 468 464 464 459 459 468 468 468 468 471 471 464 464 470 470 472 472 471 471 471 471 468 468 470 470 400 400 320 320 319 319 469 469 318 318 473 473 400 400 322 322 320 320 473 473 474 474 469 469 318 318 316 316 475 475 400 400 326 326 322 322 310 310 418 418 416 416 415 415 476 476 314 314 475 475 473 473 318 318 319 319 469 469 400 400 399 399 304 304 302 302 310 310 413 413 418 418 312 312 416 416 415 415 316 316 314 314 476 476 319 319 318 318 469 469 302 302 400 400 399 399 314 314 312 312 415 415 476 476 477 477 316 316 400 400 327 327 326 326 399 399 306 306 304 304 399 399 413 413 310 310 477 477 475 475 316 316 302 302 327 327 400 400 416 416 312 312 310 310 399 399 308 308 306 306 474 474 470 470 469 469 310 310 308 308 399 399 478 478 472 472 470 470 470 470 474 474 478 478 474 474 473 473 479 479 473 473 475 475 480 480 475 475 477 477 481 481 477 477 476 476 482 482 482 482 481 481 477 477 481 481 480 480 475 475 480 480 479 479 473 473 479 479 478 478 474 474 482 482 476 476 415 415 415 415 414 414 482 482 482 482 414 414 483 483 483 483 484 484 482 482 410 410 412 412 432 432 432 432 485 485 410 410 408 408 410 410 486 486 486 486 487 487 408 408 487 487 488 488 408 408 405 405 489 489 490 490 404 404 491 491 489 489 404 404 408 408 492 492 492 492 491 491 404 404 489 489 405 405 404 404 419 419 493 493 494 494 419 419 495 495 493 493 419 419 490 490 495 495 417 417 496 496 483 483 417 417 494 494 496 496 483 483 414 414 417 417 494 494 417 417 419 419 490 490 419 419 405 405 488 488 492 492 408 408 485 485 486 486 410 410 497 497 492 492 488 488 497 497 491 491 492 492 498 498 433 433 438 438 499 499 432 432 433 433 498 498 488 488 499 499 499 499 488 488 487 487 499 499 486 486 485 485 485 485 432 432 499 499 487 487 486 486 499 499 433 433 498 498 499 499 500 500 438 438 437 437 501 501 436 436 435 435 501 501 437 437 436 436 435 435 502 502 501 501 437 437 501 501 500 500 438 438 500 500 498 498 488 488 498 498 497 497 503 503 489 489 491 491 491 491 497 497 503 503 503 503 504 504 495 495 495 495 490 490 503 503 505 505 506 506 507 507 507 507 508 508 505 505 509 509 505 505 510 510 511 511 483 483 496 496 511 511 494 494 493 493 493 493 495 495 511 511 511 511 504 504 484 484 484 484 483 483 511 511 511 511 495 495 504 504 504 504 509 509 512 512 512 512 484 484 504 504 496 496 494 494 511 511 510 510 512 512 509 509 508 508 510 510 505 505 490 490 489 489 503 503 482 482 484 484 512 512 481 481 512 512 510 510 480 480 510 510 508 508 478 478 479 479 507 507 479 479 508 508 507 507 507 507 513 513 478 478 508 508 479 479 480 480 510 510 480 480 481 481 512 512 481 481 482 482 514 514 502 502 434 434 502 502 435 435 434 434 434 434 515 515 514 514 516 516 517 517 513 513 513 513 506 506 516 516 513 513 507 507 506 506 515 515 518 518 519 519 519 519 514 514 515 515 520 520 521 521 519 519 519 519 518 518 520 520 522 522 523 523 524 524 525 525 522 522 526 526 520 520 525 525 527 527 527 527 521 521 520 520 526 526 527 527 525 525 524 524 526 526 522 522 528 528 524 524 523 523 523 523 529 529 528 528 452 452 457 457 529 529 522 522 454 454 453 453 454 454 522 522 525 525 529 529 523 523 452 452 471 471 530 530 531 531 525 525 445 445 454 454 457 457 532 532 529 529 533 533 466 466 465 465 466 466 533 533 532 532 531 531 464 464 471 471 517 517 530 530 471 471 431 431 439 439 515 515 515 515 439 439 442 442 442 442 445 445 520 520 523 523 522 522 452 452 532 532 457 457 466 466 471 471 472 472 517 517 478 478 513 513 517 517 442 442 518 518 515 515 445 445 525 525 520 520 465 465 464 464 533 533 517 517 472 472 478 478 520 520 518 518 442 442 531 531 533 533 464 464 453 453 452 452 522 522 515 515 434 434 431 431 534 534 535 535 531 531 531 531 530 530 534 534 533 533 531 531 535 535 532 532 533 533 536 536 529 529 532 532 537 537 537 537 528 528 529 529 536 536 537 537 532 532 535 535 536 536 533 533 530 530 517 517 516 516 516 516 534 534 530 530 538 538 539 539 540 540 541 541 542 542 543 543 540 540 544 544 538 538 541 541 545 545 542 542 544 544 546 546 538 538 541 541 547 547 545 545 548 548 539 539 549 549 506 506 550 550 547 547 505 505 551 551 552 552 539 539 553 553 540 540 554 554 514 514 555 555 556 556 557 557 558 558 556 556 497 497 559 559 560 560 561 561 534 534 516 516 506 506 541 541 539 539 548 548 562 562 549 549 543 543 548 548 506 506 552 552 550 550 552 552 506 506 505 505 500 500 563 563 564 564 502 502 514 514 565 565 555 555 538 538 554 554 555 555 514 514 519 519 497 497 566 566 567 567 558 558 562 562 568 568 497 497 569 569 559 559 535 535 534 534 561 561 541 541 560 560 516 516 543 543 549 549 541 541 505 505 509 509 551 551 564 564 498 498 500 500 502 502 570 570 563 563 514 514 554 554 565 565 519 519 571 571 555 555 572 572 526 526 524 524 524 524 528 528 573 573 497 497 556 556 566 566 559 559 557 557 556 556 534 534 516 516 560 560 547 547 541 541 506 506 504 504 503 503 574 574 564 564 569 569 497 497 563 563 501 501 502 502 546 546 554 554 538 538 539 539 558 558 575 575 572 572 527 527 526 526 528 528 576 576 573 573 536 536 535 535 577 577 576 576 528 528 537 537 558 558 568 568 556 556 562 562 558 558 539 539 551 551 509 509 504 504 500 500 501 501 563 563 575 575 553 553 539 539 519 519 521 521 578 578 572 572 578 578 521 521 573 573 579 579 524 524 537 537 536 536 576 576 561 561 577 577 535 535 503 503 567 567 574 574 565 565 570 570 502 502 521 521 527 527 572 572 577 577 576 576 536 536 574 574 551 551 504 504 578 578 571 571 519 519 567 567 503 503 497 497 524 524 579 579 572 572 497 497 498 498 564 564 580 580 451 451 444 444 581 581 582 582 583 583 584 584 583 583 582 582 585 585 586 586 587 587 461 461 588 588 589 589 590 590 591 591 592 592 593 593 594 594 586 586 469 469 595 595 596 596 597 597 598 598 467 467 599 599 580 580 600 600 580 580 449 449 451 451 601 601 440 440 423 423 582 582 597 597 584 584 586 586 594 594 587 587 589 589 597 597 461 461 592 592 401 401 590 590 591 591 590 590 593 593 469 469 602 602 595 595 598 598 602 602 469 469 467 467 458 458 597 597 600 600 585 585 599 599 580 580 446 446 449 449 601 601 444 444 440 440 401 401 603 603 604 604 587 587 581 581 585 585 461 461 605 605 588 588 586 586 591 591 593 593 401 401 400 400 606 606 596 596 400 400 469 469 458 458 461 461 597 597 580 580 607 607 608 608 600 600 609 609 585 585 423 423 610 610 601 601 423 423 604 604 611 611 401 401 612 612 603 603 589 589 584 584 597 597 606 606 590 590 401 401 400 400 613 613 614 614 469 469 467 467 598 598 585 585 609 609 615 615 599 599 607 607 580 580 611 611 610 610 423 423 401 401 616 616 612 612 592 592 616 616 401 401 596 596 613 613 400 400 605 605 463 463 455 455 446 446 617 617 618 618 446 446 608 608 619 619 608 608 446 446 580 580 604 604 423 423 401 401 614 614 606 606 400 400 605 605 461 461 463 463 446 446 620 620 617 617 615 615 586 586 585 585 583 583 585 585 581 581 455 455 618 618 621 621 619 619 620 620 446 446 455 455 621 621 605 605 444 444 601 601 580 580 618 618 455 455 446 446 555 555 571 571 608 608 538 538 555 555 607 607 539 539 538 538 599 599 549 549 539 539 585 585 541 541 549 549 583 583 560 560 541 541 584 584 561 561 560 560 589 589 577 577 561 561 588 588 576 576 577 577 605 605 573 573 576 576 621 621 573 573 618 618 617 617 617 617 579 579 573 573 572 572 579 579 617 617 578 578 572 572 620 620 571 571 578 578 619 619 619 619 608 608 571 571 620 620 619 619 578 578 617 617 620 620 572 572 621 621 618 618 573 573 605 605 621 621 576 576 588 588 605 605 577 577 589 589 588 588 561 561 584 584 589 589 560 560 583 583 584 584 541 541 585 585 583 583 549 549 599 599 585 585 539 539 607 607 599 599 538 538 608 608 607 607 555 555 563 563 570 570 604 604 564 564 563 563 603 603 569 569 564 564 612 612 559 559 569 569 616 616 557 557 559 559 592 592 558 558 557 557 591 591 575 575 558 558 586 586 553 553 575 575 615 615 540 540 553 553 609 609 544 544 540 540 600 600 544 544 580 580 601 601 601 601 546 546 544 544 554 554 546 546 601 601 565 565 554 554 610 610 570 570 565 565 611 611 611 611 604 604 570 570 610 610 611 611 565 565 601 601 610 610 554 554 600 600 580 580 544 544 609 609 600 600 540 540 615 615 609 609 553 553 586 586 615 615 575 575 591 591 586 586 558 558 592 592 591 591 557 557 616 616 592 592 559 559 612 612 616 616 569 569 603 603 612 612 564 564 604 604 603 603 563 563 556 556 568 568 594 594 566 566 556 556 593 593 567 567 566 566 590 590 574 574 567 567 606 606 551 551 574 574 614 614 552 552 551 551 613 613 550 550 552 552 596 596 547 547 550 550 595 595 545 545 547 547 602 602 542 542 545 545 598 598 542 542 597 597 582 582 582 582 543 543 542 542 548 548 543 543 582 582 562 562 548 548 581 581 568 568 562 562 587 587 587 587 594 594 568 568 581 581 587 587 562 562 582 582 581 581 548 548 598 598 597 597 542 542 602 602 598 598 545 545 595 595 602 602 547 547 596 596 595 595 550 550 613 613 596 596 552 552 614 614 613 613 551 551 606 606 614 614 574 574 590 590 606 606 567 567 593 593 590 590 566 566 594 594 593 593 556 556 622 622 623 623 624 624 624 624 625 625 622 622 625 625 626 626 622 622 626 626 627 627 622 622 627 627 628 628 622 622 628 628 629 629 622 622 629 629 630 630 622 622 630 630 631 631 622 622 631 631 632 632 622 622 632 632 633 633 622 622 633 633 634 634 622 622 634 634 635 635 622 622 635 635 636 636 622 622 636 636 637 637 622 622 637 637 623 623 622 622 638 638 626 626 625 625 639 639 625 625 624 624 640 640 624 624 623 623 641 641 623 623 637 637 637 637 642 642 641 641 642 642 636 636 635 635 643 643 635 635 634 634 644 644 634 634 633 633 645 645 633 633 632 632 646 646 632 632 631 631 647 647 631 631 630 630 629 629 648 648 649 649 649 649 630 630 629 629 648 648 629 629 628 628 650 650 628 628 627 627 651 651 627 627 626 626 626 626 638 638 651 651 627 627 651 651 650 650 628 628 650 650 648 648 649 649 652 652 630 630 630 630 652 652 647 647 631 631 647 647 646 646 632 632 646 646 645 645 633 633 645 645 644 644 634 634 644 644 643 643 635 635 643 643 642 642 637 637 636 636 642 642 623 623 641 641 640 640 624 624 640 640 639 639 625 625 639 639 638 638 645 645 653 653 654 654 644 644 654 654 655 655 643 643 655 655 656 656 642 642 656 656 657 657 641 641 657 657 658 658 640 640 658 658 659 659 660 660 651 651 638 638 638 638 659 659 660 660 651 651 660 660 661 661 650 650 661 661 662 662 649 649 648 648 662 662 649 649 663 663 664 664 664 664 652 652 649 649 652 652 664 664 665 665 647 647 665 665 666 666 646 646 666 666 653 653 653 653 645 645 646 646 666 666 646 646 647 647 665 665 647 647 652 652 662 662 663 663 649 649 662 662 648 648 650 650 661 661 650 650 651 651 638 638 639 639 659 659 659 659 639 639 640 640 658 658 640 640 641 641 657 657 641 641 642 642 656 656 642 642 643 643 655 655 643 643 644 644 654 654 644 644 645 645 667 667 663 663 662 662 667 667 668 668 664 664 664 664 663 663 667 667 668 668 669 669 665 665 670 670 660 660 659 659 671 671 661 661 660 660 671 671 672 672 662 662 665 665 664 664 668 668 673 673 658 658 657 657 674 674 659 659 658 658 660 660 670 670 671 671 662 662 672 672 667 667 675 675 666 666 665 665 675 675 676 676 653 653 677 677 678 678 655 655 678 678 679 679 656 656 680 680 657 657 656 656 658 658 673 673 674 674 662 662 661 661 671 671 653 653 666 666 675 675 677 677 654 654 653 653 656 656 655 655 678 678 657 657 680 680 673 673 665 665 669 669 675 675 655 655 654 654 677 677 659 659 674 674 670 670 656 656 679 679 680 680 653 653 676 676 677 677 676 676 681 681 682 682 677 677 682 682 683 683 678 678 683 683 684 684 679 679 684 684 685 685 680 680 685 685 686 686 673 673 686 686 687 687 674 674 687 687 688 688 670 670 688 688 689 689 671 671 689 689 690 690 672 672 690 690 691 691 692 692 668 668 667 667 667 667 691 691 692 692 668 668 692 692 693 693 669 669 693 693 694 694 675 675 694 694 681 681 681 681 676 676 675 675 694 694 675 675 669 669 693 693 669 669 668 668 691 691 667 667 672 672 690 690 672 672 671 671 689 689 671 671 670 670 688 688 670 670 674 674 687 687 674 674 673 673 686 686 673 673 680 680 685 685 680 680 679 679 684 684 679 679 678 678 683 683 678 678 677 677 682 682 677 677 676 676 695 695 696 696 697 697 698 698 697 697 699 699 700 700 699 699 701 701 702 702 701 701 703 703 704 704 703 703 705 705 706 706 705 705 707 707 708 708 707 707 709 709 710 710 709 709 711 711 712 712 711 711 713 713 714 714 713 713 715 715 715 715 716 716 714 714 716 716 717 717 718 718 719 719 718 718 720 720 721 721 720 720 696 696 722 722 695 695 698 698 723 723 698 698 700 700 724 724 700 700 702 702 725 725 702 702 704 704 726 726 704 704 706 706 727 727 706 706 708 708 728 728 708 708 710 710 729 729 710 710 712 712 730 730 712 712 714 714 731 731 714 714 716 716 732 732 716 716 719 719 733 733 719 719 721 721 734 734 721 721 695 695 735 735 722 722 723 723 736 736 723 723 724 724 737 737 724 724 725 725 738 738 725 725 726 726 739 739 726 726 727 727 740 740 727 727 728 728 741 741 728 728 729 729 742 742 729 729 730 730 743 743 730 730 731 731 744 744 731 731 732 732 745 745 732 732 733 733 746 746 733 733 734 734 747 747 734 734 722 722 681 681 735 735 736 736 682 682 736 736 737 737 683 683 737 737 738 738 684 684 738 738 739 739 685 685 739 739 740 740 686 686 740 740 741 741 687 687 741 741 742 742 688 688 742 742 743 743 689 689 743 743 744 744 744 744 745 745 691 691 745 745 692 692 691 691 692 692 745 745 746 746 693 693 746 746 747 747 694 694 747 747 735 735 735 735 681 681 694 694 747 747 694 694 693 693 746 746 693 693 692 692 691 691 690 690 744 744 744 744 690 690 689 689 743 743 689 689 688 688 742 742 688 688 687 687 741 741 687 687 686 686 740 740 686 686 685 685 739 739 685 685 684 684 738 738 684 684 683 683 737 737 683 683 682 682 736 736 682 682 681 681 722 722 735 735 747 747 734 734 747 747 746 746 733 733 746 746 745 745 732 732 745 745 744 744 731 731 744 744 743 743 730 730 743 743 742 742 729 729 742 742 741 741 728 728 741 741 740 740 727 727 740 740 739 739 726 726 739 739 738 738 725 725 738 738 737 737 724 724 737 737 736 736 723 723 736 736 735 735 695 695 722 722 734 734 721 721 734 734 733 733 719 719 733 733 732 732 716 716 732 732 731 731 714 714 731 731 730 730 712 712 730 730 729 729 710 710 729 729 728 728 708 708 728 728 727 727 706 706 727 727 726 726 704 704 726 726 725 725 702 702 725 725 724 724 700 700 724 724 723 723 698 698 723 723 722 722 696 696 695 695 721 721 720 720 721 721 719 719 718 718 719 719 716 716 715 715 717 717 716 716 713 713 714 714 712 712 711 711 712 712 710 710 709 709 710 710 708 708 707 707 708 708 706 706 705 705 706 706 704 704 703 703 704 704 702 702 701 701 702 702 700 700 699 699 700 700 698 698 697 697 698 698 695 695 718 718 748 748 749 749 748 748 718 718 717 717 750 750 751 751 705 705 696 696 752 752 753 753 696 696 720 720 749 749 717 717 754 754 748 748 755 755 756 756 709 709 703 703 757 757 750 750 758 758 757 757 701 701 699 699 697 697 753 753 749 749 752 752 696 696 749 749 720 720 718 718 759 759 713 713 711 711 713 713 759 759 754 754 707 707 751 751 755 755 703 703 701 701 757 757 753 753 758 758 699 699 717 717 715 715 754 754 754 754 715 715 713 713 709 709 707 707 755 755 701 701 699 699 758 758 711 711 756 756 759 759 707 707 705 705 751 751 753 753 697 697 696 696 705 705 703 703 750 750 756 756 711 711 709 709 751 751 760 760 761 761 755 755 761 761 762 762 762 762 756 756 755 755 761 761 755 755 751 751 763 763 764 764 765 765 766 766 761 761 767 767 761 761 764 764 763 763 764 764 768 768 765 765 764 764 761 761 766 766 761 761 760 760 767 767 765 765 769 769 763 763 767 767 770 770 766 766 766 766 771 771 764 764 763 763 762 762 761 761 757 757 770 770 767 767 750 750 767 767 760 760 760 760 751 751 750 750 767 767 750 750 757 757 753 753 771 771 766 766 758 758 766 766 770 770 770 770 757 757 758 758 766 766 758 758 753 753 749 749 768 768 764 764 752 752 764 764 771 771 771 771 753 753 752 752 764 764 752 752 749 749 754 754 769 769 765 765 748 748 765 765 768 768 768 768 749 749 748 748 765 765 748 748 754 754 756 756 762 762 763 763 759 759 763 763 769 769 769 769 754 754 759 759 763 763 759 759 756 756 772 772 773 773 774 774 773 773 772 772 775 775 776 776 777 777 778 778 776 776 779 779 780 780 774 774 781 781 772 772 775 775 782 782 773 773 780 780 777 777 776 776 782 782 783 783 773 773 781 781 776 776 772 772 778 778 772 772 776 776 784 784 785 785 786 786 780 780 779 779 784 784 786 786 780 780 784 784 778 778 777 777 787 787 772 772 778 778 788 788 778 778 789 789 788 788 775 775 772 772 790 790 782 782 775 775 791 791 783 783 782 782 792 792 773 773 783 783 793 793 774 774 773 773 794 794 781 781 774 774 795 795 776 776 781 781 796 796 787 787 780 780 786 786 787 787 777 777 780 780 797 797 786 786 785 785 798 798 799 799 785 785 800 800 798 798 784 784 784 784 779 779 800 800 779 779 776 776 800 800 785 785 784 784 798 798 785 785 799 799 797 797 786 786 797 797 787 787 796 796 800 800 776 776 795 795 796 796 781 781 794 794 795 795 774 774 793 793 794 794 773 773 792 792 793 793 783 783 791 791 792 792 782 782 790 790 791 791 775 775 788 788 790 790 772 772 787 787 789 789 778 778 800 800 796 796 801 801 796 796 802 802 801 801 803 803 798 798 800 800 804 804 805 805 796 796 796 796 805 805 802 802 806 806 807 807 808 808 806 806 809 809 810 810 811 811 812 812 813 813 801 801 803 803 800 800 809 809 806 806 814 814 810 810 807 807 806 806 813 813 815 815 811 811 816 816 817 817 811 811 818 818 819 819 820 820 821 821 787 787 797 797 797 797 803 803 822 822 804 804 814 814 805 805 808 808 823 823 806 806 808 808 813 813 812 812 811 811 824 824 816 816 818 818 825 825 817 817 819 819 826 826 820 820 822 822 827 827 797 797 822 822 803 803 828 828 826 826 819 819 829 829 804 804 794 794 793 793 814 814 804 804 809 809 803 803 797 797 799 799 815 815 824 824 811 811 820 820 825 825 818 818 828 828 830 830 822 822 826 826 831 831 830 830 829 829 832 832 826 826 793 793 833 833 804 804 799 799 798 798 803 803 817 817 816 816 818 818 821 821 789 789 787 787 832 832 831 831 826 826 834 834 835 835 836 836 791 791 837 837 838 838 837 837 791 791 790 790 804 804 795 795 794 794 812 812 823 823 808 808 830 830 828 828 826 826 819 819 839 839 840 840 834 834 839 839 819 819 834 834 841 841 835 835 790 790 842 842 837 837 796 796 795 795 804 804 840 840 829 829 819 819 819 819 843 843 834 834 836 836 844 844 845 845 836 836 842 842 846 846 847 847 842 842 789 789 838 838 848 848 791 791 791 791 848 848 833 833 797 797 827 827 821 821 836 836 845 845 834 834 842 842 847 847 846 846 842 842 788 788 789 789 833 833 792 792 791 791 843 843 841 841 834 834 789 789 821 821 847 847 793 793 792 792 833 833 790 790 788 788 842 842 846 846 844 844 836 836 819 819 849 849 850 850 819 819 851 851 849 849 843 843 852 852 853 853 843 843 850 850 854 854 854 854 852 852 843 843 841 841 855 855 856 856 856 856 835 835 841 841 841 841 853 853 857 857 857 857 855 855 841 841 836 836 835 835 858 858 835 835 859 859 858 858 858 858 860 860 836 836 856 856 859 859 835 835 853 853 841 841 843 843 850 850 843 843 819 819 861 861 842 842 836 836 836 836 860 860 861 861 837 837 842 842 861 861 838 838 837 837 862 862 862 862 863 863 838 838 848 848 864 864 865 865 848 848 838 838 866 866 866 866 864 864 848 848 833 833 848 848 867 867 867 867 868 868 833 833 865 865 867 867 848 848 863 863 866 866 838 838 861 861 862 862 837 837 869 869 870 870 871 871 870 870 872 872 871 871 873 873 874 874 875 875 861 861 860 860 875 875 875 875 874 874 861 861 875 875 869 869 873 873 871 871 873 873 869 869 876 876 877 877 878 878 878 878 879 879 876 876 869 869 880 880 881 881 880 880 882 882 881 881 853 853 852 852 883 883 884 884 857 857 853 853 875 875 860 860 858 858 858 858 885 885 875 875 858 858 859 859 885 885 879 879 886 886 887 887 888 888 889 889 886 886 886 886 879 879 888 888 879 879 890 890 891 891 891 891 888 888 879 879 880 880 877 877 876 876 882 882 876 876 892 892 876 876 887 887 892 892 885 885 880 880 869 869 856 856 857 857 884 884 885 885 884 884 877 877 893 893 894 894 850 850 894 894 854 854 850 850 884 884 883 883 878 878 894 894 883 883 852 852 883 883 894 894 890 890 894 894 893 893 891 891 849 849 851 851 895 895 893 893 895 895 896 896 896 896 891 891 893 893 895 895 893 893 849 849 891 891 890 890 894 894 890 890 878 878 883 883 852 852 854 854 894 894 878 878 877 877 884 884 850 850 849 849 893 893 877 877 880 880 885 885 884 884 885 885 856 856 856 856 855 855 857 857 869 869 875 875 885 885 892 892 881 881 882 882 876 876 882 882 880 880 891 891 896 896 888 888 887 887 876 876 879 879 859 859 856 856 885 885 883 883 884 884 853 853 881 881 870 870 869 869 878 878 890 890 879 879 888 888 897 897 898 898 896 896 899 899 897 897 895 895 900 900 899 899 851 851 901 901 900 900 900 900 895 895 851 851 899 899 896 896 895 895 897 897 888 888 896 896 898 898 889 889 888 888 902 902 903 903 904 904 905 905 906 906 907 907 908 908 909 909 866 866 909 909 910 910 866 866 911 911 868 868 867 867 867 867 912 912 911 911 904 904 903 903 913 913 902 902 873 873 871 871 871 871 872 872 914 914 914 914 903 903 871 871 915 915 907 907 906 906 906 906 904 904 916 916 905 905 917 917 904 904 918 918 919 919 920 920 912 912 865 865 864 864 864 864 910 910 912 912 912 912 918 918 921 921 910 910 909 909 918 918 909 909 922 922 919 919 919 919 905 905 923 923 922 922 917 917 905 905 874 874 924 924 862 862 917 917 922 922 908 908 908 908 902 902 917 917 908 908 924 924 902 902 863 863 862 862 924 924 924 924 874 874 873 873 873 873 902 902 924 924 924 924 908 908 863 863 922 922 909 909 908 908 862 862 861 861 874 874 905 905 919 919 922 922 923 923 920 920 919 919 919 919 918 918 909 909 918 918 912 912 910 910 921 921 911 911 912 912 864 864 866 866 910 910 920 920 921 921 918 918 904 904 906 906 905 905 906 906 916 916 915 915 914 914 913 913 903 903 871 871 903 903 902 902 913 913 916 916 904 904 867 867 865 865 912 912 866 866 863 863 908 908 907 907 923 923 905 905 904 904 917 917 902 902 907 907 915 915 925 925 923 923 907 907 926 926 927 927 928 928 920 920 928 928 921 921 920 920 928 928 929 929 911 911 929 929 868 868 911 911 911 911 921 921 928 928 920 920 923 923 927 927 926 926 927 927 923 923 925 925 926 926 907 907 824 824 930 930 931 931 816 816 932 932 933 933 816 816 931 931 932 932 933 933 818 818 816 816 931 931 816 816 824 824 815 815 934 934 930 930 815 815 935 935 936 936 936 936 934 934 815 815 815 815 937 937 938 938 815 815 813 813 939 939 939 939 937 937 815 815 938 938 935 935 815 815 930 930 824 824 815 815 810 810 809 809 940 940 809 809 804 804 941 941 941 941 942 942 809 809 942 942 940 940 809 809 940 940 943 943 810 810 807 807 944 944 945 945 807 807 810 810 943 943 943 943 944 944 807 807 807 807 946 946 947 947 807 807 948 948 949 949 949 949 946 946 807 807 947 947 808 808 807 807 945 945 948 948 807 807 950 950 951 951 952 952 952 952 953 953 950 950 954 954 950 950 955 955 955 955 956 956 954 954 957 957 954 954 958 958 931 931 957 957 959 959 957 957 931 931 930 930 930 930 934 934 957 957 954 954 957 957 936 936 936 936 960 960 954 954 954 954 961 961 962 962 954 954 960 960 961 961 950 950 963 963 964 964 950 950 962 962 963 963 964 964 951 951 950 950 962 962 950 950 954 954 936 936 935 935 960 960 934 934 936 936 957 957 959 959 932 932 931 931 958 958 959 959 957 957 956 956 958 958 954 954 953 953 955 955 950 950 965 965 966 966 964 964 964 964 963 963 965 965 967 967 965 965 962 962 962 962 961 961 967 967 967 967 960 960 938 938 960 960 935 935 938 938 968 968 937 937 939 939 968 968 938 938 937 937 939 939 969 969 968 968 938 938 968 968 967 967 961 961 960 960 967 967 963 963 962 962 965 965 958 958 970 970 971 971 971 971 959 959 958 958 970 970 956 956 955 955 955 955 972 972 970 970 972 972 953 953 952 952 973 973 972 972 974 974 973 973 975 975 970 970 975 975 976 976 971 971 932 932 971 971 976 976 971 971 970 970 975 975 970 970 972 972 973 973 974 974 977 977 973 973 952 952 974 974 972 972 955 955 953 953 972 972 958 958 956 956 970 970 959 959 971 971 932 932 978 978 951 951 964 964 978 978 952 952 951 951 964 964 966 966 978 978 979 979 980 980 981 981 982 982 981 981 966 966 983 983 979 979 982 982 984 984 982 982 965 965 985 985 983 983 984 984 986 986 984 984 967 967 969 969 986 986 968 968 969 969 985 985 986 986 967 967 968 968 986 986 984 984 986 986 985 985 965 965 967 967 984 984 982 982 984 984 983 983 966 966 965 965 982 982 981 981 982 982 979 979 813 813 987 987 969 969 813 813 808 808 988 988 813 813 989 989 987 987 808 808 990 990 988 988 808 808 947 947 991 991 988 988 989 989 813 813 991 991 992 992 808 808 992 992 990 990 808 808 969 969 939 939 813 813 969 969 987 987 993 993 985 985 993 993 994 994 983 983 994 994 995 995 979 979 995 995 996 996 996 996 980 980 979 979 995 995 979 979 983 983 994 994 983 983 985 985 993 993 985 985 969 969 966 966 981 981 997 997 998 998 997 997 981 981 981 981 980 980 998 998 997 997 978 978 966 966 952 952 978 978 999 999 974 974 999 999 1000 1000 1000 1000 977 977 974 974 999 999 974 974 952 952 1001 1001 973 973 977 977 1002 1002 975 975 973 973 1003 1003 976 976 975 975 976 976 1003 1003 933 933 933 933 932 932 976 976 975 975 1002 1002 1003 1003 973 973 1001 1001 1002 1002 977 977 1004 1004 1001 1001 1005 1005 1001 1001 1004 1004 1006 1006 1002 1002 1001 1001 1007 1007 1003 1003 1002 1002 1008 1008 933 933 1003 1003 1003 1003 1007 1007 1008 1008 1002 1002 1006 1006 1007 1007 1001 1001 1005 1005 1006 1006 1004 1004 1009 1009 1005 1005 1010 1010 1011 1011 1012 1012 1013 1013 1012 1012 1014 1014 1015 1015 1014 1014 1016 1016 1017 1017 1016 1016 996 996 1018 1018 1010 1010 1013 1013 1019 1019 1013 1013 1015 1015 1020 1020 1015 1015 1017 1017 1021 1021 1017 1017 995 995 1022 1022 1018 1018 1019 1019 1023 1023 1019 1019 1020 1020 1024 1024 1020 1020 1021 1021 1025 1025 1021 1021 994 994 992 992 1022 1022 1023 1023 990 990 1023 1023 1024 1024 988 988 1024 1024 1025 1025 989 989 1025 1025 993 993 993 993 987 987 989 989 1025 1025 989 989 988 988 1024 1024 988 988 990 990 1023 1023 990 990 992 992 994 994 993 993 1025 1025 1021 1021 1025 1025 1024 1024 1020 1020 1024 1024 1023 1023 1019 1019 1023 1023 1022 1022 995 995 994 994 1021 1021 1017 1017 1021 1021 1020 1020 1015 1015 1020 1020 1019 1019 1013 1013 1019 1019 1018 1018 996 996 995 995 1017 1017 1016 1016 1017 1017 1015 1015 1014 1014 1015 1015 1013 1013 1012 1012 1013 1013 1010 1010 996 996 1026 1026 998 998 998 998 980 980 996 996 1027 1027 1000 1000 999 999 978 978 997 997 1028 1028 1028 1028 999 999 978 978 999 999 1028 1028 1027 1027 998 998 1028 1028 997 997 998 998 1027 1027 1028 1028 1029 1029 1000 1000 1027 1027 1027 1027 998 998 1030 1030 998 998 1026 1026 1030 1030 1030 1030 1031 1031 1027 1027 1027 1027 1031 1031 1029 1029 1032 1032 1033 1033 1034 1034 1033 1033 1032 1032 1035 1035 1035 1035 1036 1036 1033 1033 1034 1034 1037 1037 1032 1032 1038 1038 1039 1039 1040 1040 1032 1032 1037 1037 1041 1041 1041 1041 1042 1042 1032 1032 1029 1029 1031 1031 1032 1032 1032 1032 1042 1042 1029 1029 1038 1038 1043 1043 1044 1044 1044 1044 1039 1039 1038 1038 1039 1039 1045 1045 1046 1046 1046 1046 1037 1037 1039 1039 1031 1031 1030 1030 1035 1035 1035 1035 1030 1030 1047 1047 1047 1047 1048 1048 1035 1035 1030 1030 1026 1026 1047 1047 1049 1049 1050 1050 1040 1040 1037 1037 1051 1051 1049 1049 1049 1049 1039 1039 1037 1037 1052 1052 1040 1040 1053 1053 1040 1040 1050 1050 1053 1053 1053 1053 1054 1054 1052 1052 1040 1040 1039 1039 1049 1049 1048 1048 1036 1036 1035 1035 1035 1035 1032 1032 1031 1031 1044 1044 1045 1045 1039 1039 1037 1037 1046 1046 1041 1041 1040 1040 1052 1052 1038 1038 1034 1034 1051 1051 1037 1037 1014 1014 1050 1050 1049 1049 1014 1014 1012 1012 1053 1053 1053 1053 1050 1050 1014 1014 1014 1014 1036 1036 1048 1048 1014 1014 1051 1051 1034 1034 1034 1034 1033 1033 1014 1014 1033 1033 1036 1036 1014 1014 1016 1016 1047 1047 1026 1026 1016 1016 1048 1048 1047 1047 1012 1012 1011 1011 1054 1054 1054 1054 1053 1053 1012 1012 1026 1026 996 996 1016 1016 1048 1048 1016 1016 1014 1014 1049 1049 1051 1051 1014 1014 1011 1011 1055 1055 1056 1056 1056 1056 1054 1054 1011 1011 1043 1043 1038 1038 1057 1057 1057 1057 1038 1038 1052 1052 1052 1052 1056 1056 1057 1057 1052 1052 1054 1054 1056 1056 1057 1057 1058 1058 1043 1043 992 992 991 991 1059 1059 1022 1022 1059 1059 1060 1060 1018 1018 1060 1060 1061 1061 1010 1010 1061 1061 1055 1055 1055 1055 1011 1011 1010 1010 1061 1061 1010 1010 1018 1018 1060 1060 1018 1018 1022 1022 1059 1059 1022 1022 992 992 1062 1062 1063 1063 1064 1064 1065 1065 1064 1064 1055 1055 1066 1066 1062 1062 1065 1065 1067 1067 1065 1065 1061 1061 1068 1068 1066 1066 1067 1067 1069 1069 1067 1067 1060 1060 991 991 1069 1069 1059 1059 991 991 1068 1068 1069 1069 1060 1060 1059 1059 1069 1069 1067 1067 1069 1069 1068 1068 1061 1061 1060 1060 1067 1067 1065 1065 1067 1067 1066 1066 1055 1055 1061 1061 1065 1065 1064 1064 1065 1065 1062 1062 1068 1068 991 991 947 947 947 947 946 946 1068 1068 1066 1066 1068 1068 949 949 949 949 1070 1070 1066 1066 1066 1066 1071 1071 1072 1072 1066 1066 1070 1070 1071 1071 1062 1062 1073 1073 1074 1074 1062 1062 1072 1072 1073 1073 1074 1074 1063 1063 1062 1062 1072 1072 1062 1062 1066 1066 949 949 948 948 1070 1070 946 946 949 949 1068 1068 1063 1063 1075 1075 1076 1076 1056 1056 1055 1055 1064 1064 1064 1064 1076 1076 1056 1056 1076 1076 1064 1064 1063 1063 1077 1077 1078 1078 1079 1079 1077 1077 1080 1080 1078 1078 1081 1081 1082 1082 1080 1080 1081 1081 1083 1083 1082 1082 1084 1084 1083 1083 1081 1081 942 942 1084 1084 1085 1085 1077 1077 1086 1086 1074 1074 1074 1074 1073 1073 1077 1077 1081 1081 1077 1077 1072 1072 1072 1072 1071 1071 1081 1081 1081 1081 1070 1070 945 945 1070 1070 948 948 945 945 1085 1085 944 944 943 943 1085 1085 945 945 944 944 943 943 940 940 1085 1085 945 945 1085 1085 1081 1081 1071 1071 1070 1070 1081 1081 1073 1073 1072 1072 1077 1077 1085 1085 940 940 942 942 1081 1081 1085 1085 1084 1084 1080 1080 1077 1077 1081 1081 1079 1079 1086 1086 1077 1077 1075 1075 1063 1063 1074 1074 1074 1074 1086 1086 1075 1075 1086 1086 1079 1079 1075 1075 1075 1075 1079 1079 1087 1087 1088 1088 1087 1087 1089 1089 1089 1089 1058 1058 1088 1088 1087 1087 1088 1088 1075 1075 1075 1075 1088 1088 1090 1090 1057 1057 1090 1090 1088 1088 1088 1088 1058 1058 1057 1057 1090 1090 1076 1076 1075 1075 1056 1056 1090 1090 1057 1057 1056 1056 1076 1076 1090 1090 1091 1091 1092 1092 1093 1093 1094 1094 1095 1095 1092 1092 1094 1094 1089 1089 1087 1087 1095 1095 1087 1087 1079 1079 1092 1092 1095 1095 1080 1080 1095 1095 1078 1078 1080 1080 1083 1083 1084 1084 1093 1093 1092 1092 1082 1082 1083 1083 942 942 1093 1093 1084 1084 1093 1093 1092 1092 1083 1083 1080 1080 1082 1082 1092 1092 1079 1079 1078 1078 1095 1095 1087 1087 1095 1095 1094 1094 1092 1092 1091 1091 1094 1094 1093 1093 1096 1096 1091 1091 1096 1096 1093 1093 942 942 1097 1097 1098 1098 1089 1089 1099 1099 1097 1097 1094 1094 1100 1100 1099 1099 1091 1091 1096 1096 942 942 941 941 941 941 1100 1100 1096 1096 1091 1091 1096 1096 1100 1100 1094 1094 1091 1091 1099 1099 1089 1089 1094 1094 1097 1097 1098 1098 1043 1043 1058 1058 1058 1058 1089 1089 1098 1098 1101 1101 1044 1044 1043 1043 1004 1004 977 977 1000 1000 1101 1101 1045 1045 1044 1044 1029 1029 1009 1009 1004 1004 1101 1101 1046 1046 1045 1045 1009 1009 1041 1041 1046 1046 1000 1000 1029 1029 1004 1004 1046 1046 1101 1101 1009 1009 1029 1029 1042 1042 1009 1009 1042 1042 1041 1041 1009 1009 1098 1098 1101 1101 1043 1043 1005 1005 1009 1009 1102 1102 1006 1006 1005 1005 1103 1103 1007 1007 1006 1006 1104 1104 1008 1008 1007 1007 1105 1105 1103 1103 1106 1106 1107 1107 1103 1103 1102 1102 1106 1106 1104 1104 1103 1103 1108 1108 1105 1105 1104 1104 1109 1109 1110 1110 1105 1105 1111 1111 1108 1108 1107 1107 1112 1112 1109 1109 1108 1108 1113 1113 1111 1111 1109 1109 1114 1114 1115 1115 1111 1111 1116 1116 1113 1113 1112 1112 1117 1117 1114 1114 1113 1113 1118 1118 1116 1116 1114 1114 1119 1119 1120 1120 1116 1116 1121 1121 1121 1121 1122 1122 1120 1120 1119 1119 1121 1121 1116 1116 1118 1118 1119 1119 1114 1114 1117 1117 1118 1118 1113 1113 1116 1116 1120 1120 1115 1115 1114 1114 1116 1116 1111 1111 1113 1113 1114 1114 1109 1109 1112 1112 1113 1113 1108 1108 1111 1111 1115 1115 1110 1110 1109 1109 1111 1111 1105 1105 1108 1108 1109 1109 1104 1104 1107 1107 1108 1108 1103 1103 1105 1105 1110 1110 1008 1008 1104 1104 1105 1105 1007 1007 1103 1103 1104 1104 1006 1006 1102 1102 1103 1103 1005 1005 819 819 1123 1123 901 901 819 819 1122 1122 1123 1123 819 819 1120 1120 1122 1122 818 818 1115 1115 1120 1120 818 818 1110 1110 1115 1115 1120 1120 819 819 818 818 818 818 933 933 1008 1008 1008 1008 1110 1110 818 818 901 901 851 851 819 819 1124 1124 1101 1101 1098 1098 1125 1125 1124 1124 1097 1097 1126 1126 1125 1125 1099 1099 1127 1127 1126 1126 1100 1100 1100 1100 941 941 1127 1127 1099 1099 1100 1100 1126 1126 1097 1097 1099 1099 1125 1125 1098 1098 1097 1097 1124 1124 1128 1128 1106 1106 1102 1102 1102 1102 1101 1101 1128 1128 1128 1128 1129 1129 1106 1106 1130 1130 1107 1107 1106 1106 1130 1130 1112 1112 1107 1107 1106 1106 1129 1129 1130 1130 1117 1117 1112 1112 1131 1131 1131 1131 1132 1132 1117 1117 1130 1130 1131 1131 1112 1112 1102 1102 1009 1009 1101 1101 1122 1122 1121 1121 1133 1133 1121 1121 1119 1119 1134 1134 1119 1119 1118 1118 1135 1135 1135 1135 1118 1118 1117 1117 1117 1117 1136 1136 1135 1135 1135 1135 1134 1134 1119 1119 1134 1134 1133 1133 1121 1121 1133 1133 1123 1123 1122 1122 1137 1137 1138 1138 1139 1139 1140 1140 1137 1137 1141 1141 1142 1142 1140 1140 1143 1143 1123 1123 1142 1142 1144 1144 1144 1144 901 901 1123 1123 1143 1143 1144 1144 1142 1142 1141 1141 1143 1143 1140 1140 1139 1139 1141 1141 1137 1137 1145 1145 1146 1146 1132 1132 1147 1147 1148 1148 1146 1146 1149 1149 1150 1150 1148 1148 1151 1151 1152 1152 1150 1150 1153 1153 1145 1145 1131 1131 1147 1147 1145 1145 1153 1153 1149 1149 1147 1147 1154 1154 1155 1155 1151 1151 1149 1149 1156 1156 1153 1153 1130 1130 1130 1130 1129 1129 1156 1156 1154 1154 1153 1153 1156 1156 1157 1157 1154 1154 1158 1158 1159 1159 1155 1155 1157 1157 1124 1124 1156 1156 1128 1128 1125 1125 1158 1158 1156 1156 1126 1126 1160 1160 1158 1158 1127 1127 1159 1159 1160 1160 1160 1160 1126 1126 1127 1127 1158 1158 1125 1125 1126 1126 1156 1156 1124 1124 1125 1125 1128 1128 1101 1101 1124 1124 1157 1157 1160 1160 1159 1159 1158 1158 1160 1160 1157 1157 1156 1156 1158 1158 1154 1154 1129 1129 1128 1128 1156 1156 1149 1149 1157 1157 1155 1155 1154 1154 1157 1157 1149 1149 1153 1153 1154 1154 1147 1147 1131 1131 1130 1130 1153 1153 1150 1150 1149 1149 1151 1151 1148 1148 1147 1147 1149 1149 1146 1146 1145 1145 1147 1147 1132 1132 1131 1131 1145 1145 804 804 1159 1159 1127 1127 804 804 833 833 1151 1151 1151 1151 1155 1155 804 804 1155 1155 1159 1159 804 804 833 833 868 868 929 929 929 929 1161 1161 833 833 1161 1161 1152 1152 833 833 1152 1152 1151 1151 833 833 1127 1127 941 941 804 804 1152 1152 1161 1161 1162 1162 1150 1150 1162 1162 1163 1163 1148 1148 1163 1163 1164 1164 1164 1164 1165 1165 1132 1132 1132 1132 1146 1146 1164 1164 1164 1164 1146 1146 1148 1148 1163 1163 1148 1148 1150 1150 1162 1162 1150 1150 1152 1152 1166 1166 1167 1167 1168 1168 1169 1169 1166 1166 1170 1170 1171 1171 1169 1169 1172 1172 929 929 1171 1171 1173 1173 1173 1173 1161 1161 929 929 1172 1172 1173 1173 1171 1171 1170 1170 1172 1172 1169 1169 1168 1168 1170 1170 1166 1166 1174 1174 898 898 897 897 897 897 899 899 1175 1175 899 899 900 900 1176 1176 1143 1143 1175 1175 1176 1176 1141 1141 1177 1177 1175 1175 1139 1139 1174 1174 1177 1177 1177 1177 1141 1141 1139 1139 1175 1175 1143 1143 1141 1141 1176 1176 1144 1144 1143 1143 1144 1144 1176 1176 901 901 901 901 1176 1176 900 900 1176 1176 1175 1175 899 899 1175 1175 1177 1177 897 897 897 897 1177 1177 1174 1174 1178 1178 898 898 1174 1174 1179 1179 1174 1174 1139 1139 1139 1139 1180 1180 1179 1179 1174 1174 1179 1179 1178 1178 1137 1137 1181 1181 1182 1182 1137 1137 1140 1140 1183 1183 1140 1140 1142 1142 1184 1184 1134 1134 1183 1183 1184 1184 1135 1135 1181 1181 1183 1183 1136 1136 1182 1182 1181 1181 1181 1181 1135 1135 1136 1136 1183 1183 1134 1134 1135 1135 1184 1184 1133 1133 1134 1134 1133 1133 1184 1184 1123 1123 1123 1123 1184 1184 1142 1142 1184 1184 1183 1183 1140 1140 1183 1183 1181 1181 1137 1137 1182 1182 1138 1138 1137 1137 1180 1180 1139 1139 1138 1138 1138 1138 1185 1185 1180 1180 1185 1185 1138 1138 1182 1182 1186 1186 1182 1182 1136 1136 1136 1136 1187 1187 1186 1186 1182 1182 1186 1186 1185 1185 1185 1185 1188 1188 1189 1189 1188 1188 1190 1190 1189 1189 1191 1191 1192 1192 1190 1190 1190 1190 1188 1188 1191 1191 1189 1189 1180 1180 1185 1185 1193 1193 1189 1189 1190 1190 1194 1194 1178 1178 1179 1179 1180 1180 1189 1189 1193 1193 1193 1193 1179 1179 1180 1180 1179 1179 1193 1193 1194 1194 1190 1190 1192 1192 1193 1193 1192 1192 1194 1194 1193 1193 1195 1195 1178 1178 1194 1194 1194 1194 1192 1192 1196 1196 1192 1192 1197 1197 1196 1196 1196 1196 1198 1198 1194 1194 1194 1194 1198 1198 1195 1195 1185 1185 1186 1186 1199 1199 1200 1200 1199 1199 1186 1186 1186 1186 1187 1187 1200 1200 1199 1199 1188 1188 1185 1185 1191 1191 1199 1199 1200 1200 1191 1191 1188 1188 1199 1199 1197 1197 1192 1192 1191 1191 1191 1191 1201 1201 1197 1197 1202 1202 1203 1203 1204 1204 1204 1204 1203 1203 1205 1205 1205 1205 1206 1206 1204 1204 1207 1207 1208 1208 1209 1209 1203 1203 1202 1202 1210 1210 1195 1195 1198 1198 1203 1203 1203 1203 1211 1211 1195 1195 1207 1207 1212 1212 1213 1213 1214 1214 1202 1202 1208 1208 1208 1208 1213 1213 1214 1214 1214 1214 1210 1210 1202 1202 1198 1198 1196 1196 1205 1205 1196 1196 1197 1197 1215 1215 1215 1215 1205 1205 1196 1196 1216 1216 1217 1217 1209 1209 1202 1202 1218 1218 1216 1216 1216 1216 1208 1208 1202 1202 1219 1219 1209 1209 1217 1217 1217 1217 1220 1220 1219 1219 1209 1209 1208 1208 1216 1216 1215 1215 1206 1206 1205 1205 1205 1205 1203 1203 1198 1198 1213 1213 1208 1208 1207 1207 1210 1210 1211 1211 1203 1203 1209 1209 1219 1219 1207 1207 1204 1204 1218 1218 1202 1202 1195 1195 887 887 886 886 1195 1195 1211 1211 870 870 889 889 898 898 1178 1178 1195 1195 892 892 887 887 1212 1212 915 915 916 916 915 915 1212 1212 1221 1221 1212 1212 914 914 872 872 870 870 881 881 1195 1195 886 886 889 889 1195 1195 1221 1221 925 925 915 915 1212 1212 913 913 914 914 1178 1178 1195 1195 889 889 872 872 1213 1213 1212 1212 872 872 870 870 1210 1210 881 881 892 892 1195 1195 872 872 1214 1214 1213 1213 1211 1211 1210 1210 870 870 1210 1210 1214 1214 872 872 916 916 913 913 1212 1212 927 927 1222 1222 1223 1223 926 926 1224 1224 1222 1222 1225 1225 1224 1224 926 926 1167 1167 1166 1166 1224 1224 1166 1166 1169 1169 1222 1222 1169 1169 1171 1171 1223 1223 929 929 1223 1223 1171 1171 1223 1223 1222 1222 1169 1169 1222 1222 1224 1224 1166 1166 1224 1224 1225 1225 1167 1167 926 926 925 925 1225 1225 1222 1222 927 927 926 926 1223 1223 928 928 927 927 928 928 1223 1223 929 929 1226 1226 1227 1227 1200 1200 1200 1200 1227 1227 1228 1228 1228 1228 1191 1191 1200 1200 1228 1228 1201 1201 1191 1191 1200 1200 1187 1187 1226 1226 1215 1215 1197 1197 1201 1201 1201 1201 1229 1229 1215 1215 1218 1218 1230 1230 1231 1231 1218 1218 1232 1232 1230 1230 1206 1206 1215 1215 1233 1233 1232 1232 1218 1218 1204 1204 1204 1204 1206 1206 1232 1232 1233 1233 1232 1232 1206 1206 1216 1216 1234 1234 1235 1235 1235 1235 1217 1217 1216 1216 1218 1218 1236 1236 1234 1234 1217 1217 1235 1235 1237 1237 1237 1237 1220 1220 1217 1217 1216 1216 1218 1218 1234 1234 1231 1231 1236 1236 1218 1218 1229 1229 1233 1233 1215 1215 1212 1212 1207 1207 1238 1238 1238 1238 1207 1207 1219 1219 1219 1219 1239 1239 1238 1238 1219 1219 1220 1220 1239 1239 1238 1238 1221 1221 1212 1212 925 925 1221 1221 1240 1240 1225 1225 1240 1240 1241 1241 1241 1241 1167 1167 1225 1225 1240 1240 1225 1225 925 925 1227 1227 1226 1226 1242 1242 1242 1242 1243 1243 1227 1227 1243 1243 1244 1244 1245 1245 1245 1245 1246 1246 1243 1243 1247 1247 1246 1246 1248 1248 1248 1248 1249 1249 1247 1247 1250 1250 1251 1251 1247 1247 1247 1247 1249 1249 1250 1250 1230 1230 1232 1232 1252 1252 1243 1243 1246 1246 1231 1231 1231 1231 1230 1230 1243 1243 1246 1246 1236 1236 1231 1231 1253 1253 1237 1237 1235 1235 1246 1246 1247 1247 1234 1234 1234 1234 1247 1247 1254 1254 1254 1254 1235 1235 1234 1234 1251 1251 1253 1253 1254 1254 1252 1252 1233 1233 1229 1229 1252 1252 1232 1232 1233 1233 1229 1229 1228 1228 1252 1252 1227 1227 1243 1243 1252 1252 1252 1252 1228 1228 1227 1227 1229 1229 1201 1201 1228 1228 1254 1254 1247 1247 1251 1251 1234 1234 1236 1236 1246 1246 1235 1235 1254 1254 1253 1253 1252 1252 1243 1243 1230 1230 1246 1246 1245 1245 1248 1248 1242 1242 1244 1244 1243 1243 1117 1117 1226 1226 1187 1187 1117 1117 1242 1242 1226 1226 1117 1117 1244 1244 1242 1242 1132 1132 1165 1165 1255 1255 1117 1117 1245 1245 1244 1244 1132 1132 1248 1248 1245 1245 1255 1255 1250 1250 1132 1132 1245 1245 1117 1117 1132 1132 1250 1250 1249 1249 1132 1132 1249 1249 1248 1248 1132 1132 1187 1187 1136 1136 1117 1117 1172 1172 1256 1256 1257 1257 1170 1170 1258 1258 1256 1256 1170 1170 1168 1168 1259 1259 1165 1165 1164 1164 1258 1258 1164 1164 1163 1163 1256 1256 1163 1163 1162 1162 1257 1257 1161 1161 1257 1257 1162 1162 1257 1257 1256 1256 1163 1163 1256 1256 1258 1258 1164 1164 1258 1258 1259 1259 1165 1165 1259 1259 1258 1258 1170 1170 1256 1256 1172 1172 1170 1170 1257 1257 1173 1173 1172 1172 1173 1173 1257 1257 1161 1161 1241 1241 1260 1260 1168 1168 1168 1168 1167 1167 1241 1241 1220 1220 1237 1237 1261 1261 1261 1261 1239 1239 1220 1220 1262 1262 1239 1239 1263 1263 1241 1241 1240 1240 1262 1262 1238 1238 1262 1262 1240 1240 1240 1240 1221 1221 1238 1238 1262 1262 1264 1264 1241 1241 1239 1239 1262 1262 1238 1238 1263 1263 1264 1264 1262 1262 1250 1250 1255 1255 1265 1265 1265 1265 1261 1261 1253 1253 1261 1261 1237 1237 1253 1253 1253 1253 1251 1251 1265 1265 1265 1265 1251 1251 1250 1250 1260 1260 1241 1241 1264 1264 1264 1264 1266 1266 1260 1260 1261 1261 1266 1266 1263 1263 1263 1263 1239 1239 1261 1261 1264 1264 1263 1263 1266 1266 1168 1168 1260 1260 1267 1267 1259 1259 1267 1267 1255 1255 1255 1255 1165 1165 1259 1259 1267 1267 1259 1259 1168 1168 1265 1265 1255 1255 1267 1267 1260 1260 1266 1266 1268 1268 1268 1268 1267 1267 1260 1260 1267 1267 1268 1268 1265 1265 1261 1261 1268 1268 1266 1266 1261 1261 1265 1265 1268 1268 1269 1269 1270 1270 840 840 1271 1271 1269 1269 839 839 1272 1272 1271 1271 834 834 1273 1273 1272 1272 844 844 1272 1272 845 845 844 844 1274 1274 1275 1275 830 830 1276 1276 1274 1274 831 831 1277 1277 1276 1276 832 832 1270 1270 1277 1277 829 829 830 830 1275 1275 1278 1278 1278 1278 822 822 830 830 822 822 1279 1279 1280 1280 1280 1280 1281 1281 821 821 847 847 821 821 1281 1281 846 846 847 847 1282 1282 847 847 1283 1283 1282 1282 1282 1282 1273 1273 846 846 1281 1281 1283 1283 847 847 821 821 827 827 1280 1280 1280 1280 827 827 822 822 1278 1278 1279 1279 822 822 829 829 840 840 1270 1270 832 832 829 829 1277 1277 831 831 832 832 1276 1276 830 830 831 831 1274 1274 844 844 846 846 1273 1273 834 834 845 845 1272 1272 839 839 834 834 1271 1271 840 840 839 839 1269 1269 1275 1275 1269 1269 1271 1271 1270 1270 1275 1275 1274 1274 1275 1275 1270 1270 1269 1269 1274 1274 1276 1276 1270 1270 1275 1275 1273 1273 1282 1282 1276 1276 1277 1277 1270 1270 1275 1275 1272 1272 1273 1273 1282 1282 1278 1278 1275 1275 1271 1271 1272 1272 1275 1275 1284 1284 1283 1283 1281 1281 1284 1284 1280 1280 1279 1279 1279 1279 1278 1278 1284 1284 1282 1282 1283 1283 1284 1284 1284 1284 1278 1278 1282 1282 1281 1281 1280 1280 1284 1284 817 817 825 825 1285 1285 1285 1285 1286 1286 817 817 811 811 817 817 1287 1287 1287 1287 1288 1288 811 811 812 812 811 811 1289 1289 1289 1289 1290 1290 812 812 1290 1290 1291 1291 812 812 823 823 812 812 1292 1292 812 812 1293 1293 1292 1292 823 823 1294 1294 1295 1295 823 823 1296 1296 1294 1294 806 806 1297 1297 1298 1298 806 806 1295 1295 1297 1297 814 814 1299 1299 1300 1300 814 814 1298 1298 1299 1299 805 805 1301 1301 1302 1302 805 805 1300 1300 1301 1301 802 802 1303 1303 1304 1304 802 802 1302 1302 1303 1303 803 803 801 801 1305 1305 1306 1306 828 828 803 803 801 801 1304 1304 1305 1305 826 826 828 828 1306 1306 1306 1306 1307 1307 826 826 820 820 826 826 1308 1308 1308 1308 1309 1309 820 820 825 825 820 820 1310 1310 1310 1310 1311 1311 825 825 1311 1311 1312 1312 825 825 1312 1312 1285 1285 825 825 1309 1309 1310 1310 820 820 1307 1307 1308 1308 826 826 1305 1305 1306 1306 803 803 1304 1304 801 801 802 802 1302 1302 802 802 805 805 1300 1300 805 805 814 814 1298 1298 814 814 806 806 1295 1295 806 806 823 823 1292 1292 1296 1296 823 823 1291 1291 1293 1293 812 812 1288 1288 1289 1289 811 811 1286 1286 1287 1287 817 817 1297 1297 1295 1295 1313 1313 1313 1313 1286 1286 1285 1285 1313 1313 1288 1288 1287 1287 1311 1311 1298 1298 1297 1297 1287 1287 1286 1286 1313 1313 1311 1311 1299 1299 1298 1298 1311 1311 1301 1301 1300 1300 1285 1285 1312 1312 1313 1313 1300 1300 1299 1299 1311 1311 1313 1313 1311 1311 1297 1297 1312 1312 1311 1311 1313 1313 1314 1314 1309 1309 1308 1308 1308 1308 1307 1307 1314 1314 1314 1314 1310 1310 1309 1309 1307 1307 1306 1306 1314 1314 1314 1314 1303 1303 1302 1302 1314 1314 1304 1304 1303 1303 1314 1314 1305 1305 1304 1304 1302 1302 1301 1301 1314 1314 1311 1311 1310 1310 1314 1314 1314 1314 1301 1301 1311 1311 1306 1306 1305 1305 1314 1314 1313 1313 1293 1293 1291 1291 1291 1291 1290 1290 1313 1313 1290 1290 1289 1289 1313 1313 1313 1313 1295 1295 1294 1294 1294 1294 1296 1296 1313 1313 1296 1296 1292 1292 1313 1313 1292 1292 1293 1293 1313 1313 1289 1289 1288 1288 1313 1313 1315 1315 1316 1316 1317 1317 1318 1318 1315 1315 1319 1319 1320 1320 1318 1318 1321 1321 1322 1322 1323 1323 1324 1324 1324 1324 1323 1323 1320 1320 1320 1320 1325 1325 1324 1324 1326 1326 1322 1322 1327 1327 1328 1328 1326 1326 1329 1329 1330 1330 1328 1328 1331 1331 1332 1332 1330 1330 1333 1333 1334 1334 1332 1332 1335 1335 1336 1336 1334 1334 1337 1337 1338 1338 1336 1336 1339 1339 1340 1340 1338 1338 1341 1341 1316 1316 1340 1340 1342 1342 1342 1342 1317 1317 1316 1316 1341 1341 1342 1342 1340 1340 1339 1339 1341 1341 1338 1338 1337 1337 1339 1339 1336 1336 1335 1335 1337 1337 1334 1334 1333 1333 1335 1335 1332 1332 1331 1331 1333 1333 1330 1330 1329 1329 1331 1331 1328 1328 1327 1327 1329 1329 1326 1326 1324 1324 1327 1327 1322 1322 1321 1321 1325 1325 1320 1320 1319 1319 1321 1321 1318 1318 1317 1317 1319 1319 1315 1315 1343 1343 1327 1327 1324 1324 1344 1344 1345 1345 1325 1325 1324 1324 1345 1345 1343 1343 1344 1344 1321 1321 1319 1319 1324 1324 1325 1325 1345 1345 1346 1346 1329 1329 1327 1327 1319 1319 1347 1347 1344 1344 1327 1327 1343 1343 1346 1346 1348 1348 1349 1349 1335 1335 1325 1325 1321 1321 1344 1344 1350 1350 1331 1331 1329 1329 1348 1348 1333 1333 1331 1331 1349 1349 1337 1337 1335 1335 1351 1351 1347 1347 1317 1317 1329 1329 1346 1346 1350 1350 1335 1335 1333 1333 1348 1348 1317 1317 1342 1342 1351 1351 1331 1331 1350 1350 1348 1348 1351 1351 1341 1341 1339 1339 1319 1319 1317 1317 1347 1347 1342 1342 1341 1341 1351 1351 1349 1349 1339 1339 1337 1337 1339 1339 1349 1349 1351 1351 1352 1352 1353 1353 1349 1349 1349 1349 1348 1348 1352 1352 1352 1352 1348 1348 1350 1350 1354 1354 1350 1350 1346 1346 1355 1355 1346 1346 1343 1343 1356 1356 1343 1343 1345 1345 1357 1357 1345 1345 1344 1344 1344 1344 1358 1358 1357 1357 1345 1345 1357 1357 1356 1356 1343 1343 1356 1356 1355 1355 1346 1346 1355 1355 1354 1354 1350 1350 1354 1354 1352 1352 1344 1344 1347 1347 1359 1359 1359 1359 1358 1358 1344 1344 1358 1358 1360 1360 1361 1361 1357 1357 1361 1361 1362 1362 1356 1356 1362 1362 1363 1363 1355 1355 1363 1363 1364 1364 1354 1354 1364 1364 1365 1365 1365 1365 1352 1352 1354 1354 1364 1364 1354 1354 1355 1355 1363 1363 1355 1355 1356 1356 1362 1362 1356 1356 1357 1357 1361 1361 1357 1357 1358 1358 1359 1359 1366 1366 1360 1360 1360 1360 1358 1358 1359 1359 1367 1367 1360 1360 1366 1366 1366 1366 1368 1368 1367 1367 1360 1360 1367 1367 1369 1369 1361 1361 1369 1369 1370 1370 1362 1362 1370 1370 1371 1371 1363 1363 1371 1371 1372 1372 1364 1364 1372 1372 1373 1373 1373 1373 1365 1365 1364 1364 1372 1372 1364 1364 1363 1363 1371 1371 1363 1363 1362 1362 1370 1370 1362 1362 1361 1361 1369 1369 1361 1361 1360 1360 1374 1374 1375 1375 1365 1365 1365 1365 1373 1373 1374 1374 1336 1336 1376 1376 1377 1377 1336 1336 1378 1378 1376 1376 1379 1379 1380 1380 1381 1381 1377 1377 1334 1334 1336 1336 1379 1379 1382 1382 1380 1380 1383 1383 1384 1384 1385 1385 1383 1383 1386 1386 1387 1387 1388 1388 1389 1389 1387 1387 1390 1390 1332 1332 1334 1334 1367 1367 1318 1318 1320 1320 1336 1336 1338 1338 1378 1378 1381 1381 1340 1340 1379 1379 1385 1385 1379 1379 1383 1383 1387 1387 1386 1386 1388 1388 1334 1334 1377 1377 1390 1390 1373 1373 1330 1330 1332 1332 1320 1320 1369 1369 1367 1367 1367 1367 1368 1368 1315 1315 1368 1368 1379 1379 1340 1340 1381 1381 1378 1378 1340 1340 1387 1387 1384 1384 1383 1383 1391 1391 1392 1392 1389 1389 1374 1374 1393 1393 1392 1392 1374 1374 1373 1373 1394 1394 1332 1332 1394 1394 1373 1373 1373 1373 1372 1372 1328 1328 1372 1372 1371 1371 1326 1326 1315 1315 1318 1318 1367 1367 1340 1340 1316 1316 1368 1368 1385 1385 1382 1382 1379 1379 1392 1392 1391 1391 1374 1374 1390 1390 1394 1394 1332 1332 1326 1326 1328 1328 1372 1372 1371 1371 1370 1370 1322 1322 1370 1370 1369 1369 1323 1323 1316 1316 1315 1315 1368 1368 1389 1389 1388 1388 1391 1391 1328 1328 1330 1330 1373 1373 1323 1323 1322 1322 1370 1370 1338 1338 1340 1340 1378 1378 1322 1322 1326 1326 1371 1371 1394 1394 1393 1393 1374 1374 1320 1320 1323 1323 1369 1369 1375 1375 1374 1374 1391 1391 1395 1395 1391 1391 1388 1388 1396 1396 1388 1388 1386 1386 1397 1397 1386 1386 1383 1383 1383 1383 1398 1398 1397 1397 1386 1386 1397 1397 1396 1396 1388 1388 1396 1396 1395 1395 1391 1391 1395 1395 1375 1375 1383 1383 1379 1379 1399 1399 1399 1399 1398 1398 1383 1383 1400 1400 1375 1375 1395 1395 1401 1401 1395 1395 1396 1396 1402 1402 1396 1396 1397 1397 1403 1403 1397 1397 1398 1398 1398 1398 1404 1404 1403 1403 1397 1397 1403 1403 1402 1402 1396 1396 1402 1402 1401 1401 1395 1395 1401 1401 1400 1400 1405 1405 1404 1404 1398 1398 1398 1398 1399 1399 1405 1405 1404 1404 1405 1405 1406 1406 1406 1406 1407 1407 1404 1404 1381 1381 1380 1380 1408 1408 1378 1378 1381 1381 1409 1409 1376 1376 1378 1378 1410 1410 1390 1390 1377 1377 1411 1411 1376 1376 1412 1412 1411 1411 1411 1411 1377 1377 1376 1376 1394 1394 1390 1390 1413 1413 1393 1393 1394 1394 1414 1414 1392 1392 1393 1393 1415 1415 1389 1389 1392 1392 1416 1416 1387 1387 1389 1389 1417 1417 1384 1384 1387 1387 1418 1418 1385 1385 1384 1384 1419 1419 1382 1382 1385 1385 1420 1420 1380 1380 1382 1382 1421 1421 1421 1421 1408 1408 1380 1380 1420 1420 1421 1421 1382 1382 1419 1419 1420 1420 1385 1385 1418 1418 1419 1419 1384 1384 1417 1417 1418 1418 1387 1387 1416 1416 1417 1417 1389 1389 1415 1415 1416 1416 1392 1392 1414 1414 1415 1415 1393 1393 1413 1413 1414 1414 1394 1394 1411 1411 1413 1413 1390 1390 1410 1410 1412 1412 1376 1376 1409 1409 1410 1410 1378 1378 1408 1408 1409 1409 1381 1381 1404 1404 1407 1407 1422 1422 1403 1403 1422 1422 1423 1423 1402 1402 1423 1423 1424 1424 1401 1401 1424 1424 1425 1425 1425 1425 1400 1400 1401 1401 1424 1424 1401 1401 1402 1402 1423 1423 1402 1402 1403 1403 1422 1422 1403 1403 1404 1404 1426 1426 1400 1400 1425 1425 1425 1425 1427 1427 1426 1426 1400 1400 1428 1428 1353 1353 1426 1426 1429 1429 1428 1428 1365 1365 1375 1375 1353 1353 1428 1428 1400 1400 1426 1426 1353 1353 1375 1375 1400 1400 1353 1353 1352 1352 1365 1365 1426 1426 1427 1427 1430 1430 1431 1431 1430 1430 1432 1432 1433 1433 1432 1432 1434 1434 1435 1435 1434 1434 1436 1436 1437 1437 1436 1436 1438 1438 1438 1438 1439 1439 1437 1437 1436 1436 1437 1437 1435 1435 1434 1434 1435 1435 1433 1433 1432 1432 1433 1433 1431 1431 1430 1430 1431 1431 1426 1426 1440 1440 1441 1441 1411 1411 1441 1441 1413 1413 1411 1411 1406 1406 1440 1440 1409 1409 1411 1411 1412 1412 1440 1440 1434 1434 1442 1442 1443 1443 1406 1406 1408 1408 1421 1421 1440 1440 1410 1410 1409 1409 1427 1427 1425 1425 1444 1444 1441 1441 1414 1414 1413 1413 1425 1425 1415 1415 1414 1414 1438 1438 1445 1445 1446 1446 1438 1438 1436 1436 1447 1447 1443 1443 1436 1436 1434 1434 1407 1407 1406 1406 1420 1420 1409 1409 1408 1408 1406 1406 1425 1425 1441 1441 1444 1444 1414 1414 1441 1441 1425 1425 1448 1448 1449 1449 1450 1450 1446 1446 1448 1448 1438 1438 1443 1443 1447 1447 1436 1436 1432 1432 1451 1451 1442 1442 1430 1430 1452 1452 1451 1451 1427 1427 1453 1453 1452 1452 1421 1421 1420 1420 1406 1406 1412 1412 1410 1410 1440 1440 1446 1446 1449 1449 1448 1448 1442 1442 1434 1434 1432 1432 1452 1452 1430 1430 1427 1427 1444 1444 1453 1453 1427 1427 1425 1425 1424 1424 1416 1416 1424 1424 1423 1423 1417 1417 1423 1423 1422 1422 1418 1418 1407 1407 1419 1419 1418 1418 1447 1447 1445 1445 1438 1438 1420 1420 1419 1419 1407 1407 1417 1417 1416 1416 1424 1424 1418 1418 1422 1422 1407 1407 1451 1451 1432 1432 1430 1430 1418 1418 1417 1417 1423 1423 1406 1406 1450 1450 1454 1454 1416 1416 1415 1415 1425 1425 1450 1450 1406 1406 1448 1448 1454 1454 1440 1440 1406 1406 1438 1438 1448 1448 1455 1455 1455 1455 1439 1439 1438 1438 1456 1456 1457 1457 1439 1439 1439 1439 1455 1455 1456 1456 1439 1439 1457 1457 1458 1458 1437 1437 1458 1458 1459 1459 1435 1435 1459 1459 1460 1460 1433 1433 1460 1460 1461 1461 1431 1431 1461 1461 1429 1429 1429 1429 1426 1426 1431 1431 1461 1461 1431 1431 1433 1433 1460 1460 1433 1433 1435 1435 1459 1459 1435 1435 1437 1437 1458 1458 1437 1437 1439 1439 1429 1429 1462 1462 1463 1463 1463 1463 1428 1428 1429 1429 1464 1464 1465 1465 1466 1466 1467 1467 1463 1463 1468 1468 1462 1462 1469 1469 1470 1470 1462 1462 1471 1471 1472 1472 1473 1473 1474 1474 1475 1475 1474 1474 1476 1476 1477 1477 1465 1465 1478 1478 1466 1466 1467 1467 1479 1479 1478 1478 1463 1463 1480 1480 1468 1468 1472 1472 1469 1469 1462 1462 1471 1471 1473 1473 1481 1481 1477 1477 1475 1475 1474 1474 1478 1478 1465 1465 1467 1467 1468 1468 1482 1482 1467 1467 1470 1470 1463 1463 1462 1462 1475 1475 1481 1481 1473 1473 1464 1464 1483 1483 1484 1484 1482 1482 1479 1479 1467 1467 1481 1481 1472 1472 1471 1471 1484 1484 1476 1476 1464 1464 1470 1470 1480 1480 1463 1463 1466 1466 1483 1483 1464 1464 1484 1484 1477 1477 1476 1476 1457 1457 1464 1464 1476 1476 1458 1458 1476 1476 1474 1474 1459 1459 1474 1474 1473 1473 1460 1460 1473 1473 1471 1471 1461 1461 1471 1471 1462 1462 1462 1462 1429 1429 1461 1461 1471 1471 1461 1461 1460 1460 1473 1473 1460 1460 1459 1459 1474 1474 1459 1459 1458 1458 1476 1476 1458 1458 1457 1457 1464 1464 1457 1457 1456 1456 1456 1456 1465 1465 1464 1464 1466 1466 1478 1478 1449 1449 1483 1483 1466 1466 1446 1446 1484 1484 1483 1483 1445 1445 1447 1447 1443 1443 1477 1477 1477 1477 1443 1443 1442 1442 1442 1442 1475 1475 1477 1477 1481 1481 1475 1475 1442 1442 1472 1472 1481 1481 1451 1451 1469 1469 1472 1472 1452 1452 1470 1470 1469 1469 1453 1453 1480 1480 1470 1470 1444 1444 1468 1468 1480 1480 1441 1441 1482 1482 1468 1468 1440 1440 1479 1479 1482 1482 1454 1454 1478 1478 1479 1479 1450 1450 1450 1450 1449 1449 1478 1478 1454 1454 1450 1450 1479 1479 1440 1440 1454 1454 1482 1482 1441 1441 1440 1440 1468 1468 1444 1444 1441 1441 1480 1480 1453 1453 1444 1444 1470 1470 1452 1452 1453 1453 1469 1469 1451 1451 1452 1452 1472 1472 1442 1442 1451 1451 1481 1481 1477 1477 1484 1484 1447 1447 1445 1445 1447 1447 1484 1484 1446 1446 1445 1445 1483 1483 1449 1449 1446 1446 1466 1466 1349 1349 1463 1463 1467 1467 1349 1349 1428 1428 1463 1463 1467 1467 1351 1351 1349 1349 1349 1349 1353 1353 1428 1428 1379 1379 1351 1351 1485 1485 1368 1368 1366 1366 1359 1359 1465 1465 1456 1456 1455 1455 1406 1406 1405 1405 1486 1486 1379 1379 1368 1368 1351 1351 1359 1359 1347 1347 1368 1368 1448 1448 1467 1467 1465 1465 1486 1486 1467 1467 1406 1406 1399 1399 1485 1485 1486 1486 1347 1347 1351 1351 1368 1368 1467 1467 1448 1448 1406 1406 1485 1485 1399 1399 1379 1379 1486 1486 1405 1405 1399 1399 1455 1455 1448 1448 1465 1465 1487 1487 1488 1488 1489 1489 1487 1487 1490 1490 1491 1491 1487 1487 1492 1492 1488 1488 1490 1490 1493 1493 1491 1491 1490 1490 1467 1467 1494 1494 1486 1486 1487 1487 1495 1495 1491 1491 1492 1492 1487 1487 1494 1494 1496 1496 1490 1490 1467 1467 1486 1486 1497 1497 1495 1495 1498 1498 1486 1486 1496 1496 1493 1493 1490 1490 1467 1467 1499 1499 1500 1500 1486 1486 1501 1501 1497 1497 1498 1498 1502 1502 1486 1486 1500 1500 1494 1494 1467 1467 1502 1502 1501 1501 1486 1486 1497 1497 1499 1499 1467 1467 1489 1489 1495 1495 1487 1487 1499 1499 1497 1497 1503 1503 1500 1500 1499 1499 1504 1504 1494 1494 1500 1500 1505 1505 1496 1496 1494 1494 1506 1506 1493 1493 1496 1496 1507 1507 1491 1491 1493 1493 1508 1508 1492 1492 1491 1491 1509 1509 1488 1488 1492 1492 1510 1510 1489 1489 1488 1488 1511 1511 1512 1512 1513 1513 1498 1498 1512 1512 1495 1495 1489 1489 1489 1489 1514 1514 1512 1512 1502 1502 1498 1498 1513 1513 1501 1501 1502 1502 1515 1515 1497 1497 1501 1501 1516 1516 1516 1516 1503 1503 1497 1497 1515 1515 1516 1516 1501 1501 1513 1513 1515 1515 1502 1502 1498 1498 1495 1495 1512 1512 1511 1511 1514 1514 1489 1489 1510 1510 1511 1511 1488 1488 1509 1509 1510 1510 1492 1492 1508 1508 1509 1509 1491 1491 1507 1507 1508 1508 1493 1493 1506 1506 1507 1507 1496 1496 1505 1505 1506 1506 1494 1494 1504 1504 1505 1505 1500 1500 1503 1503 1504 1504 1499 1499 1485 1485 1513 1513 1512 1512 1512 1512 1517 1517 1485 1485 1485 1485 1515 1515 1513 1513 1512 1512 1514 1514 1517 1517 1485 1485 1516 1516 1515 1515 1351 1351 1504 1504 1503 1503 1517 1517 1510 1510 1509 1509 1514 1514 1511 1511 1517 1517 1503 1503 1485 1485 1351 1351 1518 1518 1507 1507 1506 1506 1509 1509 1518 1518 1517 1517 1503 1503 1516 1516 1485 1485 1518 1518 1508 1508 1507 1507 1511 1511 1510 1510 1517 1517 1509 1509 1508 1508 1518 1518 1351 1351 1506 1506 1505 1505 1505 1505 1504 1504 1351 1351 1506 1506 1351 1351 1518 1518 1490 1490 1519 1519 1520 1520 1521 1521 1522 1522 1523 1523 1520 1520 1524 1524 1490 1490 1523 1523 1525 1525 1521 1521 1524 1524 1526 1526 1490 1490 1351 1351 1467 1467 1490 1490 1521 1521 1518 1518 1522 1522 1490 1490 1522 1522 1351 1351 1526 1526 1522 1522 1490 1490 1518 1518 1351 1351 1522 1522 1527 1527 1517 1517 1528 1528 1529 1529 1530 1530 1531 1531 1528 1528 1532 1532 1527 1527 1529 1529 1533 1533 1530 1530 1485 1485 1527 1527 1529 1529 1527 1527 1485 1485 1517 1517 1531 1531 1487 1487 1529 1529 1532 1532 1534 1534 1527 1527 1529 1529 1486 1486 1485 1485 1487 1487 1486 1486 1529 1529 1529 1529 1527 1527 1522 1522 1522 1522 1526 1526 1529 1529 1529 1529 1526 1526 1524 1524 1533 1533 1524 1524 1520 1520 1530 1530 1520 1520 1519 1519 1531 1531 1519 1519 1490 1490 1490 1490 1487 1487 1531 1531 1519 1519 1531 1531 1530 1530 1520 1520 1530 1530 1533 1533 1524 1524 1533 1533 1529 1529 1522 1522 1527 1527 1534 1534 1523 1523 1534 1534 1532 1532 1525 1525 1532 1532 1528 1528 1521 1521 1528 1528 1517 1517 1517 1517 1518 1518 1521 1521 1528 1528 1521 1521 1525 1525 1532 1532 1525 1525 1523 1523 1534 1534 1523 1523 1522 1522 1535 1535 1536 1536 1537 1537 1535 1535 1538 1538 1536 1536 1535 1535 1539 1539 1538 1538 1535 1535 1540 1540 1541 1541 1535 1535 1542 1542 1543 1543 1543 1543 1544 1544 1535 1535 1544 1544 1540 1540 1535 1535 1541 1541 1545 1545 1535 1535 1545 1545 1546 1546 1535 1535 1535 1535 1546 1546 1547 1547 1547 1547 1548 1548 1535 1535 1535 1535 1549 1549 1550 1550 1550 1550 1551 1551 1535 1535 1535 1535 1552 1552 1553 1553 1553 1553 1549 1549 1535 1535 1551 1551 1539 1539 1535 1535 1548 1548 1552 1552 1535 1535 1537 1537 1542 1542 1535 1535 1554 1554 1555 1555 1550 1550 1550 1550 1549 1549 1554 1554 1556 1556 1554 1554 1553 1553 1557 1557 1556 1556 1552 1552 1558 1558 1557 1557 1548 1548 1559 1559 1558 1558 1547 1547 1560 1560 1559 1559 1546 1546 1546 1546 1545 1545 1560 1560 1560 1560 1540 1540 1544 1544 1560 1560 1541 1541 1540 1540 1561 1561 1544 1544 1543 1543 1562 1562 1543 1543 1542 1542 1563 1563 1542 1542 1537 1537 1564 1564 1537 1537 1536 1536 1565 1565 1538 1538 1539 1539 1565 1565 1536 1536 1538 1538 1555 1555 1566 1566 1551 1551 1566 1566 1539 1539 1551 1551 1551 1551 1550 1550 1555 1555 1539 1539 1566 1566 1565 1565 1536 1536 1565 1565 1564 1564 1537 1537 1564 1564 1563 1563 1542 1542 1563 1563 1562 1562 1543 1543 1562 1562 1561 1561 1544 1544 1561 1561 1560 1560 1545 1545 1541 1541 1560 1560 1547 1547 1546 1546 1559 1559 1548 1548 1547 1547 1558 1558 1552 1552 1548 1548 1557 1557 1553 1553 1552 1552 1556 1556 1549 1549 1553 1553 1554 1554 1567 1567 1564 1564 1565 1565 1568 1568 1563 1563 1564 1564 1569 1569 1562 1562 1563 1563 1569 1569 1570 1570 1561 1561 1564 1564 1567 1567 1568 1568 1561 1561 1562 1562 1569 1569 1563 1563 1568 1568 1569 1569 1570 1570 1571 1571 1560 1560 1572 1572 1565 1565 1566 1566 1560 1560 1561 1561 1570 1570 1573 1573 1558 1558 1559 1559 1573 1573 1574 1574 1557 1557 1565 1565 1572 1572 1567 1567 1571 1571 1575 1575 1559 1559 1557 1557 1558 1558 1573 1573 1576 1576 1556 1556 1557 1557 1577 1577 1554 1554 1556 1556 1577 1577 1578 1578 1555 1555 1559 1559 1560 1560 1571 1571 1557 1557 1574 1574 1576 1576 1555 1555 1554 1554 1577 1577 1579 1579 1566 1566 1555 1555 1559 1559 1575 1575 1573 1573 1555 1555 1578 1578 1579 1579 1556 1556 1576 1576 1577 1577 1566 1566 1579 1579 1572 1572 1577 1577 1580 1580 1581 1581 1577 1577 1582 1582 1580 1580 1579 1579 1578 1578 1583 1583 1578 1578 1581 1581 1583 1583 1572 1572 1579 1579 1584 1584 1584 1584 1585 1585 1572 1572 1567 1567 1572 1572 1586 1586 1587 1587 1588 1588 1586 1586 1586 1586 1572 1572 1587 1587 1567 1567 1589 1589 1590 1590 1591 1591 1569 1569 1592 1592 1568 1568 1590 1590 1592 1592 1592 1592 1569 1569 1568 1568 1570 1570 1569 1569 1591 1591 1571 1571 1570 1570 1593 1593 1593 1593 1594 1594 1571 1571 1571 1571 1595 1595 1596 1596 1571 1571 1597 1597 1595 1595 1575 1575 1596 1596 1598 1598 1574 1574 1573 1573 1599 1599 1598 1598 1600 1600 1599 1599 1599 1599 1573 1573 1598 1598 1574 1574 1601 1601 1602 1602 1582 1582 1577 1577 1603 1603 1576 1576 1602 1602 1603 1603 1603 1603 1577 1577 1576 1576 1603 1603 1604 1604 1582 1582 1602 1602 1576 1576 1574 1574 1599 1599 1601 1601 1574 1574 1598 1598 1573 1573 1575 1575 1596 1596 1575 1575 1571 1571 1594 1594 1597 1597 1571 1571 1591 1591 1593 1593 1570 1570 1592 1592 1605 1605 1591 1591 1590 1590 1568 1568 1567 1567 1586 1586 1589 1589 1567 1567 1585 1585 1587 1587 1572 1572 1583 1583 1584 1584 1579 1579 1581 1581 1578 1578 1577 1577 1606 1606 1586 1586 1588 1588 1607 1607 1606 1606 1608 1608 1609 1609 1607 1607 1610 1610 1610 1610 1611 1611 1609 1609 1608 1608 1610 1610 1607 1607 1588 1588 1608 1608 1606 1606 1611 1611 1612 1612 1613 1613 1613 1613 1609 1609 1611 1611 1613 1613 1614 1614 1615 1615 1613 1613 1612 1612 1614 1614 1616 1616 1615 1615 1617 1617 1618 1618 1617 1617 1619 1619 1620 1620 1619 1619 1621 1621 1621 1621 1622 1622 1620 1620 1619 1619 1620 1620 1618 1618 1617 1617 1618 1618 1616 1616 1615 1615 1616 1616 1613 1613 1623 1623 1624 1624 1625 1625 1626 1626 1625 1625 1627 1627 1628 1628 1627 1627 1604 1604 1604 1604 1603 1603 1628 1628 1627 1627 1628 1628 1626 1626 1625 1625 1626 1626 1623 1623 1624 1624 1623 1623 1629 1629 1629 1629 1630 1630 1624 1624 1631 1631 1632 1632 1633 1633 1634 1634 1631 1631 1635 1635 1636 1636 1634 1634 1637 1637 1629 1629 1636 1636 1638 1638 1638 1638 1639 1639 1629 1629 1639 1639 1630 1630 1629 1629 1637 1637 1638 1638 1636 1636 1635 1635 1637 1637 1634 1634 1633 1633 1635 1635 1631 1631 1640 1640 1639 1639 1641 1641 1641 1641 1639 1639 1638 1638 1641 1641 1637 1637 1635 1635 1635 1635 1633 1633 1641 1641 1638 1638 1637 1637 1641 1641 1640 1640 1630 1630 1639 1639 1640 1640 1627 1627 1625 1625 1640 1640 1604 1604 1627 1627 1625 1625 1624 1624 1640 1640 1624 1624 1630 1630 1640 1640 1640 1640 1582 1582 1604 1604 1642 1642 1580 1580 1582 1582 1642 1642 1581 1581 1580 1580 1582 1582 1640 1640 1642 1642 1642 1642 1583 1583 1581 1581 1643 1643 1584 1584 1583 1583 1643 1643 1644 1644 1587 1587 1587 1587 1585 1585 1643 1643 1644 1644 1611 1611 1610 1610 1610 1610 1608 1608 1644 1644 1644 1644 1612 1612 1611 1611 1645 1645 1621 1621 1619 1619 1645 1645 1617 1617 1615 1615 1615 1615 1614 1614 1645 1645 1644 1644 1621 1621 1645 1645 1645 1645 1614 1614 1644 1644 1619 1619 1617 1617 1645 1645 1614 1614 1612 1612 1644 1644 1608 1608 1588 1588 1644 1644 1588 1588 1587 1587 1644 1644 1585 1585 1584 1584 1643 1643 1583 1583 1642 1642 1643 1643 1641 1641 1633 1633 1640 1640 1646 1646 1643 1643 1642 1642 1642 1642 1647 1647 1646 1646 1644 1644 1648 1648 1622 1622 1649 1649 1650 1650 1622 1622 1622 1622 1648 1648 1649 1649 1648 1648 1644 1644 1643 1643 1643 1643 1646 1646 1648 1648 1622 1622 1621 1621 1644 1644 1651 1651 1647 1647 1642 1642 1652 1652 1651 1651 1632 1632 1640 1640 1633 1633 1632 1632 1632 1632 1651 1651 1640 1640 1632 1632 1653 1653 1652 1652 1642 1642 1640 1640 1651 1651 1654 1654 1655 1655 1656 1656 1657 1657 1654 1654 1658 1658 1592 1592 1657 1657 1659 1659 1659 1659 1605 1605 1592 1592 1658 1658 1659 1659 1657 1657 1656 1656 1658 1658 1654 1654 1590 1590 1609 1609 1613 1613 1616 1616 1660 1660 1661 1661 1590 1590 1607 1607 1609 1609 1607 1607 1590 1590 1589 1589 1590 1590 1661 1661 1655 1655 1620 1620 1622 1622 1650 1650 1618 1618 1662 1662 1660 1660 1613 1613 1661 1661 1590 1590 1589 1589 1586 1586 1606 1606 1655 1655 1654 1654 1590 1590 1663 1663 1618 1618 1620 1620 1618 1618 1663 1663 1662 1662 1589 1589 1606 1606 1607 1607 1654 1654 1657 1657 1590 1590 1660 1660 1616 1616 1618 1618 1657 1657 1592 1592 1590 1590 1661 1661 1613 1613 1616 1616 1650 1650 1663 1663 1620 1620 1655 1655 1661 1661 1664 1664 1664 1664 1665 1665 1655 1655 1665 1665 1666 1666 1655 1655 1666 1666 1656 1656 1655 1655 1662 1662 1663 1663 1667 1667 1660 1660 1662 1662 1668 1668 1668 1668 1669 1669 1660 1660 1661 1661 1660 1660 1670 1670 1670 1670 1671 1671 1661 1661 1671 1671 1672 1672 1661 1661 1672 1672 1664 1664 1661 1661 1669 1669 1670 1670 1660 1660 1667 1667 1668 1668 1662 1662 1649 1649 1673 1673 1663 1663 1674 1674 1667 1667 1663 1663 1663 1663 1673 1673 1674 1674 1663 1663 1650 1650 1649 1649 1675 1675 1676 1676 1677 1677 1678 1678 1679 1679 1680 1680 1678 1678 1677 1677 1679 1679 1681 1681 1680 1680 1674 1674 1674 1674 1673 1673 1681 1681 1680 1680 1681 1681 1678 1678 1677 1677 1678 1678 1675 1675 1599 1599 1600 1600 1682 1682 1683 1683 1682 1682 1684 1684 1685 1685 1684 1684 1686 1686 1686 1686 1687 1687 1685 1685 1684 1684 1685 1685 1683 1683 1682 1682 1683 1683 1599 1599 1601 1601 1688 1688 1629 1629 1601 1601 1685 1685 1687 1687 1626 1626 1628 1628 1602 1602 1629 1629 1623 1623 1601 1601 1636 1636 1629 1629 1688 1688 1601 1601 1683 1683 1685 1685 1602 1602 1601 1601 1626 1626 1688 1688 1689 1689 1636 1636 1601 1601 1599 1599 1683 1683 1623 1623 1626 1626 1601 1601 1634 1634 1636 1636 1689 1689 1628 1628 1603 1603 1602 1602 1689 1689 1690 1690 1634 1634 1631 1631 1691 1691 1653 1653 1690 1690 1691 1691 1634 1634 1653 1653 1632 1632 1631 1631 1631 1631 1634 1634 1691 1691 1687 1687 1688 1688 1601 1601 1687 1687 1692 1692 1693 1693 1687 1687 1694 1694 1695 1695 1687 1687 1686 1686 1692 1692 1693 1693 1694 1694 1687 1687 1695 1695 1688 1688 1687 1687 1688 1688 1695 1695 1696 1696 1689 1689 1697 1697 1698 1698 1689 1689 1696 1696 1697 1697 1690 1690 1699 1699 1700 1700 1690 1690 1698 1698 1699 1699 1700 1700 1691 1691 1690 1690 1698 1698 1690 1690 1689 1689 1696 1696 1689 1689 1688 1688 1701 1701 1702 1702 1691 1691 1652 1652 1653 1653 1691 1691 1691 1691 1702 1702 1652 1652 1691 1691 1700 1700 1701 1701 1703 1703 1704 1704 1705 1705 1706 1706 1705 1705 1707 1707 1708 1708 1707 1707 1676 1676 1676 1676 1675 1675 1708 1708 1707 1707 1708 1708 1706 1706 1705 1705 1706 1706 1703 1703 1709 1709 1666 1666 1665 1665 1710 1710 1664 1664 1672 1672 1664 1664 1710 1710 1711 1711 1711 1711 1665 1665 1664 1664 1710 1710 1669 1669 1668 1668 1710 1710 1671 1671 1670 1670 1670 1670 1669 1669 1710 1710 1667 1667 1674 1674 1712 1712 1712 1712 1674 1674 1680 1680 1710 1710 1712 1712 1679 1679 1679 1679 1677 1677 1710 1710 1711 1711 1710 1710 1676 1676 1676 1676 1707 1707 1711 1711 1707 1707 1705 1705 1711 1711 1713 1713 1709 1709 1704 1704 1709 1709 1711 1711 1704 1704 1704 1704 1714 1714 1713 1713 1705 1705 1704 1704 1711 1711 1677 1677 1676 1676 1710 1710 1680 1680 1679 1679 1712 1712 1712 1712 1668 1668 1667 1667 1668 1668 1712 1712 1710 1710 1672 1672 1671 1671 1710 1710 1665 1665 1711 1711 1709 1709 1715 1715 1702 1702 1701 1701 1716 1716 1715 1715 1717 1717 1717 1717 1718 1718 1716 1716 1719 1719 1716 1716 1720 1720 1720 1720 1721 1721 1719 1719 1718 1718 1720 1720 1716 1716 1701 1701 1717 1717 1715 1715 1722 1722 1719 1719 1721 1721 1723 1723 1722 1722 1724 1724 1725 1725 1723 1723 1726 1726 1726 1726 1727 1727 1725 1725 1724 1724 1726 1726 1723 1723 1721 1721 1724 1724 1722 1722 1728 1728 1729 1729 1727 1727 1727 1727 1730 1730 1728 1728 1731 1731 1724 1724 1721 1721 1731 1731 1726 1726 1724 1724 1731 1731 1727 1727 1726 1726 1732 1732 1720 1720 1718 1718 1732 1732 1721 1721 1720 1720 1733 1733 1718 1718 1717 1717 1700 1700 1699 1699 1733 1733 1733 1733 1701 1701 1700 1700 1732 1732 1733 1733 1698 1698 1698 1698 1697 1697 1732 1732 1732 1732 1695 1695 1694 1694 1732 1732 1696 1696 1695 1695 1731 1731 1694 1694 1693 1693 1693 1693 1730 1730 1731 1731 1693 1693 1692 1692 1730 1730 1694 1694 1731 1731 1732 1732 1697 1697 1696 1696 1732 1732 1699 1699 1698 1698 1733 1733 1717 1717 1701 1701 1733 1733 1718 1718 1733 1733 1732 1732 1721 1721 1732 1732 1731 1731 1727 1727 1731 1731 1730 1730 1734 1734 1735 1735 1736 1736 1737 1737 1738 1738 1739 1739 1740 1740 1739 1739 1738 1738 1741 1741 1740 1740 1742 1742 1743 1743 1744 1744 1745 1745 1729 1729 1728 1728 1746 1746 1735 1735 1747 1747 1748 1748 1735 1735 1749 1749 1750 1750 1750 1750 1747 1747 1735 1735 1748 1748 1751 1751 1735 1735 1751 1751 1736 1736 1735 1735 1746 1746 1744 1744 1729 1729 1744 1744 1746 1746 1745 1745 1745 1745 1741 1741 1743 1743 1742 1742 1743 1743 1741 1741 1738 1738 1742 1742 1740 1740 1739 1739 1734 1734 1737 1737 1736 1736 1737 1737 1734 1734 1752 1752 1749 1749 1735 1735 1753 1753 1734 1734 1739 1739 1740 1740 1754 1754 1755 1755 1740 1740 1741 1741 1756 1756 1757 1757 1756 1756 1741 1741 1758 1758 1757 1757 1746 1746 1746 1746 1728 1728 1758 1758 1757 1757 1745 1745 1746 1746 1741 1741 1745 1745 1757 1757 1756 1756 1754 1754 1740 1740 1755 1755 1739 1739 1740 1740 1739 1739 1755 1755 1753 1753 1753 1753 1735 1735 1734 1734 1735 1735 1753 1753 1752 1752 1709 1709 1659 1659 1658 1658 1709 1709 1605 1605 1659 1659 1658 1658 1656 1656 1709 1709 1709 1709 1591 1591 1605 1605 1709 1709 1593 1593 1591 1591 1759 1759 1594 1594 1709 1709 1594 1594 1593 1593 1709 1709 1759 1759 1597 1597 1594 1594 1758 1758 1595 1595 1597 1597 1758 1758 1728 1728 1730 1730 1730 1730 1595 1595 1758 1758 1730 1730 1596 1596 1595 1595 1597 1597 1759 1759 1758 1758 1709 1709 1713 1713 1759 1759 1730 1730 1686 1686 1684 1684 1684 1684 1682 1682 1730 1730 1730 1730 1692 1692 1686 1686 1682 1682 1600 1600 1730 1730 1600 1600 1598 1598 1730 1730 1598 1598 1596 1596 1730 1730 1656 1656 1666 1666 1709 1709 1760 1760 1752 1752 1753 1753 1761 1761 1753 1753 1755 1755 1756 1756 1762 1762 1763 1763 1764 1764 1755 1755 1754 1754 1754 1754 1763 1763 1764 1764 1762 1762 1756 1756 1757 1757 1765 1765 1757 1757 1758 1758 1758 1758 1759 1759 1765 1765 1757 1757 1765 1765 1762 1762 1763 1763 1754 1754 1756 1756 1755 1755 1764 1764 1761 1761 1753 1753 1761 1761 1760 1760 1760 1760 1761 1761 1766 1766 1761 1761 1764 1764 1767 1767 1768 1768 1767 1767 1764 1764 1768 1768 1763 1763 1762 1762 1765 1765 1769 1769 1770 1770 1759 1759 1713 1713 1771 1771 1771 1771 1765 1765 1759 1759 1771 1771 1769 1769 1765 1765 1770 1770 1762 1762 1765 1765 1762 1762 1770 1770 1768 1768 1764 1764 1763 1763 1768 1768 1767 1767 1772 1772 1761 1761 1772 1772 1766 1766 1761 1761 1766 1766 1773 1773 1760 1760 1713 1713 1714 1714 1774 1774 1771 1771 1774 1774 1775 1775 1769 1769 1775 1775 1776 1776 1770 1770 1776 1776 1777 1777 1778 1778 1772 1772 1767 1767 1779 1779 1766 1766 1772 1772 1780 1780 1773 1773 1766 1766 1766 1766 1779 1779 1780 1780 1772 1772 1778 1778 1779 1779 1767 1767 1777 1777 1778 1778 1777 1777 1767 1767 1768 1768 1777 1777 1768 1768 1770 1770 1776 1776 1770 1770 1769 1769 1775 1775 1769 1769 1771 1771 1774 1774 1771 1771 1713 1713 1781 1781 1782 1782 1783 1783 1784 1784 1785 1785 1786 1786 1752 1752 1760 1760 1785 1785 1785 1785 1784 1784 1752 1752 1786 1786 1783 1783 1784 1784 1783 1783 1786 1786 1781 1781 1787 1787 1788 1788 1789 1789 1790 1790 1789 1789 1791 1791 1792 1792 1787 1787 1790 1790 1793 1793 1790 1790 1794 1794 1792 1792 1795 1795 1796 1796 1792 1792 1797 1797 1795 1795 1796 1796 1787 1787 1792 1792 1788 1788 1750 1750 1749 1749 1749 1749 1784 1784 1788 1788 1787 1787 1798 1798 1799 1799 1799 1799 1750 1750 1787 1787 1750 1750 1788 1788 1787 1787 1788 1788 1784 1784 1783 1783 1791 1791 1800 1800 1801 1801 1801 1801 1794 1794 1791 1791 1794 1794 1802 1802 1803 1803 1803 1803 1804 1804 1794 1794 1804 1804 1805 1805 1806 1806 1793 1793 1804 1804 1807 1807 1804 1804 1808 1808 1807 1807 1792 1792 1793 1793 1809 1809 1793 1793 1810 1810 1809 1809 1792 1792 1811 1811 1812 1812 1811 1811 1813 1813 1812 1812 1812 1812 1797 1797 1792 1792 1809 1809 1811 1811 1792 1792 1807 1807 1810 1810 1793 1793 1806 1806 1808 1808 1804 1804 1803 1803 1805 1805 1804 1804 1801 1801 1802 1802 1794 1794 1800 1800 1791 1791 1782 1782 1783 1783 1782 1782 1788 1788 1749 1749 1752 1752 1784 1784 1796 1796 1798 1798 1787 1787 1794 1794 1804 1804 1793 1793 1790 1790 1793 1793 1792 1792 1791 1791 1794 1794 1790 1790 1789 1789 1790 1790 1787 1787 1791 1791 1789 1789 1782 1782 1789 1789 1788 1788 1782 1782 1799 1799 1751 1751 1748 1748 1748 1748 1747 1747 1799 1799 1742 1742 1738 1738 1799 1799 1743 1743 1742 1742 1798 1798 1799 1799 1736 1736 1751 1751 1798 1798 1796 1796 1743 1743 1814 1814 1815 1815 1816 1816 1814 1814 1817 1817 1818 1818 1725 1725 1819 1819 1820 1820 1799 1799 1737 1737 1736 1736 1799 1799 1798 1798 1742 1742 1821 1821 1812 1812 1813 1813 1816 1816 1822 1822 1814 1814 1818 1818 1823 1823 1814 1814 1725 1725 1824 1824 1819 1819 1738 1738 1737 1737 1799 1799 1821 1821 1729 1729 1744 1744 1729 1729 1821 1821 1825 1825 1821 1821 1797 1797 1812 1812 1818 1818 1826 1826 1827 1827 1814 1814 1828 1828 1829 1829 1823 1823 1815 1815 1814 1814 1725 1725 1830 1830 1824 1824 1725 1725 1727 1727 1831 1831 1796 1796 1744 1744 1743 1743 1825 1825 1727 1727 1729 1729 1821 1821 1795 1795 1797 1797 1813 1813 1827 1827 1832 1832 1818 1818 1817 1817 1826 1826 1822 1822 1828 1828 1814 1814 1831 1831 1830 1830 1725 1725 1744 1744 1796 1796 1821 1821 1821 1821 1796 1796 1795 1795 1827 1827 1813 1813 1818 1818 1833 1833 1820 1820 1814 1814 1727 1727 1834 1834 1831 1831 1813 1813 1835 1835 1821 1821 1829 1829 1833 1833 1814 1814 1727 1727 1825 1825 1834 1834 1832 1832 1835 1835 1813 1813 1747 1747 1750 1750 1799 1799 1820 1820 1833 1833 1725 1725 1836 1836 1837 1837 1838 1838 1839 1839 1838 1838 1840 1840 1841 1841 1836 1836 1839 1839 1842 1842 1839 1839 1843 1843 1844 1844 1841 1841 1842 1842 1845 1845 1842 1842 1846 1846 1847 1847 1844 1844 1845 1845 1848 1848 1845 1845 1849 1849 1844 1844 1847 1847 1833 1833 1833 1833 1829 1829 1844 1844 1841 1841 1844 1844 1828 1828 1828 1828 1822 1822 1841 1841 1836 1836 1841 1841 1816 1816 1837 1837 1836 1836 1815 1815 1815 1815 1823 1823 1837 1837 1823 1823 1818 1818 1837 1837 1816 1816 1815 1815 1836 1836 1822 1822 1816 1816 1841 1841 1829 1829 1828 1828 1844 1844 1849 1849 1850 1850 1848 1848 1845 1845 1848 1848 1847 1847 1846 1846 1849 1849 1845 1845 1842 1842 1845 1845 1844 1844 1843 1843 1846 1846 1842 1842 1839 1839 1842 1842 1841 1841 1840 1840 1843 1843 1839 1839 1838 1838 1839 1839 1836 1836 1832 1832 1827 1827 1851 1851 1835 1835 1832 1832 1852 1852 1821 1821 1835 1835 1853 1853 1825 1825 1821 1821 1854 1854 1834 1834 1825 1825 1855 1855 1831 1831 1834 1834 1856 1856 1830 1830 1831 1831 1857 1857 1824 1824 1830 1830 1858 1858 1819 1819 1824 1824 1859 1859 1860 1860 1814 1814 1820 1820 1819 1819 1861 1861 1862 1862 1862 1862 1820 1820 1819 1819 1817 1817 1814 1814 1860 1860 1826 1826 1817 1817 1863 1863 1827 1827 1826 1826 1864 1864 1864 1864 1851 1851 1827 1827 1863 1863 1864 1864 1826 1826 1860 1860 1863 1863 1817 1817 1820 1820 1862 1862 1860 1860 1859 1859 1861 1861 1819 1819 1858 1858 1859 1859 1824 1824 1857 1857 1858 1858 1830 1830 1856 1856 1857 1857 1831 1831 1855 1855 1856 1856 1834 1834 1854 1854 1855 1855 1825 1825 1853 1853 1854 1854 1821 1821 1852 1852 1853 1853 1835 1835 1851 1851 1852 1852 1832 1832 1865 1865 1866 1866 1857 1857 1867 1867 1858 1858 1857 1857 1868 1868 1869 1869 1862 1862 1857 1857 1866 1866 1867 1867 1870 1870 1859 1859 1858 1858 1869 1869 1860 1860 1862 1862 1871 1871 1863 1863 1860 1860 1872 1872 1851 1851 1864 1864 1873 1873 1865 1865 1856 1856 1858 1858 1867 1867 1870 1870 1868 1868 1861 1861 1859 1859 1860 1860 1869 1869 1871 1871 1874 1874 1864 1864 1863 1863 1864 1864 1874 1874 1872 1872 1875 1875 1873 1873 1855 1855 1857 1857 1856 1856 1865 1865 1862 1862 1861 1861 1868 1868 1872 1872 1876 1876 1851 1851 1877 1877 1878 1878 1853 1853 1878 1878 1875 1875 1854 1854 1856 1856 1855 1855 1873 1873 1863 1863 1871 1871 1874 1874 1876 1876 1877 1877 1852 1852 1854 1854 1853 1853 1878 1878 1859 1859 1870 1870 1868 1868 1853 1853 1852 1852 1877 1877 1852 1852 1851 1851 1876 1876 1855 1855 1854 1854 1875 1875 1879 1879 1880 1880 1808 1808 1880 1880 1807 1807 1808 1808 1806 1806 1881 1881 1882 1882 1882 1882 1883 1883 1806 1806 1883 1883 1879 1879 1806 1806 1810 1810 1807 1807 1884 1884 1885 1885 1809 1809 1810 1810 1807 1807 1880 1880 1884 1884 1884 1884 1885 1885 1810 1810 1818 1818 1886 1886 1887 1887 1818 1818 1888 1888 1886 1886 1818 1818 1872 1872 1888 1888 1813 1813 1876 1876 1872 1872 1872 1872 1818 1818 1813 1813 1811 1811 1809 1809 1889 1889 1890 1890 1813 1813 1811 1811 1889 1889 1890 1890 1811 1811 1890 1890 1891 1891 1813 1813 1891 1891 1876 1876 1813 1813 1837 1837 1892 1892 1893 1893 1893 1893 1838 1838 1837 1837 1837 1837 1887 1887 1892 1892 1840 1840 1894 1894 1895 1895 1840 1840 1896 1896 1894 1894 1840 1840 1838 1838 1897 1897 1897 1897 1896 1896 1840 1840 1895 1895 1898 1898 1840 1840 1893 1893 1897 1897 1838 1838 1887 1887 1837 1837 1818 1818 1885 1885 1889 1889 1809 1809 1808 1808 1806 1806 1879 1879 1877 1877 1876 1876 1891 1891 1878 1878 1877 1877 1890 1890 1890 1890 1889 1889 1878 1878 1875 1875 1878 1878 1885 1885 1873 1873 1875 1875 1884 1884 1884 1884 1880 1880 1873 1873 1865 1865 1873 1873 1879 1879 1879 1879 1883 1883 1865 1865 1866 1866 1865 1865 1881 1881 1865 1865 1882 1882 1881 1881 1867 1867 1866 1866 1899 1899 1867 1867 1900 1900 1898 1898 1898 1898 1870 1870 1867 1867 1870 1870 1894 1894 1896 1896 1870 1870 1895 1895 1894 1894 1868 1868 1897 1897 1893 1893 1868 1868 1896 1896 1897 1897 1869 1869 1893 1893 1892 1892 1871 1871 1887 1887 1886 1886 1871 1871 1892 1892 1887 1887 1874 1874 1886 1886 1888 1888 1888 1888 1872 1872 1874 1874 1886 1886 1874 1874 1871 1871 1892 1892 1871 1871 1869 1869 1893 1893 1869 1869 1868 1868 1896 1896 1868 1868 1870 1870 1898 1898 1895 1895 1870 1870 1899 1899 1900 1900 1867 1867 1881 1881 1899 1899 1866 1866 1883 1883 1882 1882 1865 1865 1880 1880 1879 1879 1873 1873 1885 1885 1884 1884 1875 1875 1889 1889 1885 1885 1878 1878 1891 1891 1890 1890 1877 1877 1901 1901 1899 1899 1881 1881 1900 1900 1899 1899 1901 1901 1901 1901 1902 1902 1900 1900 1903 1903 1840 1840 1898 1898 1900 1900 1902 1902 1903 1903 1898 1898 1900 1900 1903 1903 1901 1901 1904 1904 1902 1902 1881 1881 1806 1806 1901 1901 1905 1905 1906 1906 1904 1904 1907 1907 1908 1908 1906 1906 1907 1907 1909 1909 1910 1910 1909 1909 1911 1911 1912 1912 1901 1901 1806 1806 1805 1805 1805 1805 1905 1905 1901 1901 1905 1905 1803 1803 1802 1802 1802 1802 1907 1907 1905 1905 1907 1907 1801 1801 1800 1800 1800 1800 1782 1782 1911 1911 1911 1911 1909 1909 1800 1800 1800 1800 1909 1909 1907 1907 1802 1802 1801 1801 1907 1907 1805 1805 1803 1803 1905 1905 1912 1912 1910 1910 1909 1909 1910 1910 1908 1908 1907 1907 1906 1906 1905 1905 1907 1907 1904 1904 1901 1901 1905 1905 1843 1843 1840 1840 1903 1903 1913 1913 1903 1903 1902 1902 1846 1846 1843 1843 1913 1913 1914 1914 1913 1913 1915 1915 1849 1849 1846 1846 1914 1914 1916 1916 1914 1914 1917 1917 1850 1850 1849 1849 1916 1916 1918 1918 1916 1916 1919 1919 1919 1919 1920 1920 1918 1918 1916 1916 1918 1918 1850 1850 1917 1917 1919 1919 1916 1916 1914 1914 1916 1916 1849 1849 1915 1915 1917 1917 1914 1914 1913 1913 1914 1914 1846 1846 1902 1902 1915 1915 1913 1913 1903 1903 1913 1913 1843 1843 1921 1921 1922 1922 1923 1923 1902 1902 1924 1924 1922 1922 1902 1902 1904 1904 1924 1924 1922 1922 1921 1921 1902 1902 1923 1923 1925 1925 1921 1921 1915 1915 1902 1902 1921 1921 1917 1917 1915 1915 1926 1926 1919 1919 1917 1917 1927 1927 1920 1920 1919 1919 1928 1928 1926 1926 1921 1921 1925 1925 1925 1925 1929 1929 1926 1926 1927 1927 1926 1926 1930 1930 1930 1930 1931 1931 1927 1927 1927 1927 1932 1932 1933 1933 1927 1927 1931 1931 1934 1934 1934 1934 1932 1932 1927 1927 1928 1928 1935 1935 1936 1936 1928 1928 1933 1933 1935 1935 1936 1936 1937 1937 1928 1928 1933 1933 1928 1928 1927 1927 1930 1930 1938 1938 1931 1931 1929 1929 1930 1930 1926 1926 1928 1928 1937 1937 1920 1920 1927 1927 1928 1928 1919 1919 1926 1926 1927 1927 1917 1917 1921 1921 1926 1926 1915 1915 1939 1939 1940 1940 1941 1941 1942 1942 1941 1941 1943 1943 1944 1944 1939 1939 1942 1942 1945 1945 1942 1942 1946 1946 1947 1947 1946 1946 1948 1948 1946 1946 1949 1949 1948 1948 1950 1950 1951 1951 1952 1952 1947 1947 1952 1952 1953 1953 1953 1953 1945 1945 1947 1947 1945 1945 1954 1954 1955 1955 1955 1955 1944 1944 1945 1945 1944 1944 1956 1956 1957 1957 1939 1939 1944 1944 1958 1958 1944 1944 1959 1959 1958 1958 1940 1940 1939 1939 1960 1960 1939 1939 1961 1961 1960 1960 1943 1943 1781 1781 1786 1786 1946 1946 1943 1943 1780 1780 1943 1943 1785 1785 1773 1773 1785 1785 1760 1760 1773 1773 1773 1773 1780 1780 1943 1943 1780 1780 1949 1949 1946 1946 1786 1786 1785 1785 1943 1943 1781 1781 1940 1940 1962 1962 1960 1960 1962 1962 1940 1940 1958 1958 1961 1961 1939 1939 1957 1957 1959 1959 1944 1944 1955 1955 1956 1956 1944 1944 1953 1953 1954 1954 1945 1945 1952 1952 1947 1947 1950 1950 1948 1948 1950 1950 1947 1947 1946 1946 1947 1947 1945 1945 1942 1942 1945 1945 1944 1944 1943 1943 1946 1946 1942 1942 1941 1941 1942 1942 1939 1939 1943 1943 1941 1941 1781 1781 1941 1941 1940 1940 1781 1781 1963 1963 1964 1964 1951 1951 1963 1963 1777 1777 1776 1776 1704 1704 1703 1703 1965 1965 1703 1703 1966 1966 1967 1967 1968 1968 1967 1967 1966 1966 1968 1968 1969 1969 1970 1970 1968 1968 1971 1971 1972 1972 1968 1968 1973 1973 1974 1974 1963 1963 1948 1948 1949 1949 1951 1951 1950 1950 1963 1963 1975 1975 1775 1775 1774 1774 1776 1776 1975 1975 1976 1976 1965 1965 1977 1977 1704 1704 1966 1966 1973 1973 1968 1968 1968 1968 1978 1978 1969 1969 1974 1974 1971 1971 1968 1968 1950 1950 1948 1948 1963 1963 1774 1774 1714 1714 1975 1975 1776 1776 1976 1976 1963 1963 1703 1703 1979 1979 1965 1965 1967 1967 1980 1980 1703 1703 1972 1972 1978 1978 1968 1968 1951 1951 1981 1981 1982 1982 1949 1949 1778 1778 1777 1777 1776 1776 1775 1775 1975 1975 1980 1980 1979 1979 1703 1703 1970 1970 1982 1982 1983 1983 1951 1951 1984 1984 1981 1981 1949 1949 1779 1779 1778 1778 1977 1977 1975 1975 1704 1704 1982 1982 1970 1970 1951 1951 1949 1949 1780 1780 1779 1779 1970 1970 1983 1983 1968 1968 1949 1949 1777 1777 1963 1963 1964 1964 1984 1984 1951 1951 1714 1714 1704 1704 1975 1975 1985 1985 1986 1986 1987 1987 1988 1988 1987 1987 1989 1989 1990 1990 1985 1985 1988 1988 1991 1991 1988 1988 1992 1992 1993 1993 1990 1990 1991 1991 1994 1994 1991 1991 1995 1995 1996 1996 1993 1993 1994 1994 1997 1997 1994 1994 1998 1998 1989 1989 1969 1969 1978 1978 1989 1989 1970 1970 1969 1969 1992 1992 1972 1972 1971 1971 1992 1992 1978 1978 1972 1972 1995 1995 1974 1974 1973 1973 1995 1995 1971 1971 1974 1974 1998 1998 1973 1973 1966 1966 1966 1966 1999 1999 1998 1998 1973 1973 1998 1998 1995 1995 1971 1971 1995 1995 1992 1992 1978 1978 1992 1992 1989 1989 1998 1998 1999 1999 1997 1997 1994 1994 1997 1997 1996 1996 1995 1995 1998 1998 1994 1994 1991 1991 1994 1994 1993 1993 1992 1992 1995 1995 1991 1991 1988 1988 1991 1991 1990 1990 1989 1989 1992 1992 1988 1988 1987 1987 1988 1988 1985 1985 1649 1649 2000 2000 2001 2001 2000 2000 1649 1649 1648 1648 2001 2001 1673 1673 1649 1649 1725 1725 1847 1847 1848 1848 1850 1850 1722 1722 1723 1723 1652 1652 1702 1702 1918 1918 2001 2001 1996 1996 1673 1673 1996 1996 1703 1703 1706 1706 1703 1703 1996 1996 1997 1997 1725 1725 1833 1833 1847 1847 1850 1850 1719 1719 1722 1722 1702 1702 1850 1850 1918 1918 1920 1920 1937 1937 1651 1651 2002 2002 1648 1648 1646 1646 1996 1996 1681 1681 1673 1673 1706 1706 1708 1708 1996 1996 1997 1997 1999 1999 1703 1703 1723 1723 1725 1725 1850 1850 1651 1651 1652 1652 1920 1920 1648 1648 2002 2002 2000 2000 1999 1999 1966 1966 1703 1703 1850 1850 1716 1716 1719 1719 1918 1918 1920 1920 1652 1652 1937 1937 1936 1936 1647 1647 1996 1996 1678 1678 1681 1681 1708 1708 1675 1675 1996 1996 1850 1850 1715 1715 1716 1716 1647 1647 1651 1651 1937 1937 2003 2003 1646 1646 1647 1647 1675 1675 1678 1678 1996 1996 1702 1702 1715 1715 1850 1850 1646 1646 2003 2003 2002 2002 1647 1647 1936 1936 2003 2003 1848 1848 1850 1850 1725 1725 2004 2004 2005 2005 2006 2006 2007 2007 2006 2006 1986 1986 2008 2008 2004 2004 2007 2007 2009 2009 2007 2007 1985 1985 2010 2010 2008 2008 2009 2009 2011 2011 2009 2009 1990 1990 2000 2000 2010 2010 2011 2011 2001 2001 2011 2011 1993 1993 1993 1993 1996 1996 2001 2001 2011 2011 2001 2001 2000 2000 1990 1990 1993 1993 2011 2011 2009 2009 2011 2011 2010 2010 1985 1985 1990 1990 2009 2009 2007 2007 2009 2009 2008 2008 1986 1986 1985 1985 2007 2007 2006 2006 2007 2007 2004 2004 2012 2012 2013 2013 1959 1959 2013 2013 1958 1958 1959 1959 2013 2013 2014 2014 1961 1961 2014 2014 1960 1960 1961 1961 2014 2014 2015 2015 1962 1962 1962 1962 2015 2015 2016 2016 2013 2013 2012 2012 2017 2017 2014 2014 2013 2013 2018 2018 2014 2014 2019 2019 2020 2020 2015 2015 2020 2020 2021 2021 2021 2021 2016 2016 2015 2015 2020 2020 2015 2015 2014 2014 2018 2018 2019 2019 2014 2014 2017 2017 2018 2018 2013 2013 2016 2016 1781 1781 1962 1962 1962 1962 1960 1960 2014 2014 1961 1961 1958 1958 2013 2013 1959 1959 1957 1957 2012 2012 1781 1781 2016 2016 1911 1911 1911 1911 2016 2016 2021 2021 2022 2022 2023 2023 2024 2024 2022 2022 2021 2021 2023 2023 2024 2024 2025 2025 2022 2022 2022 2022 1912 1912 2021 2021 2021 2021 1912 1912 1911 1911 1911 1911 1782 1782 1781 1781 1977 1977 1965 1965 2026 2026 1975 1975 1977 1977 2027 2027 1976 1976 1975 1975 2028 2028 1964 1964 1963 1963 2029 2029 2029 2029 1963 1963 1976 1976 1976 1976 2030 2030 2029 2029 1984 1984 1964 1964 2031 2031 1981 1981 1984 1984 2032 2032 1982 1982 1981 1981 2033 2033 1983 1983 1982 1982 2034 2034 1968 1968 1983 1983 2035 2035 1967 1967 1968 1968 2036 2036 1980 1980 1967 1967 2037 2037 1979 1979 1980 1980 2038 2038 1965 1965 1979 1979 2039 2039 2039 2039 2026 2026 1965 1965 2038 2038 2039 2039 1979 1979 2037 2037 2038 2038 1980 1980 2036 2036 2037 2037 1967 1967 2035 2035 2036 2036 1968 1968 2034 2034 2035 2035 1983 1983 2033 2033 2034 2034 1982 1982 2032 2032 2033 2033 1981 1981 2031 2031 2032 2032 1984 1984 2029 2029 2031 2031 1964 1964 2028 2028 2030 2030 1976 1976 2027 2027 2028 2028 1975 1975 2026 2026 2027 2027 1977 1977 1986 1986 2040 2040 2041 2041 1986 1986 2042 2042 2043 2043 2043 2043 2044 2044 1986 1986 2044 2044 2040 2040 1986 1986 1989 1989 1987 1987 2045 2045 1987 1987 2041 2041 2045 2045 2045 2045 2046 2046 1989 1989 1952 1952 2047 2047 2048 2048 2048 2048 1953 1953 1952 1952 1951 1951 2049 2049 2047 2047 1951 1951 2050 2050 2049 2049 1951 1951 1970 1970 2051 2051 2051 2051 2050 2050 1951 1951 1970 1970 1989 1989 2052 2052 2052 2052 2053 2053 1970 1970 2053 2053 2054 2054 1970 1970 2054 2054 2051 2051 1970 1970 1954 1954 2055 2055 2056 2056 2056 2056 1955 1955 1954 1954 1954 1954 1953 1953 2055 2055 1953 1953 2048 2048 2055 2055 1957 1957 2057 2057 2058 2058 1957 1957 2059 2059 2057 2057 2059 2059 1957 1957 1956 1956 1956 1956 2060 2060 2059 2059 1956 1956 1955 1955 2060 2060 2058 2058 2061 2061 1957 1957 2056 2056 2060 2060 1955 1955 1952 1952 1951 1951 2047 2047 2046 2046 2052 2052 1989 1989 2041 2041 1987 1987 1986 1986 2062 2062 2063 2063 2031 2031 2064 2064 2062 2062 2030 2030 2031 2031 2029 2029 2062 2062 2029 2029 2030 2030 2062 2062 2063 2063 2065 2065 2032 2032 2066 2066 2039 2039 2038 2038 2067 2067 2026 2026 2039 2039 2068 2068 2069 2069 2027 2027 2032 2032 2031 2031 2063 2063 2065 2065 2050 2050 2033 2033 2050 2050 2051 2051 2034 2034 2070 2070 2035 2035 2034 2034 2039 2039 2066 2066 2067 2067 2026 2026 2067 2067 2068 2068 2069 2069 2064 2064 2028 2028 2033 2033 2032 2032 2065 2065 2034 2034 2051 2051 2070 2070 2071 2071 2036 2036 2035 2035 2027 2027 2026 2026 2068 2068 2030 2030 2028 2028 2064 2064 2035 2035 2070 2070 2071 2071 2072 2072 2037 2037 2036 2036 2028 2028 2027 2027 2069 2069 2036 2036 2071 2071 2072 2072 2073 2073 2038 2038 2037 2037 2034 2034 2033 2033 2050 2050 2038 2038 2073 2073 2066 2066 2037 2037 2072 2072 2073 2073 2070 2070 2051 2051 2054 2054 2071 2071 2070 2070 2053 2053 2053 2053 2052 2052 2071 2071 2072 2072 2071 2071 2046 2046 2073 2073 2072 2072 2045 2045 2045 2045 2041 2041 2073 2073 2066 2066 2073 2073 2040 2040 2040 2040 2044 2044 2066 2066 2067 2067 2066 2066 2042 2042 2066 2066 2043 2043 2042 2042 2068 2068 2067 2067 2074 2074 2068 2068 2075 2075 2061 2061 2061 2061 2069 2069 2068 2068 2069 2069 2057 2057 2059 2059 2069 2069 2058 2058 2057 2057 2064 2064 2060 2060 2056 2056 2064 2064 2059 2059 2060 2060 2062 2062 2056 2056 2055 2055 2063 2063 2048 2048 2047 2047 2063 2063 2055 2055 2048 2048 2065 2065 2047 2047 2049 2049 2049 2049 2050 2050 2065 2065 2047 2047 2065 2065 2063 2063 2055 2055 2063 2063 2062 2062 2056 2056 2062 2062 2064 2064 2059 2059 2064 2064 2069 2069 2061 2061 2058 2058 2069 2069 2074 2074 2075 2075 2068 2068 2042 2042 2074 2074 2067 2067 2044 2044 2043 2043 2066 2066 2041 2041 2040 2040 2073 2073 2046 2046 2045 2045 2072 2072 2052 2052 2046 2046 2071 2071 2054 2054 2053 2053 2070 2070 2006 2006 2074 2074 2042 2042 2042 2042 1986 1986 2006 2006 2074 2074 2005 2005 2012 2012 2005 2005 2017 2017 2012 2012 2012 2012 1957 1957 2061 2061 2061 2061 2075 2075 2012 2012 2012 2012 2075 2075 2074 2074 2006 2006 2005 2005 2074 2074 2076 2076 2077 2077 2005 2005 2078 2078 2076 2076 2004 2004 2079 2079 2078 2078 2008 2008 2002 2002 2079 2079 2010 2010 2079 2079 2080 2080 2081 2081 2079 2079 2002 2002 2003 2003 2003 2003 2080 2080 2079 2079 2078 2078 2079 2079 2082 2082 2082 2082 2083 2083 2078 2078 2078 2078 2084 2084 2085 2085 2084 2084 2086 2086 2085 2085 2076 2076 2087 2087 2088 2088 2076 2076 2085 2085 2087 2087 2088 2088 2077 2077 2076 2076 2085 2085 2076 2076 2078 2078 2083 2083 2084 2084 2078 2078 2081 2081 2082 2082 2079 2079 2010 2010 2000 2000 2002 2002 2008 2008 2010 2010 2079 2079 2004 2004 2008 2008 2078 2078 2005 2005 2004 2004 2076 2076 2077 2077 2088 2088 2089 2089 2005 2005 2077 2077 2090 2090 2090 2090 2091 2091 2005 2005 2091 2091 2017 2017 2005 2005 2089 2089 2090 2090 2077 2077 2092 2092 2093 2093 2094 2094 2092 2092 2095 2095 2093 2093 2094 2094 2096 2096 2092 2092 2084 2084 1931 1931 2095 2095 1931 1931 1938 1938 2095 2095 2095 2095 2097 2097 2084 2084 1934 1934 2083 2083 2082 2082 2082 2082 1932 1932 1934 1934 1931 1931 2084 2084 2083 2083 2080 2080 1935 1935 1933 1933 2080 2080 2003 2003 1936 1936 1936 1936 1935 1935 2080 2080 1932 1932 2082 2082 2081 2081 2081 2081 2080 2080 1932 1932 1933 1933 1932 1932 2080 2080 1934 1934 1931 1931 2083 2083 2097 2097 2086 2086 2084 2084 2092 2092 2097 2097 2095 2095 2098 2098 1929 1929 1925 1925 2098 2098 1938 1938 1930 1930 1930 1930 1929 1929 2098 2098 2098 2098 2093 2093 2095 2095 2098 2098 2099 2099 2094 2094 2094 2094 2093 2093 2098 2098 2095 2095 1938 1938 2098 2098 1925 1925 1923 1923 2098 2098 2099 2099 2100 2100 2101 2101 2099 2099 2102 2102 2096 2096 2096 2096 2094 2094 2099 2099 2101 2101 2102 2102 2099 2099 2103 2103 2087 2087 2085 2085 2103 2103 2089 2089 2088 2088 2088 2088 2087 2087 2103 2103 2103 2103 2092 2092 2096 2096 2103 2103 2086 2086 2097 2097 2097 2097 2092 2092 2103 2103 2096 2096 2102 2102 2103 2103 2085 2085 2086 2086 2103 2103 2104 2104 1908 1908 1910 1910 1922 1922 1924 1924 2105 2105 2104 2104 2106 2106 2105 2105 2105 2105 1908 1908 2104 2104 1906 1906 2105 2105 1924 1924 2022 2022 2025 2025 2107 2107 1910 1910 1912 1912 2022 2022 2104 2104 2107 2107 2108 2108 2109 2109 2106 2106 2104 2104 2110 2110 1922 1922 2106 2106 2106 2106 2109 2109 2110 2110 2110 2110 2111 2111 1922 1922 2111 2111 1923 1923 1922 1922 2104 2104 2112 2112 2109 2109 2108 2108 2112 2112 2104 2104 2108 2108 2107 2107 2025 2025 2107 2107 1910 1910 2022 2022 1924 1924 1904 1904 1906 1906 2105 2105 1906 1906 1908 1908 2105 2105 2106 2106 1922 1922 1910 1910 2107 2107 2104 2104 2098 2098 1923 1923 2113 2113 1923 1923 2111 2111 2113 2113 2098 2098 2114 2114 2100 2100 2100 2100 2099 2099 2098 2098 2113 2113 2114 2114 2098 2098 2025 2025 2115 2115 2116 2116 2114 2114 2113 2113 2117 2117 2118 2118 2117 2117 2116 2116 2113 2113 2110 2110 2109 2109 2113 2113 2111 2111 2110 2110 2117 2117 2109 2109 2112 2112 2112 2112 2116 2116 2117 2117 2115 2115 2025 2025 2119 2119 2118 2118 2115 2115 2120 2120 2115 2115 2121 2121 2120 2120 2114 2114 2118 2118 2122 2122 2122 2122 2100 2100 2114 2114 2120 2120 2122 2122 2118 2118 2119 2119 2121 2121 2115 2115 2112 2112 2108 2108 2116 2116 2109 2109 2117 2117 2113 2113 2116 2116 2115 2115 2118 2118 2117 2117 2118 2118 2114 2114 2116 2116 2108 2108 2025 2025 2123 2123 2019 2019 2124 2124 2019 2019 2018 2018 2124 2124 2021 2021 2020 2020 2125 2125 2090 2090 2126 2126 2124 2124 2018 2018 2017 2017 2091 2091 2123 2123 2125 2125 2020 2020 2127 2127 2128 2128 2126 2126 2090 2090 2089 2089 2127 2127 2129 2129 2130 2130 2123 2123 2126 2126 2128 2128 2129 2129 2123 2123 2130 2130 2131 2131 2132 2132 2024 2024 2023 2023 2125 2125 2131 2131 2132 2132 2023 2023 2125 2125 2132 2132 2131 2131 2125 2125 2123 2123 2123 2123 2126 2126 2129 2129 2126 2126 2090 2090 2127 2127 2020 2020 2019 2019 2123 2123 2091 2091 2124 2124 2018 2018 2124 2124 2091 2091 2090 2090 2125 2125 2023 2023 2021 2021 2124 2124 2126 2126 2123 2123 2133 2133 2119 2119 2025 2025 2133 2133 2121 2121 2119 2119 2120 2120 2121 2121 2133 2133 2122 2122 2120 2120 2134 2134 2135 2135 2100 2100 2122 2122 2134 2134 2135 2135 2122 2122 2135 2135 2101 2101 2100 2100 2133 2133 2134 2134 2120 2120 2025 2025 2024 2024 2133 2133 2127 2127 2089 2089 2103 2103 2102 2102 2101 2101 2136 2136 2136 2136 2103 2103 2102 2102 2136 2136 2137 2137 2103 2103 2103 2103 2137 2137 2127 2127 2024 2024 2138 2138 2139 2139 2137 2137 2136 2136 2140 2140 2141 2141 2140 2140 2139 2139 2136 2136 2101 2101 2135 2135 2139 2139 2140 2140 2134 2134 2140 2140 2135 2135 2134 2134 2138 2138 2024 2024 2132 2132 2141 2141 2138 2138 2130 2130 2138 2138 2131 2131 2130 2130 2137 2137 2141 2141 2128 2128 2141 2141 2129 2129 2128 2128 2128 2128 2127 2127 2137 2137 2130 2130 2129 2129 2141 2141 2132 2132 2131 2131 2138 2138 2134 2134 2133 2133 2139 2139 2135 2135 2140 2140 2136 2136 2139 2139 2138 2138 2141 2141 2140 2140 2141 2141 2137 2137 2139 2139 2133 2133 2024 2024</p>
        </triangles>
      </mesh>
    </geometry>
  </library_geometries>
  <library_materials>
    <material id="486b250aadca4ddc8613bb89d452e530" name="defaultmaterial">
      <instance_effect url="#a12fa1634b52412e99da10c97a7767c0"/>
    </material>
  </library_materials>
  <library_visual_scenes>
    <visual_scene id="scene">
      <node id="node0" name="node0">
        <instance_geometry url="#278bb15e4d8b48018c3165880fd4527c">
          <bind_material>
            <technique_common>
              <instance_material symbol="material0" target="#486b250aadca4ddc8613bb89d452e530"/>
            </technique_common>
          </bind_material>
        </instance_geometry>
      </node>
    </visual_scene>
  </library_visual_scenes>
  <scene>
    <instance_visual_scene url="#scene"/>
  </scene>
</COLLADA>
