<COLLADA xmlns="http://www.collada.org/2005/11/COLLADASchema" version="1.4.1">
  <asset>
    <created>2026-07-31T12:55:25.587257</created>
    <modified>2026-07-31T12:55:25.587261</modified>
    <up_axis>Y_UP</up_axis>
  </asset>
  <library_effects>
    <effect id="ffc0ca7218b540f08a509ceacbf70560" name="ffc0ca7218b540f08a509ceacbf70560">
      <profile_COMMON>
        <technique sid="common">
          <phong>
            <emission>
              <color>0.0 0.0 0.0 1.0</color>
            </emission>
            <ambient>
              <color>0.0 0.0 0.0 1.0</color>
            </ambient>
            <diffuse>
              <color>0.0 0.0 0.0 1.0</color>
            </diffuse>
            <specular>
              <color>0.0 0.0 0.0 1.0</color>
            </specular>
            <shininess>
              <float>0.0</float>
            </shininess>
            <reflective>
              <color>0.0 0.0 0.0 1.0</color>
            </reflective>
            <reflectivity>
              <float>0.0</float>
            </reflectivity>
            <transparent>
              <color>0.0 0.0 0.0 1.0</color>
            </transparent>
            <transparency>
              <float>1.0</float>
            </transparency>
          </phong>
        </technique>
        <extra>
          <technique profile="GOOGLEEARTH">
            <double_sided>0</double_sided>
          </technique>
        </extra>
      </profile_COMMON>
    </effect>
  </library_effects>
  <library_geometries>
    <geometry id="9de08db775b549f49974cd3b8acd2c0b" name="b044b93eebb74d27ac224daa6a4dac52">
      <mesh>
        <source id="verts-array">
          <float_array count="6426" id="verts-array-array">0.017 0.01025 0.0052 0.01712054 0.01025 0.006192709 0.01756806 0.01025 0.006022984 0.01788546 0.01025 0.005664723 0.018 0.01025 0.0052 0.01788546 0.01025 0.004735277 0.01756806 0.01025 0.004377016 0.01712054 0.01025 0.004207291 0.01664539 0.01025 0.004264984 0.01625149 0.01025 0.004536877 0.01602906 0.01025 0.004960684 0.016 0.01025 0.0052 0.01602906 0.01025 0.005439315 0.01625149 0.01025 0.005863123 0.01664539 0.01025 0.006135016 0.017 0.01025 0.0062 0.01575 0.01 0.0052 0.01578632 0.01 0.004900855 0.01606436 0.01 0.004371097 0.017 0.01 0.00395 0.01715067 0.01 0.003959114 0.01771008 0.01 0.00417127 0.01810682 0.01 0.004619096 0.01825 0.01 0.0052 0.01810682 0.01 0.005780904 0.01771008 0.01 0.00622873 0.01655674 0.01 0.00636877 0.01715067 0.01 0.006440886 0.01606436 0.01 0.006028903 0.01578632 0.01 0.005499145 0.01655674 0.01 0.00403123 0.01825 0.00225 0.0052 0.01810682 0.00225 0.004619096 0.01771008 0.00225 0.00417127 0.01715067 0.00225 0.003959114 0.017 0.00225 0.00395 0.01655674 0.00225 0.00403123 0.01606436 0.00225 0.004371097 0.01578632 0.00225 0.004900855 0.01578632 0.00225 0.005499145 0.01606436 0.00225 0.006028903 0.01655674 0.00225 0.00636877 0.01715067 0.00225 0.006440886 0.01771008 0.00225 0.00622873 0.01810682 0.00225 0.005780904 0.01725313 0.00225 0.003115311 0.017 0.00225 0.0031 0.01625533 0.00225 0.003236466 0.01542813 0.00225 0.006592558 0.01625533 0.00225 0.007163534 0.01725313 0.00225 0.007284689 0.01819294 0.00225 0.006928266 0.01542813 0.00225 0.003807442 0.01496102 0.00225 0.004697437 0.01496102 0.00225 0.005702563 0.01885946 0.00225 0.006175919 0.0191 0.00225 0.0052 0.01885946 0.00225 0.004224082 0.01819294 0.00225 0.003471734 0.0191 0.0014 0.0052 0.01885946 0.0014 0.004224082 0.01819294 0.0014 0.003471734 0.01725313 0.0014 0.003115311 0.017 0.0014 0.0031 0.01625533 0.0014 0.003236466 0.01542813 0.0014 0.003807442 0.01496102 0.0014 0.004697437 0.01496102 0.0014 0.005702563 0.01542813 0.0014 0.006592558 0.01625533 0.0014 0.007163534 0.01725313 0.0014 0.007284689 0.01819294 0.0014 0.006928266 0.01885946 0.0014 0.006175919 0.01863701 0.0007070904 0.0052 0.01835 0.00065 0.0052 0.01819537 0.00065 0.004572624 0.0184495 0.0007070904 0.004439242 0.01776689 0.00065 0.004088972 0.01792993 0.0007070904 0.003852765 0.01716273 0.00065 0.003859843 0.01641951 0.0007070904 0.003669367 0.01719732 0.0007070904 0.003574923 0.017 0.00065 0.00385 0.01652128 0.00065 0.003937728 0.01598951 0.00065 0.004304784 0.01577468 0.0007070904 0.00411446 0.01568923 0.00065 0.004876924 0.01541056 0.0007070904 0.004808237 0.01568923 0.00065 0.005523076 0.01541056 0.0007070904 0.005591763 0.01598951 0.00065 0.006095216 0.01577468 0.0007070904 0.00628554 0.01652128 0.00065 0.006462272 0.01641951 0.0007070904 0.006730633 0.01716273 0.00065 0.006540157 0.01719732 0.0007070904 0.006825077 0.01776689 0.00065 0.006311028 0.01792993 0.0007070904 0.006547235 0.01819537 0.00065 0.005827376 0.0184495 0.0007070904 0.005960758 0.01888033 0.0008696699 0.0052 0.01866495 0.0008696699 0.004326167 0.01806815 0.0008696699 0.003652519 0.01722665 0.0008696699 0.00333338 0.01633323 0.0008696699 0.003441861 0.01559255 0.0008696699 0.00395311 0.01517431 0.0008696699 0.004750008 0.01517431 0.0008696699 0.005649992 0.01559255 0.0008696699 0.00644689 0.01633323 0.0008696699 0.006958139 0.01722665 0.0008696699 0.007066621 0.01806815 0.0008696699 0.006747481 0.01866495 0.0008696699 0.006073833 0.01904291 0.001112987 0.0052 0.01880891 0.001112987 0.004250613 0.01816051 0.001112987 0.003518718 0.01724625 0.001112987 0.003171986 0.01627557 0.001112987 0.003289846 0.01547086 0.001112987 0.0038453 0.01501645 0.001112987 0.0047111 0.01501645 0.001112987 0.0056889 0.01547086 0.001112987 0.0065547 0.01627557 0.001112987 0.007110154 0.01724625 0.001112987 0.007228015 0.01816051 0.001112987 0.006881282 0.01880891 0.001112987 0.006149387 0.01609067 0.00065 0.0052 0.01745466 0.00065 0.0044125 0.017 0.00065 0.004 0.01803923 0.00065 0.0046 0.01654534 0.00065 0.0059875 0.01596077 0.00065 0.0046 0.01654534 0.00065 0.0044125 0.01745466 0.00065 0.0059875 0.01803923 0.00065 0.0058 0.01596077 0.00065 0.0058 0.017 0.00065 0.0064 0.01790933 0.00065 0.0052 0.01596077 0.00215 0.0046 0.01609067 0.00215 0.0052 0.01596077 0.00215 0.0058 0.01654534 0.00215 0.0044125 0.017 0.00215 0.004 0.01745466 0.00215 0.0044125 0.01745466 0.00215 0.0059875 0.017 0.00215 0.0064 0.01654534 0.00215 0.0059875 0.01790933 0.00215 0.0052 0.01803923 0.00215 0.0058 0.01803923 0.00215 0.0046 0.017 0.01025 0.0122 0.01712054 0.01025 0.01319271 0.01756806 0.01025 0.01302298 0.01788546 0.01025 0.01266472 0.018 0.01025 0.0122 0.01788546 0.01025 0.01173528 0.01756806 0.01025 0.01137702 0.01712054 0.01025 0.01120729 0.01664539 0.01025 0.01126498 0.01625149 0.01025 0.01153688 0.01602906 0.01025 0.01196068 0.016 0.01025 0.0122 0.01602906 0.01025 0.01243932 0.01625149 0.01025 0.01286312 0.01664539 0.01025 0.01313502 0.017 0.01025 0.0132 0.01575 0.01 0.0122 0.01578632 0.01 0.01190086 0.01606436 0.01 0.0113711 0.017 0.01 0.01095 0.01715067 0.01 0.01095911 0.01771008 0.01 0.01117127 0.01810682 0.01 0.0116191 0.01825 0.01 0.0122 0.01810682 0.01 0.0127809 0.01771008 0.01 0.01322873 0.01655674 0.01 0.01336877 0.01715067 0.01 0.01344089 0.01606436 0.01 0.0130289 0.01578632 0.01 0.01249914 0.01655674 0.01 0.01103123 0.01825 0.00225 0.0122 0.01810682 0.00225 0.0116191 0.01771008 0.00225 0.01117127 0.01715067 0.00225 0.01095911 0.017 0.00225 0.01095 0.01655674 0.00225 0.01103123 0.01606436 0.00225 0.0113711 0.01578632 0.00225 0.01190086 0.01578632 0.00225 0.01249914 0.01606436 0.00225 0.0130289 0.01655674 0.00225 0.01336877 0.01715067 0.00225 0.01344089 0.01771008 0.00225 0.01322873 0.01810682 0.00225 0.0127809 0.017 0.00225 0.0101 0.01625533 0.00225 0.01023647 0.01725313 0.00225 0.01011531 0.01542813 0.00225 0.01080744 0.01542813 0.00225 0.01359256 0.01625533 0.00225 0.01416353 0.01885946 0.00225 0.01317592 0.0191 0.00225 0.0122 0.01819294 0.00225 0.01047173 0.01725313 0.00225 0.01428469 0.01819294 0.00225 0.01392827 0.01885946 0.00225 0.01122408 0.01496102 0.00225 0.01169744 0.01496102 0.00225 0.01270256 0.0191 0.0014 0.0122 0.01885946 0.0014 0.01122408 0.01819294 0.0014 0.01047173 0.01725313 0.0014 0.01011531 0.017 0.0014 0.0101 0.01625533 0.0014 0.01023647 0.01542813 0.0014 0.01080744 0.01496102 0.0014 0.01169744 0.01496102 0.0014 0.01270256 0.01542813 0.0014 0.01359256 0.01625533 0.0014 0.01416353 0.01725313 0.0014 0.01428469 0.01819294 0.0014 0.01392827 0.01885946 0.0014 0.01317592 0.01863701 0.0007070904 0.0122 0.01835 0.00065 0.0122 0.01819537 0.00065 0.01157262 0.0184495 0.0007070904 0.01143924 0.01776689 0.00065 0.01108897 0.01792993 0.0007070904 0.01085277 0.01716273 0.00065 0.01085984 0.01641951 0.0007070904 0.01066937 0.01719732 0.0007070904 0.01057492 0.017 0.00065 0.01085 0.01652128 0.00065 0.01093773 0.01598951 0.00065 0.01130478 0.01577468 0.0007070904 0.01111446 0.01568923 0.00065 0.01187692 0.01541056 0.0007070904 0.01180824 0.01568923 0.00065 0.01252308 0.01541056 0.0007070904 0.01259176 0.01598951 0.00065 0.01309522 0.01577468 0.0007070904 0.01328554 0.01652128 0.00065 0.01346227 0.01641951 0.0007070904 0.01373063 0.01716273 0.00065 0.01354016 0.01719732 0.0007070904 0.01382508 0.01776689 0.00065 0.01331103 0.01792993 0.0007070904 0.01354724 0.01819537 0.00065 0.01282738 0.0184495 0.0007070904 0.01296076 0.01888033 0.0008696699 0.0122 0.01866495 0.0008696699 0.01132617 0.01806815 0.0008696699 0.01065252 0.01722665 0.0008696699 0.01033338 0.01633323 0.0008696699 0.01044186 0.01559255 0.0008696699 0.01095311 0.01517431 0.0008696699 0.01175001 0.01517431 0.0008696699 0.01264999 0.01559255 0.0008696699 0.01344689 0.01633323 0.0008696699 0.01395814 0.01722665 0.0008696699 0.01406662 0.01806815 0.0008696699 0.01374748 0.01866495 0.0008696699 0.01307383 0.01904291 0.001112987 0.0122 0.01880891 0.001112987 0.01125061 0.01816051 0.001112987 0.01051872 0.01724625 0.001112987 0.01017199 0.01627557 0.001112987 0.01028985 0.01547086 0.001112987 0.0108453 0.01501645 0.001112987 0.0117111 0.01501645 0.001112987 0.0126889 0.01547086 0.001112987 0.0135547 0.01627557 0.001112987 0.01411015 0.01724625 0.001112987 0.01422801 0.01816051 0.001112987 0.01388128 0.01880891 0.001112987 0.01314939 0.01609067 0.00065 0.0122 0.01745466 0.00065 0.0114125 0.017 0.00065 0.011 0.01803923 0.00065 0.0116 0.01654534 0.00065 0.0129875 0.01596077 0.00065 0.0116 0.01654534 0.00065 0.0114125 0.01745466 0.00065 0.0129875 0.01803923 0.00065 0.0128 0.01596077 0.00065 0.0128 0.017 0.00065 0.0134 0.01790933 0.00065 0.0122 0.01596077 0.00215 0.0116 0.01609067 0.00215 0.0122 0.01596077 0.00215 0.0128 0.01654534 0.00215 0.0114125 0.017 0.00215 0.011 0.01745466 0.00215 0.0114125 0.01745466 0.00215 0.0129875 0.017 0.00215 0.0134 0.01654534 0.00215 0.0129875 0.01790933 0.00215 0.0122 0.01803923 0.00215 0.0128 0.01803923 0.00215 0.0116 0.0176797 0.01 0.01296722 0.0167547 0.01 0.01319522 0.0163203 0.01 0.01296722 0.01604161 0.01 0.01256347 0.01801753 0.01 0.01207645 0.01795839 0.01 0.01256347 0.0172453 0.01 0.01319522 0.01784356 0.01 0.01161773 0.01615644 0.01 0.01161773 0.01630932 0.01 0.01144264 0.01598247 0.01 0.01207645 0.01769068 0.01 0.01144264 0.01747634 0.009988651 0.01129241 0.01652366 0.009988651 0.01129241 0.017 0.009963519 0.011175 0.01784356 0.00475 0.01161773 0.01801753 0.00475 0.01207645 0.01795839 0.00475 0.01256347 0.0176797 0.00475 0.01296722 0.0172453 0.00475 0.01319522 0.0167547 0.00475 0.01319522 0.0163203 0.00475 0.01296722 0.01604161 0.00475 0.01256347 0.015975 0.00475 0.0122 0.01598247 0.00475 0.01207645 0.01747634 0.00475 0.01129241 0.01652366 0.00475 0.01129241 0.017 0.00475 0.011175 0.01615644 0.00475 0.01161773 0.008728117 0.00475 -0.003920317 0.015975 0.00475 0.0052 0.01604161 0.00475 0.00556347 0.01598247 0.00475 0.00507645 0.01615644 0.00475 0.004617733 0.025975 0.00475 0.0087 0.02604161 0.00475 0.00906347 0.0167547 0.00475 0.006195216 0.0172453 0.00475 0.006195216 0.02598247 0.00475 0.00857645 0.0176797 0.00475 0.005967224 0.0163203 0.00475 0.005967224 0.01053465 0.00475 -0.004149449 0.00525 0.00475 0.01655756 0.00525 0.00475 0.0008424422 0.02615644 0.00475 0.008117734 0.01795839 0.00475 0.00556347 0.01652366 0.00475 0.004292408 0.0263203 0.00475 0.009467224 0.01801753 0.00475 0.00507645 0.01784356 0.00475 0.004617733 0.03000675 0.00475 -0.0009377956 0.005581608 0.00475 0.01834812 0.008728117 0.00475 0.02132032 0.006816581 0.00475 0.02019234 0.02652366 0.00475 0.007792408 0.03566507 0.00475 0.003160227 0.027 0.00475 0.007675 0.0267547 0.00475 0.009695215 0.01747634 0.00475 0.004292408 0.03320543 0.00475 0.0006010011 0.0276797 0.00475 0.009467224 0.03591444 0.00475 0.01371056 0.03566507 0.00475 0.01423977 0.02795839 0.00475 0.00906347 0.036 0.00475 0.01313182 0.03320543 0.00475 0.016799 0.03000675 0.00475 0.0183378 0.0272453 0.00475 0.009695215 0.005581608 0.00475 -0.0009481202 0.006816581 0.00475 -0.002792339 0.02784356 0.00475 0.008117734 0.02747634 0.00475 0.007792408 0.03591444 0.00475 0.003689444 0.036 0.00475 0.004268182 0.017 0.00475 0.004175 0.01053465 0.00475 0.02154945 0.02801753 0.00475 0.00857645 0.00525 0.005865063 0.0008424422 0.005350443 0.005927338 -0.0001376424 0.006156151 0.006426877 -0.002021974 0.006816581 0.006836344 -0.002792339 0.005664817 0.00612225 -0.001135562 0.005591951 0.006077073 -0.0009576071 0.007966834 0.007549501 -0.003599969 0.008536242 0.007902533 -0.003847914 0.006833196 0.006846645 -0.002807958 0.008738635 0.008028017 -0.003917144 0.009520552 0.008512805 -0.004100502 0.01053465 0.009141549 -0.004149449 0.00525 0.005865063 0.01655756 0.01053465 0.009141549 0.02154945 0.008993843 0.008186246 0.02139135 0.007020318 0.006962661 0.02037401 0.006751036 0.006795706 0.02012922 0.008536242 0.007902533 0.02124791 0.006157269 0.00642757 0.01942359 0.005629288 0.006100222 0.01845116 0.00526413 0.005983089 0.01655756 0.00526413 0.005983089 0.0008424422 0.005307379 0.006097629 0.01655756 0.005307379 0.006097629 0.0008424422 0.005377168 0.006198224 0.01655756 0.005466348 0.006276817 0.0008424422 0.005466348 0.006276817 0.01655756 0.006816427 0.007182165 -0.002540297 0.008397732 0.008262797 -0.003533492 0.007542026 0.007588735 -0.003244083 0.008408979 0.008166008 -0.003679837 0.005790431 0.006500075 -0.0008191079 0.005701205 0.006360805 -0.00104952 0.006784595 0.006962581 -0.002734137 0.007566296 0.007464921 -0.003345259 0.005668689 0.006244095 -0.001098086 0.01025043 0.009528298 -0.003837377 0.00918215 0.008836593 -0.003584879 0.007291367 0.007534053 -0.002774413 0.009349017 0.00879112 -0.003940747 0.01032276 0.009437521 -0.004009082 0.00576053 0.006460353 -0.0009941994 0.006747994 0.007159729 -0.002302466 0.006783817 0.007083336 -0.002646895 0.009425854 0.008656756 -0.004053663 0.008459101 0.008037735 -0.003789865 0.0104266 0.009295891 -0.004119135 0.01022254 0.009553302 -0.003650259 0.01364609 0.01191175 -0.003391095 0.01367934 0.01188939 -0.003579968 0.01375776 0.01179924 -0.003752862 0.01386657 0.01165623 -0.003861841 0.01397675 0.0115 -0.003888881 0.005701205 0.006360805 0.01844952 0.006783817 0.007083336 0.0200469 0.006816427 0.007182165 0.0199403 0.008408979 0.008166008 0.02107984 0.01032276 0.009437521 0.02140908 0.01025043 0.009528298 0.02123738 0.006146039 0.006551657 0.01937312 0.006784595 0.006962581 0.02013414 0.0104818 0.009217803 0.02154381 0.008495387 0.007969425 0.0212256 0.00784161 0.007913109 0.02051936 0.006227275 0.006801012 0.01905486 0.00576053 0.006460353 0.0183942 0.005544108 0.006330386 0.01737563 0.01022254 0.009553302 0.02105026 0.008397732 0.008262797 0.02093349 0.008459101 0.008037735 0.02118986 0.0104266 0.009295891 0.02151913 0.01037234 0.009370917 0.0214739 0.006797136 0.006899092 0.02016716 0.008429662 0.00810437 0.02114081 0.006779968 0.007024724 0.02009371 0.005668689 0.006244095 0.01849809 0.01367934 0.01188939 0.02097997 0.01364609 0.01191175 0.02079109 0.01375776 0.01179924 0.02115286 0.01386657 0.01165623 0.02126184 0.01397675 0.0115 0.02128888 0.03369026 0.012 0.0009752982 0.03000675 0.01169094 -0.0009377956 0.03054895 0.012 -0.0007710609 0.03566507 0.012 0.003160227 0.0356701 0.01200408 0.003167838 0.03586429 0.0121899 0.003544014 0.03599998 0.012004 0.004260181 0.036 0.012 0.004268182 0.03592356 0.01226571 0.003720525 0.03596263 0.01218967 0.003883357 0.03566507 0.012 0.01423977 0.03369026 0.012 0.0164247 0.03054895 0.012 0.01817106 0.03000675 0.01169094 0.0183378 0.03599998 0.012004 0.01313982 0.03596263 0.01218967 0.01351664 0.036 0.012 0.01313182 0.0356701 0.01200408 0.01423216 0.03592356 0.01226571 0.01367948 0.03586429 0.0121899 0.01385599 0.03349424 0.01246194 0.001213728 0.03042982 0.01248313 -0.0004194689 0.03038849 0.0125 -0.0002975079 0.0304499 0.01246194 -0.0004787288 0.03359726 0.01235355 0.001088424 0.03049153 0.0123833 -0.0006015828 0.03050195 0.01235355 -0.0006323604 0.03053674 0.01219134 -0.0007350138 0.03366609 0.01219134 0.001004699 0.03337273 0.0125 0.001361533 0.0355 0.0125 0.003835819 0.03550602 0.01249996 0.00383416 0.03566519 0.01247192 0.003790532 0.03581107 0.01239145 0.003750883 0.03585339 0.01235371 0.003739438 0.03585355 0.01235355 0.006492893 0.03569134 0.01246194 0.006492893 0.03596194 0.01219134 0.006492893 0.036 0.012 0.006492893 0.0355 0.0125 0.006492893 0.03039822 0.01237043 -0.0006331978 0.03031221 0.0124669 -0.0004593179 0.0304824 0.0122044 -0.0007440499 0.03031359 0.0123318 -0.0006639789 0.03020082 0.01242154 -0.0004900896 0.03013125 0.01242875 -0.0002975079 0.03025503 0.01248186 -0.0002975079 0.03044164 0.01217436 -0.0007630979 0.03038849 0.0125 0.006492893 0.0355 0.01246194 0.006684235 0.03569134 0.01242678 0.00666967 0.0355 0.01235355 0.006846447 0.03585355 0.01232664 0.006628192 0.03569134 0.01232664 0.006819534 0.03596194 0.01217678 0.006566117 0.03585355 0.01225 0.006742893 0.03596194 0.0121353 0.006628192 0.036 0.0105 0.009407107 0.036 0.012 0.01090711 0.036 0.01028323 0.009082683 0.036 0.01020711 0.0087 0.036 0.0105 0.007992893 0.036 0.01028323 0.008317317 0.0355 0.01085355 0.008346447 0.03569134 0.01082664 0.008319534 0.03585355 0.01075 0.008242893 0.03596194 0.0106353 0.008128192 0.03038849 0.01235355 0.006846447 0.03038849 0.01247415 0.006651584 0.03013125 0.01242875 0.006492893 0.03025503 0.01248186 0.006492893 0.02967629 0.01210821 -0.0006483588 0.02961615 0.01211969 -0.0004559058 0.02977908 0.01201733 -0.00082275 0.02990044 0.01186217 -0.0009248932 0.02555989 0.0096395 -0.001683934 0.02550725 0.009654349 -0.001492034 0.02565468 0.009547744 -0.001858321 0.02577048 0.009394376 -0.00196265 0.02587559 0.009225602 -0.001979535 0.0355 0.01074517 0.008508658 0.03569134 0.01071 0.008494093 0.0355 0.01070711 0.0087 0.03569134 0.01066905 0.0087 0.0355 0.01074517 0.008891341 0.03569134 0.01071 0.008905907 0.0355 0.01085355 0.009053553 0.03585355 0.01060987 0.008452616 0.03585355 0.01056066 0.0087 0.03585355 0.01060987 0.008947385 0.03569134 0.01082664 0.009080466 0.03596194 0.01046 0.00839054 0.03596194 0.01039845 0.0087 0.03596194 0.01046 0.00900946 0.03585355 0.01075 0.009157107 0.03596194 0.0106353 0.009271808 0.02788849 0.01085355 0.008346447 0.03031162 0.01246449 0.006661245 0.03024417 0.01243669 0.006689046 0.02774497 0.01093645 0.008190145 0.02781576 0.01090511 0.008276788 0.02763124 0.01092875 0.007992893 0.02745068 0.01072221 0.008579688 0.02752871 0.01074562 0.008508997 0.02746096 0.01075677 0.008466933 0.0273937 0.01075498 0.008419819 0.02726687 0.01068896 0.0087 0.02740563 0.0107087 0.008661038 0.02740093 0.01070728 0.008712999 0.02774497 0.01093645 0.009209855 0.02781576 0.01090511 0.009123213 0.02746096 0.01075677 0.008933066 0.02727147 0.01071288 0.008317994 0.02715598 0.01064359 0.008578299 0.02715364 0.01064218 0.008810095 0.0273937 0.01075498 0.008980181 0.02736702 0.01077021 0.009198939 0.0272452 0.01069712 0.009041535 0.02763124 0.01092875 0.009407107 0.02756814 0.01075745 0.008482551 0.02767652 0.01078996 0.008424911 0.02742385 0.01071416 0.008782255 0.02750957 0.01073988 0.008876512 0.02788849 0.01085355 0.009053553 0.02756647 0.01075695 0.008916404 0.03038849 0.01235355 0.01055355 0.0355 0.01235355 0.01055355 0.03024417 0.01243669 0.01071095 0.03013125 0.01242875 0.01090711 0.03569134 0.01232664 0.01058047 0.03585355 0.01225 0.01065711 0.03596194 0.0121353 0.01077181 0.0355 0.01246194 0.01071576 0.03569134 0.01242678 0.01073033 0.0355 0.0125 0.01090711 0.03585355 0.01232664 0.01077181 0.03569134 0.01246194 0.01090711 0.03596194 0.01217678 0.01083388 0.03585355 0.01235355 0.01090711 0.03596194 0.01219134 0.01090711 0.0355 0.0125 0.01356418 0.03550602 0.01249996 0.01356584 0.03566519 0.01247192 0.01360947 0.03581107 0.01239145 0.01364912 0.03585339 0.01235371 0.01366056 0.03038849 0.01247415 0.01074842 0.03038849 0.0125 0.01090711 0.03349424 0.01246194 0.01618627 0.03337273 0.0125 0.01603847 0.03038849 0.0125 0.01769751 0.03042982 0.01248313 0.01781947 0.03359726 0.01235355 0.01631158 0.0304499 0.01246194 0.01787873 0.03049153 0.0123833 0.01800158 0.03366609 0.01219134 0.0163953 0.03050195 0.01235355 0.01803236 0.03053674 0.01219134 0.01813501 0.03013125 0.01242875 0.01769751 0.03025503 0.01248186 0.01769751 0.03025503 0.01248186 0.01090711 0.03031162 0.01246449 0.01073875 0.03020082 0.01242154 0.01789009 0.03031359 0.0123318 0.01806398 0.03039822 0.01237043 0.0180332 0.03044164 0.01217436 0.0181631 0.0304824 0.0122044 0.01814405 0.03031221 0.0124669 0.01785932 0.02967629 0.01210821 0.01804836 0.02977908 0.01201733 0.01822275 0.02990044 0.01186217 0.01832489 0.02961615 0.01211969 0.0178559 0.02550725 0.009654349 0.01889203 0.02514294 0.009560589 -0.00184085 0.02500388 0.009611745 -0.001890273 0.02499275 0.009654349 -0.001720363 0.02514795 0.009451785 -0.002002499 0.02497914 0.009513542 -0.002048591 0.02512828 0.009292453 -0.002112942 0.02491998 0.009374658 -0.002160536 0.0250905 0.009120407 -0.0021548 0.02484103 0.009225603 -0.0022091 0.02528849 0.009549433 -0.001787639 0.02511681 0.00960175 -0.001666355 0.02532473 0.009438446 -0.001953225 0.02534917 0.009269154 -0.002061833 0.02535773 0.009085169 -0.002095855 0.0254309 0.009576369 -0.001734103 0.02524971 0.009584132 -0.001607728 0.02534828 0.009593619 -0.001563797 0.02549788 0.009471199 -0.001903992 0.02556833 0.009303513 -0.002010549 0.02562526 0.009120149 -0.002036141 0.02538276 0.009601621 -0.001548335 0.02102984 0.0115 -0.002948933 0.02555989 0.0096395 0.01908393 0.02565468 0.009547744 0.01925832 0.02577048 0.009394375 0.01936265 0.02587559 0.009225602 0.01937954 0.02499275 0.009654349 0.01912036 0.02511742 0.009601576 0.01906609 0.02525053 0.009584144 0.01900737 0.02534827 0.009593645 0.0189638 0.02538338 0.009601815 0.01894806 0.02111224 0.01165065 -0.002902619 0.02117691 0.01179072 -0.002790314 0.02120778 0.01188845 -0.002629345 0.02120209 0.01192875 -0.002456211 0.01394774 0.01196194 -0.00358159 0.01392975 0.012 -0.003391095 0.02094484 0.012 -0.002456211 0.01396299 0.01185355 -0.003743083 0.02097737 0.01196194 -0.002644767 0.01397317 0.01169134 -0.003850989 0.02100494 0.01185355 -0.002804618 0.02102337 0.01169134 -0.002911427 0.02543155 0.009576594 0.01913386 0.02549866 0.009471467 0.01930377 0.02556934 0.009303834 0.01941031 0.02532579 0.009438477 0.01935293 0.02535051 0.009269174 0.01946152 0.02562651 0.009120534 0.01943586 0.02528937 0.009549463 0.01918731 0.02514876 0.00945157 0.01940228 0.02512929 0.009292169 0.01951271 0.02535938 0.009085193 0.01949549 0.02514361 0.009560414 0.01924061 0.02500388 0.009611745 0.01929027 0.02497914 0.009513541 0.01944859 0.02509171 0.009120057 0.01955453 0.02491998 0.009374657 0.01956054 0.02484103 0.009225602 0.0196091 0.02102984 0.0115 0.02034893 0.02111224 0.01165065 0.02030262 0.02117691 0.01179072 0.02019031 0.02120778 0.01188845 0.02002935 0.02120209 0.01192875 0.01985621 0.02097737 0.01196194 0.02004477 0.02094484 0.012 0.01985621 0.01392975 0.012 0.02079109 0.02100494 0.01185355 0.02020462 0.01394774 0.01196194 0.02098159 0.02102337 0.01169134 0.02031143 0.01396299 0.01185355 0.02114308 0.01397317 0.01169134 0.02125099 0.01380618 0.01194913 -0.00357279 0.01385385 0.01184799 -0.003742009 0.013914 0.01168959 -0.003853487 0.01378122 0.01197743 -0.003391095 0.01392975 0.012 0.006992893 0.01378122 0.01197743 0.006992893 0.01364609 0.01191175 0.006992893 0.02109796 0.01194667 -0.002620646 0.02109755 0.01184248 -0.002786948 0.02107361 0.01168553 -0.002902301 0.02107831 0.01198186 -0.002456211 0.02094484 0.012 0.006992893 0.02120209 0.01192875 0.006992893 0.02107831 0.01198186 0.006992893 0.02094484 0.01185355 0.007346447 0.02094484 0.01197415 0.007151584 0.01392975 0.01196194 0.007184235 0.01392975 0.01197648 0.007144439 0.01392975 0.01185355 0.007346447 0.01384321 0.01196452 0.007156403 0.01376941 0.01193038 0.007190535 0.01231868 0.0109302 0.008191638 0.01239726 0.01090262 0.008278118 0.01219448 0.01091175 0.007992893 0.01247813 0.01085355 0.008346447 0.02108916 0.01193669 0.007189046 0.02102171 0.01196449 0.007161245 0.02261151 0.01085355 0.008346447 0.012072 0.01071366 0.008620714 0.01216149 0.01074449 0.008511756 0.01208915 0.01075531 0.00846774 0.01190444 0.01068454 0.0087 0.01205297 0.01070711 0.0087 0.01201435 0.01075009 0.008420701 0.01231868 0.0109302 0.009208363 0.01239726 0.01090262 0.009121882 0.01208915 0.01075531 0.00893226 0.01188113 0.01069589 0.008317994 0.01177763 0.01062459 0.008595307 0.01178684 0.01063093 0.00885213 0.01192433 0.01072565 0.009147359 0.01201435 0.01075009 0.008979299 0.01219448 0.01091175 0.009407107 0.01217492 0.01074911 0.00850076 0.0120707 0.01071321 0.008776525 0.01214683 0.01073944 0.008875346 0.01247813 0.01085355 0.009053553 0.01364609 0.01191175 0.01040711 0.01385385 0.01184799 0.02114201 0.013914 0.01168959 0.02125349 0.01380618 0.01194913 0.02097279 0.01378122 0.01197743 0.02079109 0.02268424 0.01090511 0.008276788 0.02286876 0.01092875 0.007992893 0.02275503 0.01093645 0.008190145 0.02261151 0.01085355 0.009053553 0.02299043 0.01073988 0.008876512 0.02307614 0.01071416 0.008782255 0.02297129 0.01074562 0.008508997 0.02293186 0.01075745 0.008482551 0.02309907 0.01070728 0.008712999 0.02309437 0.0107087 0.008661038 0.02304932 0.01072221 0.008579688 0.02282348 0.01078996 0.008424911 0.01376941 0.01193038 0.01020946 0.01392975 0.01185355 0.01005355 0.01392975 0.012 0.01040711 0.01378122 0.01197743 0.01040711 0.0231063 0.01075498 0.008419819 0.02323313 0.01068896 0.0087 0.02334636 0.01064218 0.008589905 0.02313298 0.01077021 0.008201061 0.0232548 0.01069712 0.008358466 0.02286876 0.01092875 0.009407107 0.02322853 0.01071288 0.009082006 0.0231063 0.01075498 0.008980181 0.02334402 0.01064359 0.008821702 0.02303904 0.01075677 0.008466933 0.02268424 0.01090511 0.009123213 0.02303904 0.01075677 0.008933066 0.02275503 0.01093645 0.009209855 0.02120209 0.01192875 0.01040711 0.02109755 0.01184248 0.02018695 0.02107361 0.01168553 0.0203023 0.02109796 0.01194667 0.02002065 0.02107831 0.01198186 0.01985621 0.02094484 0.012 0.01040711 0.02094484 0.01185355 0.01005355 0.01384321 0.01196452 0.0102436 0.01392975 0.01197648 0.01025556 0.01392975 0.01196194 0.01021576 0.02108916 0.01193669 0.01021095 0.02094484 0.01197415 0.01024842 0.02107831 0.01198186 0.01040711 0.02102171 0.01196449 0.01023875 0.01747634 0.01 0.004292408 0.017 0.01 0.004175 0.01784356 0.01 0.004617733 0.01801753 0.01 0.00507645 0.01795839 0.01 0.00556347 0.01604161 0.01 0.00556347 0.01598247 0.01 0.00507645 0.01615644 0.01 0.004617733 0.01652366 0.01 0.004292408 0.01630932 0.01 0.005957359 0.0163203 0.009999951 0.005967224 0.0167547 0.0099713 0.006195216 0.0172453 0.0099713 0.006195216 0.01769068 0.01 0.005957359 0.0176797 0.009999951 0.005967224 0.01700549 0.009999988 0.005962291 0.02726962 0.008379394 0.007711098 0.02699999 0.008217611 0.007675 0.02747306 0.008501456 0.007790694 0.02653624 0.007939363 0.007785915 0.02652366 0.007931865 0.007792408 0.02673468 0.008058426 0.007709935 0.02632497 0.007826011 0.00792866 0.02615644 0.00775321 0.008117734 0.02604204 0.007711879 0.008335381 0.02598247 0.007692806 0.00857645 0.02598248 0.007692809 0.008823621 0.02604161 0.007711734 0.00906347 0.02615831 0.007753937 0.00928496 0.0263203 0.00782379 0.009467224 0.02653624 0.007939363 0.009614085 0.02675664 0.008071602 0.009695691 0.02706494 0.008256583 0.009722941 0.02724336 0.008363636 0.009695691 0.02753205 0.008536848 0.009576099 0.02770993 0.00864358 0.009439337 0.02788508 0.008711126 0.009216965 0.02795813 0.008715626 0.009064151 0.02802452 0.008705229 0.008731263 0.02787014 0.008708375 0.008158265 0.02784272 0.008701807 0.008116526 0.02798845 0.008712753 0.008428739 0.02801752 0.008707062 0.008576402 0.02770993 0.00864358 0.007960663 0.02757926 0.008565178 0.008656722 0.02652995 0.007935604 0.008703246 0.02710132 -0.004559811 0.00816521 0.02885618 -0.003578674 0.007417851 0.02857187 -0.00374084 0.007007442 0.0290961 -0.003440839 0.008527896 0.02903898 -0.003473738 0.007897438 0.02903804 -0.003474275 0.008906337 0.02674687 -0.0047523 0.006315311 0.02580706 -0.005253623 0.006671734 0.02774467 -0.00420558 0.006436466 0.02514054 -0.005601285 0.007424081 0.02514054 -0.005601285 0.009375919 0.02580706 -0.005253623 0.01012827 0.02496193 -0.005693351 0.008906227 0.02496221 -0.005693206 0.007892634 0.0249 -0.005725164 0.0084 0.02674687 -0.0047523 0.01048469 0.02774467 -0.00420558 0.01036353 0.02857187 -0.00374084 0.009792558 0.02885654 -0.003578466 0.009381464 0.02857187 0.00205 0.009792558 0.02903898 0.00205 0.008902563 0.02774467 0.00205 0.01036353 0.02674687 0.00205 0.01048469 0.02580706 0.00205 0.01012827 0.02514054 0.00205 0.009375919 0.0249 0.00205 0.0084 0.02514054 0.00205 0.007424081 0.02580706 0.00205 0.006671734 0.02674687 0.00205 0.006315311 0.02774467 0.00205 0.006436466 0.02857187 0.00205 0.007007442 0.02903898 0.00205 0.007897438 0.02943266 0.00205 0.01055515 0.03015556 0.00205 0.009177776 0.03015556 0.00205 0.007622224 0.02412227 0.00205 0.009910351 0.02515379 0.00205 0.0110747 0.02943266 0.00205 0.006244851 0.02815247 0.00205 0.005361197 0.02660826 0.00205 0.005173696 0.02515379 0.00205 0.005725302 0.02412227 0.00205 0.00688965 0.02375 0.00205 0.0084 0.02660826 0.00205 0.0116263 0.02815247 0.00205 0.0114388 0.0298722 -0.002988784 0.009920836 0.03015556 -0.002821357 0.009177776 0.02943266 -0.003245972 0.01055515 0.03025 -0.002765271 0.008398641 0.03015556 -0.002821357 0.007622224 0.0298719 -0.002988966 0.00687858 0.02871053 -0.00045 0.00563656 0.02943266 -0.003245972 0.006244851 0.02871053 -0.003661909 0.00563656 0.02815247 -0.00045 0.005361197 0.02660826 -0.00045 0.005173696 0.02515379 -0.005594438 0.005725302 0.02528947 -0.00045 0.00563656 0.02412227 -0.006119989 0.00688965 0.02384549 -0.006258412 0.007617978 0.0238455 -0.006258404 0.009182084 0.02412227 -0.006119989 0.009910351 0.02375 -0.006305914 0.0084 0.02515379 -0.005594438 0.0110747 0.02528947 -0.00045 0.01116344 0.02528947 -0.005524164 0.01116344 0.02660826 -0.00045 0.0116263 0.02815247 -0.00045 0.0114388 0.02871053 -0.00045 0.01116344 0.02871053 -0.003661909 0.01116344 0.02528947 -0.005524164 0.00563656 0.028 -0.00045 0.01243887 0.028 -0.004063251 0.01243887 0.02808529 -0.004015485 0.01194028 0.02808529 -0.00045 0.01194028 0.02833146 -0.003876992 0.01149838 0.02833146 -0.00045 0.01149838 0.028 -0.00045 0.01453052 0.028 -0.004063251 0.01453052 0.02929276 -0.00045 0.01601614 0.02999852 -0.00045 0.01594526 0.02999852 -0.002914306 0.01594526 0.02863333 -0.00045 0.01575481 0.02929276 -0.003327192 0.01601614 0.02816771 -0.00045 0.01521972 0.02863333 -0.003705889 0.01575481 0.02816771 -0.003969222 0.01521972 0.02804324 -0.00403905 0.01488808 0.02833146 -0.00045 0.005301619 0.02808529 -0.00045 0.004859723 0.02833146 -0.003876992 0.005301619 0.028 -0.00045 0.004361127 0.02808529 -0.004015485 0.004859723 0.028 -0.004063251 0.004361127 0.028 -0.004063251 0.002269478 0.028 -0.00045 0.002269478 0.02804313 -0.004039113 0.001912382 0.02816771 -0.003969222 0.001580275 0.02816771 -0.00045 0.001580275 0.02863333 -0.003705889 0.001045186 0.02863333 -0.00045 0.001045186 0.02929276 -0.003327192 0.0007838635 0.02929276 -0.00045 0.0007838635 0.02999852 -0.002914306 0.0008547419 0.02999852 -0.00045 0.0008547419 0.03203229 -0.001679643 0.0148792 0.02902411 -0.003482292 0.01541667 0.034 -0.0004194527 0.01283182 0.034 -0.0004194527 0.003968182 0.03203229 -0.001679643 0.001920801 0.02902405 -0.003482325 0.001383562 0.034 0.00475 0.01283182 0.034 0.00475 0.003968182 0.03203229 0.00475 0.0148792 0.02947335 0.00475 0.01611024 0.02947335 -0.00045 0.01611024 0.03203229 0.00475 0.001920801 0.02947335 0.00475 0.0006897636 0.02947335 -0.00045 0.0006897636 0.02566854 -0.005326416 0.01149838 0.02566854 -0.00045 0.01149838 0.02591471 -0.005196865 0.01194028 0.02591471 -0.00045 0.01194028 0.026 -0.005151771 0.01243887 0.026 -0.00045 0.01243887 0.026 -0.00045 0.01580113 0.0258643 -0.00045 0.01642458 0.02482325 -0.00045 0.01726589 0.02540281 -0.00045 0.01699902 0.026 -0.005040846 0.01500773 0.026 -0.004646604 0.01580113 0.026 -0.005151771 0.01424266 0.02599468 -0.004549664 0.01593043 0.02586103 -0.004108957 0.0164377 0.02564582 -0.003733047 0.01677275 0.02539773 -0.003391718 0.01700423 0.02482325 -0.002721171 0.01726587 0.01592635 -0.006688361 0.01877038 0.01592632 0.00475 0.01877033 0.01536314 0.00475 0.01872999 0.01478445 0.00475 0.01842865 0.01537583 -0.007719696 0.01873336 0.01503547 -0.008348724 0.01860056 0.01442848 0.00475 0.01799037 0.01480179 -0.008785908 0.01844632 0.01442857 -0.00954934 0.01799055 0.02591471 -0.00045 0.004859723 0.026 -0.00045 0.004361127 0.026 -0.005151771 0.004361127 0.02566854 -0.00045 0.005301619 0.02591471 -0.005196865 0.004859723 0.02566854 -0.005326416 0.005301619 0.0258643 -0.00045 0.0003754219 0.026 -0.00045 0.000998869 0.02540281 -0.00045 -0.0001990199 0.02482325 -0.00045 -0.000465886 0.026 -0.004646604 0.0009988701 0.026 -0.00500553 0.001682964 0.026 -0.005151771 0.002557341 0.02482325 -0.002721171 -0.0004658701 0.02508601 -0.003016115 -0.0003820634 0.02539767 -0.003391637 -0.0002042788 0.02577236 -0.003938208 0.0001994088 0.02586283 -0.004112809 0.0003661884 0.02594098 -0.004308489 0.0005760511 0.01558437 0.00475 -0.002010152 0.01558441 -0.006820618 -0.002010228 0.0140996 0.00475 0.01757543 0.01363759 0.00475 0.01729699 0.01405334 -0.01006926 0.01753624 0.01310696 0.00475 0.0172 0.01362634 -0.01037759 0.01729279 0.01310704 -0.01062365 0.01720009 0.01723619 -0.009035935 0.01680037 0.01710295 -0.008409396 0.01778958 0.0168093 -0.007486634 0.01846124 0.01719801 -0.009266996 0.01573177 0.007987533 -0.01250555 0.01637978 0.007975655 -0.01238976 0.0172 0.01408185 0.00475 -0.001209947 0.01408194 -0.009690401 -0.001210136 0.01444902 -0.008934476 -0.00167209 0.01443526 0.00475 -0.001656839 0.01482082 -0.008242318 -0.001897963 0.01504249 -0.00783308 -0.00197332 0.01501632 0.00475 -0.001966299 0.01275 0.00475 -0.0004 0.01275008 -0.01076133 -0.0004000844 0.01326422 -0.0105231 -0.000490894 0.01328757 0.00475 -0.0004996369 0.01372658 -0.01019129 -0.0007614499 0.01375373 0.00475 -0.0007853109 0.01719801 -0.009266996 0.001068232 0.01710295 -0.008409396 -0.0009895819 0.01723619 -0.009035935 -3.689015e-07 0.0168093 -0.007486634 -0.001661241 0.007987533 -0.01250555 0.0004202165 0.007975655 -0.01238976 -0.0004000001 0.007929986 -0.01241043 -0.000399931 0.007941853 -0.01252559 0.000418398 0.007897404 -0.0124357 -0.0003999619 0.007847018 -0.01251368 -0.0003998994 0.007862649 -0.01261403 0.0004146838 0.007897578 -0.01256155 0.0004164627 0.007835233 -0.01256834 -0.0003999998 0.007845431 -0.01267832 0.0004134055 0.007837063 -0.01261799 -0.0004001086 0.007870589 -0.01270413 -0.0004000157 0.007874696 -0.01280286 0.000413135 0.007850257 -0.01274472 0.0004128817 0.007899425 -0.01273851 -0.000400057 0.00791142 -0.01284653 0.0004139723 0.007931345 -0.0127636 -0.000400013 0.007944888 -0.01277148 -0.0004000016 0.0079152 -0.01275219 -0.0004000416 0.007923248 -0.01275817 -0.0004000274 0.007952514 -0.01287485 0.0004151239 0.007950272 -0.01287551 0.0005424421 0.007879231 -0.01281377 0.0005424421 0.007844295 -0.01272638 0.0005424421 0.007843159 -0.012679 0.0005424421 0.007853203 -0.01263268 0.0005424421 0.007903982 -0.01255343 0.0005424421 0.007985385 -0.01250618 0.0005424421 0.007985385 -0.01250618 0.01625756 0.007903982 -0.01255343 0.01625756 0.007844295 -0.01272638 0.01625756 0.007843159 -0.012679 0.01625756 0.007853203 -0.01263268 0.01625756 0.007879231 -0.01281377 0.01625756 0.007950272 -0.01287551 0.01625756 0.007952514 -0.01287485 0.01638488 0.00791142 -0.01284653 0.01638603 0.007874696 -0.01280286 0.01638686 0.007850257 -0.01274472 0.01638712 0.007845431 -0.01267832 0.01638659 0.007862649 -0.01261403 0.01638532 0.007941853 -0.01252559 0.0163816 0.007897578 -0.01256155 0.01638354 0.007944888 -0.01277148 0.0172 0.007890182 -0.01272907 0.0172 0.007852481 -0.01267108 0.0172 0.007835248 -0.01260251 0.0172 0.007841626 -0.01253092 0.0172 0.007871539 -0.01246602 0.0172 0.007920449 -0.01241671 0.0172 0.009495507 -0.01337853 0.0005424421 0.009495507 -0.01337853 0.01625756 0.009864062 -0.01342086 0.0005424421 0.009864062 -0.01342086 0.01625756 0.01183898 -0.01317657 0.0005424421 0.01183898 -0.01317657 0.01625756 0.009992654 -0.01159048 -0.00332817 0.01099866 -0.01287471 -0.001633656 0.01017235 -0.01315167 -0.001117187 0.008522894 -0.0120831 -0.002409529 0.009638755 -0.01333051 -0.0002748477 0.009043599 -0.009608094 -0.00416609 0.007255662 -0.01020736 -0.00304858 0.007573798 -0.01240121 -0.0009112657 0.006101103 -0.01059434 -0.001225968 0.007018465 -0.01213294 -0.0004 0.006237371 -0.01126608 -0.0004 0.007469112 -0.01248281 -0.0004 0.005877194 -0.01066969 -0.0004 0.005431733 -0.009382408 -0.0004 0.005551523 -0.008435778 -0.001167621 0.006327792 -0.008435778 -0.002558572 0.006719744 -0.008435778 -0.002998362 0.00820017 -0.008435778 -0.004018062 0.008643989 -0.008435778 -0.004192611 0.01053465 -0.008435778 -0.004449449 0.01109232 -0.0101636 -0.004073305 0.01073462 -0.009041309 -0.004397039 0.01156304 -0.01175811 -0.002955853 0.01138275 -0.01112456 -0.003518019 0.007704577 -0.0126349 -0.0004 0.01178019 -0.01261276 -0.001740392 0.005339623 -0.008435778 -0.0004 0.008063168 -0.0007113012 -0.0004 0.005367517 0.004413222 -0.0004 0.005339623 0.00425 -0.0004 0.005571845 0.004669452 -0.0004 0.00544775 0.004558025 -0.0004 0.00537841 0.004441405 -0.0004 0.005654437 0.004711997 -0.0004 0.005849795 0.00475 -0.0004 0.00825 -0.0007 -0.0004 0.005728075 0.00473561 -0.0004 0.0073695 -0.000974375 -0.0004 0.008799638 -0.003699275 -0.0004 0.008799638 -0.0008007248 -0.0004 0.008063168 -0.003788699 -0.0004 0.006877543 -0.001529679 -0.0004 0.0067 -0.00225 -0.0004 0.009754959 -0.001879061 -0.0004 0.009754959 -0.002620939 -0.0004 0.009410191 -0.00122216 -0.0004 0.0073695 -0.003525625 -0.0004 0.006877543 -0.002970321 -0.0004 0.009410191 -0.00327784 -0.0004 0.01053249 0.004441342 -0.00441145 0.01053465 0.00425 -0.004449449 0.008187061 0.00425 -0.004012147 0.008202764 0.004441342 -0.003977477 0.006310018 0.00425 -0.002535958 0.01052632 0.004603554 -0.004303239 0.008247483 0.004603554 -0.003878746 0.00634001 0.004441342 -0.002512525 0.01051708 0.00471194 -0.004141291 0.008314409 0.00471194 -0.003730985 0.006425418 0.004603554 -0.002445793 0.01050619 0.00475 -0.00395026 0.008393355 0.00475 -0.003556688 0.00655324 0.00471194 -0.002345923 0.006704017 0.00475 -0.002228118 0.0067 -0.00225 -0.0011 0.006877543 -0.001529679 -0.0011 0.0073695 -0.000974375 -0.0011 0.008063168 -0.0007113012 -0.0011 0.00825 -0.0007 -0.0011 0.008799638 -0.0008007248 -0.0011 0.009410191 -0.00122216 -0.0011 0.009754959 -0.001879061 -0.0011 0.009754959 -0.002620939 -0.0011 0.009410191 -0.00327784 -0.0011 0.008799638 -0.003699275 -0.0011 0.008063168 -0.003788699 -0.0011 0.0073695 -0.003525625 -0.0011 0.006877543 -0.002970321 -0.0011 0.009328604 0.000279647 -0.0011 0.01035216 -0.0004770306 -0.0011 0.01092534 -0.001613559 -0.0011 0.01092534 -0.002886441 -0.0011 0.01035216 -0.004022969 -0.0011 0.00807396 -0.00499436 -0.0011 0.006857033 -0.004621106 -0.0011 0.009328604 -0.004779647 -0.0011 0.00552746 -0.001862345 -0.0011 0.005938543 -0.0007601458 -0.0011 0.005938543 -0.003739854 -0.0011 0.00552746 -0.002637655 -0.0011 0.006857033 0.0001211062 -0.0011 0.00807396 0.0004943597 -0.0011 0.009328604 0.000279647 -0.004371928 0.00820017 0.0004995485 -0.004018062 0.01053465 -0.0007193598 -0.004449449 0.01035213 -0.000476992 -0.004456515 0.009882498 -3.69815e-05 -0.004444034 0.00807396 0.0004943597 -0.003959208 0.006857033 0.0001211062 -0.003130129 0.005938543 -0.003739854 -0.00198962 0.006310625 -0.004199699 -0.002536734 0.005685628 -0.003243225 -0.00149876 0.006327792 -0.0002833742 -0.002558572 0.005941944 -0.0007548826 -0.001995402 0.005685538 -0.001257008 -0.001498558 0.006857033 -0.004621106 -0.003130129 0.00807396 -0.00499436 -0.003959208 0.009882371 -0.004463112 -0.004444025 0.01035216 -0.004022969 -0.004456514 0.009328604 -0.004779647 -0.004371928 0.00820017 -0.004999549 -0.004018062 0.01053465 -0.00378064 -0.004449449 0.01092534 -0.001613559 -0.004426344 0.01092534 -0.002886441 -0.004426344 0.02035629 0.00425 -0.003362572 0.03000675 0.00425 -0.001237796 0.0205766 -0.004673681 -0.003328031 0.03000675 2.017074e-05 -0.001237796 0.02124521 -0.006285218 -0.002888411 0.02174599 -0.007780598 -0.001769509 0.0219478 -0.008811363 -0.0001461205 0.02184009 -0.00921647 0.001603456 0.03074238 -0.001452795 -0.0007257584 0.03125487 -0.002829161 0.000384767 0.03141725 -0.003819125 0.001928752 0.03123188 -0.004275573 0.003581102 0.0299966 0.004441342 -0.001201114 0.0203501 0.004441342 -0.003325019 0.02996769 0.004603554 -0.001096653 0.02033246 0.004603554 -0.003218078 0.02992443 0.00471194 -0.000940317 0.02030606 0.00471194 -0.003058028 0.0298734 0.00475 -0.0007559058 0.02027493 0.00475 -0.002869237 0.03346995 0.00425 0.0004993289 0.03314676 0.0009759928 0.000258822 0.03163685 0.0005111982 -0.0006302992 0.03566507 0.00425 0.002860227 0.03566507 0.00177313 0.002860227 0.03344662 0.004441342 0.000529399 0.03338017 0.004603554 0.0006150316 0.03328073 0.00471194 0.0007431897 0.03316344 0.00475 0.0008943625 0.0355 0.00475 0.003535819 0.03550602 0.004749964 0.00353416 0.03569124 0.004711983 0.003483429 0.03581107 0.004641454 0.003450883 0.03566519 0.004721924 0.003490532 0.03585339 0.004603712 0.003439438 0.03586429 0.004439903 0.003244014 0.03592356 0.004515705 0.003420525 0.0356701 0.004254083 0.002867838 0.007573798 -0.01240121 0.01771127 0.009638755 -0.01333051 0.01707485 0.01017235 -0.01315167 0.01791719 0.008522894 -0.0120831 0.01920953 0.01099866 -0.01287471 0.01843366 0.006101103 -0.01059434 0.01802597 0.007255662 -0.01020736 0.01984858 0.009992654 -0.01159048 0.02012817 0.01178019 -0.01261276 0.01854039 0.01156304 -0.01175811 0.01975585 0.01138275 -0.01112456 0.02031802 0.01109232 -0.0101636 0.0208733 0.009043599 -0.009608094 0.02096609 0.01073462 -0.009041309 0.02119704 0.01053465 -0.008435778 0.02124945 0.00820017 -0.008435778 0.02081806 0.008643989 -0.008435778 0.02099261 0.006327792 -0.008435778 0.01935857 0.006719744 -0.008435778 0.01979836 0.005867265 -0.01065015 0.0172 0.005551523 -0.008435778 0.01796762 0.007152289 -0.01224576 0.0172 0.007424998 -0.01245214 0.0172 0.005339623 -0.008435778 0.0172 0.00825 -0.0038 0.0172 0.008436832 -0.003788699 0.0172 0.007700362 -0.003699275 0.0172 0.009622457 -0.002970321 0.0172 0.0098 -0.00225 0.0172 0.0091305 -0.003525625 0.0172 0.007700362 -0.0008007248 0.0172 0.005488916 0.004603642 0.0172 0.005525792 0.004636423 0.0172 0.005378419 0.004441426 0.0172 0.005412166 0.004507199 0.0172 0.007089808 -0.00122216 0.0172 0.005339623 0.00425 0.0172 0.005349983 0.004350352 0.0172 0.0091305 -0.000974375 0.0172 0.008436832 -0.0007113012 0.0172 0.007089808 -0.00327784 0.0172 0.00674504 -0.001879061 0.0172 0.009622457 -0.001529679 0.0172 0.00674504 -0.002620939 0.0172 0.005678119 0.004720928 0.0172 0.005849795 0.00475 0.0172 0.00634001 0.004441342 0.01931253 0.006310018 0.00425 0.01933596 0.008187061 0.00425 0.02081215 0.008202764 0.004441342 0.02077748 0.01053465 0.00425 0.02124945 0.006425418 0.004603554 0.01924579 0.008247483 0.004603554 0.02067875 0.01053249 0.004441342 0.02121145 0.00655324 0.00471194 0.01914592 0.008314409 0.00471194 0.02053098 0.01052632 0.004603554 0.02110324 0.006704017 0.00475 0.01902812 0.008393355 0.00475 0.02035669 0.01051708 0.00471194 0.02094129 0.01050619 0.00475 0.02075026 0.02027493 0.00475 0.01966924 0.0298734 0.00475 0.01755591 0.03316344 0.00475 0.01590564 0.0355 0.00475 0.01326418 0.02035629 0.00425 0.02016257 0.0203501 0.004441342 0.02012502 0.03000675 0.00425 0.0180378 0.02033246 0.004603554 0.02001808 0.0299966 0.004441342 0.01800111 0.02030606 0.00471194 0.01985803 0.02996769 0.004603554 0.01789665 0.02992443 0.00471194 0.01774032 0.02124521 -0.006285218 0.01968841 0.03074238 -0.001452795 0.01752576 0.03000675 2.017074e-05 0.0180378 0.02174599 -0.007780598 0.01856951 0.03125487 -0.002829161 0.01641523 0.0219478 -0.008811363 0.01694612 0.03141725 -0.003819125 0.01487125 0.02184009 -0.00921647 0.01519654 0.03123188 -0.004275573 0.0132189 0.0205766 -0.004673681 0.02012803 0.0315483 -0.004086303 0.0036743 0.03368109 -0.002768648 0.00499375 0.03368109 -0.002768648 0.01180625 0.03367973 -0.002769475 0.01180766 0.0098 -0.00225 0.0179 0.009622457 -0.001529679 0.0179 0.0091305 -0.000974375 0.0179 0.008436832 -0.0007113012 0.0179 0.007700362 -0.0008007248 0.0179 0.007089808 -0.00122216 0.0179 0.00674504 -0.001879061 0.0179 0.00674504 -0.002620939 0.0179 0.007089808 -0.00327784 0.0179 0.008436832 -0.003788699 0.0179 0.007700362 -0.003699275 0.0179 0.00825 -0.0038 0.0179 0.0091305 -0.003525625 0.0179 0.009622457 -0.002970321 0.0179 0.009328604 -0.004779647 0.02117193 0.00820017 -0.004999549 0.02081806 0.01053465 -0.00378064 0.02124945 0.01035213 -0.004023008 0.02125651 0.009882498 -0.004463018 0.02124403 0.00807396 -0.00499436 0.02075921 0.006857033 -0.004621106 0.01993013 0.005938543 -0.0007601458 0.01878962 0.006310625 -0.0003003009 0.01933673 0.005685628 -0.001256775 0.01829876 0.00552746 -0.001862345 0.0179 0.00552746 -0.002637655 0.0179 0.006327792 -0.004216626 0.01935857 0.005941944 -0.003745117 0.0187954 0.005685538 -0.003242992 0.01829856 0.006857033 0.0001211062 0.01993013 0.00807396 0.0004943597 0.02075921 0.009882371 -3.688784e-05 0.02124402 0.01035216 -0.0004770306 0.02125651 0.009328604 0.000279647 0.02117193 0.00820017 0.0004995485 0.02081806 0.01053465 -0.0007193598 0.02124945 0.01092534 -0.002886441 0.0179 0.006857033 -0.004621106 0.0179 0.00807396 -0.00499436 0.0179 0.009328604 -0.004779647 0.0179 0.01035216 -0.004022969 0.0179 0.009328604 0.000279647 0.0179 0.00807396 0.0004943597 0.0179 0.006857033 0.0001211062 0.0179 0.005938543 -0.0007601458 0.0179 0.005938543 -0.003739854 0.0179 0.01092534 -0.001613559 0.0179 0.01035216 -0.0004770306 0.0179 0.01092534 -0.002886441 0.02122634 0.01092534 -0.001613559 0.02122634 0.03346995 0.00425 0.01630067 0.03344662 0.004441342 0.0162706 0.03338017 0.004603554 0.01618497 0.03328073 0.00471194 0.01605681 0.03581107 0.004641454 0.01334912 0.03569124 0.004711983 0.01331657 0.03585339 0.004603717 0.01336056 0.03550602 0.004749964 0.01326584 0.03566519 0.004721924 0.01330947 0.03566507 0.00425 0.01393977 0.0356701 0.004254083 0.01393216 0.03586429 0.004439903 0.01355599 0.03592356 0.004515705 0.01337948 0.03163685 0.0005111982 0.0174303 0.03314676 0.0009759928 0.01654118 0.03566507 0.00177313 0.01393977 0.03599998 0.004254 0.01283982 0.036 0.00425 0.01283182 0.036 0.00425 0.003968182 0.03599998 0.004254 0.003960181 0.03596263 0.004439671 0.003583357 0.03596263 0.004439671 0.01321664 0.03591444 0.00177313 0.003389444 0.036 0.00177313 0.003968182 0.036 0.00177313 0.01283182 0.036 0.00145175 0.01280191 0.036 0.00145175 0.003998092 0.03591444 0.00177313 0.01341056 0.03367307 -0.0016501 0.001811473 0.03342534 -0.00265807 0.00303794 0.03356662 -0.0003709513 0.0008450171 0.03222143 -0.0008940005 -5.948985e-05 0.03568353 0.0009354468 0.003017406 0.03564472 0.0004660079 0.003150011 0.03568479 0.001250196 0.002939382 0.03529758 -0.0008204649 0.00362928 0.03510975 -0.001211343 0.003818611 0.03591958 0.001346751 0.003446561 0.03581998 0.001296663 0.00318346 0.03574931 7.525861e-05 0.003725809 0.035668 3.584257e-05 0.003507597 0.0352811 -0.001077061 0.004087704 0.03522329 -0.001106204 0.003929667 0.03583371 0.0001787444 0.004176223 0.03549168 -0.0007439635 0.004352277 0.03486401 -0.001720768 0.004599984 0.03401253 -0.002538513 0.004888528 0.03367307 -0.0016501 0.01498853 0.03356662 -0.0003709513 0.01595498 0.03222143 -0.0008940005 0.01685949 0.03342534 -0.00265807 0.01376206 0.0339744 -0.002562187 0.01203091 0.03461255 -0.001945036 0.01254098 0.03556295 5.762729e-06 0.01349977 0.03527008 -0.0008840159 0.01314164 0.03568479 0.001250196 0.01386062 0.0356447 0.0004657948 0.01364992 0.03532206 -0.001062245 0.0123753 0.03574648 -0.0001157638 0.01257244 0.03599076 0.00115154 0.01276586 0.03591958 0.001346751 0.01335344 0.03598 0.001398983 0.01307908 0.03532676 -0.001040188 0.01255192 0.03574931 7.525861e-05 0.01307419 0.03580484 0.000123259 0.01284971 0.0352811 -0.001077061 0.0127123 0.027 0.01025 0.0087 0.02712054 0.01025 0.009692709 0.02756806 0.01025 0.009522984 0.02788546 0.01025 0.009164724 0.028 0.01025 0.0087 0.02788546 0.01025 0.008235277 0.02756806 0.01025 0.007877016 0.02712054 0.01025 0.007707291 0.0266454 0.01025 0.007764984 0.02625149 0.01025 0.008036877 0.02602906 0.01025 0.008460685 0.026 0.01025 0.0087 0.02602906 0.01025 0.008939316 0.02625149 0.01025 0.009363122 0.0266454 0.01025 0.009635016 0.027 0.01025 0.0097 0.02575 0.01 0.0087 0.02578632 0.01 0.008400856 0.02606436 0.01 0.007871097 0.027 0.01 0.00745 0.02715067 0.01 0.007459114 0.02771008 0.01 0.00767127 0.02810682 0.01 0.008119096 0.02825 0.01 0.0087 0.02810682 0.01 0.009280904 0.02771008 0.01 0.00972873 0.02655674 0.01 0.00986877 0.02715067 0.01 0.009940886 0.02606436 0.01 0.009528903 0.02578632 0.01 0.008999145 0.02655674 0.01 0.00753123 0.02825 0.00225 0.0087 0.02810682 0.00225 0.008119096 0.02771008 0.00225 0.00767127 0.02715067 0.00225 0.007459114 0.027 0.00225 0.00745 0.02655674 0.00225 0.00753123 0.02606436 0.00225 0.007871097 0.02578632 0.00225 0.008400856 0.02578632 0.00225 0.008999145 0.02606436 0.00225 0.009528903 0.02655674 0.00225 0.00986877 0.02715067 0.00225 0.009940886 0.02771008 0.00225 0.00972873 0.02810682 0.00225 0.009280904 0.027 0.00225 0.0066 0.02625533 0.00225 0.006736466 0.02725313 0.00225 0.006615311 0.02542813 0.00225 0.01009256 0.02625533 0.00225 0.01066353 0.02885946 0.00225 0.009675919 0.0291 0.00225 0.0087 0.02542813 0.00225 0.007307442 0.02496102 0.00225 0.008197437 0.02496102 0.00225 0.009202563 0.02725313 0.00225 0.01078469 0.02819294 0.00225 0.01042827 0.02885946 0.00225 0.007724081 0.02819294 0.00225 0.006971734 0.0291 0.0014 0.0087 0.02885946 0.0014 0.007724081 0.02819294 0.0014 0.006971734 0.02725313 0.0014 0.006615311 0.027 0.0014 0.0066 0.02625533 0.0014 0.006736466 0.02542813 0.0014 0.007307442 0.02496102 0.0014 0.008197437 0.02496102 0.0014 0.009202563 0.02542813 0.0014 0.01009256 0.02625533 0.0014 0.01066353 0.02725313 0.0014 0.01078469 0.02819294 0.0014 0.01042827 0.02885946 0.0014 0.009675919 0.02863701 0.0007070904 0.0087 0.02835 0.00065 0.0087 0.02819537 0.00065 0.008072624 0.0284495 0.0007070904 0.007939243 0.02776689 0.00065 0.007588972 0.02792993 0.0007070904 0.007352765 0.02716273 0.00065 0.007359843 0.02641951 0.0007070904 0.007169367 0.02719732 0.0007070904 0.007074923 0.027 0.00065 0.00735 0.02652128 0.00065 0.007437728 0.02598951 0.00065 0.007804784 0.02577468 0.0007070904 0.00761446 0.02568923 0.00065 0.008376923 0.02541056 0.0007070904 0.008308237 0.02568923 0.00065 0.009023076 0.02541056 0.0007070904 0.009091763 0.02598951 0.00065 0.009595215 0.02577468 0.0007070904 0.00978554 0.02652128 0.00065 0.009962272 0.02641951 0.0007070904 0.01023063 0.02716273 0.00065 0.01004016 0.02719732 0.0007070904 0.01032508 0.02776689 0.00065 0.009811028 0.02792993 0.0007070904 0.01004723 0.02819537 0.00065 0.009327376 0.0284495 0.0007070904 0.009460757 0.02888033 0.0008696699 0.0087 0.02866495 0.0008696699 0.007826167 0.02806815 0.0008696699 0.007152519 0.02722665 0.0008696699 0.00683338 0.02633323 0.0008696699 0.006941861 0.02559255 0.0008696699 0.007453111 0.02517431 0.0008696699 0.008250007 0.02517431 0.0008696699 0.009149993 0.02559255 0.0008696699 0.009946889 0.02633323 0.0008696699 0.01045814 0.02722665 0.0008696699 0.01056662 0.02806815 0.0008696699 0.01024748 0.02866495 0.0008696699 0.009573833 0.02904291 0.001112987 0.0087 0.02880891 0.001112987 0.007750613 0.0281605 0.001112987 0.007018718 0.02724625 0.001112987 0.006671986 0.02627558 0.001112987 0.006789846 0.02547086 0.001112987 0.0073453 0.02501645 0.001112987 0.0082111 0.02501645 0.001112987 0.009188901 0.02547086 0.001112987 0.0100547 0.02627558 0.001112987 0.01061015 0.02724625 0.001112987 0.01072801 0.0281605 0.001112987 0.01038128 0.02880891 0.001112987 0.009649388 0.02745466 0.00065 0.0079125 0.027 0.00065 0.0075 0.02803923 0.00065 0.0081 0.02609067 0.00065 0.0087 0.02596077 0.00065 0.0093 0.02790933 0.00065 0.0087 0.02803923 0.00065 0.0093 0.02654534 0.00065 0.0094875 0.02596077 0.00065 0.0081 0.02654534 0.00065 0.0079125 0.02745466 0.00065 0.0094875 0.027 0.00065 0.0099 0.02596077 0.00215 0.0081 0.02609067 0.00215 0.0087 0.02596077 0.00215 0.0093 0.02745466 0.00215 0.0079125 0.02654534 0.00215 0.0079125 0.02790933 0.00215 0.0087 0.02803923 0.00215 0.0093 0.02745466 0.00215 0.0094875 0.02654534 0.00215 0.0094875 0.027 0.00215 0.0075 0.027 0.00215 0.0099 0.02803923 0.00215 0.0081 0.006877543 -0.001529679 0.0038 0.0067 -0.00225 0.0038 0.0067 -0.00225 0.0001 0.0073695 -0.000974375 0.0038 0.006877543 -0.001529679 0.0001 0.008063168 -0.0007113012 0.0038 0.0073695 -0.000974375 0.0001 0.008063168 -0.0007113012 0.0001 0.00825 -0.0007 0.0001 0.00825 -0.0007 0.0038 0.008799638 -0.0008007248 0.0038 0.008799638 -0.0008007248 0.0001 0.009410191 -0.00122216 0.0038 0.009754959 -0.001879061 0.0038 0.009410191 -0.00122216 0.0001 0.009754959 -0.002620939 0.0038 0.009754959 -0.001879061 0.0001 0.009410191 -0.00327784 0.0038 0.009754959 -0.002620939 0.0001 0.008799638 -0.003699275 0.0038 0.009410191 -0.00327784 0.0001 0.008063168 -0.003788699 0.0038 0.008799638 -0.003699275 0.0001 0.0073695 -0.003525625 0.0038 0.008063168 -0.003788699 0.0001 0.006877543 -0.002970321 0.0038 0.0073695 -0.003525625 0.0001 0.006877543 -0.002970321 0.0001 0.00525 0.00275 0.0038 0.01075 0.00275 0.0038 0.01075 -0.01054737 0.0038 0.00525 -0.0137228 0.0038 0.01079959 -0.01051779 0.00380082 0.01132828 -0.01014635 0.003915951 0.01132402 0.00275 0.003914181 0.0117422 -0.009840357 0.004175034 0.01180917 -0.009788922 0.004237857 0.01181066 0.00275 0.00423934 0.01202786 -0.009616191 0.004514452 0.01219219 -0.009472236 0.004887596 0.01213582 0.00275 0.004725975 0.01225 -0.009396625 0.0053 0.01225 0.00275 0.0053 0.0109 -0.01069171 0.0036 0.00525 -0.01395374 0.0036 0.0127 -0.00965248 0.0054 0.01225 -0.009392671 0.0054 0.01217279 -0.009956863 0.004127208 0.01256224 -0.009732013 0.004711774 0.01158823 -0.01029436 0.003737756 0.0127 -0.00965248 0.012 0.01225 -0.009392671 0.012 0.01225 0.00275 0.0121 0.01225 -0.009396625 0.0121 0.01075 0.00275 0.0136 0.01213582 0.00275 0.01267403 0.01181066 0.00275 0.01316066 0.01132402 0.00275 0.01348582 0.00525 0.00275 0.0136 0.01214159 -0.009519606 0.0126599 0.01189383 -0.009723082 0.01307039 0.01139257 -0.0101 0.0134554 0.01079959 -0.01051779 0.01359918 0.01075 -0.01054737 0.0136 0.01158823 -0.01029436 0.01366224 0.0109 -0.01069171 0.0138 0.01217279 -0.009956863 0.01327279 0.01256224 -0.009732013 0.01268823 0.00525 -0.01395374 0.0138 0.00525 -0.0137228 0.0136 0.009410191 -0.00122216 0.0136 0.008799638 -0.0008007248 0.0136 0.009754959 -0.002620939 0.0136 0.006877543 -0.002970321 0.0136 0.0073695 -0.003525625 0.0136 0.0067 -0.00225 0.0136 0.00825 -0.0007 0.0136 0.009754959 -0.001879061 0.0136 0.009410191 -0.00327784 0.0136 0.008063168 -0.003788699 0.0136 0.008063168 -0.0007113012 0.0136 0.008799638 -0.003699275 0.0136 0.006877543 -0.001529679 0.0136 0.0073695 -0.000974375 0.0136 0.006877543 -0.001529679 0.0173 0.0067 -0.00225 0.0173 0.0073695 -0.000974375 0.0173 0.008063168 -0.0007113012 0.0173 0.008799638 -0.0008007248 0.0173 0.00825 -0.0007 0.0173 0.009410191 -0.00122216 0.0173 0.009754959 -0.001879061 0.0173 0.009754959 -0.002620939 0.0173 0.009410191 -0.00327784 0.0173 0.008799638 -0.003699275 0.0173 0.008063168 -0.003788699 0.0173 0.0073695 -0.003525625 0.0173 0.006877543 -0.002970321 0.0173 0.00525 -0.01395374 0.017 0.00525 -0.01360733 0.0173 0.00525 0.00475 0.0173 0.00525 0.00475 0.0001 0.00525 -0.01360733 0.0001 0.00525 -0.01395374 0.0004 0.01375 -0.009046261 0.0004 0.01375 -0.009046261 0.017 0.0136 -0.008786454 0.0173 0.01475 -0.007314211 0.017 0.01445 -0.007314211 0.0173 0.01434748 -0.007895645 0.0173 0.01462939 -0.00799825 0.017 0.01405228 -0.008406949 0.0173 0.01428209 -0.008599786 0.017 0.0136 -0.008786454 0.0001 0.01405228 -0.008406949 0.0001 0.01428209 -0.008599786 0.0004 0.01434748 -0.007895645 0.0001 0.01462939 -0.00799825 0.0004 0.01445 -0.007314211 0.0001 0.01475 -0.007314211 0.0004 0.01445 -0.00225 0.0173 0.01475 -0.00225 0.017 0.01462508 -0.001369828 0.0173 0.02552786 0.00475 0.0173 0.01586983 -0.0001250771 0.0173 0.01512365 -0.0006236544 0.0173 0.01675 5e-05 0.0173 0.02552786 5e-05 0.0173 0.01598463 -0.0004022409 0.017 0.01533579 -0.0008357865 0.017 0.01490224 -0.001484633 0.017 0.01675 -0.00025 0.017 0.01475 -0.00225 0.01462288 0.01475 -0.007314211 0.01462288 0.01483579 -0.001670529 0.01471421 0.01533579 -0.0008357865 0.01507882 0.01598463 -0.0004022409 0.01528232 0.01625 -0.0003135083 0.0153 0.01675 -0.00025 0.0153 0.02552786 -0.00025 0.017 0.02642229 5e-05 0.01708885 0.02642229 0.00475 0.01708885 0.02628813 -0.00025 0.01682053 0.03289443 0.00475 0.01385279 0.03289443 5e-05 0.01385279 0.03276026 -0.00025 0.01358446 0.0334795 5e-05 0.0134097 0.0334795 0.00475 0.0134097 0.03386534 5e-05 0.01278539 0.03386534 0.00475 0.01278539 0.034 5e-05 0.01206393 0.034 0.00475 0.01206393 0.03325757 -0.00025 0.01320783 0.03358554 -0.00025 0.01267717 0.0337 -0.00025 0.01206393 0.034 5e-05 0.005336068 0.034 0.00475 0.005336068 0.0337 -0.00025 0.005336068 0.03386534 5e-05 0.00461461 0.03386534 0.00475 0.00461461 0.0334795 5e-05 0.003990302 0.0334795 0.00475 0.003990302 0.03289443 5e-05 0.003547214 0.03289443 0.00475 0.003547214 0.03358554 -0.00025 0.004722829 0.03325757 -0.00025 0.004192167 0.03276026 -0.00025 0.003815542 0.02642229 5e-05 0.0003111456 0.02642229 0.00475 0.0003111456 0.02552786 5e-05 0.0001 0.02552786 0.00475 0.0001 0.02628813 -0.00025 0.0005794738 0.02552786 -0.00025 0.0004 0.01675 5e-05 0.0001 0.01586983 -0.0001250771 0.0001 0.01512365 -0.0006236544 0.0001 0.01462508 -0.001369828 0.0001 0.01445 -0.00225 0.0001 0.01675 -0.00025 0.0004 0.01490224 -0.001484633 0.0004 0.01533579 -0.0008357865 0.0004 0.01598463 -0.0004022409 0.0004 0.01475 -0.00225 0.0004 0.01475 -0.007314211 0.002777124 0.01475 -0.00225 0.002777124 0.01471817 -0.007669628 0.002814121 0.01462939 -0.00799825 0.00292799 0.01451784 -0.008249484 0.003100186 0.01440224 -0.008441198 0.003334633 0.01425 -0.008637086 0.0133 0.01428209 -0.008599786 0.01365683 0.01425 -0.008637086 0.0041 0.01428209 -0.008599786 0.003743173 0.01451777 -0.008249615 0.01429969 0.01462939 -0.00799825 0.01447201 0.01440224 -0.008441198 0.01406537 0.01471813 -0.007669804 0.01458584 0.01548463 0.00225 0.01514776 0.01625 0.00225 0.0153 0.01483579 0.00225 0.01471421 0.01455307 -0.007877704 0.0143585 0.01440224 0.00225 0.01406537 0.01425 0.00225 0.0133 0.01425 0.00225 0.0041 0.01483579 0.00225 0.002685786 0.01483579 -0.001670529 0.002685786 0.01533579 -0.0008357865 0.002321176 0.01548463 0.00225 0.002252241 0.01598463 -0.0004022409 0.002117683 0.01625 -0.0003135083 0.0021 0.01440224 0.00225 0.003334633 0.01455307 -0.007877704 0.0030415 0.01625 0.00225 0.0021 0.01675 -0.00025 0.0021 0.02505573 0.00225 0.0153 0.02505573 -0.00025 0.0153 0.02505573 0.00225 0.0021 0.02505573 -0.00025 0.0021 0.02595016 -0.00025 0.01508885 0.02595016 0.00225 0.01508885 0.03089443 -0.00025 0.01261672 0.03089443 0.00225 0.01261672 0.0314795 -0.00025 0.01217363 0.03186534 -0.00025 0.01154932 0.0314795 0.00225 0.01217363 0.032 -0.00025 0.01082786 0.03186534 0.00225 0.01154932 0.032 0.00225 0.01082786 0.032 0.00225 0.006572136 0.032 -0.00025 0.006572136 0.03186534 -0.00025 0.005850678 0.0314795 -0.00025 0.00522637 0.03089443 -0.00025 0.004783282 0.02595016 -0.00025 0.002311146 0.02595016 0.00225 0.002311146 0.03089443 0.00225 0.004783282 0.03186534 0.00225 0.005850678 0.0314795 0.00225 0.00522637 0.01811103 0.00225 0.005966887 0.01834016 0.00225 0.005362724 0.02573773 0.00225 0.008221284 0.02610478 0.00225 0.00768951 0.01835 0.00225 0.0052 0.02565984 0.00225 0.008862725 0.01667692 0.00225 0.01088923 0.01762738 0.00225 0.006395366 0.01637262 0.00225 0.006395366 0.017 0.00225 0.00655 0.01667692 0.00225 0.003889228 0.02588897 0.00225 0.009466887 0.01835 0.00225 0.0122 0.01826227 0.00225 0.01172128 0.01610478 0.00225 0.01118951 0.01573773 0.00225 0.01172128 0.02732308 0.00225 0.007389228 0.02667692 0.00225 0.007389228 0.01610478 0.00225 0.00418951 0.01826227 0.00225 0.004721283 0.01588897 0.00225 0.01296689 0.02789522 0.00225 0.00768951 0.01573773 0.00225 0.004721283 0.01732308 0.00225 0.003889228 0.01789522 0.00225 0.00418951 0.02637262 0.00225 0.009895366 0.027 0.00225 0.01005 0.01789522 0.00225 0.01118951 0.01834016 0.00225 0.01236272 0.017 0.00225 0.01355 0.01762738 0.00225 0.01339537 0.01637262 0.00225 0.01339537 0.01565984 0.00225 0.005362724 0.01811103 0.00225 0.01296689 0.01588897 0.00225 0.005966887 0.01565984 0.00225 0.01236272 0.02834016 0.00225 0.008862725 0.02835 0.00225 0.0087 0.02811103 0.00225 0.009466887 0.02762738 0.00225 0.009895366 0.01732308 0.00225 0.01088923 0.02826227 0.00225 0.008221284 0.02588897 0.00475 0.009466887 0.02565984 0.00475 0.008862725 0.01826227 0.00475 0.01172128 0.01835 0.00475 0.0122 0.01834016 0.00475 0.01236272 0.02610478 0.00475 0.00768951 0.01835 0.00475 0.0052 0.01834016 0.00475 0.005362724 0.01789522 0.00475 0.01118951 0.01811103 0.00475 0.01296689 0.02637262 0.00475 0.009895366 0.01826227 0.00475 0.004721283 0.02732308 0.00475 0.007389228 0.02667692 0.00475 0.007389228 0.01811103 0.00475 0.005966887 0.01762738 0.00475 0.006395366 0.01789522 0.00475 0.00418951 0.02573773 0.00475 0.008221284 0.01667692 0.00475 0.003889228 0.01762738 0.00475 0.01339537 0.027 0.00475 0.01005 0.01637262 0.00475 0.006395366 0.01610478 0.00475 0.01118951 0.01667692 0.00475 0.01088923 0.01588897 0.00475 0.005966887 0.01573773 0.00475 0.01172128 0.01610478 0.00475 0.00418951 0.017 0.00475 0.01355 0.02811103 0.00475 0.009466887 0.02835 0.00475 0.0087 0.017 0.00475 0.00655 0.01565984 0.00475 0.01236272 0.01732308 0.00475 0.003889228 0.01565984 0.00475 0.005362724 0.01573773 0.00475 0.004721283 0.01637262 0.00475 0.01339537 0.01732308 0.00475 0.01088923 0.02826227 0.00475 0.008221284 0.02789522 0.00475 0.00768951 0.01588897 0.00475 0.01296689 0.02762738 0.00475 0.009895366 0.02834016 0.00475 0.008862725 0.001328184 -0.01080292 1.667924e-16 0.0015 -0.0115 1.789306e-16 0.0015 -0.0115 0.0038 0.0008520971 -0.01026552 1.57774e-16 0.001328184 -0.01080292 0.0038 0.000180805 -0.01001094 1.539416e-16 0.0008520971 -0.01026552 0.0038 -0.0005319073 -0.01009748 1.561731e-16 0.000180805 -0.01001094 0.0038 -0.001122766 -0.01050532 1.639572e-16 -0.0005319073 -0.01009748 0.0038 -0.001456413 -0.01114103 1.755108e-16 -0.001122766 -0.01050532 0.0038 -0.001456413 -0.01185897 1.88187e-16 -0.001456413 -0.01114103 0.0038 -0.001122766 -0.01249468 1.990818e-16 -0.001456413 -0.01185897 0.0038 -0.0005319073 -0.01290252 2.056995e-16 -0.001122766 -0.01249468 0.0038 -0.0005319073 -0.01290252 0.0038 8.94157e-16 -0.013 0.0038 0.000180805 -0.01298906 0.0038 0.000180805 -0.01298906 2.065239e-16 8.941041e-16 -0.013 2.068955e-16 0.0008520971 -0.01273448 2.013663e-16 0.001328184 -0.01219708 1.91408e-16 0.0008520971 -0.01273448 0.0038 0.001328184 -0.01219708 0.0038 0.002225 -0.01535381 0.0038 0.0004651517 -0.01592562 0.0038 0.00525 -0.01360733 0.0038 0.00525 -0.008526647 0.0038 -0.00445 -0.0115 0.0038 -0.004065277 -0.01330998 0.0038 -0.002977631 -0.01480699 0.0038 -0.00445 -0.002926348 0.0038 -0.001375126 -0.0157322 0.0038 -0.00475 -0.0115 0.0035 -0.00475 -0.002753143 0.0035 0.002375 -0.01561362 0.0035 0.0004965102 -0.01622398 0.0035 -0.001467831 -0.01601752 0.0035 -0.00317837 -0.01502994 0.0035 -0.004339341 -0.013432 0.0035 0.00525 -0.01395374 0.0035 -0.00475 -0.0115 0.0003 -0.004339341 -0.013432 0.0003 -0.00317837 -0.01502994 0.0003 -0.001467831 -0.01601752 0.0003 0.0004965102 -0.01622398 0.0003 0.002375 -0.01561362 0.0003 0.00525 -0.01395374 0.0003 0.002225 -0.01535381 2.810252e-16 0.00525 -0.01360733 2.324529e-16 -0.00445 -0.0115 2.116363e-16 -0.004065277 -0.01330998 2.432153e-16 -0.002977631 -0.01480699 2.685733e-16 -0.001375126 -0.0157322 2.833271e-16 0.0004651517 -0.01592562 2.849256e-16 -0.00445 -3.053113e-16 0 -0.00475 -3.191891e-16 0.0003 1.126381e-16 -0.001625 2.869128e-17 -0.000576233 -0.001519401 2.739561e-17 0.00525 0.00445 -8.673617e-17 0.001438866 -0.0007551751 1.19132e-17 0.0001958721 -0.001613152 2.828874e-17 0.001625 1.152513e-16 -1.60403e-18 0.001438866 0.0007551751 -1.47538e-17 0.0009231052 -0.001337349 2.270127e-17 -0.00121633 -0.001077574 2.022647e-17 -0.00157778 -0.0003888879 8.423692e-18 -3.053113e-16 0.00445 -8.326673e-17 0.0009231052 0.001337349 -2.452365e-17 -0.004111264 0.001702941 -3.072549e-17 -0.00157778 0.0003888879 -5.308852e-18 -0.003146625 0.003146625 -5.716761e-17 -0.00121633 0.001077574 -1.78252e-17 -0.001702941 0.004111264 -7.562449e-17 -0.000576233 0.001519401 -2.625801e-17 0.0001958721 0.001613152 -2.867543e-17 -3.191891e-16 0.00475 0.0003 -0.001817746 0.004388428 0.0003 -0.003358757 0.003358757 0.0003 -0.004388428 0.001817746 0.0003 0.00525 0.00475 0.0003 -3.191891e-16 0.00475 0.0169 -0.001817746 0.004388428 0.0169 -0.003358757 0.003358757 0.0169 -0.004388428 0.001817746 0.0169 -0.00475 -2.775558e-17 0.0169 0.00525 0.00475 0.0169 -2.914335e-16 0.00445 0.0172 0.00525 0.00445 0.0172 0.001625 4.189375e-16 0.0172 0.001438866 0.0007551751 0.0172 0.0009231052 0.001337349 0.0172 0.0001958721 0.001613152 0.0172 -0.000576233 0.001519401 0.0172 -0.00121633 0.001077574 0.0172 -0.00157778 0.0003888879 0.0172 -0.00157778 -0.0003888879 0.0172 -0.00121633 -0.001077574 0.0172 0.0001958721 -0.001613152 0.0172 -0.000576233 -0.001519401 0.0172 1.256099e-16 -0.001625 0.0172 0.0009231052 -0.001337349 0.0172 0.001438866 -0.0007551751 0.0172 -0.00445 0 0.0172 -0.004111264 0.001702941 0.0172 -0.003146625 0.003146625 0.0172 -0.001702941 0.004111264 0.0172 -0.00475 -0.0115 0.0169 -0.00445 -0.0115 0.0172 -0.00475 -0.002753143 0.0137 -0.00475 -0.0115 0.0137 0.002375 -0.01561362 0.0169 0.002225 -0.01535381 0.0172 0.0004651517 -0.01592562 0.0172 0.0004965102 -0.01622398 0.0169 -0.001375126 -0.0157322 0.0172 -0.001467831 -0.01601752 0.0169 -0.002977631 -0.01480699 0.0172 -0.00317837 -0.01502994 0.0169 -0.004065277 -0.01330998 0.0172 -0.004339341 -0.013432 0.0169 0.000180805 -0.01001094 0.0172 0.00525 -0.01360733 0.0172 0.0008520971 -0.01273448 0.0172 0.000180805 -0.01298906 0.0172 0.0008520971 -0.01026552 0.0172 0.001328184 -0.01080292 0.0172 -0.001122766 -0.01050532 0.0172 -0.0005319073 -0.01009748 0.0172 0.001328184 -0.01219708 0.0172 -0.001456413 -0.01114103 0.0172 -0.001456413 -0.01185897 0.0172 -0.001122766 -0.01249468 0.0172 0.0015 -0.0115 0.0172 -0.0005319073 -0.01290252 0.0172 9.080502e-16 -0.013 0.0172 0.00525 -0.01395374 0.0169 0.00525 -0.01395374 0.0137 0.002375 -0.01561362 0.0137 -0.004339341 -0.013432 0.0137 -0.00317837 -0.01502994 0.0137 -0.001467831 -0.01601752 0.0137 0.0004965102 -0.01622398 0.0137 -0.00445 -0.002926348 0.0134 -0.00445 -0.0115 0.0134 -0.001375126 -0.0157322 0.0134 -0.0005319073 -0.01290252 0.0134 9.086634e-16 -0.013 0.0134 0.002225 -0.01535381 0.0134 0.0004651517 -0.01592562 0.0134 0.000180805 -0.01298906 0.0134 -0.002977631 -0.01480699 0.0134 -0.001122766 -0.01249468 0.0134 0.00525 -0.008526647 0.0134 0.00525 -0.01360733 0.0134 0.0015 -0.0115 0.0134 0.0008520971 -0.01273448 0.0134 0.001328184 -0.01219708 0.0134 -0.004065277 -0.01330998 0.0134 -0.001456413 -0.01185897 0.0134 -0.001456413 -0.01114103 0.0134 0.0008520971 -0.01026552 0.0134 0.000180805 -0.01001094 0.0134 0.001328184 -0.01080292 0.0134 -0.001122766 -0.01050532 0.0134 -0.0005319073 -0.01009748 0.0134 0.00525 0.00265 0.0038 0.00525 0.00265 0.0134 0.00812645 -0.001232473 0.0134 0.00825 -0.001225 0.0134 0.01075 0.00265 0.0134 0.007667734 -0.001406442 0.0134 0.00861347 -0.001291608 0.0134 0.009245215 -0.002004701 0.0134 0.009245215 -0.002495299 0.0134 0.009017223 -0.001570299 0.0134 0.01075 -0.008526647 0.0134 0.007342407 -0.001773659 0.0134 0.007342407 -0.002726341 0.0134 0.007225 -0.00225 0.0134 0.00861347 -0.003208392 0.0134 0.00812645 -0.003267527 0.0134 0.009017223 -0.002929701 0.0134 0.007667734 -0.003093558 0.0134 0.007225 -0.00225 0.0038 0.007342407 -0.001773659 0.0038 0.007667734 -0.001406442 0.0038 0.00812645 -0.001232473 0.0038 0.00825 -0.001225 0.0038 0.00861347 -0.001291608 0.0038 0.009017223 -0.001570299 0.0038 0.009245215 -0.002004701 0.0038 0.009245215 -0.002495299 0.0038 0.009017223 -0.002929701 0.0038 0.00861347 -0.003208392 0.0038 0.00812645 -0.003267527 0.0038 0.007667734 -0.003093558 0.0038 0.007342407 -0.002726341 0.0038 0.01075 0.00265 0.0038 0.01075 -0.008526647 0.0038 0.01213582 -0.008526647 0.004725975 0.01132402 -0.008526647 0.003914181 0.01225 -0.008526647 0.0119 0.01181066 -0.008526647 0.01296066 0.01132402 -0.008526647 0.01328582 0.01181066 -0.008526647 0.00423934 0.01213582 -0.008526647 0.01247403 0.01225 -0.008526647 0.0053 0.01181066 0.00265 0.01296066 0.01213582 0.00265 0.01247403 0.01225 0.00265 0.0053 0.01181066 0.00265 0.00423934 0.01132402 0.00265 0.003914181 0.01132402 0.00265 0.01328582 0.01213582 0.00265 0.004725975 0.01225 0.00265 0.0119</float_array>
          <technique_common>
            <accessor count="2142" source="#verts-array-array" stride="3">
              <param type="float" name="X"/>
              <param type="float" name="Y"/>
              <param type="float" name="Z"/>
            </accessor>
          </technique_common>
        </source>
        <source id="normals-array">
          <float_array count="6426" id="normals-array-array">0 1 0 0.08972137 0.9101197 0.4045148 0.244607 0.9025442 0.3543745 0.3812745 0.9025445 0.2001079 0.4305962 0.9025447 -1.016491e-07 0.3812745 0.9025445 -0.200108 0.2446071 0.9025443 -0.3543742 0.06197703 0.9071953 -0.4161197 -0.1588635 0.9051367 -0.3943221 -0.3223057 0.9025448 -0.2855379 -0.3999047 0.9077068 -0.127061 -0.407238 0.9133221 4.211027e-08 -0.3999046 0.907707 0.1270607 -0.3223056 0.9025447 0.2855382 -0.1639469 0.9051872 0.3921193 -0.02909841 0.9077138 0.4185798 -0.9279846 0.3726184 1.060085e-08 -0.8883406 0.3676363 -0.2751265 -0.6973144 0.3634791 -0.6177666 -0.05617947 0.3788661 -0.9237448 0.1930027 0.3695115 -0.9089616 0.5292103 0.3634787 -0.766694 0.824893 0.3634789 -0.4329372 0.9316024 0.363479 -5.535485e-08 0.824893 0.3634787 0.4329374 0.5292103 0.3634784 0.7666941 -0.3355386 0.3588493 0.871 0.1187347 0.3559211 0.9269424 -0.6973143 0.3634792 0.6177667 -0.8883406 0.3676363 0.2751265 -0.3553405 0.3656182 -0.8602653 0.6438573 0.7651456 7.323298e-18 0.570107 0.7651459 -0.2992153 0.3657524 0.7651457 -0.5298842 0.1405664 0.742594 -0.6548246 -0.04092272 0.7352709 -0.6765368 -0.249812 0.7575386 -0.6030997 -0.4819338 0.7651458 -0.4269563 -0.6257753 0.7644009 -0.1552304 -0.6257753 0.7644009 0.1552304 -0.4819338 0.7651458 0.4269563 -0.228315 0.7651457 0.6020169 0.07760844 0.7651459 0.6391625 0.3657525 0.7651455 0.5298843 0.5701068 0.765146 0.2992154 0.1549006 0.6747566 -0.7216019 -0.04421671 0.6809564 -0.7309878 -0.2865598 0.6627768 -0.6918168 -0.5642955 0.6569992 0.4999226 -0.2673335 0.6569993 0.7049005 0.09087152 0.6569991 0.7483946 0.4282592 0.6569992 0.6204403 -0.5642955 0.6569992 -0.4999225 -0.7319846 0.6569991 -0.1804182 -0.7319846 0.6569992 0.1804182 0.6675377 0.6569992 0.3503506 0.7538912 0.6569993 6.859869e-18 0.6675377 0.6569992 -0.3503505 0.4282592 0.6569992 -0.6204403 0.9953242 -0.09659082 8.270355e-08 0.8813159 -0.09659029 -0.46255 0.5654086 -0.09659097 -0.8191357 0.2081102 -0.09674377 -0.9733092 -0.06744141 -0.1392514 -0.9879579 -0.3805481 -0.09672249 -0.919689 -0.7450106 -0.09659131 -0.6600222 -0.9664017 -0.09659143 -0.238197 -0.9664017 -0.09659145 0.238197 -0.7450106 -0.0965916 0.6600222 -0.3529464 -0.0965903 0.9306445 0.1199728 -0.09659136 0.9880671 0.5654087 -0.09659066 0.8191357 0.881316 -0.09659032 0.46255 0.4076783 -0.9131256 -2.16768e-07 0.1129034 -0.993606 1.492191e-07 0.09997159 -0.9936059 -0.05246915 0.3609804 -0.913126 -0.1894573 0.06413669 -0.9936059 -0.09291797 0.2315871 -0.9131259 -0.3355122 0.02367901 -0.994166 -0.1052297 -0.1464156 -0.9124937 -0.3819918 0.05165558 -0.9118914 -0.4071681 -0.008944867 -0.9934972 -0.1135049 -0.04302552 -0.9938075 -0.1024469 -0.08450954 -0.9936059 -0.07486901 -0.3051517 -0.9131255 -0.2703408 -0.1096233 -0.9936059 -0.02701969 -0.3958318 -0.9131257 -0.09756379 -0.1096233 -0.9936059 0.02701978 -0.3958317 -0.9131257 0.09756371 -0.08450965 -0.9936059 0.07486893 -0.3051517 -0.9131256 0.2703408 -0.04003627 -0.9936059 0.1055668 -0.1445647 -0.9131256 0.381186 0.0136091 -0.9936059 0.1120805 0.0491401 -0.9131257 0.4047057 0.06413665 -0.9936059 0.09291797 0.2315871 -0.9131259 0.3355123 0.09997174 -0.9936059 0.05246902 0.3609802 -0.9131261 0.1894574 0.7214356 -0.6924815 -8.840754e-08 0.6387992 -0.692482 -0.3352673 0.4098219 -0.6924822 -0.5937293 0.08695947 -0.692482 -0.716175 -0.2558238 -0.6924825 -0.6745533 -0.5400023 -0.6924817 -0.4784 -0.7004712 -0.6924824 -0.1726507 -0.7004712 -0.6924824 0.1726506 -0.5400022 -0.6924815 0.4784005 -0.2558242 -0.6924824 0.6745533 0.08695954 -0.692482 0.7161751 0.4098218 -0.6924823 0.5937292 0.6387993 -0.6924819 0.3352673 0.9280139 -0.3725455 1.425775e-07 0.8217158 -0.3725449 -0.4312695 0.5271721 -0.3725461 -0.7637402 0.1330063 -0.392457 -0.9101026 -0.3396425 -0.3809439 -0.8599562 -0.6946282 -0.3725461 -0.6153869 -0.901047 -0.3725469 -0.2220883 -0.901047 -0.3725468 0.2220882 -0.6946281 -0.3725466 0.6153867 -0.3290787 -0.3725462 0.8677076 0.11186 -0.3725464 0.9212473 0.5271721 -0.3725458 0.7637403 0.821716 -0.3725448 0.4312693 0.7491183 -0.6624362 1.354341e-17 -0.3745597 -0.6624358 0.6487557 -4.709831e-07 -0.8929446 0.4501665 -0.3898558 -0.8929445 0.2250838 0.3745589 -0.662436 -0.6487559 0.3898558 -0.8929445 0.2250838 0.3745589 -0.662436 0.6487559 -0.3745597 -0.6624358 -0.6487557 -0.3898558 -0.8929445 -0.2250838 0.3898558 -0.8929445 -0.2250838 -4.709831e-07 -0.8929446 -0.4501665 -0.7491183 -0.6624362 -1.354341e-17 0.7038493 -0.5826328 0.4063684 0.6522782 -0.7579797 -8.844468e-18 0.7038493 -0.5826328 -0.4063684 0.3261386 -0.75798 0.5648893 -8.503182e-07 -0.5826327 0.8127356 -0.3261391 -0.7579802 0.5648887 -0.3261391 -0.7579802 -0.5648887 -8.503182e-07 -0.5826327 -0.8127356 0.3261386 -0.75798 -0.5648893 -0.6522782 -0.7579797 8.844468e-18 -0.7038493 -0.5826328 -0.4063684 -0.7038493 -0.5826328 0.4063684 0 1 0 0.08972142 0.9101199 0.4045144 0.244607 0.9025442 0.3543746 0.3812746 0.9025444 0.2001082 0.4305962 0.9025447 -1.743532e-07 0.3812744 0.9025445 -0.200108 0.2446075 0.9025441 -0.3543745 0.0619771 0.907195 -0.4161202 -0.1588636 0.9051366 -0.3943224 -0.3223056 0.902545 -0.2855375 -0.3999046 0.9077069 -0.1270609 -0.407238 0.9133221 -7.712452e-09 -0.3999046 0.907707 0.1270607 -0.3223059 0.9025446 0.2855384 -0.1639465 0.9051875 0.3921189 -0.02909837 0.907714 0.4185793 -0.9279846 0.3726184 -4.844174e-09 -0.8883405 0.3676364 -0.2751265 -0.6973142 0.3634792 -0.6177667 -0.05617948 0.3788657 -0.9237449 0.1930027 0.3695111 -0.9089618 0.5292103 0.3634785 -0.7666941 0.8248928 0.363479 -0.4329375 0.9316024 0.363479 -7.580192e-08 0.824893 0.3634786 0.4329374 0.5292105 0.3634785 0.766694 -0.3355387 0.3588495 0.8709999 0.118735 0.3559215 0.9269422 -0.6973146 0.363479 0.6177665 -0.8883406 0.3676363 0.2751265 -0.3553403 0.3656178 -0.8602656 0.6438573 0.7651456 7.323298e-18 0.5701068 0.765146 -0.2992154 0.3657523 0.7651456 -0.5298843 0.1405664 0.742594 -0.6548246 -0.04092272 0.7352709 -0.6765368 -0.2498118 0.7575385 -0.6030998 -0.4819336 0.7651459 -0.4269564 -0.6257753 0.7644009 -0.1552304 -0.6257753 0.7644009 0.1552304 -0.4819341 0.7651457 0.4269562 -0.2283151 0.7651458 0.6020168 0.07760867 0.765146 0.6391623 0.3657528 0.7651455 0.5298843 0.5701068 0.765146 0.2992154 -0.04421617 0.680956 -0.7309883 -0.28656 0.6627769 -0.6918165 0.1549016 0.6747569 -0.7216015 -0.5642954 0.6569992 -0.4999227 -0.5642956 0.6569992 0.4999226 -0.2673335 0.6569993 0.7049005 0.6675377 0.6569992 0.3503506 0.7538912 0.6569993 -8.099041e-08 0.4282592 0.6569992 -0.6204403 0.09087152 0.6569991 0.7483946 0.4282592 0.6569992 0.6204403 0.6675376 0.6569992 -0.3503506 -0.7319846 0.6569991 -0.1804182 -0.7319846 0.6569992 0.1804181 0.9953242 -0.0965908 -2.682539e-09 0.8813159 -0.09658997 -0.4625501 0.5654088 -0.09659063 -0.8191356 0.2081117 -0.09674302 -0.973309 -0.06744071 -0.1392512 -0.9879579 -0.3805487 -0.09672159 -0.9196889 -0.7450104 -0.09659181 -0.6600224 -0.9664017 -0.09659161 -0.2381972 -0.9664018 -0.0965913 0.2381968 -0.7450106 -0.09659165 0.6600221 -0.3529464 -0.09659101 0.9306444 0.1199727 -0.09659204 0.9880671 0.5654087 -0.0965907 0.8191356 0.8813159 -0.09659065 0.46255 0.4076784 -0.9131256 -2.577269e-07 0.1129034 -0.993606 1.412638e-07 0.09997164 -0.9936059 -0.05246926 0.3609803 -0.913126 -0.1894572 0.06413668 -0.9936059 -0.09291798 0.2315871 -0.9131259 -0.3355122 0.02367901 -0.994166 -0.1052295 -0.1464157 -0.9124935 -0.3819922 0.05165565 -0.9118913 -0.4071682 -0.008944834 -0.9934972 -0.1135047 -0.04302552 -0.9938075 -0.102447 -0.08450948 -0.993606 -0.07486892 -0.3051518 -0.9131254 -0.270341 -0.1096233 -0.9936059 -0.02701964 -0.3958319 -0.9131256 -0.09756391 -0.1096234 -0.9936059 0.02701983 -0.3958317 -0.9131257 0.09756359 -0.0845097 -0.9936059 0.07486908 -0.3051515 -0.9131257 0.2703406 -0.0400363 -0.9936059 0.1055668 -0.1445646 -0.9131257 0.3811856 0.01360911 -0.9936059 0.1120806 0.04913995 -0.9131259 0.4047053 0.06413667 -0.9936059 0.092918 0.2315871 -0.9131259 0.3355123 0.09997168 -0.9936059 0.05246895 0.3609803 -0.913126 0.1894575 0.7214356 -0.6924815 -1.016231e-07 0.6387991 -0.6924821 -0.3352674 0.4098219 -0.6924822 -0.5937293 0.08695953 -0.6924821 -0.7161749 -0.2558238 -0.6924827 -0.6745531 -0.5400026 -0.6924814 -0.4784001 -0.7004713 -0.6924823 -0.1726507 -0.7004711 -0.6924825 0.1726506 -0.540002 -0.6924816 0.4784004 -0.2558241 -0.6924822 0.6745535 0.0869595 -0.6924817 0.7161753 0.4098218 -0.6924822 0.5937293 0.6387995 -0.6924818 0.3352672 0.9280139 -0.3725456 1.181044e-07 0.8217158 -0.3725446 -0.4312698 0.5271722 -0.3725458 -0.7637402 0.1330068 -0.3924569 -0.9101026 -0.3396429 -0.3809435 -0.8599563 -0.6946282 -0.3725463 -0.6153868 -0.9010469 -0.372547 -0.2220882 -0.901047 -0.3725466 0.2220884 -0.6946281 -0.3725466 0.6153868 -0.3290786 -0.3725463 0.8677076 0.1118599 -0.3725466 0.9212472 0.5271721 -0.3725458 0.7637403 0.8217159 -0.3725451 0.4312691 0.7491183 -0.6624362 1.354341e-17 -0.3745597 -0.6624356 0.6487558 -4.528683e-07 -0.8929448 0.4501662 -0.3898555 -0.8929445 0.2250838 0.3745589 -0.6624361 -0.6487558 0.3898555 -0.8929445 0.2250838 0.3745589 -0.6624358 0.648756 -0.3745597 -0.6624359 -0.6487555 -0.389856 -0.8929444 -0.2250837 0.389856 -0.8929444 -0.2250837 -4.709832e-07 -0.8929445 -0.4501667 -0.7491183 -0.6624362 -1.354341e-17 0.7038491 -0.5826327 0.4063686 0.6522782 -0.7579797 -8.844468e-18 0.7038494 -0.5826328 -0.4063681 0.3261385 -0.7579801 0.5648892 -8.176142e-07 -0.5826326 0.8127356 -0.3261389 -0.7579804 0.5648886 -0.3261392 -0.7579801 -0.5648889 -8.503177e-07 -0.5826327 -0.8127356 0.3261388 -0.7579798 -0.5648895 -0.6522782 -0.7579797 8.844468e-18 -0.7038494 -0.5826328 -0.4063681 -0.7038491 -0.5826327 0.4063686 -0.4999226 -0.6569993 -0.5642954 0.1804183 -0.6569991 -0.7319845 0.4999226 -0.6569993 -0.5642954 0.7039097 -0.6577707 -0.2680463 -0.7483946 -0.6569992 0.09087096 -0.7049005 -0.6569993 -0.2673337 -0.1804183 -0.6569991 -0.7319845 -0.6371325 -0.6694109 0.3820357 0.6371323 -0.6694118 0.3820344 0.4839342 -0.6799519 0.5508839 0.747579 -0.6577982 0.09179992 -0.4839322 -0.6799526 0.5508848 -0.3026364 -0.6398438 0.7064072 0.3026362 -0.6398437 0.7064074 -3.255209e-07 -0.5729231 0.8196091 -0.5299322 -0.7650994 0.3657797 -0.6391628 -0.7651457 0.0776079 -0.6020169 -0.7651457 -0.228315 -0.4269565 -0.7651457 -0.4819338 -0.1540853 -0.7651459 -0.6251476 0.1540853 -0.7651459 -0.6251476 0.4269565 -0.7651457 -0.4819338 0.6030996 -0.7575387 -0.2498118 0.6764942 -0.73531 -0.04092285 0.6548238 -0.7425949 0.1405655 -0.2992151 -0.7651457 0.5701074 0.2992153 -0.7651461 0.5701067 -2.914999e-07 -0.7651456 0.6438573 0.5299328 -0.7650986 0.3657805 -0.2377033 -0.6679485 -0.7052248 0.6764942 -0.73531 -0.04092285 0.6032607 -0.7574368 -0.249732 0.6548239 -0.7425948 0.1405653 0.529884 -0.7651455 0.3657531 0.6774881 -0.7344515 -0.03988448 0.6035466 -0.7567442 -0.251137 0.1540851 -0.7651458 -0.6251478 -0.1540851 -0.7651458 -0.6251478 0.6548239 -0.7425948 0.1405653 -0.4269394 -0.7650399 -0.4821168 0.4269394 -0.7650399 -0.4821168 -7.158789e-05 -0.683845 -0.7296273 -0.7235245 -0.6870946 0.06643262 -0.7182374 -0.6937802 -0.05295369 0.5300119 -0.7649982 0.3658758 -0.6021762 -0.7650449 -0.2282327 0.2992154 -0.7651458 0.5701071 0.4270491 -0.7650016 -0.4820804 -0.6391629 -0.7651456 0.0776077 -0.5298834 -0.7651463 0.3657523 0.2350096 -0.6840623 -0.6905282 -0.6944553 -0.663897 0.2774394 -0.24219 -0.6684026 0.7032652 -0.5041864 -0.6656858 0.5501441 0.2992692 -0.7650069 0.5702652 0.6099476 -0.6741213 -0.4165627 -2.328405e-05 -0.7650218 0.6440043 0.1541343 -0.7649922 -0.6253235 -0.2992151 -0.7651454 0.5701077 0.4325418 -0.6712955 -0.6018887 -0.4269339 -0.7647073 -0.4826492 0.7056627 -0.675673 0.2133214 0.6099476 -0.6741213 0.4165627 -0.6032876 -0.7637286 -0.2297011 0.720938 -0.6909696 0.05300491 0.4325418 -0.6712955 0.6018887 0.2350089 -0.6840622 0.6905286 -0.1541836 -0.7650439 -0.6252482 -0.6801082 -0.675381 -0.2851547 -0.5041598 -0.6680308 -0.5473187 -0.5299098 -0.7651091 0.3657919 -0.2993068 -0.7650825 0.5701441 0.7056628 -0.675673 -0.2133214 0.720938 -0.6909696 -0.05300489 -2.914999e-07 -0.7651459 0.643857 0.001947618 -0.6841635 0.7293261 -0.6402953 -0.7640461 0.07909132 -0.9970991 0.0581764 -0.04907955 -0.9583049 0.2354879 -0.1618557 -0.8160627 0.4515645 -0.3607371 -0.7572447 0.03343487 -0.6522749 -0.8899999 0.07095543 -0.450406 -0.9478845 0.1095018 -0.2992061 -0.5106111 0.08979582 -0.8551099 -0.3914265 0.06882672 -0.9176318 -0.6190295 0.03972477 -0.7843624 -0.3143928 0.09846607 -0.9441724 -0.1739119 0.066721 -0.9824983 -0.01988894 0.06872472 -0.9974374 -0.9939837 0.05894656 0.0923135 -0.01119321 0.02195815 0.9996962 -0.3352088 0.2922018 0.8956859 -0.6466685 0.1857762 0.739802 -0.7137639 0.02748562 0.6998468 -0.3963829 0.02174044 0.9178278 -0.8364919 0.03305651 0.5469813 -0.9391896 0.06935963 0.3363214 -0.9692561 0.231632 0.08300123 -0.9676377 0.245299 -0.05920855 -0.8874699 0.4567385 0.06153912 -0.8617381 0.5043536 -0.0550893 -0.7543982 0.6557266 0.03010024 -0.6688981 0.7431694 -0.01656924 -0.6170373 0.7869253 0.003685854 -0.7000813 0.6763737 -0.2289207 -0.6126312 0.7311253 -0.3002313 -0.6784503 0.5586208 -0.4771247 -0.5869434 0.5293634 -0.6125943 -0.6783197 0.7339093 -0.0354898 -0.8580659 0.4658242 -0.2161728 -0.7806213 0.2324211 -0.5801818 -0.6145296 0.1565889 -0.7731968 -0.8991723 0.2729534 -0.3420315 -0.5205367 0.7610455 -0.3871064 -0.5769836 0.7955052 -0.1850982 -0.6219486 0.7686925 -0.1493046 -0.5074076 0.6003674 -0.6181395 -0.3844109 0.5758334 -0.7215568 -0.7713348 0.631132 -0.08194509 -0.6252059 0.7775884 -0.06688658 -0.7731323 0.4717306 -0.4239537 -0.3347362 0.2968597 -0.8943299 -0.4967532 0.2856134 -0.8195494 -0.187785 0.2959532 -0.9365621 -0.5641923 0.8196395 -0.09938864 -0.5007097 0.8607367 -0.09177195 -0.4446608 0.8118549 -0.3783759 -0.3076179 0.6284131 -0.7144706 -0.1117145 0.3298012 -0.9374172 0.07823467 0.09598174 -0.9923038 -0.8616876 0.4615213 0.2109324 -0.7395036 0.5255309 0.4206563 -0.6850686 0.6950424 0.2181676 -0.5972443 0.5512616 0.582589 -0.4288278 0.586051 0.6874962 -0.5312787 0.7506067 0.3928518 -0.8385511 0.3614114 0.4076934 -0.7195838 0.2750518 0.6376093 -0.1076236 0.1214595 0.9867445 -0.4504431 0.1426104 0.8813418 -0.6244367 0.7641198 0.1618631 -0.7371247 0.6453009 0.200584 -0.7336895 0.6698554 0.1139894 -0.9223584 0.3597524 0.1408301 -0.5670416 0.8174198 0.1014329 -0.6121794 0.7272731 0.310339 -0.4938241 0.2707451 0.8263383 -0.2186458 0.2667523 0.9386358 -0.3201507 0.418985 0.8496794 -0.6701492 0.1556863 0.7257147 -0.5498187 0.403125 0.7315665 -0.7409777 0.3862545 0.5493264 -0.9194781 0.2384001 0.3126106 -0.4446605 0.8118547 0.3783766 -0.5007097 0.8607368 0.09177141 -0.3072998 0.6289261 0.714156 -0.1108349 0.3303115 0.9373419 0.07875574 0.09599506 0.9922613 0.62099 0.09909393 -0.7775293 0.2422177 0.07276884 -0.9674892 0.360276 0.09540927 -0.9279538 0.7715166 0.1276767 -0.6232662 0.7986367 0.2252494 -0.55807 0.8217939 0.321175 -0.4706393 0.9961685 0.08158293 -0.0315057 0.9999194 0.01257781 0.001708335 0.8809635 0.4072617 -0.2409177 0.9595159 0.2671273 -0.08928762 0.7715185 0.1276901 0.6232612 0.6209896 0.0990967 0.7775293 0.3602766 0.09540978 0.9279535 0.2422174 0.07276921 0.9674892 0.9961685 0.08158293 0.0315057 0.9595159 0.2671274 0.08928749 0.9999194 0.01257781 -0.001708335 0.798638 0.2252516 0.5580673 0.8809627 0.4072625 0.2409192 0.8217936 0.3211754 0.4706396 0.2544239 0.9158438 -0.3106422 0.05132728 0.9795822 -0.1943815 -0.04844222 0.9958326 -0.07727069 0.1274012 0.8914419 -0.4348567 0.4530974 0.6969709 -0.5558185 0.2177742 0.8165149 -0.5346755 0.2834094 0.6235834 -0.7285759 0.3449954 0.3624936 -0.8657809 0.5795954 0.3783036 -0.7217725 0.06877774 0.9940516 -0.08444543 0.006941586 0.9999733 -0.002281062 0.09530277 0.9947441 -0.03743856 0.3323395 0.934384 -0.1283627 0.5441335 0.8134897 -0.2053125 0.6897828 0.6858362 -0.2320093 0.6992808 0.7114312 0.06980049 0.3774372 0.9217 0.08950067 0.9188697 0.3925514 0.03977312 0.9933753 0.1061681 0.04397618 0.09725223 0.9905406 0.09680577 -0.01866041 0.744371 -0.6675055 -0.1776899 0.9225244 -0.3426004 0.1714224 0.4358413 -0.8835478 -0.1208189 0.685402 -0.7180717 -0.3272631 0.8640606 -0.3824893 -0.4472167 0.8902746 -0.08607161 -0.2713766 0.9589134 -0.08270271 0.1184128 0.3595618 -0.9255775 -0.06507841 0.9948434 0.0777906 0.09711719 0.9194443 0.3810387 0.3743681 0.8566954 0.3548542 0.09698267 0.7690022 0.6318465 0.6951574 0.6641379 0.2750947 0.3770726 0.7154927 0.5881211 0.9151608 0.3724057 0.1542554 0.6995023 0.5526054 0.4531267 0.918877 0.3057056 0.2494175 0.9957292 0.07104182 -0.05896116 0.9933753 0.1061681 -0.04397618 0.9963081 0.07931531 -0.03285344 0.9963081 0.08585015 -9.989716e-09 0.9957292 0.07104182 0.05896109 0.9963081 0.07931524 0.03285348 0.09814246 0.7696603 0.6308654 0.3855061 0.7138842 0.5845977 0.7116281 0.5432872 0.4454487 0.9275972 0.2884208 0.2374381 -0.0452914 0.7896138 0.6119303 -0.03849923 0.9393999 0.3406546 -0.439708 0.8942854 0.0831292 -0.2718813 0.9584734 0.08607685 -0.3885451 0.8319545 -0.3960865 -0.4911559 0.8653035 -0.1000787 -0.1866134 0.6523903 -0.734549 0.05001646 0.3507498 -0.9351326 -0.338648 0.8615262 -0.3782726 -0.4244855 0.9014044 -0.08533529 -0.1618961 0.670977 -0.7235879 0.04393711 0.3564523 -0.9332799 0.1904623 0.08283984 -0.9781931 0.09944317 0.9193527 0.3806595 0.3915328 0.8501209 0.3521314 0.09963551 0.995024 4.810065e-06 0.391532 0.9201645 -3.003752e-07 0.09943741 0.9193518 -0.3806633 0.3915336 0.8501207 -0.3521311 0.09814293 0.7696608 -0.6308647 0.7194625 0.6416636 0.2657848 0.719463 0.6945307 4.741309e-07 0.7194625 0.6416632 -0.2657857 0.3855058 0.7138843 -0.5845976 0.932371 0.3339853 0.1383409 0.9323713 0.361502 1.649478e-07 0.932371 0.3339852 -0.1383411 0.711628 0.5432875 -0.4454484 0.9275973 0.2884206 -0.2374379 -0.02239113 0.7721872 0.6350005 -0.1529102 0.925878 0.3454974 -0.2646471 0.8879386 0.3762007 -0.2907008 0.9000974 0.324527 -0.1093831 0.8289861 0.5484682 -0.4607667 0.8832166 0.08730701 0.01817778 0.9803512 0.1964205 -0.003384633 0.9434521 0.3314916 -0.2060304 0.8986532 0.3872646 -0.3236738 0.9316016 0.1653898 -0.3134978 0.9495744 0.005262124 -0.02601937 0.9908758 0.1322431 -2.72982e-05 0.999529 -0.03068738 -0.2993035 0.8977795 -0.3231244 -0.1066698 0.8339448 -0.5414403 -0.1932517 0.9262948 -0.3234682 -0.4667377 0.8832513 0.04497728 -0.4642756 0.8855876 0.01351504 -0.4640449 0.8857281 -0.01216916 -0.3139347 0.9349039 -0.1655284 -0.4622036 0.8847978 -0.05916556 -0.4606813 0.886715 -0.038848 -0.4632324 0.8811047 -0.0952375 -0.004267193 0.9090707 0.4166201 -0.002481351 0.8272296 0.5618585 -0.03258452 0.9833675 -0.1786801 -0.002503327 0.9567348 -0.2909505 -0.01674115 0.7917096 -0.6106682 -0.03505981 0.8833814 -0.4673415 -0.04529153 0.7896135 -0.6119307 0.09698254 0.7690017 -0.6318472 -0.264648 0.8879383 -0.3762007 -0.439708 0.8942854 -0.0831292 0.3770725 0.7154924 -0.5881216 0.6995019 0.5526061 -0.4531265 0.9188773 0.3057052 -0.2494172 0.09711694 0.9194441 -0.3810391 0.3743686 0.856695 -0.3548547 0.09725211 0.9905406 -0.09680542 0.6951574 0.664138 -0.2750944 0.3774373 0.9217 -0.08950027 0.9151609 0.3724056 -0.154255 0.6992809 0.7114311 -0.06980038 0.9188697 0.3925514 -0.03977314 0.006941655 0.9999733 0.002280505 0.09530278 0.994744 0.03743889 0.3323394 0.9343841 0.1283624 0.5441342 0.8134888 0.2053143 0.6897835 0.6858359 0.2320085 -0.03849922 0.9393998 -0.3406549 -0.06507842 0.9948434 -0.07779037 0.2544237 0.915844 0.3106419 0.06877755 0.9940516 0.08444513 -0.04844256 0.9958326 0.07727031 0.05132761 0.9795819 0.1943832 0.453098 0.6969696 0.5558198 0.127402 0.8914414 0.4348575 0.217772 0.8165173 0.5346726 0.5795955 0.3783046 0.7217719 0.2834073 0.6235849 0.7285754 0.3450069 0.3624937 0.8657763 -0.4472168 0.8902746 0.08607129 -0.2713765 0.9589135 0.08270257 -0.2718814 0.9584734 -0.08607676 -0.152911 0.9258776 -0.3454981 -0.3272619 0.864061 0.3824895 -0.1208168 0.6854031 0.718071 -0.0186598 0.7443737 0.6675025 0.118409 0.3595588 0.9255791 0.1714284 0.435839 0.8835478 -0.1776884 0.9225251 0.3425992 -0.3885448 0.8319542 0.3960872 -0.1866137 0.65239 0.7345492 0.05001539 0.3507507 0.9351323 -0.4911561 0.8653035 0.1000782 -0.4247057 0.9012986 0.08535713 0.3213488 0.8750893 -0.3618753 0.4782457 0.7994939 -0.3634426 0.4715872 0.8770123 -0.09195043 0.3301428 0.6533819 -0.6812473 0.4399461 0.5963259 -0.6714483 0.289808 0.3356015 -0.8963163 0.341429 0.3117663 -0.886695 0.2126786 0.03365339 -0.9765425 0.2203831 0.02631835 -0.9750583 0.08703723 0.9246478 -0.3707438 0.29585 0.9517023 -0.0820702 0.1586089 0.698086 -0.6982257 0.2041415 0.3603216 -0.9102168 0.2150204 0.06856521 -0.9741997 -0.1572731 0.9082983 -0.387633 0.04738258 0.9958349 -0.07789634 -0.1098958 0.9931072 -0.04075603 -0.02303139 0.6951171 -0.7185275 0.1125344 0.35995 -0.9261598 0.1990492 0.07407426 -0.977186 -0.3074242 0.9492433 -0.06654007 0.1783793 0.06761385 -0.981636 -0.3389017 0.8614049 0.3783217 -0.1621118 0.6708922 0.7236183 0.04382365 0.3564335 0.9332924 0.1904375 0.08284814 0.9781972 0.4713562 0.8771333 0.09198119 0.2948961 0.9519935 0.08212583 0.04603628 0.9958984 0.07789125 -0.1107451 0.9930145 0.04071609 -0.3079138 0.9490858 0.06652279 0.3505896 0.2977517 -0.8879363 0.4328175 0.6042766 -0.6689684 0.4795495 0.7995444 -0.3616089 0.4641163 0.8812431 -0.08948032 -0.02221829 0.9212666 -0.3882964 -0.06518764 0.9929532 -0.09896733 0.07005394 0.9936021 -0.08858495 0.02845892 0.7062168 -0.7074234 0.1154714 0.9216211 -0.3705143 0.07506249 0.3822379 -0.9210102 0.1504167 0.7148328 -0.6829267 0.1221485 0.3807717 -0.9165657 -0.1612675 0.9049834 0.3936978 -0.0319724 0.6944612 0.7188195 0.1092424 0.3616237 0.9259019 0.1570082 0.700765 0.6959001 0.2031219 0.3649654 0.9085933 0.1989707 0.07412912 0.9771978 0.09080105 0.9202514 0.3806476 0.3367526 0.6525846 0.6787717 0.2917897 0.3373214 0.8950268 0.2149374 0.06864445 0.9742124 0.3281897 0.8707809 0.366104 0.478067 0.7995836 0.3634805 0.4398167 0.5963869 0.6714789 0.2126138 0.03366335 0.9765563 0.3413547 0.3117856 0.8867168 0.2203712 0.0262599 0.9750625 0.1783783 0.06761223 0.9816363 0.3505891 0.2977508 0.8879368 0.4328172 0.6042778 0.6689676 0.4795484 0.7995446 0.36161 0.4641162 0.8812431 0.08948037 0.1154712 0.9216216 0.3705132 0.07005395 0.9936021 0.08858548 -0.06518761 0.9929532 0.09896717 0.1504204 0.7148334 0.6829253 -0.02221768 0.9212669 0.3882959 0.1221486 0.3807695 0.9165666 0.0284615 0.7062175 0.7074226 0.07506249 0.3822388 0.9210098 -0.2496544 0.8971313 -0.3644559 -0.1604218 0.7051677 -0.6906543 -0.04255864 0.401255 -0.9149772 -0.2973434 0.9504897 -0.09031168 -0.07227348 0.9946812 0.07338901 -0.3033005 0.949203 0.08380015 -0.487525 0.8692409 0.08209528 0.3013792 0.8940687 -0.3313784 0.3024476 0.6966422 -0.6505499 0.267726 0.5437541 -0.7953956 0.2619526 0.9615055 -0.0829937 0.06511792 0.9948429 0.07776412 0.4397081 0.8942854 0.08312919 0.2718805 0.9584737 0.08607674 0.0446269 0.7897104 0.6118545 0.03845562 0.9393728 0.3407344 -0.05678264 0.8695277 0.4906092 -0.04090537 0.975651 0.2154805 -0.05689584 0.7834031 0.6189043 -0.1979859 0.9234943 0.3285724 -0.2953837 0.8783092 0.3759275 -0.3259518 0.88823 0.3237327 -0.121255 0.8349212 0.5368461 -0.5104811 0.855463 0.08713285 -0.01807238 0.7967798 0.6039994 0.2644566 0.8882021 0.3757124 0.1529094 0.9258781 0.3454973 0.02207147 0.7716835 0.6356237 -0.05768936 0.984963 0.162849 -0.004823665 0.9576685 0.287833 -0.1786201 0.9299915 0.3212641 -0.3207332 0.9471694 -0.0006273499 -0.08712097 0.996197 0.001241263 -0.3488299 0.9201995 0.177625 -0.3338758 0.88557 -0.3229439 -0.1201751 0.8372965 -0.5333784 -0.1876788 0.9288254 -0.3194684 -0.5157888 0.855512 0.04539946 -0.5125786 0.8585552 0.01208741 -0.5127961 0.8583459 -0.0168045 -0.510663 0.8581851 -0.05236107 -0.3461345 0.9230929 -0.1676021 -0.5120062 0.8538357 -0.09388427 -0.04407533 0.8902768 0.453282 -0.05582652 0.9856522 -0.1592893 -0.03747678 0.9395909 -0.3402418 -0.01579797 0.8043217 -0.5939841 -0.4875251 0.8692409 -0.08209512 -0.1604221 0.705166 0.690656 -0.0425593 0.4012556 0.9149769 -0.2496534 0.8971321 0.3644547 -0.2973433 0.9504898 0.09031135 0.1093376 0.8290138 0.5484354 0.4632438 0.8810989 0.09523609 0.2993025 0.8977758 0.3231356 0.01283094 0.8040579 -0.5944125 0.05171364 0.930468 -0.3627052 0.03226845 0.9833914 -0.1786061 0.001653622 0.9432415 0.3321035 3.515467e-05 0.9059281 0.4234315 1.999947e-05 0.9995294 -0.03067401 0.02599145 0.9908787 0.1322264 -0.01835852 0.980341 0.1964549 0.002374728 0.8271801 0.5619319 -0.2953836 0.8783091 -0.3759277 -0.05689566 0.7834026 -0.6189048 -0.07227349 0.9946812 -0.07338879 -0.3033005 0.949203 -0.08379993 0.3229862 0.9335293 0.1555728 0.3134982 0.9495756 0.005006119 0.464045 0.885728 0.01216918 0.4622035 0.8847979 0.05916559 0.4606813 0.886715 0.03884806 0.4607785 0.8832106 -0.08730503 0.4667377 0.8832514 -0.04497729 0.3145302 0.9331049 -0.1743159 0.4642759 0.8855875 -0.01351504 0.2060304 0.8986532 0.3872646 0.1045102 0.8375624 -0.5362525 0.1985058 0.9266513 -0.319238 0.290698 0.9000935 -0.3245401 0.4397081 0.8942854 -0.08312919 0.3024498 0.6966438 0.6505471 0.2677307 0.5437568 0.7953922 0.3013777 0.8940691 0.3313787 0.2619525 0.9615055 0.08299411 0.06511793 0.9948429 -0.0777639 0.04462703 0.7897102 -0.6118548 -0.1979859 0.9234943 -0.3285726 -0.04090539 0.9756511 -0.2154802 -0.05678278 0.8695272 -0.4906099 0.2644575 0.8882018 -0.3757124 0.0384556 0.9393727 -0.3407347 0.2718806 0.9584737 -0.08607665 0.1529102 0.9258777 -0.3454981 -0.3503502 -0.6569995 0.6675376 -3.413168e-07 -0.6569991 0.7538913 -0.6204405 -0.6569988 0.4282594 -0.7483946 -0.6569993 0.0908707 -0.705302 -0.6576802 -0.264586 0.7043137 -0.6584508 -0.2653013 0.7475789 -0.6577983 0.09179966 0.6204399 -0.6569994 0.4282594 0.3503508 -0.6569992 0.6675376 0.6183798 -0.5711422 -0.5398176 0.5569048 -0.1554991 -0.8158904 0.1748684 -0.6098733 -0.7729655 -0.1748688 -0.6098819 -0.7729585 -0.6183798 -0.5711422 -0.5398176 -0.5568998 -0.1555354 -0.8158868 9.210625e-06 -0.9924487 -0.1226603 0.1575928 -0.6366044 0.7549168 0.3161388 -0.5903363 0.7426704 -0.02433218 -0.6866779 0.7265545 0.58412 -0.5326887 0.6124105 0.6244906 -0.524574 0.5786481 0.4806099 -0.5527226 0.6808171 0.6880653 -0.5173379 0.5088493 0.7566543 -0.5203106 0.395918 0.8196016 -0.517853 0.2451152 0.8520698 -0.5155559 0.09043902 0.8502231 -0.5193958 -0.08572401 0.8170758 -0.5179862 -0.2531351 0.7605688 -0.5203287 -0.3883209 0.6826115 -0.5166067 -0.5168743 0.5945588 -0.5245308 -0.6093991 0.4548353 -0.5556272 -0.6959909 0.3069713 -0.5969362 -0.7412393 0.1374912 -0.6411757 -0.7549768 -0.03843373 -0.6913891 -0.7214596 -0.2318857 -0.7617534 -0.6049469 -0.4440941 -0.7966598 -0.4100166 -0.5951563 -0.7797154 -0.1945068 -0.6346996 -0.7717643 -0.0391948 -0.4981728 -0.7950604 0.3459808 -0.3714466 -0.7949816 0.4796162 -0.5931555 -0.7850677 0.1784246 -0.6155686 -0.7862134 0.05425673 -0.2001435 -0.751175 0.62903 0.4311063 -0.9022972 -0.002648177 0.4655605 -0.885016 -1.597135e-05 -0.4787122 0.8779718 -0.000268806 -0.8240389 0.4820375 0.2976572 -0.7224486 0.4967051 0.4809907 -0.8812751 0.4721978 -0.01957987 -0.8711987 0.4671506 0.1509407 -0.8636751 0.4756685 -0.1667478 -0.1803889 0.6167051 0.7662471 0.1682518 0.7085623 0.6852961 -0.5011552 0.5374162 0.6782531 0.4161031 0.7851664 0.4586633 0.4165314 0.7849441 -0.458655 0.1683388 0.7082972 -0.6855487 0.5157184 0.8259319 -0.2277523 0.5154007 0.8260317 0.228109 0.546176 0.8376704 0.0002165515 -0.1804478 0.6166396 -0.766286 -0.5010428 0.5373935 -0.6783542 -0.7225009 0.4963902 -0.4812371 -0.8240967 0.4818 -0.2978817 -0.4820617 0.76495 -0.4271628 -0.6265432 0.763493 -0.1565954 -0.2283149 0.7651457 -0.6020169 0.07760835 0.7651459 -0.6391626 0.3657526 0.7651458 -0.5298839 0.5701072 0.7651458 -0.2992151 0.6440737 0.7649634 2.493158e-08 0.5701072 0.7651458 0.2992152 0.3657525 0.7651458 0.529884 0.07760837 0.7651457 0.6391627 -0.2283148 0.7651458 0.6020168 -0.4820639 0.7649726 0.4271198 -0.6264563 0.7635627 0.1566029 0.5657249 0.6628953 0.4904337 0.7280387 0.6603143 0.1842406 0.7280374 0.6603158 -0.1842405 -0.6675375 0.6569992 0.3503508 -0.429737 0.6595434 0.6167079 0.565725 0.6628953 -0.4904335 0.2576153 0.6627099 -0.7031713 -0.08766586 0.6587058 -0.747276 -0.429737 0.6595434 -0.6167079 -0.6675375 0.6569992 -0.3503508 -0.753381 0.6575842 -5.321242e-08 -0.08766585 0.6587057 0.747276 0.2576153 0.66271 0.7031713 0.3048248 0.8490399 0.4315241 0.397465 0.8825939 0.2510969 0.1491847 0.7891448 0.5958141 0.4459745 0.8950456 -0.0002151915 0.3974523 0.8825347 -0.2513249 0.3047727 0.8490164 -0.4316072 0.601296 0.04590434 -0.7977067 0.1491724 0.7891273 -0.5958403 0.1343114 0.7497014 -0.6480033 0.1898744 0.7469415 -0.6372018 -0.07003348 0.7619947 -0.6437852 -0.689335 0.5963597 -0.4113057 -0.5258465 0.06321029 -0.8482275 -0.7593419 0.5997964 -0.2522777 -0.792467 0.5952935 -0.1327468 -0.7924663 0.5952933 0.132752 -0.7593418 0.5997957 0.2522801 -0.8022375 0.597005 2.964511e-06 -0.689335 0.5963596 0.4113058 -0.5258467 0.06321035 0.8482274 -0.6592268 0.5577173 0.5043525 -0.07003347 0.7619948 0.6437851 0.1898745 0.7469414 0.6372018 0.601296 0.04590444 0.7977067 0.1343117 0.7497014 0.6480033 -0.6592267 0.5577174 -0.5043525 0.684538 0.726656 0.05812678 0.5142108 0.8538202 0.0811069 0.4766342 0.8232139 0.3084456 0.6269149 0.7471011 0.2209473 0.3110471 0.7713051 0.555282 0.5178253 0.7471014 0.4167692 0.673595 0.7346789 -0.080726 0.5095304 0.8584656 -0.05844321 0.08907975 0.7643963 -0.6385633 -0.3361643 0.03163355 -0.9412719 -0.4863981 0.5481461 -0.6804063 0.3725205 0.7643961 -0.5262386 -0.1859638 0.6129528 -0.7679234 0.5726607 0.764396 -0.2962407 0.1575783 0.7085402 -0.6878517 0.4050931 0.7894329 -0.461189 0.4980625 0.8361611 -0.2297137 0.5178251 0.7471015 -0.4167693 0.6269149 0.7471011 -0.2209473 0.311047 0.771305 -0.5552822 0.684538 0.726656 -0.05812678 0.4766342 0.8232139 -0.3084456 0.5142108 0.8538202 -0.0811069 0.5095164 0.858479 0.05836848 0.6735949 0.7346789 0.08072604 0.4981011 0.8361803 0.2295601 0.4051468 0.7894394 0.4611306 0.5726608 0.7643959 0.2962407 0.1575784 0.7085395 0.6878524 0.3725202 0.7643963 0.5262386 -0.1859641 0.6129528 0.7679233 0.08907977 0.764396 0.6385637 -0.4863973 0.5481449 0.6804079 -0.3361641 0.03163377 0.941272 -0.6760783 0.5026986 -0.5387135 -0.5037237 0.8636837 0.01768942 -0.8711906 0.4014295 -0.282633 -0.8711906 0.4014295 0.282633 -0.6760785 0.5026984 0.5387134 -0.5037245 0.8636833 -0.01768629 -0.554612 0.8015853 -0.2233082 -0.554612 0.8015853 0.2233082 -0.392146 0.7474042 -0.5362915 -0.2201955 0.7301275 -0.64686 -0.1931367 0.7003299 -0.6871945 -0.392146 0.7474042 0.5362915 -0.2198502 0.7301945 0.6469018 -0.1931367 0.7003299 0.6871945 -0.7493236 0.5168772 0.413947 -0.5178253 0.7471014 0.4167692 -0.8407924 0.4962778 0.2162786 -0.626915 0.7471006 0.2209486 -0.8568858 0.5129934 0.05083867 -0.6845374 0.7266565 0.05812792 -0.6774908 0.7319109 -0.07288842 -0.5841462 0.7622241 -0.2789043 -0.2482174 0.01698568 -0.9685554 -0.3981101 0.7625292 -0.5099584 -0.826892 0.5374376 -0.1655609 -0.833846 0.4622054 -0.3017731 -0.8348975 0.5491972 -0.03645021 -0.8255761 0.3879375 -0.409791 -0.7492016 0.3113604 -0.5845953 -0.6115652 0.2273197 -0.757835 -0.4815583 0.1401866 -0.8651297 -0.2864176 0.04962417 -0.9568189 -0.08702702 0.05471383 -0.9947023 -0.03548278 0.7353863 -0.6767186 0.178369 0.7557827 -0.6300611 0.413954 0.7557968 -0.5073591 0.05534284 0.1374823 -0.9889569 0.1290985 0.2453403 -0.9608027 0.5504276 0.7084791 -0.4416863 0.267646 0.3390506 -0.9018926 0.2547595 0.4928844 -0.8319631 -0.626915 0.7471006 -0.2209486 -0.6845374 0.7266565 -0.0581279 -0.8568859 0.5129933 -0.05083826 -0.5178251 0.7471015 -0.4167693 -0.8407924 0.4962778 -0.2162786 -0.7493234 0.5168772 -0.4139473 -0.5840592 0.7622697 0.278962 -0.6775915 0.7318236 0.0728288 -0.3984124 0.7622205 0.5101837 -0.2471497 0.01636776 0.9688391 -0.8297319 0.4478908 0.3330746 -0.82492 0.5351738 0.181923 -0.8335649 0.5508058 0.04222068 -0.2446557 0.0207541 0.9693879 -0.3487497 0.08182752 0.9336369 -0.5185871 0.1675998 0.8384376 -0.6486767 0.2512162 0.7184072 -0.735096 0.3028378 0.6065667 -0.7986055 0.3572901 0.4843274 -0.03285805 0.735804 0.6763969 -0.08240474 0.05228064 0.9952267 0.4908956 0.669239 -0.5577999 0.26284 0.6689317 -0.6953025 0.09088546 0.5734099 -0.8142118 0.06553314 0.6873664 -0.7233484 -0.08416454 0.608783 -0.7888597 -0.1996586 0.6669403 -0.7178628 -0.4077423 0.8393052 -0.3596011 -0.3718291 0.63013 -0.6816739 -0.2808114 0.3221003 -0.9040997 -0.3767471 0.9250608 -0.04820865 -0.3544218 0.9310021 -0.08729392 -0.2450505 0.5941319 -0.7661315 0.5560639 0.7083887 0.4347164 0.2668762 0.4971696 0.8255904 0.2722302 0.339056 0.9005175 0.4191645 0.7562929 0.5023167 0.1149697 0.2294577 0.9665046 0.04187282 0.1263996 0.9910953 0.1829147 0.7562916 0.6281443 0.0664162 0.6871296 0.7234928 -0.1996874 0.6700028 0.7149973 -0.08316234 0.6205018 0.779783 0.2665288 0.6684233 0.6943866 0.09936892 0.580083 0.8084736 0.4966582 0.6687089 0.5533164 -0.3769305 0.9249677 0.04856032 -0.3704733 0.630219 0.6823295 -0.4091892 0.8380699 0.3608367 -0.2749216 0.3198373 0.9067096 -0.3532314 0.9314369 0.08748054 -0.2362029 0.6007152 0.7637732 -0.3230329 0.5419502 0.7758478 -0.5184488 0.8478885 0.1108866 -0.4562794 0.4278954 0.7802016 -0.5854761 0.2507719 0.7709288 -0.9026964 0.4265369 0.05661715 -0.7436911 0.6607899 0.1013917 -0.79506 0.07847002 0.6014333 -0.9963183 0.08208452 0.02473732 -0.8531032 -0.1621902 0.4958924 -0.8489396 -0.4904262 0.1969356 -0.8456992 -0.5302716 -0.06004107 -0.9628197 -0.2696855 -0.015745 -0.7141469 -0.6951982 -0.08181485 -0.6616818 -0.746831 -0.066488 -0.5005282 -0.859941 -0.09986453 -0.3661155 -0.8943191 -0.2572019 -0.6523959 -0.7524868 -0.09023931 0 0 0 -0.39051 -0.9173871 -0.07682962 -0.4822505 -0.876028 0.003076298 -0.8103998 -0.5858155 0.008505533 -0.966844 -0.2553489 0.003104007 -0.995511 0.09464596 0 -0.9015642 0.4326143 0.005178797 -0.6861378 0.7273607 0.01270112 -0.4200212 0.9075115 0.00225285 -0.4200213 0.9075115 -0.002252811 -0.6861378 0.7273607 -0.01270107 -0.966844 -0.2553488 -0.003104016 -0.995511 0.09464596 0 -0.9015642 0.4326143 -0.005178777 -0.8103997 -0.5858156 -0.008505517 -0.4822505 -0.876028 -0.003076261 -0.3905082 -0.9173879 0.07682943 -0.6609515 -0.7474884 0.06636462 -0.8452568 -0.5312625 0.05745615 -0.96313 -0.2687125 0.01320062 -0.9960974 0.08585382 -0.02047155 -0.903481 0.4257312 -0.04974963 -0.5199753 0.8475044 -0.1065931 -0.7435236 0.6619768 -0.09465398 -0.4016851 -0.8798508 0.2539914 -0.7413123 -0.6680104 -0.06494699 -0.6286075 -0.2645873 -0.7313318 -0.6612102 -0.03964118 -0.7491526 -0.6183614 0.1737637 -0.7664433 -0.5111018 0.3627727 -0.7792117 -0.3569213 0.5049449 -0.7858994 -0.2155149 -0.9754032 -0.04627991 -0.2155149 -0.9754032 0.04627993 0.01419007 -0.9982128 -0.05804986 0.01419008 -0.9982128 0.05804988 0.2637252 -0.9587188 -0.1063357 0.2637252 -0.9587188 0.1063357 -0.09973937 -0.6307263 -0.7695689 0.121545 -0.8904193 -0.4386117 -0.03657233 -0.9358398 -0.3505229 -0.3572341 -0.7173534 -0.5981538 -0.1283317 -0.9696369 -0.2081714 -0.2473412 -0.2916598 -0.9239897 -0.5870697 -0.39104 -0.7088279 -0.5109054 -0.7619124 -0.3980769 -0.7932048 -0.4265427 -0.4346118 -0.5960834 -0.5929249 0.5414099 -0.6543929 -0.5233157 0.5458119 -0.4617039 -0.6483774 0.6053398 -0.7394058 -0.3446709 0.5783434 -0.819844 -0.185247 0.5417927 -0.9187733 -0.079783 -0.3866397 -0.8095352 -0.1104444 -0.5765889 -0.666686 -0.09059167 -0.7398128 -0.4672191 -0.08990591 -0.8795585 -0.2664072 -0.06183042 -0.9618754 -0.008885593 -0.04666935 -0.9988709 0.1027665 -0.3624025 -0.9263387 0.04898902 -0.1680845 -0.9845546 0.2206194 -0.7019791 -0.677165 0.1848795 -0.5369292 -0.82312 -0.4383233 -0.734992 0.5173581 0.3032132 -0.8512273 -0.4283384 -0.8065062 -0.02949077 0.5904896 0.1405661 -0.6548245 0.7425941 -0.8231409 0.2248054 0.5214419 -0.8493404 0.07455209 0.5225541 -0.479179 0.6603981 0.5781538 -0.662695 0.5175448 0.5412788 -0.7652278 0.3594602 0.534055 -0.3176124 0.7192712 0.6178764 -0.0564649 0.7315089 0.6794898 -0.04092292 -0.6765369 0.7352708 -0.1798876 0.7428846 0.6447968 0.3657525 -0.5298841 0.7651457 -0.2283112 0.6020153 0.7651481 -0.2498121 -0.6030996 0.7575387 0.0776084 0.6391628 0.7651457 0.5701071 -0.2992154 0.7651458 0.6438571 -9.881352e-09 0.7651458 -0.6251478 -0.1540851 0.7651458 -0.6251428 0.1540822 0.7651504 -0.481934 -0.4269562 0.7651457 0.3657524 0.5298841 0.7651458 0.5701071 0.2992153 0.7651458 -0.4819296 0.4269532 0.7651502 -0.03332153 0.375163 -0.9263597 -0.03488687 0.1003272 -0.9943427 -0.4095924 0.09871624 -0.9069119 -0.3828836 0.3725673 -0.8453365 -0.7838453 0.09982784 -0.6128792 -0.02715761 0.6966624 -0.7168849 -0.2976434 0.6925126 -0.6571413 -0.7294121 0.3719914 -0.5740909 -0.01661043 0.9167133 -0.3992002 -0.1681807 0.9131499 -0.3713119 -0.5658172 0.6928212 -0.4470456 -0.005049419 0.994188 -0.1075398 -0.04656873 0.9936098 -0.1028152 -0.3193028 0.9133251 -0.2527508 -0.08796365 0.9936615 -0.0699947 0.6438571 -9.881352e-09 -0.7651458 0.5701071 -0.2992154 -0.7651458 0.3657525 -0.5298841 -0.7651457 0.1405661 -0.6548245 -0.7425941 -0.04092292 -0.6765369 -0.7352708 -0.2498121 -0.6030996 -0.7575387 -0.481934 -0.4269562 -0.7651457 -0.6251478 -0.1540851 -0.7651458 -0.6251478 0.1540851 -0.7651458 -0.4819341 0.4269562 -0.7651457 -0.2283149 0.6020167 -0.7651458 0.0776084 0.6391627 -0.7651457 0.3657524 0.5298841 -0.7651458 0.5701071 0.2992153 -0.7651458 -0.2952135 -0.6917969 -0.6589887 -0.5703808 -0.4855927 -0.6624692 -0.7308867 -0.1700281 -0.6609804 -0.7308867 0.1700281 -0.6609804 -0.5703809 0.4855927 -0.6624692 0.04817389 0.7510054 -0.6585364 0.3747543 0.6474958 -0.6635574 -0.2952135 0.6917969 -0.6589886 -0.6168756 -0.03811232 -0.7861374 0.6051713 -0.4279257 -0.6713026 0.6050749 0.428388 -0.6710946 -0.6168704 0.03802023 -0.7861459 0.374641 -0.6475073 -0.6636102 0.04817389 -0.7510054 -0.6585364 -0.3910096 -0.5470793 -0.7401457 -0.3063191 -0.6293357 -0.7142164 -0.5406616 -0.3515677 -0.7642547 -0.4950807 -0.4590746 -0.7376623 -0.4253434 -0.5203646 -0.7404753 -0.3376341 -0.6557161 -0.6753071 -0.2812689 -0.7010066 -0.6553454 -0.1829393 0.7504009 -0.6351627 -0.1944762 0.7342715 -0.6504032 -0.06036334 0.6104954 -0.7897162 -0.2167869 -0.7355112 -0.6418931 -0.1829069 -0.7389855 -0.6484176 -0.06013931 -0.6110982 -0.7892669 -0.2841846 0.7082286 -0.6462595 -0.3265338 0.6604391 -0.6761626 -0.4254237 0.5200615 -0.7406421 -0.4950903 0.4590453 -0.737674 -0.3745619 0.5644057 -0.7356287 -0.3214495 0.6404883 -0.6974561 -0.5382524 0.3527975 -0.7653876 -0.5885604 -0.1367521 -0.7968033 -0.5929559 0.134634 -0.7938999 0.1795008 0.02935508 -0.9833198 0.3225554 0.102281 -0.9410083 0.1893372 -0.05581266 -0.9803246 0.3016523 -0.07200271 -0.9506953 0.3014384 -0.330679 -0.8943077 0.3996167 -0.6216947 -0.6736484 0.4363092 -0.8261242 -0.3565854 0.4231082 -0.9012591 -0.09333578 0.4139149 -0.2999442 -0.8594812 0.5221689 -0.5690643 -0.6352208 0.5444442 -0.7645271 -0.3450779 0.503187 -0.8596242 -0.08859456 0.3090522 0.3766464 -0.8732836 0.1505056 0.3803659 -0.9125075 0.2394664 0.6986764 -0.6741714 0.1156058 0.7038155 -0.700913 0.1335775 0.9180318 -0.3733292 0.06319091 0.9215332 -0.3831233 0.03604085 0.9943684 -0.09966196 0.01648614 0.9948554 -0.09995456 0.6006136 0.09851881 -0.7934465 0.6085038 -0.04452101 -0.7923011 0.449651 -0.0474749 -0.8919417 0.7690963 0.1333822 -0.62506 0.8198077 -0.02347004 -0.5721578 0.5590616 0.3777269 -0.7380871 0.437642 0.6961146 -0.5691168 0.2463571 0.9152179 -0.3188798 0.0668879 0.9939557 -0.0870517 0.003624169 0.9999762 -0.005871591 0.09641171 0.9944555 -0.04198901 0.4059516 0.8995585 -0.1612385 0.551891 0.8060273 -0.2138604 0.2596379 0.9597683 -0.1069253 0.6878516 0.686762 -0.2349855 0.8183572 0.3244186 -0.4743882 0.8809858 0.407246 -0.2408624 0.7942437 0.231336 -0.5618369 -0.5139106 -0.7614209 0.3951382 -0.1283317 -0.9696369 0.2081712 -0.03657228 -0.9358397 0.3505231 -0.357234 -0.7173535 0.5981537 0.121545 -0.8904193 0.4386118 -0.8041223 -0.4298681 0.4106101 -0.5870697 -0.3910401 0.7088278 -0.09973949 -0.6307264 0.7695689 0.3032133 -0.8512273 0.4283384 0.2206195 -0.7019793 0.6771648 0.1848794 -0.5369291 0.8231202 0.1027665 -0.3624026 0.9263387 -0.2473412 -0.2916597 0.9239897 0.04898898 -0.1680847 0.9845545 -0.008885883 -0.04666898 0.9988709 -0.4672184 -0.08990581 0.8795589 -0.2664065 -0.06182993 0.9618756 -0.8096537 -0.1102061 0.5764681 -0.6666863 -0.09059192 0.7398125 -0.7488079 -0.3624488 -0.5549033 -0.9237867 -0.09975081 0.3696864 -0.5897436 -0.5891033 -0.5524127 -0.4537579 -0.6565748 -0.6025058 -0.8133863 -0.08415446 -0.5756046 0.04092271 0.6765368 -0.7352709 -0.1405631 0.6548231 -0.7425959 0.249812 0.6030996 -0.7575386 -0.5701006 0.2992136 -0.7651513 -0.6438521 -3.397887e-06 -0.76515 -0.3657496 0.5298799 -0.76515 0.2283149 -0.6020169 -0.7651458 -0.6100958 0.5585711 -0.5619443 -0.48544 0.6536682 -0.5805738 -0.7877368 0.3124868 -0.5308697 -0.7116026 0.447353 -0.5417537 0.4819339 -0.4269562 -0.7651458 -0.8467367 0.04732028 -0.5299035 -0.8370788 0.1699232 -0.5200242 -0.3657525 -0.5298839 -0.7651458 -0.07760836 -0.6391626 -0.7651458 0.481934 0.4269562 -0.7651458 0.6251478 -0.1540851 -0.7651458 -0.5701072 -0.2992155 -0.7651457 0.6251478 0.1540851 -0.7651458 -0.2951331 0.7390285 -0.6055851 -0.07962 0.7380795 -0.6699995 -0.729632 0.3723994 0.5735467 -0.7836563 0.1001836 0.6130628 -0.4095926 0.09871532 0.9069119 -0.3828836 0.372567 0.8453366 -0.034887 0.1003261 0.9943428 -0.5666459 0.6927497 0.4461056 -0.2976431 0.6925136 0.6571404 -0.03332154 0.3751645 0.9263592 -0.3200164 0.9131907 0.2523336 -0.1681807 0.9131498 0.371312 -0.02715752 0.6966638 0.7168836 -0.08796375 0.9936615 0.06999485 -0.04656899 0.9936097 0.1028158 -0.01661061 0.9167127 0.3992016 -0.005049426 0.994188 0.1075398 0.01648607 0.9948555 0.09995409 0.03604088 0.9943684 0.09966199 0.06688801 0.9939557 0.08705191 0.003624549 0.9999762 0.005872211 0.1795007 0.0293547 0.9833198 0.1505058 0.3803627 0.9125087 0.3225554 0.1022837 0.941008 0.1156061 0.7038138 0.7009147 0.3090524 0.3766462 0.8732836 0.06319075 0.9215336 0.3831223 0.2394666 0.6986751 0.6741727 0.133577 0.9180324 0.3733279 0.3014384 -0.3306789 0.8943077 0.4139148 -0.2999443 0.8594812 0.3016522 -0.0720028 0.9506953 0.3996167 -0.6216947 0.6736484 0.5221689 -0.5690644 0.6352207 0.4363092 -0.8261242 0.3565854 0.5449021 -0.7646247 0.3441377 0.4231082 -0.9012591 0.09333577 0.512151 -0.8543309 0.0884311 0.1893372 -0.05581272 0.9803246 0.5405342 -0.8370909 -0.08427096 0.5854486 -0.8084549 -0.06042048 0.6334681 -0.7730325 -0.03374744 0.5314211 -0.8455865 0.0507452 -0.6438569 -9.881351e-09 0.7651459 -0.5701072 -0.2992155 0.7651457 -0.3657525 -0.5298839 0.7651458 -0.07760836 -0.6391626 0.7651458 0.2283149 -0.6020169 0.7651458 0.4819339 -0.4269562 0.7651458 0.6251478 -0.1540851 0.7651458 0.6251478 0.1540851 0.7651458 0.481934 0.4269562 0.7651458 -0.1405663 0.6548246 0.742594 0.249812 0.6030996 0.7575386 0.04092271 0.6765368 0.7352709 -0.3657525 0.5298839 0.7651458 -0.5701072 0.2992155 0.7651457 -0.3745636 0.5644005 0.7356318 -0.3214493 0.6404882 0.6974562 -0.5382503 0.3527988 0.7653886 -0.4950982 0.459046 0.7376683 -0.4254312 0.5200568 0.7406411 -0.3265336 0.6604391 0.6761626 -0.2833548 0.7084486 0.6463827 -0.1818372 -0.7392558 0.6484104 -0.2156789 -0.7348904 0.6429764 -0.05992675 -0.6109752 0.7893783 -0.6168768 -0.03811528 0.7861363 -0.6168689 0.03801743 0.7861472 -0.1954927 0.7348805 0.64941 -0.1840214 0.7502584 0.6350184 -0.06057598 0.6106163 0.7896064 -0.2821166 -0.7007796 0.6552237 -0.337634 -0.655716 0.6753072 -0.4253346 -0.5203693 0.740477 -0.4950773 -0.4590735 0.7376653 -0.3910084 -0.5470848 0.7401423 -0.3063191 -0.6293357 0.7142165 -0.5406643 -0.3515654 0.7642538 -0.7308867 0.1700281 0.6609804 0.374641 0.6475073 0.6636102 0.04817389 0.7510054 0.6585364 -0.2952135 0.6917969 0.6589886 -0.5703808 0.4855927 0.6624692 -0.2952135 -0.6917969 0.6589887 0.04817389 -0.7510054 0.6585364 0.3747543 -0.6474958 0.6635574 0.6050749 -0.428388 0.6710947 0.6051714 0.4279257 0.6713026 -0.7308867 -0.1700281 0.6609804 -0.5703808 -0.4855927 0.6624692 -0.5929558 0.1346338 0.7939 -0.5885603 -0.1367519 0.7968034 0.6006134 0.09851963 0.7934465 0.559062 0.3777259 0.7380873 0.4375119 0.6959492 0.569419 0.245859 0.9153105 0.3189984 0.5518817 0.8060343 0.2138581 0.4080214 0.8987029 0.1607846 0.6878462 0.6867682 0.2349831 0.0965399 0.9944495 0.04183506 0.2585878 0.9604609 0.1031848 0.7690976 0.1333961 0.6250554 0.7942449 0.2313394 0.5618337 0.8183573 0.3244179 0.4743884 0.8809856 0.4072454 0.2408641 0.4496512 -0.04747481 0.8919417 0.6072723 -0.04391712 0.7932791 0.8223465 -0.02805526 0.5682949 0.9965829 0.07545182 0.03360983 0.999921 -0.007179954 0.01031806 0.999921 -0.007179953 -0.01031806 0.9965829 0.07545182 -0.03360983 0.9599232 0.2657752 -0.08894389 0.9599231 0.2657757 0.08894358 0.9578148 -0.005033301 -0.2873421 0.997141 -0.003611849 -0.07547645 0.9977138 0.006171758 0.06729908 0.9992512 -0.01805508 0.03422015 0.9954687 -0.06712157 -0.06735534 0.9541277 -0.006531351 0.2993286 0.6821898 -0.5184976 -0.515536 0.6387096 -0.723351 -0.2623231 0.6856401 -0.2589782 -0.6803146 0.552728 -0.2974495 -0.77847 0.8353904 -0.1754921 -0.520889 0.8516546 -0.2623144 -0.4537352 0.8081312 -0.1028319 -0.5799565 0.8237334 -0.4501365 -0.3447323 0.7354682 -0.6337359 -0.2397195 0.9670471 -0.09675636 -0.2354956 0.9145996 -0.09666479 -0.3926366 0.9335758 -0.2930962 -0.2062302 0.8583765 -0.3441375 -0.3804723 0.8187146 -0.5569832 -0.1395569 0.792887 -0.5767239 -0.1967733 0.9682419 -0.2426511 -0.06023434 0.895908 -0.4398512 -0.06228753 0.6978428 -0.68491 -0.2095563 0.4616608 -0.7740288 -0.4332999 0.6829574 -0.5214077 0.5115694 0.6833745 -0.2610706 0.6817928 0.5527281 -0.2974495 0.7784699 0.6344062 -0.7227682 0.2741075 0.7083 -0.6604194 -0.2493138 0.7625829 -0.6468528 0.006979119 0.8267732 -0.3553269 0.4361065 0.7956068 -0.5032104 0.3373265 0.8344355 -0.1107597 0.5398608 0.8531883 -0.2330633 0.4666382 0.8212407 -0.5698557 0.02877916 0.94292 -0.327932 0.0579861 0.9909776 -0.1185057 0.06260847 0.950227 -0.09905925 0.295391 0.9872665 -0.05968187 0.1474549 0.8344266 -0.5454184 0.07906369 0.9203778 -0.3086936 0.2400268 0.9614708 -0.2591266 0.09180062 0.8065777 -0.5673773 0.1658775 0 1 0 0.08972133 0.9101195 0.4045152 0.244607 0.9025442 0.3543746 0.3812745 0.9025444 0.2001085 0.4305984 0.9025437 4.959029e-07 0.381274 0.9025445 -0.2001089 0.244607 0.9025444 -0.3543742 0.06197696 0.9071952 -0.4161197 -0.1588631 0.905137 -0.3943216 -0.3223069 0.9025439 -0.2855396 -0.3999056 0.9077064 -0.1270616 -0.4072385 0.9133218 6.052494e-07 -0.3999062 0.9077062 0.1270612 -0.3223065 0.9025443 0.2855386 -0.1639462 0.9051875 0.392119 -0.02909853 0.9077135 0.4185803 -0.927985 0.3726176 3.961057e-07 -0.8883402 0.367635 -0.2751293 -0.6973148 0.3634781 -0.6177667 -0.05617954 0.3788661 -0.9237447 0.1930027 0.3695115 -0.9089616 0.5292102 0.3634786 -0.7666941 0.824893 0.3634784 -0.4329376 0.9316029 0.3634777 2.723826e-07 0.824893 0.3634786 0.4329374 0.5292101 0.3634783 0.7666943 -0.3355392 0.3588492 0.8709998 0.1187344 0.3559208 0.9269426 -0.6973147 0.3634783 0.6177668 -0.8883402 0.3676354 0.2751289 -0.3553414 0.3656187 -0.8602648 0.6438573 0.7651456 7.323298e-18 0.570107 0.7651459 -0.2992153 0.3657524 0.7651457 -0.5298842 0.1405664 0.742594 -0.6548246 -0.04092272 0.7352709 -0.6765368 -0.2498124 0.7575388 -0.6030992 -0.4819344 0.7651456 -0.4269561 -0.6257753 0.7644009 -0.1552305 -0.6257753 0.7644009 0.1552305 -0.4819342 0.7651456 0.4269562 -0.2283152 0.7651458 0.6020166 0.07760822 0.7651458 0.6391626 0.3657523 0.7651456 0.5298843 0.5701068 0.765146 0.2992154 -0.04421638 0.6809563 -0.730988 -0.2865598 0.6627768 -0.6918168 0.1549009 0.6747567 -0.7216018 -0.5642958 0.6569992 0.4999222 -0.2673335 0.6569991 0.7049007 0.6675372 0.6569993 0.3503513 0.7538915 0.6569989 0 -0.5642958 0.6569992 -0.4999223 -0.7319846 0.6569992 -0.1804179 -0.7319846 0.6569992 0.1804179 0.09087186 0.6569992 0.7483945 0.428259 0.6569993 0.6204403 0.6675372 0.6569993 -0.3503512 0.4282591 0.6569992 -0.6204403 0.9953239 -0.09659357 4.040484e-07 0.8813154 -0.09659058 -0.462551 0.5654086 -0.09659069 -0.8191358 0.2081107 -0.09674376 -0.9733091 -0.06744112 -0.1392517 -0.9879578 -0.3805481 -0.0967238 -0.9196889 -0.7450108 -0.09659115 -0.660022 -0.966402 -0.09658979 -0.2381965 -0.9664019 -0.09658989 0.2381968 -0.7450109 -0.09659093 0.6600219 -0.3529469 -0.0965919 0.9306441 0.1199733 -0.09659069 0.9880671 0.5654085 -0.0965907 0.8191358 0.8813155 -0.09659092 0.4625508 0.4076784 -0.9131256 -2.375252e-07 0.1129034 -0.993606 1.571744e-07 0.09997164 -0.9936059 -0.05246922 0.3609804 -0.9131261 -0.1894567 0.0641365 -0.993606 -0.0929177 0.2315879 -0.9131256 -0.3355127 0.02367896 -0.994166 -0.1052297 -0.1464156 -0.9124937 -0.3819917 0.05165554 -0.9118914 -0.4071679 -0.008944863 -0.9934972 -0.1135049 -0.04302528 -0.9938076 -0.1024469 -0.08450968 -0.9936059 -0.07486896 -0.3051515 -0.9131256 -0.2703409 -0.1096224 -0.993606 -0.02701957 -0.3958319 -0.9131256 -0.09756374 -0.1096223 -0.993606 0.02701936 -0.3958319 -0.9131256 0.09756376 -0.08450951 -0.993606 0.07486891 -0.3051516 -0.9131255 0.2703411 -0.04003603 -0.993606 0.1055667 -0.1445648 -0.9131255 0.3811862 0.01360909 -0.993606 0.1120803 0.04914006 -0.9131256 0.404706 0.06413628 -0.993606 0.09291773 0.2315882 -0.9131255 0.3355126 0.09997179 -0.9936059 0.05246898 0.3609801 -0.9131261 0.1894573 0.7214356 -0.6924815 -1.016231e-07 0.6387993 -0.692482 -0.3352672 0.409822 -0.6924816 -0.5937298 0.08695943 -0.6924819 -0.7161752 -0.2558246 -0.6924817 -0.6745538 -0.5400021 -0.6924817 -0.4784003 -0.7004716 -0.6924819 -0.172651 -0.7004716 -0.6924819 0.1726509 -0.540002 -0.6924819 0.4784001 -0.2558245 -0.692482 0.6745535 0.08695946 -0.6924822 0.7161749 0.409822 -0.6924818 0.5937296 0.6387991 -0.6924821 0.3352674 0.9280128 -0.3725483 5.213117e-07 0.8217155 -0.3725455 -0.4312696 0.527172 -0.3725458 -0.7637403 0.1330064 -0.3924568 -0.9101027 -0.3396413 -0.3809447 -0.8599563 -0.6946278 -0.3725465 -0.6153872 -0.9010476 -0.3725454 -0.2220883 -0.9010476 -0.3725452 0.2220885 -0.6946278 -0.3725461 0.6153874 -0.3290777 -0.3725474 0.8677075 0.1118603 -0.3725463 0.9212473 0.527172 -0.3725457 0.7637404 0.8217158 -0.3725451 0.4312694 -0.3745599 -0.6624358 0.6487555 -4.709831e-07 -0.8929446 0.4501665 -0.389856 -0.8929444 0.2250837 0.7491189 -0.6624356 0 0.3898557 -0.8929447 -0.2250828 -0.7491183 -0.6624362 -1.354341e-17 -0.389856 -0.8929444 -0.2250837 0.3745589 -0.6624361 -0.6487558 0.3898557 -0.8929447 0.2250828 0.3745591 -0.662436 0.6487557 -0.3745597 -0.6624359 -0.6487555 -4.709832e-07 -0.8929445 -0.4501667 0.7038501 -0.5826326 0.4063671 0.6522773 -0.7579804 0 0.7038501 -0.5826326 -0.4063671 -0.3261393 -0.7579801 0.5648887 0.3261389 -0.7579799 0.5648893 -0.6522782 -0.7579797 8.844468e-18 -0.7038494 -0.5826328 -0.4063681 -0.3261392 -0.7579801 -0.5648889 0.3261388 -0.7579798 -0.5648895 -8.503182e-07 -0.5826327 0.8127356 -8.503177e-07 -0.5826327 -0.8127356 -0.7038494 -0.5826328 0.4063681 0.5701071 -0.2992154 0.7651458 0.6438571 -9.881352e-09 0.7651458 0.6438571 -9.881352e-09 -0.7651458 0.3657525 -0.5298841 0.7651457 0.5701071 -0.2992154 -0.7651458 0.1405661 -0.6548245 0.7425941 0.3657525 -0.5298841 -0.7651457 0.1405661 -0.6548245 -0.7425941 -0.04092292 -0.6765369 -0.7352708 -0.04092292 -0.6765369 0.7352708 -0.2498121 -0.6030996 0.7575387 -0.2498121 -0.6030996 -0.7575387 -0.481934 -0.4269562 0.7651457 -0.6251478 -0.1540851 0.7651458 -0.481934 -0.4269562 -0.7651457 -0.6251478 0.1540851 0.7651458 -0.6251478 -0.1540851 -0.7651458 -0.4819341 0.4269562 0.7651457 -0.6251478 0.1540851 -0.7651458 -0.2283149 0.6020167 0.7651458 -0.4819341 0.4269562 -0.7651457 0.0776084 0.6391627 0.7651457 -0.2283149 0.6020167 -0.7651458 0.3657524 0.5298841 0.7651458 0.0776084 0.6391627 -0.7651457 0.5701071 0.2992153 0.7651458 0.3657524 0.5298841 -0.7651458 0.5701071 0.2992153 -0.7651458 -0.904534 -0.3015113 0.3015113 -0.07136237 -0.6856878 0.7243891 0.1895569 -0.3334106 0.9235289 -0.5390631 -0.3725099 0.7554121 0.1422676 -0.3562709 0.9234885 -0.08220371 -0.3705531 0.9251665 -0.2855362 -0.6657194 0.6894104 -0.3622759 -0.3885083 0.8472411 -0.4825293 -0.4207795 0.7681862 -0.5286129 -0.6651243 0.527426 -0.6507779 -0.4478885 0.6130938 -0.8027945 -0.4805367 0.352995 -0.6896212 -0.6650636 0.2865537 -0.8694734 -0.4782917 0.1235034 -0.7243826 -0.6856965 0.07134515 0.4456256 -0.8143078 0.3719149 -0.4335367 -0.8363118 0.3356016 0.02872581 -0.9983611 0.04949649 -0.8687278 -0.4951944 0.009723835 0.2087555 -0.920537 0.3302011 0.09980455 -0.9765303 0.19086 0.3487378 -0.8583223 0.3763837 0.02660833 -0.9985296 -0.04723038 -0.8687278 -0.4951944 -0.009723879 -0.7243826 -0.6856966 -0.0713451 -0.8615259 -0.4874973 -0.141843 -0.07166123 -0.6854756 -0.7245605 -0.6894163 -0.6656734 -0.2856294 -0.5275961 -0.6652453 -0.5282907 -0.2860074 -0.6650676 -0.6898441 -0.904534 -0.3015113 -0.3015113 -0.7458211 -0.4671605 -0.474881 -0.5058842 -0.4271805 -0.7493984 -0.1400782 -0.3794039 -0.9145659 0.1216828 -0.3589024 -0.9254093 0.1895528 -0.3334121 -0.9235292 0.3552509 -0.8624258 -0.360581 0.4393091 -0.8212517 -0.3640785 0.2268336 -0.9208212 -0.3172298 0.108744 -0.9748448 -0.1945569 -0.4335367 -0.8363117 -0.335602 -0.5390633 -0.3725093 -0.7554122 -0.481934 -0.4269562 -0.7651457 -0.2498121 -0.6030996 -0.7575387 -0.6251478 0.1540851 -0.7651458 0.5701071 0.2992153 -0.7651458 0.3657524 0.5298841 -0.7651458 0.6438571 -9.881352e-09 -0.7651458 -0.04092292 -0.6765369 -0.7352708 -0.6251478 -0.1540851 -0.7651458 -0.4819341 0.4269562 -0.7651457 0.0776084 0.6391627 -0.7651457 0.1405661 -0.6548245 -0.7425941 -0.2283149 0.6020167 -0.7651458 0.5701071 -0.2992154 -0.7651458 0.3657525 -0.5298841 -0.7651457 0.5701071 -0.2992154 0.7651458 0.6438571 -9.881352e-09 0.7651458 0.3657525 -0.5298841 0.7651457 0.1405661 -0.6548245 0.7425941 -0.2498121 -0.6030996 0.7575387 -0.04092292 -0.6765369 0.7352708 -0.481934 -0.4269562 0.7651457 -0.6251478 -0.1540851 0.7651458 -0.6251478 0.1540851 0.7651458 -0.4819341 0.4269562 0.7651457 -0.2283149 0.6020167 0.7651458 0.0776084 0.6391627 0.7651457 0.3657524 0.5298841 0.7651458 0.5701071 0.2992153 0.7651458 -0.4335367 -0.8363117 0.3356021 -0.5390633 -0.3725093 0.7554122 -0.5773503 0.5773503 0.5773503 -0.5773503 0.5773503 -0.5773503 -0.5390631 -0.3725097 -0.7554121 -0.4335367 -0.8363118 -0.3356018 0.5307958 -0.7601926 -0.3746505 0.5307957 -0.7601926 0.3746508 0.2314936 -0.3280657 0.9158513 0.923769 -0.07959807 0.3745863 0.3998594 -0.03644623 0.9158516 0.3925778 -0.1428868 0.9085516 0.8733361 -0.3179636 0.3690301 0.3200321 -0.2685386 0.9085519 0.7119284 -0.5974829 0.3690149 0.2314941 -0.328066 -0.9158511 0.3200323 -0.2685391 -0.9085517 0.7119284 -0.5974832 -0.3690147 0.3925784 -0.1428866 -0.9085514 0.8733363 -0.3179635 -0.3690298 0.3998599 -0.03644644 -0.9158514 0.9237691 -0.07959819 -0.374586 0.3612879 -0.03410102 0.9318306 0.9173915 -0.09008359 0.3876569 0.3145293 -0.1302823 0.9402648 0.08458503 0.6819789 0.7264642 0.1302821 -0.3145289 0.9402649 0.2407302 -0.2407301 0.9402649 0.03410098 -0.3612882 0.9318304 0.105284 -0.3717222 0.9223545 0.3544866 -0.8469539 0.3962428 0.647892 -0.6478923 0.400589 0.8463183 -0.3529486 0.3989645 0.08883638 -0.9181302 0.3861929 0.9503091 -0.03694035 -0.3091084 0.9545481 -0.03072651 -0.2964688 0.9087774 -0.1531021 -0.3881795 0.7529235 -0.3821049 -0.535819 0.4402412 -0.6032092 -0.6650762 0.1917551 -0.675362 -0.7121209 0.04370439 -0.6909339 -0.7215956 0.04983801 -0.9129533 0.4050091 0.3183208 -0.3717231 0.872063 0.2492296 0.6819789 0.6875968 0.1365492 -0.9129539 0.384538 0.3834966 0.6869459 0.6172809 0.4882494 -0.3740929 0.7884587 0.213872 -0.9153569 0.341146 0.6879193 -0.3677228 0.6257371 0.5504619 0.668047 0.5007044 0.867323 -0.3677229 0.3354559 0.6940172 0.6680474 0.2684265 0.9235704 -0.3740932 0.0840954 0.7236178 0.6869457 0.06695427 0.3104779 -0.9076597 0.2824133 0.3914491 -0.9076594 0.1514004 0.400777 -0.9153567 0.03872882 0.9235706 -0.3740928 -0.08409492 0.7236178 0.6869457 -0.06695427 0.4007765 -0.9153569 -0.03872806 0.8673229 -0.3677225 -0.3354566 0.6940172 0.6680474 -0.2684266 0.6879191 -0.3677232 -0.6257371 0.5504618 0.6680471 -0.5007043 0.4882498 -0.3740932 -0.7884583 0.3834968 0.6869459 -0.6172808 0.3914484 -0.9076595 -0.1514012 0.3104778 -0.9076596 -0.2824138 0.2138726 -0.9153568 -0.3411458 0.3183208 -0.3717226 -0.8720632 0.2492295 0.6819789 -0.6875969 0.1052837 -0.3717225 -0.9223545 0.08458499 0.6819789 -0.7264642 0.1365492 -0.9129537 -0.3845386 0.04983752 -0.9129536 -0.4050086 0.034101 -0.3612886 -0.9318303 0.1302823 -0.3145292 -0.9402648 0.2407303 -0.2407304 -0.9402648 0.3145297 -0.1302825 -0.9402646 0.3612884 -0.03410096 -0.9318304 0.08883636 -0.9181304 -0.3861926 0.8463183 -0.3529489 -0.3989642 0.6478921 -0.6478925 -0.4005885 0.3544868 -0.846954 -0.3962423 0.9173916 -0.09008345 -0.3876566 0.9545475 -0.03071499 0.2964721 0.9503092 -0.03694038 0.3091081 0.9552071 -0.1096131 0.2748898 0.9393938 -0.2146075 0.2673629 0.9343388 -0.2855406 0.2132549 0.9256056 -0.3432175 0.1595491 0.8971311 -0.4412026 -0.02227393 0.902815 -0.422772 -0.07866946 0.8971311 -0.4412026 0.02227396 0.902815 -0.422772 0.07866949 0.9343351 -0.2855709 -0.2132305 0.9393901 -0.2146251 -0.2673616 0.9256052 -0.3432177 -0.1595511 0.9552035 -0.1096448 -0.2748897 0.283277 -0.6674636 -0.6886555 0.07134573 -0.6856964 -0.7243827 0.5281628 -0.6670511 -0.5254397 0.8555566 -0.005325253 -0.5176818 0.6892736 -0.6658877 -0.2854742 0.7243533 -0.685728 -0.07134022 0.7243533 -0.685728 0.07134026 0.5281629 -0.6670512 0.5254395 0.908777 -0.1531023 0.3881804 0.7529236 -0.3821048 0.535819 0.2832772 -0.6674634 0.6886556 0.4402415 -0.6032089 0.6650763 0.1917553 -0.675362 0.7121208 0.6892735 -0.6658877 0.2854743 0.8555569 -0.005327725 0.5176813 0.07134551 -0.6856964 0.7243826 0.04370439 -0.6909339 0.7215956 -0.08458503 -0.6819789 -0.7264642 -0.07853432 -0.7340884 -0.6744972 -0.08458503 -0.6819789 0.7264642 -0.07853432 -0.7340884 0.6744972 -0.2314012 -0.7340884 -0.6384102 -0.2492296 -0.6819789 -0.6875968 -0.3615415 -0.728444 -0.5819426 -0.3834961 -0.6869461 -0.617281 -0.4886003 -0.7508308 -0.4444354 -0.6160241 -0.7508302 -0.238261 -0.5504616 -0.6680469 -0.5007049 -0.6821909 -0.7284444 -0.06312115 -0.6940172 -0.6680474 -0.2684265 -0.7236178 -0.6869457 -0.06695427 -0.7236179 -0.6869456 0.06695432 -0.6821909 -0.7284445 0.06312119 -0.6160241 -0.7508302 0.2382611 -0.4886004 -0.7508307 0.4444354 -0.3615416 -0.728444 0.5819424 -0.2314012 -0.7340884 0.6384103 -0.2492296 -0.6819789 0.6875968 -0.3834962 -0.686946 0.617281 -0.6940172 -0.6680474 0.2684267 -0.5504615 -0.668047 0.5007048 -0.5298843 -0.7651455 -0.3657527 -0.654824 -0.7425948 -0.1405647 0.6020175 -0.7651452 0.2283151 0.4269566 -0.765146 0.4819332 -0.6765378 -0.7352699 0.04092382 0.6391622 -0.7651462 -0.07760798 0.154085 -0.7651457 0.6251479 -0.2992157 -0.7651459 -0.5701068 0.2992154 -0.765146 -0.5701068 -2.223304e-07 -0.7651457 -0.6438571 0.1540851 -0.7651458 0.6251478 0.5298837 -0.7651457 -0.365753 -0.6765378 -0.7352699 0.04092382 -0.6030995 -0.757539 0.2498112 0.4269561 -0.7651458 0.481934 0.6020168 -0.7651459 0.2283147 -0.1540852 -0.7651458 0.6251477 0.1540852 -0.7651458 0.6251477 0.4269562 -0.7651457 0.481934 -0.6030995 -0.757539 0.2498112 0.5298843 -0.7651455 -0.3657527 -0.4269563 -0.7651457 0.481934 0.6020168 -0.7651459 0.2283147 -0.1540851 -0.7651458 0.6251478 -0.4269562 -0.7651457 0.481934 0.299215 -0.7651457 -0.5701073 -8.787957e-18 -0.7651456 -0.6438572 -0.4269561 -0.7651458 0.481934 -0.654824 -0.7425948 -0.1405647 -2.223304e-07 -0.7651459 -0.6438569 -0.2992159 -0.7651458 -0.5701068 0.2992157 -0.7651459 -0.5701068 0.6391625 -0.7651458 -0.07760895 -0.5298843 -0.7651455 -0.3657527 0.5298843 -0.7651455 -0.3657527 0.6391625 -0.7651458 -0.07760895 -0.654824 -0.7425948 -0.1405647 -0.6765378 -0.7352699 0.04092382 -0.5298843 -0.7651455 -0.3657527 -0.2992154 -0.765146 -0.5701068 -0.154085 -0.7651457 0.6251479 -0.6030995 -0.757539 0.2498112 0.5298837 0.7651457 -0.365753 0.6391622 0.7651462 -0.07760798 -0.6030995 0.757539 0.2498112 -0.6765378 0.7352699 0.04092382 -0.654824 0.7425948 -0.1405647 0.4269566 0.765146 0.4819332 -0.6765378 0.7352699 0.04092382 -0.654824 0.7425948 -0.1405647 -0.4269561 0.7651458 0.481934 -0.5298843 0.7651455 -0.3657527 0.299215 0.7651457 -0.5701073 -0.6030995 0.757539 0.2498112 -0.1540852 0.7651458 0.6251477 0.1540852 0.7651458 0.6251477 -0.5298843 0.7651455 -0.3657527 -0.2992157 0.7651459 -0.5701068 -0.4269562 0.7651457 0.481934 0.6020175 0.7651452 0.2283151 0.1540851 0.7651458 0.6251478 -0.2992159 0.7651458 -0.5701068 1.171728e-17 0.7651456 -0.6438572 0.2992154 0.765146 -0.5701068 0.4269561 0.7651458 0.481934 0.154085 0.7651457 0.6251479 0.5298843 0.7651455 -0.3657527 0.6020168 0.7651459 0.2283147 0.4269562 0.7651457 0.481934 -2.223304e-07 0.7651459 -0.6438569 -0.5298843 0.7651455 -0.3657527 -0.6765378 0.7352699 0.04092382 -2.223304e-07 0.7651457 -0.6438571 0.6391625 0.7651458 -0.07760895 -0.1540851 0.7651458 0.6251478 0.6391625 0.7651458 -0.07760895 0.6020168 0.7651459 0.2283147 0.2992157 0.7651459 -0.5701068 -0.154085 0.7651457 0.6251479 -0.6030995 0.757539 0.2498112 -0.4269563 0.7651457 0.481934 0.5298843 0.7651455 -0.3657527 -0.2992154 0.765146 -0.5701068 -0.654824 0.7425948 -0.1405647 -0.5701071 -0.2992154 -0.7651458 -0.6438571 -1.480137e-14 -0.7651458 -0.6438571 -1.171728e-17 0.7651458 -0.3657528 -0.529884 -0.7651456 -0.5701071 -0.2992154 0.7651458 -0.07760844 -0.6391624 -0.765146 -0.3657528 -0.529884 0.7651456 0.228315 -0.6020169 -0.7651456 -0.07760844 -0.6391624 0.765146 0.4819338 -0.4269562 -0.7651458 0.228315 -0.6020169 0.7651456 0.6251478 -0.1540851 -0.7651458 0.4819338 -0.4269562 0.7651458 0.6251478 0.1540851 -0.7651458 0.6251478 -0.1540851 0.7651458 0.4819338 0.4269562 -0.7651458 0.6251478 0.1540851 0.7651458 0.2498122 0.6030997 -0.7575385 0.4819338 0.4269562 0.7651458 0.2498122 0.6030997 0.7575385 0.04092345 0.6765369 0.7352708 -0.1405661 0.6548243 0.7425943 -0.1405661 0.6548243 -0.7425943 0.04092345 0.6765369 -0.7352708 -0.3657528 0.529884 -0.7651456 -0.5701071 0.2992154 -0.7651458 -0.3657528 0.529884 0.7651456 -0.5701071 0.2992154 0.7651458 0.1629627 -0.3712917 0.9141037 0.04437112 -0.422164 0.9054329 0.6859428 -0.1746213 0.7063922 0.6205364 -0.7719579 0.137897 -0.4030298 -0.04451601 0.9141035 -0.3877902 -0.1726554 0.905433 -0.2840389 -0.315457 0.9054329 -0.625609 -0.6305858 0.45932 -0.1311741 -0.4037127 0.9054333 -0.922987 -0.09527401 0.372851 -0.9829422 -0.1220537 0.1375771 0.3789835 -0.8469672 0.3728514 0.09728185 -0.9255755 0.3658501 -0.2875937 -0.8851233 0.3658507 -0.6227424 -0.6916254 0.3658501 -0.8502128 -0.3785391 0.3658501 0.7909839 -0.5381299 0.2911369 -0.922987 -0.09527404 -0.372851 -0.8502128 -0.378539 -0.3658501 -0.6227423 -0.6916254 -0.3658501 -0.2875938 -0.8851232 -0.3658506 0.09728197 -0.9255755 -0.36585 0.3789835 -0.8469672 -0.3728514 0.7909839 -0.5381299 -0.2911369 0.1629627 -0.3712918 -0.9141037 0.6859428 -0.1746214 -0.7063922 -0.4030299 -0.04451606 -0.9141035 -0.3877903 -0.1726553 -0.905433 -0.2840389 -0.3154571 -0.9054329 -0.1311743 -0.4037127 -0.9054333 0.04437128 -0.422164 -0.9054329 -0.401853 0.04145762 -0.9147652 -0.9233096 0.08940507 -0.3735052 0.04092278 0.6765368 -0.7352709 0.249812 0.6030996 -0.7575387 0.6302625 0.2971086 -0.7172836 -0.5701072 0.2992153 -0.7651457 -0.1405663 0.6548246 -0.742594 -0.6438571 -1.337271e-14 -0.7651458 -0.5701072 -0.2992153 -0.7651457 -0.3657525 0.529884 -0.7651458 0.481934 0.4269562 -0.7651458 0.6251478 0.1540851 -0.7651458 -0.04145763 0.401853 -0.9147652 -0.3657525 -0.529884 -0.7651458 -0.3898614 0.1614859 -0.9066038 0.6251478 -0.1540851 -0.7651458 -0.298387 0.298387 -0.9066037 0.481934 -0.4269562 -0.7651458 -0.1614859 0.3898614 -0.9066038 0.2283148 -0.6020168 -0.7651458 -0.0776084 -0.6391627 -0.7651457 -0.08940507 0.9233096 -0.3735052 -0.3560058 0.859474 -0.36683 -0.657813 0.657813 -0.3668299 -0.859474 0.3560058 -0.36683 0.6302625 0.7172836 -0.2971085 -0.08940511 0.92331 0.3735042 -0.356006 0.8594744 0.366829 -0.6578132 0.6578132 0.366829 -0.8594744 0.3560059 0.366829 -0.92331 0.08940511 0.3735042 0.6302627 0.7172838 0.2971077 -0.04145772 0.401854 0.9147648 0.6302623 0.2971095 0.7172834 -0.6438571 -1.734157e-15 0.7651458 -0.5701072 -0.2992153 0.7651457 -0.3657525 -0.529884 0.7651458 -0.0776084 -0.6391627 0.7651457 0.2283148 -0.6020168 0.7651458 0.481934 -0.4269562 0.7651458 0.6251478 -0.1540851 0.7651458 0.6251478 0.1540851 0.7651458 0.481934 0.4269562 0.7651458 -0.1405663 0.6548246 0.742594 0.249812 0.6030996 0.7575387 0.04092278 0.6765368 0.7352709 -0.3657525 0.529884 0.7651458 -0.5701072 0.2992153 0.7651457 -0.4018541 0.04145774 0.9147648 -0.3898624 0.1614863 0.9066033 -0.2983878 0.2983878 0.9066032 -0.1614863 0.3898624 0.9066033 -0.9229874 -0.09527405 0.37285 -0.4030309 -0.04451612 0.914103 -0.9829423 -0.1220536 -0.137577 -0.9229871 -0.09527405 -0.3728507 0.3789836 -0.8469675 0.3728504 0.1629631 -0.3712927 0.9141032 0.04437123 -0.4221651 0.9054324 0.09728189 -0.9255759 0.3658491 -0.1311744 -0.4037138 0.9054327 -0.2875938 -0.8851236 0.3658497 -0.2840397 -0.3154578 0.9054324 -0.6227427 -0.6916257 0.3658491 -0.3877912 -0.1726558 0.9054325 -0.8502132 -0.3785392 0.3658492 -0.07760844 -0.6391624 0.765146 0.6859427 -0.1746219 0.7063921 -0.3657528 0.529884 0.7651456 -0.1405661 0.6548243 0.7425943 -0.3657528 -0.529884 0.7651456 -0.5701071 -0.2992154 0.7651458 0.4819338 -0.4269562 0.7651458 0.228315 -0.6020169 0.7651456 -0.5701071 0.2992154 0.7651458 0.6251478 -0.1540851 0.7651458 0.6251478 0.1540851 0.7651458 0.4819338 0.4269562 0.7651458 -0.6438571 1.171728e-17 0.7651458 0.2498122 0.6030997 0.7575385 0.04092345 0.6765369 0.7352708 0.7909841 -0.5381301 0.291136 0.7909839 -0.53813 -0.2911366 0.3789835 -0.8469673 -0.3728511 -0.8502129 -0.3785391 -0.3658498 -0.6227424 -0.6916255 -0.3658498 -0.2875939 -0.8851233 -0.3658503 0.09728198 -0.9255756 -0.3658497 -0.6256092 -0.6305859 -0.4593197 -0.4030302 -0.04451609 -0.9141034 -0.1311744 -0.403713 -0.9054331 0.2498122 0.6030997 -0.7575385 0.04092345 0.6765369 -0.7352708 0.1629628 -0.3712921 -0.9141036 0.04437132 -0.4221643 -0.9054328 -0.1405661 0.6548243 -0.7425943 -0.2840391 -0.3154574 -0.9054327 0.4819338 0.4269562 -0.7651458 0.6205364 -0.7719579 -0.137897 0.6859427 -0.1746215 -0.7063921 -0.6438571 -7.323297e-18 -0.7651458 -0.3657528 0.529884 -0.7651456 -0.5701071 0.2992154 -0.7651458 -0.3877906 -0.1726555 -0.9054328 0.6251478 0.1540851 -0.7651458 0.6251478 -0.1540851 -0.7651458 -0.3657528 -0.529884 -0.7651456 -0.07760844 -0.6391624 -0.765146 -0.5701071 -0.2992154 -0.7651458 0.4819338 -0.4269562 -0.7651458 0.228315 -0.6020169 -0.7651456 0.904534 0.3015113 -0.3015113 0.904534 0.3015113 0.3015113 0.1405662 -0.6548245 0.7425941 -0.04092293 -0.6765369 0.7352708 0.07134521 0.6856965 0.7243826 0.3657525 -0.5298841 0.7651457 -0.249812 -0.6030996 0.7575387 -0.6251479 -0.1540849 0.7651457 -0.6251479 0.1540849 0.7651457 -0.481934 -0.426956 0.7651458 0.07134521 -0.6856965 0.7243826 0.570107 -0.2992155 0.7651458 0.5701069 0.2992155 0.7651459 0.643857 -5.434744e-08 0.7651458 -0.2283149 0.6020169 0.7651457 0.0776085 0.6391625 0.7651458 -0.481934 0.426956 0.7651459 0.3657526 0.5298842 0.7651456 0.643857 -5.434744e-08 -0.7651458 0.570107 -0.2992155 -0.7651458 0.3657525 -0.5298841 -0.7651457 0.1405662 -0.6548245 -0.7425941 -0.04092293 -0.6765369 -0.7352708 -0.249812 -0.6030996 -0.7575387 -0.481934 -0.426956 -0.7651458 -0.6251479 -0.1540849 -0.7651457 -0.6251479 0.1540849 -0.7651457 -0.481934 0.426956 -0.7651459 -0.2283149 0.6020169 -0.7651457 0.0776085 0.6391625 -0.7651458 0.3657526 0.5298842 -0.7651456 0.5701069 0.2992155 -0.7651459 0.0713455 0.6856964 -0.7243826 0.0713455 -0.6856964 -0.7243826 0.6894015 -0.6657188 -0.2855591 0.2855592 -0.665719 -0.6894013 0.7243826 -0.6856966 0.0713451 0.5276447 -0.6657189 0.5276452 0.285559 -0.6657189 0.6894015 0.5276449 -0.6657188 -0.5276451 0.6894015 -0.6657188 0.2855592 0.7243826 -0.6856965 -0.07134515 0.5276447 0.6657189 0.5276452 0.6894015 0.6657188 0.2855592 0.7243826 0.6856965 -0.07134515 0.5276449 0.6657188 -0.5276451 0.2855592 0.665719 -0.6894013 0.285559 0.6657189 0.6894015 0.6894015 0.6657188 -0.2855591 0.7243826 0.6856966 0.0713451</float_array>
          <technique_common>
            <accessor count="2142" source="#normals-array-array" stride="3">
              <param type="float" name="X"/>
              <param type="float" name="Y"/>
              <param type="float" name="Z"/>
            </accessor>
          </technique_common>
        </source>
        <vertices id="verts-array-vertices">
          <input semantic="POSITION" source="#verts-array"/>
        </vertices>
        <triangles count="4300" material="material0">
          <input offset="0" semantic="VERTEX" source="#verts-array-vertices"/>
          <input offset="1" semantic="NORMAL" source="#normals-array"/>
          <p>0 0 1 1 2 2 2 2 3 3 0 0 3 3 4 4 0 0 4 4 5 5 0 0 5 5 6 6 0 0 6 6 7 7 0 0 7 7 8 8 0 0 8 8 9 9 0 0 9 9 10 10 0 0 10 10 11 11 0 0 11 11 12 12 0 0 12 12 13 13 0 0 13 13 14 14 0 0 14 14 15 15 0 0 15 15 1 1 0 0 16 16 11 11 10 10 17 17 10 10 9 9 18 18 9 9 8 8 8 8 7 7 19 19 7 7 20 20 19 19 20 20 7 7 6 6 21 21 6 6 5 5 22 22 5 5 4 4 23 23 4 4 3 3 24 24 3 3 2 2 25 25 2 2 1 1 26 26 27 27 15 15 27 27 1 1 15 15 26 26 14 14 13 13 28 28 13 13 12 12 29 29 12 12 11 11 11 11 16 16 29 29 12 12 29 29 28 28 13 13 28 28 26 26 15 15 14 14 26 26 1 1 27 27 25 25 2 2 25 25 24 24 3 3 24 24 23 23 4 4 23 23 22 22 5 5 22 22 21 21 6 6 21 21 20 20 19 19 30 30 8 8 8 8 30 30 18 18 9 9 18 18 17 17 10 10 17 17 16 16 23 23 31 31 32 32 22 22 32 32 33 33 21 21 33 33 34 34 34 34 35 35 19 19 36 36 30 30 19 19 19 19 35 35 36 36 30 30 36 36 37 37 18 18 37 37 38 38 38 38 39 39 16 16 39 39 29 29 16 16 29 29 39 39 40 40 28 28 40 40 41 41 26 26 41 41 42 42 27 27 42 42 43 43 25 25 43 43 44 44 24 24 44 44 31 31 31 31 23 23 24 24 44 44 24 24 25 25 43 43 25 25 27 27 42 42 27 27 26 26 41 41 26 26 28 28 40 40 28 28 29 29 16 16 17 17 38 38 38 38 17 17 18 18 37 37 18 18 30 30 19 19 20 20 34 34 34 34 20 20 21 21 33 33 21 21 22 22 32 32 22 22 23 23 45 45 46 46 35 35 47 47 36 36 35 35 45 45 34 34 33 33 35 35 46 46 47 47 48 48 40 40 39 39 49 49 41 41 40 40 50 50 42 42 41 41 51 51 43 43 42 42 35 35 34 34 45 45 52 52 37 37 36 36 53 53 38 38 37 37 53 53 54 54 39 39 40 40 48 48 49 49 42 42 50 50 51 51 55 55 44 44 43 43 56 56 31 31 44 44 57 57 32 32 31 31 58 58 33 33 32 32 36 36 47 47 52 52 39 39 38 38 53 53 41 41 49 49 50 50 44 44 55 55 56 56 32 32 57 57 58 58 37 37 52 52 53 53 43 43 51 51 55 55 33 33 58 58 45 45 31 31 56 56 57 57 39 39 54 54 48 48 56 56 59 59 60 60 57 57 60 60 61 61 58 58 61 61 62 62 47 47 46 46 63 63 62 62 63 63 46 46 46 46 45 45 62 62 47 47 64 64 65 65 52 52 65 65 66 66 53 53 66 66 67 67 54 54 67 67 68 68 48 48 68 68 69 69 49 49 69 69 70 70 50 50 70 70 71 71 51 51 71 71 72 72 55 55 72 72 59 59 59 59 56 56 55 55 72 72 55 55 51 51 71 71 51 51 50 50 70 70 50 50 49 49 69 69 49 49 48 48 68 68 48 48 54 54 67 67 54 54 53 53 66 66 53 53 52 52 65 65 52 52 47 47 63 63 64 64 47 47 62 62 45 45 58 58 61 61 58 58 57 57 60 60 57 57 56 56 73 73 74 74 75 75 76 76 75 75 77 77 78 78 77 77 79 79 80 80 81 81 82 82 81 81 79 79 82 82 80 80 83 83 84 84 85 85 84 84 86 86 87 87 86 86 88 88 89 89 88 88 90 90 91 91 90 90 92 92 93 93 92 92 94 94 95 95 94 94 96 96 97 97 96 96 98 98 99 99 98 98 74 74 100 100 73 73 76 76 101 101 76 76 78 78 102 102 78 78 81 81 103 103 81 81 80 80 104 104 80 80 85 85 105 105 85 85 87 87 106 106 87 87 89 89 107 107 89 89 91 91 108 108 91 91 93 93 109 109 93 93 95 95 110 110 95 95 97 97 111 111 97 97 99 99 112 112 99 99 73 73 113 113 100 100 101 101 114 114 101 101 102 102 115 115 102 102 103 103 116 116 103 103 104 104 117 117 104 104 105 105 118 118 105 105 106 106 119 119 106 106 107 107 120 120 107 107 108 108 121 121 108 108 109 109 122 122 109 109 110 110 123 123 110 110 111 111 124 124 111 111 112 112 125 125 112 112 100 100 59 59 113 113 114 114 60 60 114 114 115 115 61 61 115 115 116 116 117 117 64 64 63 63 63 63 116 116 117 117 64 64 117 117 118 118 65 65 118 118 119 119 66 66 119 119 120 120 67 67 120 120 121 121 68 68 121 121 122 122 69 69 122 122 123 123 70 70 123 123 124 124 71 71 124 124 125 125 72 72 125 125 113 113 113 113 59 59 72 72 125 125 72 72 71 71 124 124 71 71 70 70 123 123 70 70 69 69 122 122 69 69 68 68 121 121 68 68 67 67 120 120 67 67 66 66 119 119 66 66 65 65 118 118 65 65 64 64 63 63 62 62 116 116 116 116 62 62 61 61 115 115 61 61 60 60 114 114 60 60 59 59 100 100 113 113 125 125 112 112 125 125 124 124 111 111 124 124 123 123 110 110 123 123 122 122 109 109 122 122 121 121 108 108 121 121 120 120 107 107 120 120 119 119 106 106 119 119 118 118 105 105 118 118 117 117 104 104 117 117 116 116 103 103 116 116 115 115 102 102 115 115 114 114 101 101 114 114 113 113 73 73 100 100 112 112 99 99 112 112 111 111 97 97 111 111 110 110 95 95 110 110 109 109 93 93 109 109 108 108 91 91 108 108 107 107 89 89 107 107 106 106 87 87 106 106 105 105 85 85 105 105 104 104 80 80 104 104 103 103 81 81 103 103 102 102 78 78 102 102 101 101 76 76 101 101 100 100 74 74 73 73 99 99 98 98 99 99 97 97 96 96 97 97 95 95 94 94 95 95 93 93 92 92 93 93 91 91 90 90 91 91 89 89 88 88 89 89 87 87 86 86 87 87 85 85 84 84 85 85 80 80 82 82 83 83 80 80 79 79 81 81 78 78 77 77 78 78 76 76 75 75 76 76 73 73 126 126 88 88 86 86 127 127 128 128 79 79 77 77 75 75 129 129 130 130 92 92 90 90 86 86 131 131 126 126 83 83 82 82 128 128 132 132 131 131 84 84 129 129 127 127 77 77 96 96 133 133 134 134 133 133 96 96 94 94 90 90 135 135 130 130 86 86 84 84 131 131 84 84 83 83 132 132 128 128 82 82 79 79 94 94 136 136 133 133 130 130 136 136 92 92 126 126 135 135 88 88 79 79 77 77 127 127 136 136 94 94 92 92 128 128 132 132 83 83 74 74 137 137 129 129 74 74 98 98 134 134 135 135 90 90 88 88 134 134 137 137 74 74 129 129 75 75 74 74 134 134 98 98 96 96 131 131 138 138 139 139 126 126 139 139 140 140 140 140 135 135 126 126 139 139 126 126 131 131 141 141 142 142 143 143 144 144 145 145 146 146 143 143 147 147 141 141 139 139 138 138 141 141 146 146 139 139 144 144 147 147 148 148 144 144 141 141 147 147 139 139 144 144 139 139 147 147 146 146 140 140 139 139 143 143 149 149 147 147 135 135 140 140 146 146 130 130 146 146 145 145 145 145 136 136 130 130 146 146 130 130 135 135 136 136 145 145 144 144 133 133 144 144 148 148 148 148 134 134 133 133 144 144 133 133 136 136 134 134 148 148 147 147 137 137 147 147 149 149 149 149 129 129 137 137 147 147 137 137 134 134 129 129 149 149 143 143 127 127 143 143 142 142 142 142 128 128 127 127 143 143 127 127 129 129 128 128 142 142 141 141 132 132 141 141 138 138 138 138 131 131 132 132 141 141 132 132 128 128 150 150 151 151 152 152 152 152 153 153 150 150 153 153 154 154 150 150 154 154 155 155 150 150 155 155 156 156 150 150 156 156 157 157 150 150 157 157 158 158 150 150 158 158 159 159 150 150 159 159 160 160 150 150 160 160 161 161 150 150 161 161 162 162 150 150 162 162 163 163 150 150 163 163 164 164 150 150 164 164 165 165 150 150 165 165 151 151 150 150 166 166 161 161 160 160 167 167 160 160 159 159 168 168 159 159 158 158 158 158 157 157 169 169 157 157 170 170 169 169 170 170 157 157 156 156 171 171 156 156 155 155 172 172 155 155 154 154 173 173 154 154 153 153 174 174 153 153 152 152 175 175 152 152 151 151 176 176 177 177 165 165 177 177 151 151 165 165 176 176 164 164 163 163 178 178 163 163 162 162 179 179 162 162 161 161 161 161 166 166 179 179 162 162 179 179 178 178 163 163 178 178 176 176 165 165 164 164 176 176 151 151 177 177 175 175 152 152 175 175 174 174 153 153 174 174 173 173 154 154 173 173 172 172 155 155 172 172 171 171 156 156 171 171 170 170 169 169 180 180 158 158 158 158 180 180 168 168 159 159 168 168 167 167 160 160 167 167 166 166 173 173 181 181 182 182 172 172 182 182 183 183 171 171 183 183 184 184 184 184 185 185 169 169 186 186 180 180 169 169 169 169 185 185 186 186 180 180 186 186 187 187 168 168 187 187 188 188 188 188 189 189 166 166 189 189 179 179 166 166 179 179 189 189 190 190 178 178 190 190 191 191 176 176 191 191 192 192 177 177 192 192 193 193 175 175 193 193 194 194 174 174 194 194 181 181 181 181 173 173 174 174 194 194 174 174 175 175 193 193 175 175 177 177 192 192 177 177 176 176 191 191 176 176 178 178 190 190 178 178 179 179 166 166 167 167 188 188 188 188 167 167 168 168 187 187 168 168 180 180 169 169 170 170 184 184 184 184 170 170 171 171 183 183 171 171 172 172 182 182 172 172 173 173 195 195 185 185 184 184 195 195 196 196 186 186 197 197 184 184 183 183 186 186 185 185 195 195 184 184 197 197 195 195 198 198 187 187 186 186 199 199 190 190 189 189 200 200 191 191 190 190 201 201 194 194 193 193 202 202 181 181 194 194 203 203 183 183 182 182 186 186 196 196 198 198 190 190 199 199 200 200 204 204 192 192 191 191 205 205 193 193 192 192 194 194 201 201 202 202 206 206 182 182 181 181 183 183 203 203 197 197 207 207 188 188 187 187 207 207 208 208 189 189 191 191 200 200 204 204 193 193 205 205 201 201 182 182 206 206 203 203 189 189 188 188 207 207 192 192 204 204 205 205 187 187 198 198 207 207 181 181 202 202 206 206 189 189 208 208 199 199 202 202 209 209 210 210 206 206 210 210 211 211 203 203 211 211 212 212 196 196 195 195 213 213 212 212 213 213 195 195 195 195 197 197 212 212 196 196 214 214 215 215 198 198 215 215 216 216 207 207 216 216 217 217 208 208 217 217 218 218 199 199 218 218 219 219 200 200 219 219 220 220 204 204 220 220 221 221 205 205 221 221 222 222 201 201 222 222 209 209 209 209 202 202 201 201 222 222 201 201 205 205 221 221 205 205 204 204 220 220 204 204 200 200 219 219 200 200 199 199 218 218 199 199 208 208 217 217 208 208 207 207 216 216 207 207 198 198 215 215 198 198 196 196 213 213 214 214 196 196 212 212 197 197 203 203 211 211 203 203 206 206 210 210 206 206 202 202 223 223 224 224 225 225 226 226 225 225 227 227 228 228 227 227 229 229 230 230 231 231 232 232 231 231 229 229 232 232 230 230 233 233 234 234 235 235 234 234 236 236 237 237 236 236 238 238 239 239 238 238 240 240 241 241 240 240 242 242 243 243 242 242 244 244 245 245 244 244 246 246 247 247 246 246 248 248 249 249 248 248 224 224 250 250 223 223 226 226 251 251 226 226 228 228 252 252 228 228 231 231 253 253 231 231 230 230 254 254 230 230 235 235 255 255 235 235 237 237 256 256 237 237 239 239 257 257 239 239 241 241 258 258 241 241 243 243 259 259 243 243 245 245 260 260 245 245 247 247 261 261 247 247 249 249 262 262 249 249 223 223 263 263 250 250 251 251 264 264 251 251 252 252 265 265 252 252 253 253 266 266 253 253 254 254 267 267 254 254 255 255 268 268 255 255 256 256 269 269 256 256 257 257 270 270 257 257 258 258 271 271 258 258 259 259 272 272 259 259 260 260 273 273 260 260 261 261 274 274 261 261 262 262 275 275 262 262 250 250 209 209 263 263 264 264 210 210 264 264 265 265 211 211 265 265 266 266 267 267 214 214 213 213 213 213 266 266 267 267 214 214 267 267 268 268 215 215 268 268 269 269 216 216 269 269 270 270 217 217 270 270 271 271 218 218 271 271 272 272 219 219 272 272 273 273 220 220 273 273 274 274 221 221 274 274 275 275 222 222 275 275 263 263 263 263 209 209 222 222 275 275 222 222 221 221 274 274 221 221 220 220 273 273 220 220 219 219 272 272 219 219 218 218 271 271 218 218 217 217 270 270 217 217 216 216 269 269 216 216 215 215 268 268 215 215 214 214 213 213 212 212 266 266 266 266 212 212 211 211 265 265 211 211 210 210 264 264 210 210 209 209 250 250 263 263 275 275 262 262 275 275 274 274 261 261 274 274 273 273 260 260 273 273 272 272 259 259 272 272 271 271 258 258 271 271 270 270 257 257 270 270 269 269 256 256 269 269 268 268 255 255 268 268 267 267 254 254 267 267 266 266 253 253 266 266 265 265 252 252 265 265 264 264 251 251 264 264 263 263 223 223 250 250 262 262 249 249 262 262 261 261 247 247 261 261 260 260 245 245 260 260 259 259 243 243 259 259 258 258 241 241 258 258 257 257 239 239 257 257 256 256 237 237 256 256 255 255 235 235 255 255 254 254 230 230 254 254 253 253 231 231 253 253 252 252 228 228 252 252 251 251 226 226 251 251 250 250 224 224 223 223 249 249 248 248 249 249 247 247 246 246 247 247 245 245 244 244 245 245 243 243 242 242 243 243 241 241 240 240 241 241 239 239 238 238 239 239 237 237 236 236 237 237 235 235 234 234 235 235 230 230 232 232 233 233 230 230 229 229 231 231 228 228 227 227 228 228 226 226 225 225 226 226 223 223 276 276 238 238 236 236 277 277 278 278 229 229 227 227 225 225 279 279 280 280 242 242 240 240 236 236 281 281 276 276 233 233 232 232 278 278 282 282 281 281 234 234 279 279 277 277 227 227 246 246 283 283 284 284 283 283 246 246 244 244 240 240 285 285 280 280 236 236 234 234 281 281 234 234 233 233 282 282 278 278 232 232 229 229 244 244 286 286 283 283 280 280 286 286 242 242 276 276 285 285 238 238 229 229 227 227 277 277 286 286 244 244 242 242 278 278 282 282 233 233 224 224 287 287 279 279 224 224 248 248 284 284 285 285 240 240 238 238 284 284 287 287 224 224 279 279 225 225 224 224 284 284 248 248 246 246 281 281 288 288 289 289 276 276 289 289 290 290 290 290 285 285 276 276 289 289 276 276 281 281 291 291 292 292 293 293 294 294 295 295 296 296 293 293 297 297 291 291 289 289 288 288 291 291 296 296 289 289 294 294 297 297 298 298 294 294 291 291 297 297 289 289 294 294 289 289 297 297 296 296 290 290 289 289 293 293 299 299 297 297 285 285 290 290 296 296 280 280 296 296 295 295 295 295 286 286 280 280 296 296 280 280 285 285 286 286 295 295 294 294 283 283 294 294 298 298 298 298 284 284 283 283 294 294 283 283 286 286 284 284 298 298 297 297 287 287 297 297 299 299 299 299 279 279 287 287 297 297 287 287 284 284 279 279 299 299 293 293 277 277 293 293 292 292 292 292 278 278 277 277 293 293 277 277 279 279 278 278 292 292 291 291 282 282 291 291 288 288 288 288 281 281 282 282 291 291 282 282 278 278 300 300 301 301 302 302 303 303 304 304 305 305 300 300 306 306 301 301 303 303 307 307 304 304 307 307 308 308 309 309 307 307 303 303 310 310 305 305 300 300 303 303 310 310 308 308 307 307 309 309 311 311 307 307 302 302 303 303 300 300 312 312 309 309 313 313 313 313 314 314 312 312 312 312 311 311 309 309 304 304 307 307 315 315 305 305 304 304 316 316 300 300 305 305 317 317 306 306 300 300 318 318 301 301 306 306 319 319 302 302 301 301 320 320 303 303 302 302 321 321 303 303 322 322 323 323 323 323 310 310 303 303 308 308 310 310 324 324 315 315 311 311 312 312 315 315 307 307 311 311 325 325 312 312 314 314 326 326 327 327 314 314 328 328 326 326 313 313 313 313 309 309 328 328 309 309 308 308 328 328 314 314 313 313 326 326 314 314 327 327 325 325 312 312 325 325 315 315 324 324 328 328 308 308 323 323 324 324 310 310 321 321 322 322 303 303 320 320 321 321 302 302 319 319 320 320 301 301 318 318 319 319 306 306 317 317 318 318 300 300 316 316 317 317 305 305 315 315 316 316 304 304 329 329 330 330 331 331 329 329 332 332 330 330 329 329 333 333 332 332 315 315 334 334 335 335 336 336 337 337 327 327 331 331 326 326 329 329 315 315 338 338 334 334 325 325 337 337 339 339 337 337 325 325 327 327 331 331 340 340 326 326 333 333 329 329 341 341 335 335 316 316 315 315 342 342 343 343 324 324 344 344 338 338 345 345 327 327 326 326 336 336 341 341 346 346 333 333 338 338 315 315 325 325 335 335 347 347 316 316 348 348 349 349 350 350 351 351 342 342 322 322 321 321 352 352 353 353 324 324 323 323 342 342 348 348 354 354 344 344 348 348 355 355 356 356 340 340 336 336 326 326 347 347 357 357 316 316 341 341 350 350 358 358 350 350 359 359 348 348 360 360 361 361 362 362 360 360 363 363 364 364 365 365 366 366 367 367 366 366 317 317 316 316 353 353 351 351 321 321 343 343 328 328 324 324 326 326 368 368 369 369 326 326 328 328 343 343 356 356 354 354 348 348 355 355 370 370 371 371 370 370 372 372 373 373 325 325 345 345 338 338 358 358 374 374 341 341 359 359 355 355 348 348 364 364 361 361 360 360 316 316 367 367 366 366 321 321 320 320 375 375 323 323 322 322 342 342 343 343 368 368 326 326 371 371 356 356 355 355 370 370 355 355 372 372 339 339 345 345 325 325 349 349 358 358 350 350 364 364 363 363 376 376 367 367 360 360 365 365 366 366 375 375 319 319 375 375 352 352 321 321 369 369 329 329 326 326 373 373 376 376 370 370 374 374 346 346 341 341 362 362 365 365 360 360 319 319 318 318 366 366 322 322 321 321 351 351 357 357 367 367 316 316 318 318 317 317 366 366 345 345 348 348 344 344 320 320 319 319 375 375 376 376 373 373 364 364 343 343 377 377 378 378 378 378 368 368 343 343 369 369 379 379 380 380 369 369 368 368 381 381 368 368 382 382 381 381 381 381 379 379 369 369 329 329 383 383 384 384 329 329 369 369 385 385 385 385 383 383 329 329 341 341 329 329 386 386 386 386 387 387 341 341 387 387 388 388 341 341 384 384 386 386 329 329 380 380 385 385 369 369 378 378 382 382 368 368 389 389 377 377 343 343 343 343 342 342 389 389 375 375 390 390 391 391 352 352 392 392 393 393 352 352 391 391 394 394 394 394 392 392 352 352 353 353 395 395 396 396 353 353 393 393 395 395 351 351 396 396 389 389 389 389 342 342 351 351 396 396 351 351 353 353 393 393 353 353 352 352 391 391 352 352 375 375 389 389 397 397 398 398 399 399 400 400 398 398 398 398 397 397 399 399 400 400 399 399 401 401 401 401 402 402 400 400 401 401 403 403 402 402 398 398 377 377 389 389 404 404 405 405 406 406 405 405 407 407 406 406 400 400 402 402 408 408 408 408 409 409 400 400 385 385 410 410 411 411 411 411 383 383 385 385 398 398 412 412 378 378 412 412 382 382 378 378 412 412 381 381 382 382 413 413 405 405 414 414 405 405 404 404 415 415 415 415 414 414 405 405 405 405 413 413 416 416 413 413 417 417 416 416 409 409 418 418 404 404 418 418 408 408 419 419 419 419 404 404 418 418 412 412 398 398 400 400 381 381 412 412 410 410 412 412 409 409 420 420 421 421 387 387 386 386 386 386 422 422 421 421 410 410 420 420 406 406 422 422 384 384 383 383 411 411 406 406 407 407 422 422 407 407 416 416 387 387 421 421 423 423 421 421 416 416 417 417 417 417 423 423 421 421 423 423 388 388 387 387 416 416 421 421 422 422 407 407 422 422 411 411 383 383 411 411 422 422 406 406 411 411 410 410 386 386 384 384 422 422 420 420 410 410 412 412 410 410 380 380 381 381 380 380 379 379 381 381 400 400 409 409 412 412 419 419 415 415 404 404 404 404 420 420 409 409 416 416 407 407 405 405 414 414 424 424 413 413 378 378 377 377 398 398 385 385 380 380 410 410 408 408 418 418 409 409 406 406 420 420 404 404 413 413 424 424 425 425 417 417 413 413 426 426 423 423 417 417 427 427 388 388 423 423 428 428 428 428 429 429 388 388 427 427 428 428 423 423 426 426 427 427 417 417 425 425 426 426 413 413 430 430 431 431 432 432 433 433 434 434 435 435 436 436 395 395 393 393 393 393 437 437 436 436 438 438 439 439 391 391 439 439 394 394 391 391 432 432 440 440 441 441 430 430 442 442 401 401 401 401 442 442 443 443 442 442 441 441 443 443 444 444 440 440 445 445 445 445 435 435 444 444 433 433 445 445 432 432 446 446 447 447 448 448 439 439 449 449 392 392 449 449 393 393 392 392 439 439 438 438 447 447 449 449 439 439 446 446 437 437 446 446 450 450 450 450 448 448 434 434 451 451 450 450 433 433 397 397 389 389 396 396 431 431 430 430 436 436 430 430 452 452 436 436 436 436 437 437 451 451 395 395 436 436 452 452 452 452 430 430 399 399 399 399 397 397 452 452 452 452 396 396 395 395 436 436 451 451 431 431 396 396 452 452 397 397 433 433 431 431 451 451 434 434 433 433 450 450 450 450 451 451 437 437 446 446 437 437 449 449 447 447 446 446 439 439 392 392 394 394 439 439 448 448 450 450 446 446 432 432 431 431 433 433 440 440 432 432 445 445 443 443 403 403 401 401 401 401 399 399 430 430 441 441 442 442 432 432 391 391 390 390 438 438 393 393 449 449 437 437 435 435 445 445 433 433 432 432 442 442 430 430 435 435 453 453 454 454 434 434 455 455 453 453 455 455 434 434 448 448 448 448 456 456 455 455 456 456 447 447 438 438 438 438 457 457 456 456 438 438 390 390 457 457 448 448 447 447 456 456 453 453 435 435 434 434 454 454 444 444 435 435 355 355 359 359 458 458 359 359 350 350 459 459 459 459 460 460 359 359 460 460 458 458 359 359 458 458 461 461 355 355 372 372 462 462 463 463 372 372 355 355 461 461 461 461 462 462 372 372 372 372 464 464 465 465 372 372 466 466 467 467 467 467 464 464 372 372 465 465 373 373 372 372 463 463 466 466 372 372 362 362 468 468 469 469 365 365 470 470 471 471 365 365 469 469 470 470 471 471 366 366 365 365 469 469 365 365 362 362 361 361 472 472 473 473 361 361 364 364 474 474 474 474 472 472 361 361 361 361 475 475 468 468 361 361 476 476 477 477 477 477 475 475 361 361 468 468 362 362 361 361 473 473 476 476 361 361 478 478 479 479 480 480 478 478 481 481 479 479 482 482 483 483 481 481 482 482 484 484 483 483 485 485 484 484 482 482 460 460 485 485 486 486 478 478 487 487 488 488 488 488 489 489 478 478 482 482 478 478 490 490 490 490 491 491 482 482 482 482 492 492 463 463 492 492 466 466 463 463 486 486 462 462 461 461 486 486 463 463 462 462 461 461 458 458 486 486 463 463 486 486 482 482 491 491 492 492 482 482 489 489 490 490 478 478 486 486 458 458 460 460 482 482 486 486 485 485 481 481 478 478 482 482 480 480 487 487 478 478 493 493 491 491 490 490 493 493 492 492 491 491 494 494 489 489 488 488 494 494 490 490 489 489 495 495 496 496 465 465 465 465 464 464 495 495 493 493 495 495 467 467 467 467 492 492 493 493 467 467 466 466 492 492 464 464 467 467 495 495 488 488 497 497 494 494 490 490 494 494 493 493 498 498 499 499 481 481 499 499 479 479 481 481 484 484 485 485 500 500 498 498 483 483 484 484 501 501 498 498 500 500 502 502 499 499 498 498 502 502 503 503 504 504 499 499 504 504 480 480 480 480 479 479 499 499 504 504 499 499 502 502 498 498 501 501 502 502 500 500 505 505 501 501 505 505 500 500 460 460 460 460 500 500 485 485 500 500 498 498 484 484 481 481 483 483 498 498 506 506 497 497 488 488 488 488 487 487 506 506 487 487 480 480 506 506 494 494 497 497 507 507 508 508 507 507 509 509 493 493 494 494 508 508 510 510 508 508 511 511 495 495 493 493 510 510 512 512 510 510 513 513 496 496 512 512 514 514 496 496 495 495 512 512 513 513 514 514 512 512 510 510 512 512 495 495 511 511 513 513 510 510 508 508 510 510 493 493 509 509 511 511 508 508 507 507 508 508 494 494 364 364 515 515 516 516 373 373 465 465 496 496 364 364 517 517 515 515 364 364 373 373 518 518 496 496 519 519 373 373 518 518 517 517 364 364 519 519 520 520 373 373 520 520 518 518 373 373 516 516 474 474 364 364 509 509 521 521 522 522 511 511 522 522 523 523 513 513 523 523 524 524 514 514 524 524 519 519 519 519 496 496 514 514 524 524 514 514 513 513 523 523 513 513 511 511 522 522 511 511 509 509 525 525 509 509 507 507 497 497 506 506 526 526 526 526 507 507 497 497 507 507 526 526 525 525 503 503 527 527 528 528 504 504 528 528 506 506 506 506 480 480 504 504 528 528 504 504 503 503 529 529 530 530 503 503 531 531 529 529 502 502 532 532 531 531 501 501 505 505 460 460 459 459 459 459 532 532 505 505 501 501 505 505 532 532 502 502 501 501 531 531 503 503 502 502 529 529 533 533 534 534 530 530 535 535 533 533 529 529 536 536 535 535 531 531 537 537 536 536 532 532 532 532 459 459 537 537 531 531 532 532 536 536 529 529 531 531 535 535 530 530 529 529 533 533 522 522 521 521 538 538 539 539 538 538 540 540 541 541 540 540 542 542 543 543 542 542 544 544 523 523 522 522 539 539 545 545 539 539 541 541 546 546 541 541 543 543 547 547 543 543 548 548 524 524 523 523 545 545 549 549 545 545 546 546 550 550 546 546 547 547 551 551 547 547 552 552 519 519 524 524 549 549 520 520 549 549 550 550 518 518 550 550 551 551 517 517 551 551 553 553 553 553 515 515 517 517 551 551 517 517 518 518 550 550 518 518 520 520 549 549 520 520 519 519 552 552 553 553 551 551 547 547 551 551 550 550 546 546 550 550 549 549 545 545 549 549 524 524 548 548 552 552 547 547 543 543 547 547 546 546 541 541 546 546 545 545 539 539 545 545 523 523 544 544 548 548 543 543 542 542 543 543 541 541 540 540 541 541 539 539 538 538 539 539 522 522 521 521 509 509 525 525 525 525 554 554 521 521 506 506 528 528 555 555 556 556 555 555 528 528 528 528 527 527 556 556 555 555 526 526 506 506 525 525 555 555 556 556 525 525 526 526 555 555 556 556 557 557 558 558 558 558 525 525 556 556 559 559 557 557 556 556 556 556 527 527 559 559 558 558 554 554 525 525 560 560 561 561 562 562 563 563 564 564 565 565 565 565 560 560 563 563 564 564 566 566 565 565 567 567 568 568 569 569 559 559 570 570 563 563 563 563 570 570 571 571 571 571 572 572 564 564 571 571 564 564 563 563 573 573 564 564 572 572 567 567 573 573 574 574 573 573 575 575 574 574 574 574 576 576 567 567 557 557 563 563 562 562 562 562 577 577 578 578 562 562 561 561 577 577 578 578 558 558 562 562 564 564 573 573 579 579 579 579 573 573 569 569 569 569 580 580 579 579 568 568 581 581 582 582 582 582 569 569 568 568 582 582 580 580 569 569 579 579 566 566 564 564 578 578 554 554 558 558 562 562 558 558 557 557 572 572 575 575 573 573 563 563 557 557 559 559 569 569 573 573 567 567 562 562 563 563 560 560 540 540 560 560 565 565 540 540 561 561 560 560 540 540 538 538 577 577 577 577 561 561 540 540 540 540 580 580 582 582 540 540 566 566 579 579 579 579 580 580 540 540 542 542 582 582 581 581 538 538 521 521 554 554 554 554 578 578 538 538 578 578 577 577 538 538 581 581 544 544 542 542 582 582 542 542 540 540 565 565 566 566 540 540 544 544 581 581 583 583 583 583 584 584 544 544 585 585 583 583 568 568 583 583 581 581 568 568 576 576 586 586 585 585 585 585 567 567 576 576 568 568 567 567 585 585 544 544 584 584 587 587 548 548 587 587 588 588 552 552 588 588 589 589 553 553 589 589 516 516 516 516 515 515 553 553 589 589 553 553 552 552 588 588 552 552 548 548 587 587 548 548 544 544 587 587 584 584 590 590 591 591 590 590 592 592 588 588 587 587 591 591 593 593 591 591 594 594 589 589 588 588 593 593 595 595 593 593 596 596 516 516 595 595 597 597 516 516 589 589 595 595 596 596 597 597 595 595 593 593 595 595 589 589 594 594 596 596 593 593 591 591 593 593 588 588 592 592 594 594 591 591 590 590 591 591 587 587 594 594 592 592 598 598 598 598 599 599 594 594 596 596 594 594 600 600 600 600 601 601 596 596 596 596 602 602 473 473 602 602 476 476 473 473 597 597 472 472 474 474 597 597 473 473 472 472 474 474 516 516 597 597 473 473 597 597 596 596 601 601 602 602 596 596 599 599 600 600 594 594 583 583 603 603 590 590 592 592 590 590 603 603 603 603 604 604 592 592 590 590 584 584 583 583 605 605 606 606 607 607 607 607 608 608 605 605 609 609 605 605 610 610 610 610 611 611 609 609 612 612 609 609 613 613 469 469 612 612 614 614 609 609 601 601 600 600 609 609 602 602 601 601 605 605 599 599 598 598 605 605 600 600 599 599 612 612 469 469 468 468 468 468 475 475 612 612 609 609 612 612 477 477 477 477 602 602 609 609 477 477 476 476 602 602 475 475 477 477 612 612 598 598 606 606 605 605 600 600 605 605 609 609 614 614 470 470 469 469 613 613 614 614 612 612 611 611 613 613 609 609 608 608 610 610 605 605 604 604 606 606 598 598 604 604 607 607 606 606 598 598 592 592 604 604 586 586 615 615 616 616 617 617 616 616 607 607 607 607 604 604 617 617 616 616 617 617 586 586 585 585 586 586 617 617 604 604 603 603 618 618 618 618 617 617 604 604 617 617 618 618 585 585 583 583 618 618 603 603 583 583 585 585 618 618 619 619 620 620 621 621 620 620 622 622 623 623 613 613 621 621 623 623 623 623 614 614 613 613 621 621 611 611 610 610 610 610 624 624 621 621 624 624 608 608 607 607 619 619 624 624 616 616 616 616 615 615 619 619 607 607 616 616 624 624 610 610 608 608 624 624 613 613 611 611 621 621 614 614 623 623 470 470 470 470 623 623 622 622 623 623 621 621 620 620 621 621 624 624 619 619 625 625 619 619 615 615 626 626 620 620 619 619 627 627 622 622 620 620 622 622 627 627 471 471 471 471 470 470 622 622 620 620 626 626 627 627 619 619 625 625 626 626 615 615 628 628 625 625 628 628 615 615 586 586 576 576 629 629 628 628 530 530 559 559 527 527 586 586 576 576 628 628 527 527 503 503 530 530 576 576 574 574 629 629 534 534 570 570 559 559 534 534 629 629 572 572 574 574 575 575 629 629 534 534 571 571 570 570 575 575 572 572 629 629 572 572 571 571 534 534 530 530 534 534 559 559 630 630 631 631 632 632 633 633 634 634 631 631 635 635 636 636 634 634 637 637 638 638 636 636 639 639 630 630 640 640 641 641 633 633 630 630 642 642 635 635 633 633 643 643 637 637 635 635 644 644 639 639 645 645 645 645 646 646 644 644 647 647 641 641 639 639 648 648 642 642 641 641 649 649 643 643 642 642 533 533 644 644 650 650 535 535 647 647 644 644 536 536 648 648 647 647 537 537 649 649 648 648 648 648 536 536 537 537 647 647 535 535 536 536 644 644 533 533 535 535 650 650 534 534 533 533 642 642 648 648 649 649 641 641 647 647 648 648 639 639 644 644 647 647 646 646 650 650 644 644 635 635 642 642 643 643 633 633 641 641 642 642 630 630 639 639 641 641 640 640 645 645 639 639 636 636 635 635 637 637 634 634 633 633 635 635 631 631 630 630 633 633 632 632 640 640 630 630 350 350 649 649 537 537 350 350 341 341 637 637 637 637 643 643 350 350 341 341 388 388 429 429 429 429 651 651 341 341 651 651 638 638 341 341 638 638 637 637 341 341 643 643 649 649 350 350 537 537 459 459 350 350 652 652 625 625 628 628 653 653 626 626 625 625 654 654 627 627 626 626 655 655 471 471 627 627 627 627 654 654 655 655 626 626 653 653 654 654 625 625 652 652 653 653 628 628 629 629 652 652 632 632 656 656 657 657 658 658 659 659 646 646 646 646 645 645 658 658 640 640 657 657 658 658 650 650 659 659 660 660 660 660 534 534 650 650 660 660 629 629 534 534 650 650 646 646 659 659 645 645 640 640 658 658 657 657 640 640 632 632 638 638 651 651 661 661 636 636 661 661 662 662 634 634 662 662 663 663 663 663 664 664 632 632 632 632 631 631 663 663 663 663 631 631 634 634 662 662 634 634 636 636 661 661 636 636 638 638 665 665 666 666 667 667 668 668 665 665 669 669 670 670 668 668 671 671 429 429 670 670 672 672 672 672 651 651 429 429 671 671 672 672 670 670 669 669 671 671 668 668 667 667 669 669 665 665 652 652 629 629 660 660 653 653 652 652 673 673 654 654 653 653 674 674 655 655 654 654 675 675 673 673 659 659 658 658 673 673 660 660 659 659 676 676 674 674 673 673 677 677 675 675 674 674 678 678 675 675 677 677 679 679 658 658 657 657 680 680 676 676 679 679 681 681 677 677 676 676 682 682 677 677 681 681 683 683 657 657 656 656 680 680 683 683 684 684 681 681 680 680 685 685 686 686 681 681 687 687 687 687 688 688 686 686 685 685 687 687 681 681 684 684 685 685 680 680 656 656 684 684 683 683 681 681 686 686 682 682 676 676 680 680 681 681 679 679 683 683 680 680 657 657 683 683 679 679 677 677 682 682 678 678 674 674 676 676 677 677 673 673 679 679 676 676 658 658 679 679 673 673 675 675 678 678 655 655 674 674 675 675 654 654 673 673 674 674 653 653 660 660 673 673 652 652 375 375 689 689 457 457 375 375 688 688 689 689 375 375 686 686 688 688 366 366 682 682 686 686 366 366 678 678 682 682 366 366 471 471 655 655 655 655 678 678 366 366 686 686 375 375 366 366 457 457 390 390 375 375 688 688 687 687 690 690 687 687 685 685 691 691 685 685 684 684 692 692 692 692 684 684 656 656 656 656 693 693 692 692 692 692 691 691 685 685 691 691 690 690 687 687 690 690 689 689 688 688 694 694 695 695 696 696 697 697 694 694 698 698 699 699 697 697 700 700 689 689 699 699 701 701 701 701 457 457 689 689 700 700 701 701 699 699 698 698 700 700 697 697 696 696 698 698 694 694 666 666 665 665 702 702 665 665 668 668 703 703 668 668 670 670 704 704 427 427 703 703 704 704 426 426 702 702 703 703 705 705 702 702 426 426 426 426 425 425 705 705 703 703 427 427 426 426 704 704 428 428 427 427 428 428 704 704 429 429 429 429 704 704 670 670 704 704 703 703 668 668 703 703 702 702 665 665 702 702 705 705 666 666 706 706 666 666 705 705 707 707 705 705 425 425 425 425 708 708 707 707 705 705 707 707 706 706 664 664 663 663 709 709 663 663 662 662 710 710 662 662 661 661 711 711 671 671 710 710 711 711 669 669 709 709 710 710 669 669 667 667 712 712 712 712 709 709 669 669 710 710 671 671 669 669 711 711 672 672 671 671 672 672 711 711 651 651 651 651 711 711 661 661 711 711 710 710 662 662 710 710 709 709 663 663 709 709 712 712 664 664 706 706 713 713 667 667 667 667 666 666 706 706 714 714 664 664 712 712 715 715 712 712 667 667 667 667 713 713 715 715 712 712 715 715 714 714 716 716 717 717 718 718 713 713 706 706 719 719 719 719 717 717 713 713 719 719 718 718 717 717 718 718 720 720 716 716 721 721 720 720 718 718 706 706 707 707 721 721 722 722 721 721 707 707 707 707 708 708 722 722 721 721 719 719 706 706 720 720 721 721 722 722 718 718 719 719 721 721 722 722 723 723 724 724 724 724 720 720 722 722 725 725 723 723 722 722 722 722 708 708 725 725 724 724 726 726 720 720 727 727 714 714 715 715 713 713 717 717 728 728 728 728 715 715 713 713 715 715 728 728 727 727 716 716 728 728 717 717 716 716 727 727 728 728 726 726 729 729 716 716 716 716 720 720 726 726 730 730 731 731 732 732 733 733 734 734 730 730 730 730 735 735 733 733 736 736 737 737 738 738 725 725 739 739 735 735 735 735 739 739 740 740 740 740 733 733 735 735 741 741 742 742 743 743 733 733 740 740 741 741 736 736 743 743 742 742 742 742 744 744 736 736 723 723 735 735 732 732 724 724 732 732 745 745 732 732 731 731 745 745 733 733 743 743 746 746 746 746 743 743 738 738 738 738 747 747 746 746 737 737 748 748 747 747 747 747 738 738 737 737 746 746 734 734 733 733 745 745 726 726 724 724 732 732 724 724 723 723 743 743 733 733 741 741 735 735 723 723 725 725 738 738 743 743 736 736 732 732 735 735 730 730 725 725 424 424 414 414 414 414 415 415 725 725 424 424 725 725 708 708 725 725 408 408 402 402 708 708 425 425 424 424 725 725 419 419 408 408 744 744 742 742 403 403 444 444 454 454 749 749 744 744 441 441 440 440 402 402 739 739 725 725 403 403 443 443 744 744 440 440 444 444 744 744 402 402 740 740 739 739 403 403 741 741 740 740 749 749 744 744 444 444 740 740 402 402 403 403 443 443 441 441 744 744 742 742 741 741 403 403 415 415 419 419 725 725 453 453 455 455 750 750 455 455 456 456 751 751 700 700 750 750 751 751 698 698 752 752 750 750 696 696 753 753 752 752 753 753 454 454 453 453 453 453 752 752 753 753 752 752 698 698 696 696 750 750 700 700 698 698 751 751 701 701 700 700 701 701 751 751 457 457 457 457 751 751 456 456 751 751 750 750 455 455 750 750 752 752 453 453 727 727 716 716 754 754 716 716 729 729 754 754 755 755 714 714 727 727 727 727 756 756 755 755 754 754 756 756 727 727 747 747 748 748 757 757 746 746 747 747 758 758 759 759 734 734 746 746 758 758 759 759 746 746 760 760 731 731 730 730 731 731 760 760 761 761 761 761 745 745 731 731 734 734 762 762 763 763 763 763 764 764 734 734 764 764 760 760 734 734 745 745 765 765 729 729 745 745 761 761 765 765 729 729 726 726 745 745 730 730 734 734 760 760 759 759 762 762 734 734 757 757 758 758 747 747 766 766 767 767 737 737 767 767 748 748 737 737 744 744 749 749 766 766 766 766 736 736 744 744 737 737 736 736 766 766 696 696 768 768 769 769 753 753 769 769 749 749 749 749 454 454 753 753 769 769 753 753 696 696 770 770 771 771 772 772 756 756 770 770 773 773 770 770 774 774 773 773 773 773 755 755 756 756 775 775 776 776 777 777 777 777 776 776 778 778 778 778 772 772 771 771 778 778 771 771 777 777 770 770 764 764 763 763 764 764 770 770 779 779 779 779 760 760 764 764 763 763 771 771 770 770 780 780 781 781 758 758 759 759 758 758 781 781 771 771 762 762 759 759 759 759 777 777 771 771 782 782 777 777 781 781 779 779 754 754 765 765 765 765 761 761 779 779 754 754 729 729 765 765 756 756 754 754 779 779 779 779 770 770 756 756 761 761 760 760 779 779 781 781 780 780 782 782 781 781 777 777 759 759 758 758 757 757 780 780 763 763 762 762 771 771 777 777 782 782 775 775 772 772 774 774 770 770 632 632 664 664 714 714 714 714 755 755 632 632 656 656 775 775 783 783 755 755 773 773 632 632 656 656 776 776 775 775 656 656 632 632 772 772 773 773 774 774 632 632 656 656 778 778 776 776 774 774 772 772 632 632 772 772 778 778 656 656 783 783 693 693 656 656 694 694 697 697 784 784 697 697 699 699 785 785 691 691 784 784 785 785 692 692 786 786 784 784 693 693 787 787 786 786 694 694 786 786 787 787 787 787 695 695 694 694 786 786 692 692 693 693 784 784 691 691 692 692 785 785 690 690 691 691 690 690 785 785 689 689 689 689 785 785 699 699 785 785 784 784 697 697 784 784 786 786 694 694 768 768 696 696 695 695 695 695 788 788 768 768 748 748 767 767 789 789 789 789 757 757 748 748 790 790 791 791 792 792 766 766 749 749 769 769 768 768 791 791 790 790 790 790 769 769 768 768 769 769 790 790 766 766 792 792 767 767 790 790 767 767 766 766 790 790 793 793 782 782 780 780 780 780 789 789 793 793 775 775 782 782 793 793 793 793 783 783 775 775 780 780 757 757 789 789 789 789 767 767 792 792 788 788 794 794 791 791 794 794 792 792 791 791 791 791 768 768 788 788 792 792 794 794 789 789 693 693 783 783 795 795 787 787 795 795 788 788 788 788 695 695 787 787 795 795 787 787 693 693 788 788 795 795 796 796 793 793 796 796 795 795 795 795 783 783 793 793 796 796 794 794 788 788 789 789 796 796 793 793 789 789 794 794 796 796 797 797 798 798 374 374 799 799 797 797 358 358 800 800 799 799 349 349 801 801 800 800 348 348 802 802 331 331 330 330 330 330 803 803 802 802 804 804 803 803 332 332 805 805 804 804 333 333 798 798 805 805 346 346 331 331 802 802 806 806 806 806 340 340 331 331 340 340 807 807 808 808 808 808 809 809 337 337 339 339 337 337 809 809 345 345 339 339 810 810 339 339 811 811 810 810 810 810 801 801 345 345 809 809 811 811 339 339 337 337 336 336 808 808 808 808 336 336 340 340 806 806 807 807 340 340 346 346 374 374 798 798 333 333 346 346 805 805 332 332 333 333 804 804 330 330 332 332 803 803 348 348 345 345 801 801 349 349 348 348 800 800 358 358 349 349 799 799 374 374 358 358 797 797 803 803 805 805 798 798 803 803 797 797 799 799 803 803 804 804 805 805 801 801 810 810 806 806 798 798 797 797 803 803 806 806 802 802 801 801 799 799 800 800 803 803 800 800 801 801 803 803 802 802 803 803 801 801 806 806 810 810 812 812 812 812 810 810 811 811 812 812 809 809 808 808 808 808 807 807 812 812 811 811 809 809 812 812 812 812 807 807 806 806 371 371 813 813 814 814 371 371 815 815 813 813 356 356 816 816 817 817 356 356 818 818 816 816 356 356 814 814 818 818 354 354 819 819 820 820 354 354 817 817 819 819 344 344 821 821 822 822 344 344 820 820 821 821 334 334 822 822 823 823 823 823 335 335 334 334 334 334 338 338 822 822 347 347 335 335 824 824 824 824 825 825 347 347 357 357 347 347 826 826 826 826 827 827 357 357 367 367 357 357 828 828 828 828 829 829 367 367 360 360 367 367 830 830 830 830 831 831 360 360 363 363 360 360 832 832 832 832 833 833 363 363 363 363 834 834 835 835 835 835 376 376 363 363 376 376 836 836 837 837 376 376 838 838 836 836 376 376 839 839 838 838 370 370 840 840 815 815 370 370 837 837 840 840 815 815 371 371 370 370 837 837 370 370 376 376 835 835 839 839 376 376 833 833 834 834 363 363 831 831 832 832 360 360 829 829 830 830 367 367 827 827 828 828 357 357 825 825 826 826 347 347 823 823 824 824 335 335 822 822 338 338 344 344 820 820 344 344 354 354 817 817 354 354 356 356 814 814 356 356 371 371 831 831 816 816 841 841 841 841 832 832 831 831 841 841 813 813 815 815 841 841 818 818 814 814 816 816 829 829 828 828 831 831 830 830 816 816 814 814 813 813 841 841 830 830 829 829 816 816 841 841 816 816 818 818 815 815 840 840 841 841 828 828 827 827 816 816 816 816 827 827 842 842 842 842 827 827 826 826 826 826 825 825 842 842 825 825 824 824 842 842 842 842 821 821 820 820 842 842 822 822 821 821 820 820 819 819 842 842 842 842 823 823 822 822 819 819 817 817 842 842 824 824 823 823 842 842 842 842 817 817 816 816 841 841 834 834 833 833 841 841 835 835 834 834 841 841 839 839 835 835 841 841 836 836 838 838 841 841 837 837 836 836 841 841 840 840 837 837 838 838 839 839 841 841 833 833 832 832 841 841 843 843 844 844 845 845 843 843 846 846 847 847 843 843 848 848 846 846 847 847 844 844 843 843 843 843 849 849 850 850 843 843 851 851 849 849 850 850 852 852 843 843 843 843 853 853 854 854 843 843 855 855 853 853 843 843 856 856 857 857 857 857 855 855 843 843 843 843 852 852 856 856 843 843 858 858 859 859 859 859 860 860 843 843 860 860 861 861 843 843 861 861 848 848 843 843 854 854 858 858 843 843 845 845 851 851 843 843 862 862 863 863 848 848 848 848 861 861 862 862 864 864 862 862 860 860 865 865 864 864 859 859 866 866 865 865 858 858 867 867 866 866 854 854 868 868 867 867 853 853 853 853 855 855 868 868 868 868 856 856 852 852 868 868 857 857 856 856 869 869 852 852 850 850 870 870 850 850 849 849 871 871 849 849 851 851 872 872 851 851 845 845 873 873 844 844 847 847 873 873 845 845 844 844 874 874 847 847 846 846 846 846 863 863 874 874 846 846 848 848 863 863 847 847 874 874 873 873 845 845 873 873 872 872 851 851 872 872 871 871 849 849 871 871 870 870 850 850 870 870 869 869 852 852 869 869 868 868 855 855 857 857 868 868 854 854 853 853 867 867 858 858 854 854 866 866 859 859 858 858 865 865 860 860 859 859 864 864 861 861 860 860 862 862 875 875 876 876 863 863 876 876 877 877 874 874 878 878 867 867 868 868 879 879 866 866 867 867 874 874 863 863 876 876 877 877 880 880 873 873 881 881 882 882 871 871 883 883 870 870 871 871 884 884 869 869 870 870 884 884 885 885 868 868 867 867 878 878 879 879 879 879 886 886 865 865 886 886 887 887 864 864 887 887 875 875 862 862 873 873 874 874 877 877 880 880 881 881 872 872 871 871 882 882 883 883 868 868 869 869 884 884 865 865 866 866 879 879 862 862 864 864 887 887 872 872 873 873 880 880 870 870 883 883 884 884 864 864 865 865 886 886 871 871 872 872 881 881 863 863 862 862 875 875 868 868 885 885 878 878 875 875 888 888 889 889 875 875 890 890 888 888 876 876 889 889 891 891 891 891 877 877 876 876 880 880 877 877 892 892 892 892 893 893 880 880 881 881 880 880 894 894 895 895 896 896 894 894 894 894 880 880 895 895 881 881 897 897 898 898 899 899 883 883 900 900 882 882 898 898 900 900 900 900 883 883 882 882 884 884 883 883 899 899 885 885 884 884 901 901 901 901 902 902 885 885 885 885 903 903 904 904 885 885 905 905 903 903 878 878 904 904 906 906 886 886 879 879 907 907 906 906 908 908 907 907 907 907 879 879 906 906 886 886 909 909 910 910 890 890 875 875 911 911 887 887 910 910 911 911 911 911 875 875 887 887 911 911 912 912 890 890 910 910 887 887 886 886 907 907 909 909 886 886 906 906 879 879 878 878 904 904 878 878 885 885 902 902 905 905 885 885 899 899 901 901 884 884 900 900 913 913 899 899 898 898 882 882 881 881 894 894 897 897 881 881 893 893 895 895 880 880 891 891 892 892 877 877 889 889 876 876 875 875 914 914 915 915 916 916 917 917 916 916 918 918 919 919 918 918 912 912 912 912 911 911 919 919 918 918 919 919 917 917 916 916 917 917 914 914 915 915 914 914 920 920 920 920 921 921 915 915 922 922 923 923 924 924 925 925 922 922 926 926 927 927 925 925 928 928 920 920 927 927 929 929 929 929 930 930 920 920 930 930 921 921 920 920 928 928 929 929 927 927 926 926 928 928 925 925 924 924 926 926 922 922 931 931 894 894 896 896 932 932 931 931 933 933 934 934 932 932 935 935 935 935 936 936 934 934 933 933 935 935 932 932 896 896 933 933 931 931 936 936 937 937 938 938 938 938 934 934 936 936 938 938 939 939 940 940 938 938 937 937 939 939 941 941 940 940 942 942 943 943 942 942 944 944 945 945 944 944 946 946 946 946 947 947 945 945 944 944 945 945 943 943 942 942 943 943 941 941 940 940 941 941 938 938 948 948 930 930 949 949 949 949 930 930 929 929 949 949 928 928 926 926 926 926 924 924 949 949 929 929 928 928 949 949 948 948 921 921 930 930 948 948 918 918 916 916 948 948 912 912 918 918 916 916 915 915 948 948 915 915 921 921 948 948 948 948 890 890 912 912 950 950 888 888 890 890 950 950 889 889 888 888 890 890 948 948 950 950 950 950 951 951 891 891 891 891 889 889 950 950 951 951 952 952 895 895 895 895 893 893 951 951 952 952 936 936 935 935 935 935 933 933 952 952 952 952 937 937 936 936 953 953 946 946 944 944 953 953 942 942 940 940 940 940 939 939 953 953 952 952 946 946 953 953 953 953 939 939 952 952 944 944 942 942 953 953 939 939 937 937 952 952 933 933 896 896 952 952 896 896 895 895 952 952 893 893 892 892 951 951 892 892 891 891 951 951 949 949 924 924 948 948 954 954 955 955 951 951 951 951 950 950 954 954 956 956 954 954 950 950 957 957 956 956 923 923 948 948 924 924 923 923 923 923 956 956 948 948 923 923 958 958 957 957 950 950 948 948 956 956 959 959 952 952 951 951 952 952 959 959 947 947 960 960 961 961 947 947 947 947 959 959 960 960 947 947 946 946 952 952 951 951 955 955 959 959 907 907 908 908 962 962 963 963 962 962 964 964 965 965 964 964 966 966 966 966 967 967 965 965 964 964 965 965 963 963 962 962 963 963 907 907 909 909 968 968 920 920 909 909 965 965 967 967 917 917 919 919 910 910 920 920 914 914 909 909 927 927 920 920 968 968 909 909 963 963 965 965 910 910 909 909 917 917 968 968 969 969 927 927 925 925 927 927 969 969 922 922 970 970 958 958 909 909 907 907 963 963 914 914 917 917 909 909 969 969 971 971 925 925 958 958 923 923 922 922 919 919 911 911 910 910 922 922 925 925 970 970 971 971 970 970 925 925 967 967 968 968 909 909 967 967 972 972 973 973 967 967 974 974 972 972 967 967 966 966 974 974 973 973 968 968 967 967 968 968 975 975 976 976 968 968 973 973 975 975 969 969 977 977 978 978 969 969 976 976 977 977 971 971 978 978 979 979 979 979 970 970 971 971 978 978 971 971 969 969 976 976 969 969 968 968 980 980 981 981 970 970 957 957 958 958 970 970 970 970 981 981 957 957 970 970 979 979 980 980 982 982 981 981 980 980 983 983 982 982 984 984 984 984 985 985 983 983 986 986 983 983 987 987 987 987 988 988 986 986 985 985 987 987 983 983 980 980 984 984 982 982 989 989 990 990 991 991 992 992 989 989 993 993 900 900 992 992 994 994 994 994 913 913 900 900 993 993 994 994 992 992 991 991 993 993 989 989 898 898 934 934 938 938 941 941 995 995 996 996 898 898 932 932 934 934 932 932 898 898 897 897 898 898 996 996 990 990 938 938 996 996 898 898 897 897 894 894 931 931 990 990 989 989 898 898 943 943 997 997 995 995 897 897 931 931 932 932 989 989 992 992 898 898 945 945 947 947 961 961 943 943 998 998 997 997 992 992 900 900 898 898 998 998 943 943 945 945 996 996 938 938 941 941 995 995 941 941 943 943 961 961 998 998 945 945 990 990 996 996 999 999 999 999 1000 1000 990 990 1000 1000 1001 1001 990 990 1001 1001 991 991 990 990 997 997 998 998 1002 1002 1002 1002 1003 1003 997 997 995 995 997 997 1004 1004 1004 1004 1005 1005 995 995 996 996 995 995 1006 1006 1006 1006 1007 1007 996 996 1007 1007 999 999 996 996 1005 1005 1006 1006 995 995 1003 1003 1004 1004 997 997 960 960 1008 1008 998 998 1009 1009 1002 1002 998 998 998 998 1008 1008 1009 1009 998 998 961 961 960 960 1010 1010 986 986 988 988 1011 1011 1010 1010 1012 1012 1013 1013 1011 1011 1014 1014 1014 1014 1015 1015 1013 1013 1012 1012 1014 1014 1011 1011 988 988 1012 1012 1010 1010 1016 1016 1012 1012 988 988 1016 1016 1014 1014 1012 1012 1016 1016 1015 1015 1014 1014 1017 1017 987 987 985 985 1017 1017 988 988 987 987 1018 1018 985 985 984 984 979 979 978 978 1018 1018 1017 1017 1018 1018 978 978 978 978 977 977 1017 1017 973 973 972 972 1016 1016 1017 1017 976 976 975 975 975 975 973 973 1017 1017 1019 1019 1016 1016 972 972 1020 1020 1021 1021 1015 1015 1015 1015 1019 1019 1020 1020 1015 1015 1016 1016 1019 1019 972 972 974 974 1019 1019 1016 1016 1017 1017 973 973 977 977 976 976 1017 1017 1018 1018 980 980 979 979 984 984 980 980 1018 1018 985 985 1018 1018 1017 1017 988 988 1017 1017 1016 1016 1022 1022 1023 1023 1024 1024 1025 1025 1026 1026 1027 1027 1025 1025 1024 1024 1026 1026 1028 1028 1027 1027 1009 1009 1009 1009 1008 1008 1028 1028 1027 1027 1028 1028 1025 1025 1024 1024 1025 1025 1022 1022 1029 1029 1030 1030 1031 1031 1032 1032 1031 1031 1033 1033 1034 1034 1033 1033 1023 1023 1023 1023 1022 1022 1034 1034 1033 1033 1034 1034 1032 1032 1031 1031 1032 1032 1029 1029 1035 1035 1001 1001 1000 1000 1036 1036 1037 1037 1000 1000 1000 1000 999 999 1036 1036 1036 1036 1005 1005 1004 1004 1036 1036 1006 1006 1005 1005 1036 1036 1007 1007 1006 1006 1002 1002 1009 1009 1038 1038 1038 1038 1004 1004 1003 1003 1038 1038 1009 1009 1027 1027 1036 1036 1038 1038 1026 1026 1026 1026 1024 1024 1036 1036 1037 1037 1036 1036 1023 1023 1023 1023 1033 1033 1037 1037 1033 1033 1031 1031 1037 1037 1039 1039 1035 1035 1030 1030 1035 1035 1037 1037 1030 1030 1030 1030 1040 1040 1039 1039 1031 1031 1030 1030 1037 1037 1024 1024 1023 1023 1036 1036 1027 1027 1026 1026 1038 1038 1038 1038 1003 1003 1002 1002 1004 1004 1038 1038 1036 1036 999 999 1007 1007 1036 1036 1000 1000 1037 1037 1035 1035 1039 1039 1040 1040 1041 1041 1042 1042 1041 1041 1043 1043 1044 1044 1045 1045 1046 1046 1045 1045 1044 1044 1047 1047 1048 1048 1047 1047 1049 1049 1050 1050 1051 1051 1052 1052 1053 1053 1054 1054 1051 1051 1054 1054 1055 1055 1056 1056 1054 1054 1057 1057 1058 1058 1058 1058 1055 1055 1054 1054 1054 1054 1053 1053 1057 1057 1056 1056 1059 1059 1054 1054 1051 1051 1050 1050 1053 1053 1052 1052 1049 1049 1050 1050 1049 1049 1052 1052 1048 1048 1047 1047 1048 1048 1045 1045 1046 1046 1043 1043 1044 1044 1043 1043 1046 1046 1042 1042 1041 1041 1042 1042 1039 1039 1060 1060 1061 1061 1054 1054 1061 1061 1062 1062 1052 1052 1048 1048 1052 1052 1062 1062 1048 1048 1063 1063 1064 1064 1065 1065 1046 1046 1045 1045 1066 1066 1039 1039 1042 1042 1042 1042 1065 1065 1066 1066 1042 1042 1046 1046 1065 1065 1045 1045 1064 1064 1065 1065 1064 1064 1045 1045 1048 1048 1062 1062 1063 1063 1048 1048 1052 1052 1051 1051 1061 1061 1051 1051 1054 1054 1061 1061 1054 1054 1059 1059 1060 1060 1035 1035 994 994 993 993 1035 1035 913 913 994 994 993 993 991 991 1035 1035 1035 1035 899 899 913 913 1035 1035 901 901 899 899 1066 1066 902 902 1035 1035 902 902 901 901 1035 1035 1066 1066 1067 1067 905 905 905 905 902 902 1066 1066 1067 1067 1020 1020 1019 1019 1019 1019 903 903 1067 1067 1019 1019 904 904 903 903 903 903 905 905 1067 1067 1019 1019 966 966 964 964 964 964 962 962 1019 1019 1019 1019 974 974 966 966 962 962 908 908 1019 1019 908 908 906 906 1019 1019 906 906 904 904 1019 1019 1035 1035 1039 1039 1066 1066 991 991 1001 1001 1035 1035 1067 1067 1066 1066 1065 1065 1068 1068 1065 1065 1064 1064 1069 1069 1070 1070 1063 1063 1064 1064 1063 1063 1070 1070 1070 1070 1071 1071 1064 1064 1069 1069 1062 1062 1061 1061 1072 1072 1061 1061 1060 1060 1060 1060 1073 1073 1072 1072 1061 1061 1072 1072 1069 1069 1063 1063 1062 1062 1069 1069 1064 1064 1071 1071 1068 1068 1065 1065 1068 1068 1067 1067 1073 1073 1074 1074 1075 1075 1072 1072 1076 1076 1077 1077 1078 1078 1070 1070 1069 1069 1078 1078 1079 1079 1071 1071 1068 1068 1071 1071 1079 1079 1067 1067 1068 1068 1080 1080 1080 1080 1020 1020 1067 1067 1068 1068 1081 1081 1080 1080 1079 1079 1081 1081 1068 1068 1071 1071 1070 1070 1078 1078 1069 1069 1077 1077 1078 1078 1077 1077 1069 1069 1072 1072 1072 1072 1075 1075 1076 1076 1075 1075 1072 1072 1073 1073 1082 1082 1083 1083 1075 1075 1083 1083 1084 1084 1076 1076 1084 1084 1085 1085 1077 1077 1079 1079 1078 1078 1085 1085 1081 1081 1079 1079 1086 1086 1080 1080 1081 1081 1087 1087 1020 1020 1080 1080 1088 1088 1088 1088 1021 1021 1020 1020 1087 1087 1088 1088 1080 1080 1086 1086 1087 1087 1081 1081 1085 1085 1086 1086 1079 1079 1085 1085 1078 1078 1077 1077 1077 1077 1076 1076 1084 1084 1076 1076 1075 1075 1083 1083 1075 1075 1074 1074 1082 1082 1060 1060 1089 1089 1090 1090 1089 1089 1091 1091 1092 1092 1092 1092 1090 1090 1089 1089 1092 1092 1091 1091 1093 1093 1093 1093 1094 1094 1092 1092 1090 1090 1073 1073 1060 1060 1095 1095 1096 1096 1097 1097 1098 1098 1097 1097 1099 1099 1100 1100 1095 1095 1098 1098 1101 1101 1098 1098 1102 1102 1103 1103 1102 1102 1104 1104 1104 1104 1105 1105 1103 1103 1102 1102 1106 1106 1104 1104 1103 1103 1107 1107 1108 1108 1108 1108 1109 1109 1103 1103 1103 1103 1109 1109 1110 1110 1110 1110 1101 1101 1103 1103 1101 1101 1111 1111 1112 1112 1112 1112 1100 1100 1101 1101 1100 1100 1113 1113 1114 1114 1095 1095 1100 1100 1115 1115 1100 1100 1116 1116 1115 1115 1096 1096 1095 1095 1117 1117 1095 1095 1118 1118 1117 1117 1099 1099 1093 1093 1091 1091 1102 1102 1056 1056 1119 1119 1102 1102 1099 1099 1056 1056 1099 1099 1089 1089 1059 1059 1089 1089 1060 1060 1059 1059 1059 1059 1056 1056 1099 1099 1119 1119 1106 1106 1102 1102 1091 1091 1089 1089 1099 1099 1093 1093 1096 1096 1120 1120 1117 1117 1120 1120 1096 1096 1115 1115 1118 1118 1095 1095 1114 1114 1116 1116 1100 1100 1112 1112 1113 1113 1100 1100 1110 1110 1111 1111 1101 1101 1108 1108 1121 1121 1109 1109 1105 1105 1107 1107 1103 1103 1102 1102 1103 1103 1101 1101 1098 1098 1101 1101 1100 1100 1099 1099 1102 1102 1098 1098 1097 1097 1098 1098 1095 1095 1099 1099 1097 1097 1093 1093 1097 1097 1096 1096 1093 1093 1122 1122 1123 1123 1124 1124 1122 1122 1125 1125 1126 1126 1122 1122 1127 1127 1123 1123 1122 1122 1128 1128 1125 1125 1029 1029 1129 1129 1130 1130 1126 1126 1127 1127 1122 1122 1122 1122 1129 1129 1131 1131 1119 1119 1055 1055 1058 1058 1129 1129 1122 1122 1130 1130 1131 1131 1128 1128 1122 1122 1119 1119 1056 1056 1055 1055 1124 1124 1132 1132 1122 1122 1040 1040 1030 1030 1133 1133 1058 1058 1057 1057 1119 1119 1130 1130 1134 1134 1029 1029 1135 1135 1041 1041 1040 1040 1104 1104 1043 1043 1041 1041 1044 1044 1104 1104 1106 1106 1047 1047 1106 1106 1119 1119 1057 1057 1053 1053 1119 1119 1124 1124 1136 1136 1132 1132 1124 1124 1121 1121 1137 1137 1041 1041 1135 1135 1104 1104 1119 1119 1049 1049 1047 1047 1053 1053 1050 1050 1119 1119 1029 1029 1138 1138 1139 1139 1137 1137 1136 1136 1124 1124 1104 1104 1044 1044 1043 1043 1050 1050 1049 1049 1119 1119 1139 1139 1030 1030 1029 1029 1134 1134 1140 1140 1029 1029 1135 1135 1141 1141 1121 1121 1106 1106 1047 1047 1044 1044 1140 1140 1138 1138 1029 1029 1121 1121 1141 1141 1142 1142 1121 1121 1108 1108 1135 1135 1030 1030 1143 1143 1133 1133 1142 1142 1137 1137 1121 1121 1108 1108 1107 1107 1135 1135 1139 1139 1143 1143 1030 1030 1107 1107 1105 1105 1135 1135 1105 1105 1104 1104 1135 1135 1133 1133 1135 1135 1040 1040 1144 1144 1145 1145 1146 1146 1147 1147 1146 1146 1148 1148 1149 1149 1144 1144 1147 1147 1150 1150 1147 1147 1151 1151 1152 1152 1149 1149 1150 1150 1153 1153 1150 1150 1154 1154 1155 1155 1152 1152 1153 1153 1156 1156 1153 1153 1157 1157 1148 1148 1123 1123 1127 1127 1148 1148 1124 1124 1123 1123 1151 1151 1127 1127 1126 1126 1154 1154 1125 1125 1128 1128 1154 1154 1126 1126 1125 1125 1157 1157 1131 1131 1129 1129 1157 1157 1128 1128 1131 1131 1129 1129 1158 1158 1157 1157 1128 1128 1157 1157 1154 1154 1126 1126 1154 1154 1151 1151 1127 1127 1151 1151 1148 1148 1157 1157 1158 1158 1156 1156 1153 1153 1156 1156 1155 1155 1154 1154 1157 1157 1153 1153 1150 1150 1153 1153 1152 1152 1151 1151 1154 1154 1150 1150 1147 1147 1150 1150 1149 1149 1148 1148 1151 1151 1147 1147 1146 1146 1147 1147 1144 1144 1136 1136 1137 1137 1159 1159 1132 1132 1136 1136 1160 1160 1122 1122 1132 1132 1161 1161 1162 1162 1163 1163 1130 1130 1134 1134 1130 1130 1163 1163 1163 1163 1164 1164 1134 1134 1140 1140 1134 1134 1164 1164 1138 1138 1140 1140 1165 1165 1139 1139 1138 1138 1166 1166 1143 1143 1139 1139 1167 1167 1133 1133 1143 1143 1168 1168 1135 1135 1133 1133 1169 1169 1141 1141 1135 1135 1170 1170 1142 1142 1141 1141 1171 1171 1137 1137 1142 1142 1172 1172 1172 1172 1159 1159 1137 1137 1171 1171 1172 1172 1142 1142 1170 1170 1171 1171 1141 1141 1169 1169 1170 1170 1135 1135 1168 1168 1169 1169 1133 1133 1167 1167 1168 1168 1143 1143 1166 1166 1167 1167 1139 1139 1165 1165 1166 1166 1138 1138 1164 1164 1165 1165 1140 1140 1130 1130 1122 1122 1162 1162 1161 1161 1162 1162 1122 1122 1160 1160 1161 1161 1132 1132 1159 1159 1160 1160 1136 1136 1173 1173 1164 1164 1163 1163 1173 1173 1174 1174 1165 1165 1165 1165 1164 1164 1173 1173 1174 1174 1175 1175 1166 1166 1175 1175 1176 1176 1167 1167 1177 1177 1168 1168 1167 1167 1178 1178 1170 1170 1169 1169 1179 1179 1171 1171 1170 1170 1166 1166 1165 1165 1174 1174 1167 1167 1176 1176 1177 1177 1180 1180 1169 1169 1168 1168 1170 1170 1178 1178 1179 1179 1181 1181 1182 1182 1160 1160 1167 1167 1166 1166 1175 1175 1169 1169 1180 1180 1178 1178 1183 1183 1172 1172 1171 1171 1184 1184 1159 1159 1172 1172 1159 1159 1184 1184 1181 1181 1182 1182 1185 1185 1161 1161 1185 1185 1186 1186 1162 1162 1168 1168 1177 1177 1180 1180 1172 1172 1183 1183 1184 1184 1161 1161 1160 1160 1182 1182 1186 1186 1163 1163 1162 1162 1171 1171 1179 1179 1183 1183 1162 1162 1161 1161 1185 1185 1160 1160 1159 1159 1181 1181 1163 1163 1186 1186 1173 1173 1145 1145 1187 1187 1188 1188 1145 1145 1189 1189 1190 1190 1190 1190 1191 1191 1145 1145 1191 1191 1187 1187 1145 1145 1148 1148 1146 1146 1192 1192 1146 1146 1188 1188 1192 1192 1192 1192 1193 1193 1148 1148 1109 1109 1194 1194 1195 1195 1195 1195 1110 1110 1109 1109 1121 1121 1196 1196 1194 1194 1121 1121 1184 1184 1196 1196 1121 1121 1124 1124 1181 1181 1124 1124 1148 1148 1197 1197 1197 1197 1198 1198 1124 1124 1198 1198 1199 1199 1124 1124 1199 1199 1181 1181 1124 1124 1181 1181 1184 1184 1121 1121 1111 1111 1200 1200 1201 1201 1201 1201 1112 1112 1111 1111 1111 1111 1110 1110 1200 1200 1110 1110 1195 1195 1200 1200 1114 1114 1202 1202 1203 1203 1114 1114 1204 1204 1202 1202 1204 1204 1114 1114 1113 1113 1113 1113 1205 1205 1204 1204 1113 1113 1112 1112 1205 1205 1203 1203 1206 1206 1114 1114 1201 1201 1205 1205 1112 1112 1109 1109 1121 1121 1194 1194 1193 1193 1197 1197 1148 1148 1188 1188 1146 1146 1145 1145 1177 1177 1202 1202 1204 1204 1177 1177 1203 1203 1202 1202 1180 1180 1205 1205 1201 1201 1180 1180 1204 1204 1205 1205 1178 1178 1201 1201 1200 1200 1179 1179 1195 1195 1194 1194 1179 1179 1200 1200 1195 1195 1183 1183 1194 1194 1196 1196 1182 1182 1181 1181 1199 1199 1185 1185 1182 1182 1198 1198 1198 1198 1197 1197 1185 1185 1186 1186 1185 1185 1193 1193 1173 1173 1186 1186 1192 1192 1192 1192 1188 1188 1173 1173 1174 1174 1173 1173 1187 1187 1187 1187 1191 1191 1174 1174 1175 1175 1174 1174 1189 1189 1174 1174 1190 1190 1189 1189 1176 1176 1175 1175 1207 1207 1176 1176 1208 1208 1206 1206 1206 1206 1177 1177 1176 1176 1206 1206 1203 1203 1177 1177 1207 1207 1208 1208 1176 1176 1189 1189 1207 1207 1175 1175 1191 1191 1190 1190 1174 1174 1188 1188 1187 1187 1173 1173 1193 1193 1192 1192 1186 1186 1197 1197 1193 1193 1185 1185 1199 1199 1198 1198 1182 1182 1196 1196 1184 1184 1183 1183 1194 1194 1183 1183 1179 1179 1200 1200 1179 1179 1178 1178 1201 1201 1178 1178 1180 1180 1204 1204 1180 1180 1177 1177 1209 1209 1207 1207 1189 1189 1189 1189 1145 1145 1209 1209 1207 1207 1210 1210 1211 1211 1210 1210 1212 1212 1211 1211 1211 1211 1208 1208 1207 1207 1211 1211 1114 1114 1206 1206 1206 1206 1208 1208 1211 1211 1209 1209 1210 1210 1207 1207 1211 1211 1213 1213 1116 1116 1213 1213 1115 1115 1116 1116 1213 1213 1214 1214 1118 1118 1214 1214 1117 1117 1118 1118 1214 1214 1215 1215 1120 1120 1120 1120 1215 1215 1216 1216 1213 1213 1211 1211 1212 1212 1214 1214 1213 1213 1217 1217 1214 1214 1218 1218 1219 1219 1215 1215 1219 1219 1220 1220 1220 1220 1216 1216 1215 1215 1219 1219 1215 1215 1214 1214 1217 1217 1218 1218 1214 1214 1212 1212 1217 1217 1213 1213 1216 1216 1093 1093 1120 1120 1120 1120 1117 1117 1214 1214 1118 1118 1115 1115 1213 1213 1116 1116 1114 1114 1211 1211 1221 1221 1210 1210 1209 1209 1222 1222 1209 1209 1145 1145 1223 1223 1221 1221 1222 1222 1224 1224 1222 1222 1144 1144 1225 1225 1223 1223 1224 1224 1226 1226 1224 1224 1149 1149 1227 1227 1225 1225 1226 1226 1228 1228 1226 1226 1152 1152 1152 1152 1155 1155 1228 1228 1226 1226 1228 1228 1227 1227 1149 1149 1152 1152 1226 1226 1224 1224 1226 1226 1225 1225 1144 1144 1149 1149 1224 1224 1222 1222 1224 1224 1223 1223 1145 1145 1144 1144 1222 1222 1209 1209 1222 1222 1221 1221 1210 1210 1229 1229 1230 1230 1230 1230 1231 1231 1210 1210 1229 1229 1232 1232 1233 1233 1233 1233 1230 1230 1229 1229 1231 1231 1212 1212 1210 1210 1234 1234 1229 1229 1210 1210 1235 1235 1234 1234 1221 1221 1236 1236 1235 1235 1223 1223 1237 1237 1236 1236 1225 1225 1236 1236 1237 1237 1238 1238 1238 1238 1239 1239 1236 1236 1235 1235 1240 1240 1241 1241 1235 1235 1236 1236 1242 1242 1242 1242 1240 1240 1235 1235 1235 1235 1243 1243 1244 1244 1243 1243 1245 1245 1244 1244 1234 1234 1246 1246 1232 1232 1234 1234 1244 1244 1246 1246 1232 1232 1229 1229 1234 1234 1244 1244 1234 1234 1235 1235 1241 1241 1243 1243 1235 1235 1239 1239 1242 1242 1236 1236 1225 1225 1227 1227 1237 1237 1223 1223 1225 1225 1236 1236 1221 1221 1223 1223 1235 1235 1210 1210 1221 1221 1234 1234 1247 1247 1248 1248 1249 1249 1250 1250 1249 1249 1251 1251 1252 1252 1247 1247 1250 1250 1253 1253 1250 1250 1254 1254 1248 1248 1090 1090 1092 1092 1251 1251 1255 1255 1256 1256 1256 1256 1254 1254 1251 1251 1254 1254 1257 1257 1258 1258 1258 1258 1259 1259 1254 1254 1259 1259 1260 1260 1261 1261 1253 1253 1259 1259 1262 1262 1259 1259 1263 1263 1262 1262 1252 1252 1253 1253 1264 1264 1253 1253 1265 1265 1264 1264 1266 1266 1252 1252 1267 1267 1252 1252 1266 1266 1268 1268 1268 1268 1247 1247 1252 1252 1248 1248 1082 1082 1074 1074 1074 1074 1090 1090 1248 1248 1247 1247 1269 1269 1082 1082 1082 1082 1248 1248 1247 1247 1074 1074 1073 1073 1090 1090 1268 1268 1269 1269 1247 1247 1267 1267 1270 1270 1266 1266 1264 1264 1267 1267 1252 1252 1262 1262 1265 1265 1253 1253 1261 1261 1263 1263 1259 1259 1258 1258 1260 1260 1259 1259 1256 1256 1257 1257 1254 1254 1255 1255 1251 1251 1094 1094 1092 1092 1094 1094 1248 1248 1254 1254 1259 1259 1253 1253 1250 1250 1253 1253 1252 1252 1251 1251 1254 1254 1250 1250 1249 1249 1250 1250 1247 1247 1251 1251 1249 1249 1094 1094 1249 1249 1248 1248 1094 1094 1269 1269 1085 1085 1084 1084 1271 1271 1272 1272 1021 1021 1271 1271 1088 1088 1270 1270 1084 1084 1083 1083 1269 1269 1087 1087 1086 1086 1269 1269 1015 1015 1021 1021 1272 1272 1270 1270 1273 1273 1271 1271 1269 1269 1086 1086 1085 1085 1269 1269 1268 1268 1087 1087 1088 1088 1087 1087 1266 1266 1021 1021 1088 1088 1271 1271 1015 1015 1274 1274 1275 1275 1268 1268 1266 1266 1087 1087 1272 1272 1276 1276 1015 1015 1277 1277 1278 1278 1279 1279 1277 1277 1280 1280 1281 1281 1277 1277 1282 1282 1283 1283 1275 1275 1013 1013 1015 1015 1266 1266 1270 1270 1088 1088 1281 1281 1278 1278 1277 1277 1283 1283 1284 1284 1277 1277 1013 1013 1285 1285 1286 1286 1015 1015 1276 1276 1274 1274 1270 1270 1287 1287 1273 1273 1270 1270 1283 1283 1288 1288 1284 1284 1280 1280 1277 1277 1013 1013 1289 1289 1285 1285 1083 1083 1082 1082 1269 1269 1288 1288 1290 1290 1270 1270 1279 1279 1291 1291 1277 1277 1275 1275 1289 1289 1013 1013 1282 1282 1288 1288 1283 1283 1290 1290 1287 1287 1270 1270 1277 1277 1291 1291 1292 1292 1292 1292 1286 1286 1277 1277 1286 1286 1292 1292 1013 1013 1293 1293 1294 1294 1295 1295 1296 1296 1295 1295 1297 1297 1298 1298 1293 1293 1296 1296 1299 1299 1296 1296 1300 1300 1301 1301 1298 1298 1299 1299 1302 1302 1299 1299 1303 1303 1304 1304 1301 1301 1302 1302 1305 1305 1302 1302 1306 1306 1301 1301 1304 1304 1292 1292 1298 1298 1301 1301 1291 1291 1291 1291 1279 1279 1298 1298 1293 1293 1298 1298 1278 1278 1278 1278 1281 1281 1293 1293 1294 1294 1293 1293 1280 1280 1280 1280 1284 1284 1294 1294 1284 1284 1283 1283 1294 1294 1281 1281 1280 1280 1293 1293 1279 1279 1278 1278 1298 1298 1292 1292 1291 1291 1301 1301 1306 1306 1307 1307 1305 1305 1302 1302 1305 1305 1304 1304 1303 1303 1306 1306 1302 1302 1299 1299 1302 1302 1301 1301 1300 1300 1303 1303 1299 1299 1296 1296 1299 1299 1298 1298 1297 1297 1300 1300 1296 1296 1295 1295 1296 1296 1293 1293 957 957 981 981 1308 1308 981 981 1307 1307 1308 1308 1309 1309 1310 1310 956 956 1013 1013 1304 1304 1305 1305 1307 1307 1010 1010 1011 1011 956 956 957 957 1309 1309 960 960 1227 1227 1228 1228 1155 1155 1029 1029 1032 1032 1029 1029 1155 1155 1156 1156 1013 1013 1292 1292 1304 1304 1307 1307 986 986 1010 1010 1308 1308 1309 1309 957 957 1310 1310 1311 1311 954 954 1227 1227 960 960 959 959 1228 1228 1008 1008 960 960 1032 1032 1034 1034 1155 1155 1156 1156 1158 1158 1029 1029 1011 1011 1013 1013 1307 1307 954 954 956 956 1310 1310 1228 1228 1155 1155 1008 1008 1158 1158 1129 1129 1029 1029 1307 1307 983 983 986 986 981 981 982 982 1307 1307 1237 1237 959 959 955 955 1155 1155 1028 1028 1008 1008 1034 1034 1022 1022 1155 1155 982 982 983 983 1307 1307 1311 1311 1238 1238 955 955 959 959 1237 1237 1227 1227 1022 1022 1025 1025 1155 1155 955 955 954 954 1311 1311 1025 1025 1028 1028 1155 1155 955 955 1238 1238 1237 1237 1305 1305 1307 1307 1013 1013 1300 1300 1297 1297 1312 1312 1313 1313 1312 1312 1314 1314 1303 1303 1300 1300 1313 1313 1315 1315 1313 1313 1316 1316 1306 1306 1303 1303 1315 1315 1317 1317 1315 1315 1318 1318 1307 1307 1306 1306 1317 1317 1308 1308 1317 1317 1319 1319 1319 1319 1309 1309 1308 1308 1317 1317 1308 1308 1307 1307 1318 1318 1319 1319 1317 1317 1315 1315 1317 1317 1306 1306 1316 1316 1318 1318 1315 1315 1313 1313 1315 1315 1303 1303 1314 1314 1316 1316 1313 1313 1312 1312 1313 1313 1300 1300 1320 1320 1321 1321 1322 1322 1323 1323 1324 1324 1321 1321 1323 1323 1325 1325 1326 1326 1325 1325 1327 1327 1328 1328 1329 1329 1261 1261 1260 1260 1260 1260 1320 1320 1329 1329 1320 1320 1258 1258 1257 1257 1257 1257 1323 1323 1320 1320 1323 1323 1256 1256 1255 1255 1255 1255 1094 1094 1327 1327 1327 1327 1325 1325 1255 1255 1255 1255 1325 1325 1323 1323 1257 1257 1256 1256 1323 1323 1260 1260 1258 1258 1320 1320 1328 1328 1326 1326 1325 1325 1326 1326 1324 1324 1323 1323 1321 1321 1320 1320 1323 1323 1322 1322 1329 1329 1320 1320 1094 1094 1093 1093 1216 1216 1330 1330 1331 1331 1332 1332 1332 1332 1333 1333 1330 1330 1328 1328 1220 1220 1330 1330 1216 1216 1220 1220 1328 1328 1328 1328 1327 1327 1216 1216 1333 1333 1328 1328 1330 1330 1216 1216 1327 1327 1094 1094 1289 1289 1275 1275 1334 1334 1285 1285 1289 1289 1335 1335 1286 1286 1285 1285 1336 1336 1277 1277 1286 1286 1337 1337 1282 1282 1277 1277 1338 1338 1288 1288 1282 1282 1339 1339 1290 1290 1288 1288 1340 1340 1287 1287 1290 1290 1341 1341 1273 1273 1287 1287 1342 1342 1343 1343 1272 1272 1271 1271 1273 1273 1344 1344 1345 1345 1345 1345 1271 1271 1273 1273 1276 1276 1272 1272 1343 1343 1274 1274 1276 1276 1346 1346 1275 1275 1274 1274 1347 1347 1347 1347 1334 1334 1275 1275 1346 1346 1347 1347 1274 1274 1343 1343 1346 1346 1276 1276 1271 1271 1345 1345 1343 1343 1342 1342 1344 1344 1273 1273 1341 1341 1342 1342 1287 1287 1340 1340 1341 1341 1290 1290 1339 1339 1340 1340 1288 1288 1338 1338 1339 1339 1282 1282 1337 1337 1338 1338 1277 1277 1336 1336 1337 1337 1286 1286 1335 1335 1336 1336 1285 1285 1334 1334 1335 1335 1289 1289 1348 1348 1349 1349 1263 1263 1349 1349 1262 1262 1263 1263 1261 1261 1350 1350 1351 1351 1351 1351 1352 1352 1261 1261 1352 1352 1348 1348 1261 1261 1265 1265 1262 1262 1353 1353 1354 1354 1264 1264 1265 1265 1262 1262 1349 1349 1353 1353 1353 1353 1354 1354 1265 1265 1283 1283 1355 1355 1356 1356 1283 1283 1357 1357 1355 1355 1283 1283 1358 1358 1357 1357 1270 1270 1359 1359 1358 1358 1267 1267 1264 1264 1360 1360 1361 1361 1270 1270 1267 1267 1360 1360 1361 1361 1267 1267 1361 1361 1362 1362 1270 1270 1362 1362 1359 1359 1270 1270 1358 1358 1283 1283 1270 1270 1294 1294 1363 1363 1364 1364 1364 1364 1295 1295 1294 1294 1294 1294 1356 1356 1363 1363 1297 1297 1365 1365 1366 1366 1297 1297 1367 1367 1365 1365 1297 1297 1295 1295 1368 1368 1368 1368 1367 1367 1297 1297 1366 1366 1369 1369 1297 1297 1364 1364 1368 1368 1295 1295 1356 1356 1294 1294 1283 1283 1354 1354 1360 1360 1264 1264 1263 1263 1261 1261 1348 1348 1370 1370 1334 1334 1347 1347 1371 1371 1344 1344 1342 1342 1372 1372 1345 1345 1344 1344 1373 1373 1346 1346 1343 1343 1374 1374 1347 1347 1346 1346 1347 1347 1374 1374 1370 1370 1375 1375 1376 1376 1337 1337 1376 1376 1377 1377 1338 1338 1378 1378 1358 1358 1340 1340 1359 1359 1341 1341 1340 1340 1379 1379 1342 1342 1341 1341 1344 1344 1371 1371 1372 1372 1343 1343 1372 1372 1373 1373 1370 1370 1380 1380 1334 1334 1380 1380 1381 1381 1335 1335 1381 1381 1375 1375 1336 1336 1338 1338 1337 1337 1376 1376 1377 1377 1378 1378 1339 1339 1340 1340 1358 1358 1359 1359 1342 1342 1379 1379 1371 1371 1346 1346 1373 1373 1374 1374 1336 1336 1335 1335 1381 1381 1339 1339 1338 1338 1377 1377 1341 1341 1359 1359 1379 1379 1335 1335 1334 1334 1380 1380 1340 1340 1339 1339 1378 1378 1337 1337 1336 1336 1375 1375 1343 1343 1345 1345 1372 1372 1381 1381 1365 1365 1367 1367 1381 1381 1366 1366 1365 1365 1375 1375 1368 1368 1364 1364 1375 1375 1367 1367 1368 1368 1376 1376 1364 1364 1363 1363 1377 1377 1356 1356 1355 1355 1377 1377 1363 1363 1356 1356 1378 1378 1355 1355 1357 1357 1379 1379 1359 1359 1362 1362 1371 1371 1379 1379 1361 1361 1361 1361 1360 1360 1371 1371 1372 1372 1371 1371 1354 1354 1373 1373 1372 1372 1353 1353 1353 1353 1349 1349 1373 1373 1374 1374 1373 1373 1348 1348 1348 1348 1352 1352 1374 1374 1370 1370 1374 1374 1350 1350 1374 1374 1351 1351 1350 1350 1380 1380 1370 1370 1382 1382 1380 1380 1383 1383 1369 1369 1369 1369 1381 1381 1380 1380 1369 1369 1366 1366 1381 1381 1382 1382 1383 1383 1380 1380 1350 1350 1382 1382 1370 1370 1352 1352 1351 1351 1374 1374 1349 1349 1348 1348 1373 1373 1354 1354 1353 1353 1372 1372 1360 1360 1354 1354 1371 1371 1362 1362 1361 1361 1379 1379 1357 1357 1358 1358 1378 1378 1355 1355 1378 1378 1377 1377 1363 1363 1377 1377 1376 1376 1364 1364 1376 1376 1375 1375 1367 1367 1375 1375 1381 1381 1329 1329 1382 1382 1350 1350 1383 1383 1382 1382 1329 1329 1329 1329 1314 1314 1383 1383 1312 1312 1297 1297 1369 1369 1383 1383 1314 1314 1312 1312 1369 1369 1383 1383 1312 1312 1329 1329 1322 1322 1314 1314 1350 1350 1261 1261 1329 1329 1316 1316 1314 1314 1384 1384 1318 1318 1316 1316 1385 1385 1319 1319 1318 1318 1386 1386 1309 1309 1319 1319 1387 1387 1386 1386 1388 1388 1389 1389 1386 1386 1390 1390 1388 1388 1387 1387 1391 1391 1311 1311 1387 1387 1389 1389 1392 1392 1392 1392 1391 1391 1387 1387 1385 1385 1384 1384 1393 1393 1393 1393 1394 1394 1385 1385 1386 1386 1385 1385 1395 1395 1395 1395 1390 1390 1386 1386 1395 1395 1396 1396 1390 1390 1394 1394 1395 1395 1385 1385 1311 1311 1310 1310 1387 1387 1389 1389 1387 1387 1386 1386 1387 1387 1310 1310 1309 1309 1386 1386 1387 1387 1319 1319 1385 1385 1386 1386 1318 1318 1384 1384 1385 1385 1316 1316 1314 1314 1397 1397 1398 1398 1314 1314 1322 1322 1397 1397 1384 1384 1398 1398 1399 1399 1399 1399 1393 1393 1384 1384 1398 1398 1384 1384 1314 1314 1240 1240 1391 1391 1392 1392 1391 1391 1239 1239 1238 1238 1391 1391 1240 1240 1242 1242 1242 1242 1239 1239 1391 1391 1238 1238 1311 1311 1391 1391 1241 1241 1240 1240 1389 1389 1388 1388 1243 1243 1241 1241 1389 1389 1388 1388 1241 1241 1400 1400 1401 1401 1402 1402 1402 1402 1403 1403 1400 1400 1404 1404 1405 1405 1400 1400 1390 1390 1405 1405 1404 1404 1404 1404 1243 1243 1390 1390 1390 1390 1396 1396 1405 1405 1404 1404 1245 1245 1243 1243 1403 1403 1404 1404 1400 1400 1388 1388 1390 1390 1243 1243 1392 1392 1389 1389 1240 1240 1406 1406 1246 1246 1244 1244 1406 1406 1233 1233 1232 1232 1232 1232 1246 1246 1406 1406 1406 1406 1403 1403 1402 1402 1406 1406 1245 1245 1404 1404 1404 1404 1403 1403 1406 1406 1402 1402 1407 1407 1406 1406 1244 1244 1245 1245 1406 1406 1407 1407 1402 1402 1401 1401 1407 1407 1408 1408 1409 1409 1409 1409 1410 1410 1407 1407 1401 1401 1408 1408 1407 1407 1411 1411 1400 1400 1405 1405 1411 1411 1408 1408 1401 1401 1401 1401 1400 1400 1411 1411 1411 1411 1394 1394 1393 1393 1411 1411 1396 1396 1395 1395 1395 1395 1394 1394 1411 1411 1393 1393 1399 1399 1411 1411 1405 1405 1396 1396 1411 1411 1412 1412 1413 1413 1219 1219 1230 1230 1414 1414 1415 1415 1412 1412 1218 1218 1415 1415 1218 1218 1217 1217 1415 1415 1217 1217 1212 1212 1231 1231 1330 1330 1219 1219 1413 1413 1413 1413 1331 1331 1330 1330 1416 1416 1417 1417 1414 1414 1230 1230 1418 1418 1416 1416 1230 1230 1233 1233 1418 1418 1417 1417 1419 1419 1412 1412 1412 1412 1419 1419 1420 1420 1331 1331 1413 1413 1420 1420 1420 1420 1413 1413 1412 1412 1412 1412 1414 1414 1417 1417 1414 1414 1230 1230 1416 1416 1330 1330 1220 1220 1219 1219 1231 1231 1415 1415 1217 1217 1415 1415 1414 1414 1412 1412 1415 1415 1231 1231 1230 1230 1219 1219 1218 1218 1412 1412 1406 1406 1421 1421 1422 1422 1422 1422 1233 1233 1406 1406 1406 1406 1407 1407 1410 1410 1410 1410 1421 1421 1406 1406 1422 1422 1418 1418 1233 1233 1421 1421 1423 1423 1424 1424 1423 1423 1425 1425 1426 1426 1421 1421 1410 1410 1427 1427 1423 1423 1427 1427 1428 1428 1428 1428 1425 1425 1423 1423 1425 1425 1429 1429 1430 1430 1331 1331 1420 1420 1426 1426 1424 1424 1426 1426 1419 1419 1426 1426 1420 1420 1419 1419 1422 1422 1424 1424 1417 1417 1417 1417 1416 1416 1422 1422 1416 1416 1418 1418 1422 1422 1419 1419 1417 1417 1424 1424 1426 1426 1425 1425 1331 1331 1430 1430 1331 1331 1425 1425 1428 1428 1429 1429 1425 1425 1427 1427 1423 1423 1421 1421 1426 1426 1424 1424 1423 1423 1424 1424 1422 1422 1421 1421 1431 1431 1432 1432 1433 1433 1433 1433 1324 1324 1431 1431 1328 1328 1333 1333 1434 1434 1398 1398 1397 1397 1433 1433 1321 1321 1433 1433 1397 1397 1431 1431 1324 1324 1326 1326 1435 1435 1434 1434 1333 1333 1333 1333 1332 1332 1435 1435 1431 1431 1434 1434 1436 1436 1437 1437 1432 1432 1431 1431 1431 1431 1438 1438 1437 1437 1439 1439 1398 1398 1432 1432 1432 1432 1440 1440 1439 1439 1439 1439 1399 1399 1398 1398 1437 1437 1440 1440 1432 1432 1436 1436 1438 1438 1431 1431 1435 1435 1436 1436 1434 1434 1326 1326 1434 1434 1431 1431 1397 1397 1322 1322 1321 1321 1433 1433 1432 1432 1398 1398 1434 1434 1326 1326 1328 1328 1433 1433 1321 1321 1324 1324 1441 1441 1332 1332 1331 1331 1331 1331 1430 1430 1441 1441 1428 1428 1442 1442 1441 1441 1427 1427 1443 1443 1442 1442 1442 1442 1428 1428 1427 1427 1410 1410 1409 1409 1443 1443 1427 1427 1410 1410 1443 1443 1441 1441 1429 1429 1428 1428 1430 1430 1429 1429 1441 1441 1439 1439 1444 1444 1411 1411 1408 1408 1411 1411 1445 1445 1411 1411 1444 1444 1445 1445 1445 1445 1409 1409 1408 1408 1411 1411 1399 1399 1439 1439 1332 1332 1441 1441 1446 1446 1444 1444 1447 1447 1448 1448 1446 1446 1441 1441 1442 1442 1442 1442 1448 1448 1446 1446 1447 1447 1449 1449 1446 1446 1445 1445 1448 1448 1443 1443 1444 1444 1439 1439 1440 1440 1440 1440 1447 1447 1444 1444 1447 1447 1437 1437 1438 1438 1438 1438 1449 1449 1447 1447 1449 1449 1436 1436 1435 1435 1435 1435 1332 1332 1449 1449 1438 1438 1436 1436 1449 1449 1440 1440 1437 1437 1447 1447 1443 1443 1409 1409 1445 1445 1446 1446 1448 1448 1447 1447 1442 1442 1443 1443 1448 1448 1448 1448 1445 1445 1444 1444 1446 1446 1449 1449 1332 1332 1450 1450 1451 1451 1452 1452 1452 1452 1453 1453 1450 1450 1453 1453 1454 1454 1450 1450 1454 1454 1455 1455 1450 1450 1455 1455 1456 1456 1450 1450 1456 1456 1457 1457 1450 1450 1457 1457 1458 1458 1450 1450 1458 1458 1459 1459 1450 1450 1459 1459 1460 1460 1450 1450 1460 1460 1461 1461 1450 1450 1461 1461 1462 1462 1450 1450 1462 1462 1463 1463 1450 1450 1463 1463 1464 1464 1450 1450 1464 1464 1465 1465 1450 1450 1465 1465 1451 1451 1450 1450 1466 1466 1461 1461 1460 1460 1467 1467 1460 1460 1459 1459 1468 1468 1459 1459 1458 1458 1458 1458 1457 1457 1469 1469 1457 1457 1470 1470 1469 1469 1470 1470 1457 1457 1456 1456 1471 1471 1456 1456 1455 1455 1472 1472 1455 1455 1454 1454 1473 1473 1454 1454 1453 1453 1474 1474 1453 1453 1452 1452 1475 1475 1452 1452 1451 1451 1476 1476 1477 1477 1465 1465 1477 1477 1451 1451 1465 1465 1476 1476 1464 1464 1463 1463 1478 1478 1463 1463 1462 1462 1479 1479 1462 1462 1461 1461 1461 1461 1466 1466 1479 1479 1462 1462 1479 1479 1478 1478 1463 1463 1478 1478 1476 1476 1465 1465 1464 1464 1476 1476 1451 1451 1477 1477 1475 1475 1452 1452 1475 1475 1474 1474 1453 1453 1474 1474 1473 1473 1454 1454 1473 1473 1472 1472 1455 1455 1472 1472 1471 1471 1456 1456 1471 1471 1470 1470 1469 1469 1480 1480 1458 1458 1458 1458 1480 1480 1468 1468 1459 1459 1468 1468 1467 1467 1460 1460 1467 1467 1466 1466 1473 1473 1481 1481 1482 1482 1472 1472 1482 1482 1483 1483 1471 1471 1483 1483 1484 1484 1484 1484 1485 1485 1469 1469 1486 1486 1480 1480 1469 1469 1469 1469 1485 1485 1486 1486 1480 1480 1486 1486 1487 1487 1468 1468 1487 1487 1488 1488 1488 1488 1489 1489 1466 1466 1489 1489 1479 1479 1466 1466 1479 1479 1489 1489 1490 1490 1478 1478 1490 1490 1491 1491 1476 1476 1491 1491 1492 1492 1477 1477 1492 1492 1493 1493 1475 1475 1493 1493 1494 1494 1474 1474 1494 1494 1481 1481 1481 1481 1473 1473 1474 1474 1494 1494 1474 1474 1475 1475 1493 1493 1475 1475 1477 1477 1492 1492 1477 1477 1476 1476 1491 1491 1476 1476 1478 1478 1490 1490 1478 1478 1479 1479 1466 1466 1467 1467 1488 1488 1488 1488 1467 1467 1468 1468 1487 1487 1468 1468 1480 1480 1469 1469 1470 1470 1484 1484 1484 1484 1470 1470 1471 1471 1483 1483 1471 1471 1472 1472 1482 1482 1472 1472 1473 1473 1495 1495 1485 1485 1484 1484 1495 1495 1496 1496 1486 1486 1497 1497 1484 1484 1483 1483 1486 1486 1485 1485 1495 1495 1498 1498 1490 1490 1489 1489 1499 1499 1491 1491 1490 1490 1500 1500 1494 1494 1493 1493 1501 1501 1481 1481 1494 1494 1484 1484 1497 1497 1495 1495 1502 1502 1487 1487 1486 1486 1503 1503 1488 1488 1487 1487 1503 1503 1504 1504 1489 1489 1490 1490 1498 1498 1499 1499 1505 1505 1492 1492 1491 1491 1506 1506 1493 1493 1492 1492 1494 1494 1500 1500 1501 1501 1507 1507 1482 1482 1481 1481 1508 1508 1483 1483 1482 1482 1486 1486 1496 1496 1502 1502 1489 1489 1488 1488 1503 1503 1491 1491 1499 1499 1505 1505 1493 1493 1506 1506 1500 1500 1482 1482 1507 1507 1508 1508 1487 1487 1502 1502 1503 1503 1492 1492 1505 1505 1506 1506 1483 1483 1508 1508 1497 1497 1481 1481 1501 1501 1507 1507 1489 1489 1504 1504 1498 1498 1501 1501 1509 1509 1510 1510 1507 1507 1510 1510 1511 1511 1508 1508 1511 1511 1512 1512 1496 1496 1495 1495 1513 1513 1512 1512 1513 1513 1495 1495 1495 1495 1497 1497 1512 1512 1496 1496 1514 1514 1515 1515 1502 1502 1515 1515 1516 1516 1503 1503 1516 1516 1517 1517 1504 1504 1517 1517 1518 1518 1498 1498 1518 1518 1519 1519 1499 1499 1519 1519 1520 1520 1505 1505 1520 1520 1521 1521 1506 1506 1521 1521 1522 1522 1500 1500 1522 1522 1509 1509 1509 1509 1501 1501 1500 1500 1522 1522 1500 1500 1506 1506 1521 1521 1506 1506 1505 1505 1520 1520 1505 1505 1499 1499 1519 1519 1499 1499 1498 1498 1518 1518 1498 1498 1504 1504 1517 1517 1504 1504 1503 1503 1516 1516 1503 1503 1502 1502 1515 1515 1502 1502 1496 1496 1513 1513 1514 1514 1496 1496 1512 1512 1497 1497 1508 1508 1511 1511 1508 1508 1507 1507 1510 1510 1507 1507 1501 1501 1523 1523 1524 1524 1525 1525 1526 1526 1525 1525 1527 1527 1528 1528 1527 1527 1529 1529 1530 1530 1531 1531 1532 1532 1531 1531 1529 1529 1532 1532 1530 1530 1533 1533 1534 1534 1535 1535 1534 1534 1536 1536 1537 1537 1536 1536 1538 1538 1539 1539 1538 1538 1540 1540 1541 1541 1540 1540 1542 1542 1543 1543 1542 1542 1544 1544 1545 1545 1544 1544 1546 1546 1547 1547 1546 1546 1548 1548 1549 1549 1548 1548 1524 1524 1550 1550 1523 1523 1526 1526 1551 1551 1526 1526 1528 1528 1552 1552 1528 1528 1531 1531 1553 1553 1531 1531 1530 1530 1554 1554 1530 1530 1535 1535 1555 1555 1535 1535 1537 1537 1556 1556 1537 1537 1539 1539 1557 1557 1539 1539 1541 1541 1558 1558 1541 1541 1543 1543 1559 1559 1543 1543 1545 1545 1560 1560 1545 1545 1547 1547 1561 1561 1547 1547 1549 1549 1562 1562 1549 1549 1523 1523 1563 1563 1550 1550 1551 1551 1564 1564 1551 1551 1552 1552 1565 1565 1552 1552 1553 1553 1566 1566 1553 1553 1554 1554 1567 1567 1554 1554 1555 1555 1568 1568 1555 1555 1556 1556 1569 1569 1556 1556 1557 1557 1570 1570 1557 1557 1558 1558 1571 1571 1558 1558 1559 1559 1572 1572 1559 1559 1560 1560 1573 1573 1560 1560 1561 1561 1574 1574 1561 1561 1562 1562 1575 1575 1562 1562 1550 1550 1509 1509 1563 1563 1564 1564 1510 1510 1564 1564 1565 1565 1511 1511 1565 1565 1566 1566 1567 1567 1514 1514 1513 1513 1513 1513 1566 1566 1567 1567 1514 1514 1567 1567 1568 1568 1515 1515 1568 1568 1569 1569 1516 1516 1569 1569 1570 1570 1517 1517 1570 1570 1571 1571 1518 1518 1571 1571 1572 1572 1519 1519 1572 1572 1573 1573 1520 1520 1573 1573 1574 1574 1521 1521 1574 1574 1575 1575 1522 1522 1575 1575 1563 1563 1563 1563 1509 1509 1522 1522 1575 1575 1522 1522 1521 1521 1574 1574 1521 1521 1520 1520 1573 1573 1520 1520 1519 1519 1572 1572 1519 1519 1518 1518 1571 1571 1518 1518 1517 1517 1570 1570 1517 1517 1516 1516 1569 1569 1516 1516 1515 1515 1568 1568 1515 1515 1514 1514 1513 1513 1512 1512 1566 1566 1566 1566 1512 1512 1511 1511 1565 1565 1511 1511 1510 1510 1564 1564 1510 1510 1509 1509 1550 1550 1563 1563 1575 1575 1562 1562 1575 1575 1574 1574 1561 1561 1574 1574 1573 1573 1560 1560 1573 1573 1572 1572 1559 1559 1572 1572 1571 1571 1558 1558 1571 1571 1570 1570 1557 1557 1570 1570 1569 1569 1556 1556 1569 1569 1568 1568 1555 1555 1568 1568 1567 1567 1554 1554 1567 1567 1566 1566 1553 1553 1566 1566 1565 1565 1552 1552 1565 1565 1564 1564 1551 1551 1564 1564 1563 1563 1523 1523 1550 1550 1562 1562 1549 1549 1562 1562 1561 1561 1547 1547 1561 1561 1560 1560 1545 1545 1560 1560 1559 1559 1543 1543 1559 1559 1558 1558 1541 1541 1558 1558 1557 1557 1539 1539 1557 1557 1556 1556 1537 1537 1556 1556 1555 1555 1535 1535 1555 1555 1554 1554 1530 1530 1554 1554 1553 1553 1531 1531 1553 1553 1552 1552 1528 1528 1552 1552 1551 1551 1526 1526 1551 1551 1550 1550 1524 1524 1523 1523 1549 1549 1548 1548 1549 1549 1547 1547 1546 1546 1547 1547 1545 1545 1544 1544 1545 1545 1543 1543 1542 1542 1543 1543 1541 1541 1540 1540 1541 1541 1539 1539 1538 1538 1539 1539 1537 1537 1536 1536 1537 1537 1535 1535 1534 1534 1535 1535 1530 1530 1532 1532 1533 1533 1530 1530 1529 1529 1531 1531 1528 1528 1527 1527 1528 1528 1526 1526 1525 1525 1526 1526 1523 1523 1576 1576 1577 1577 1529 1529 1527 1527 1525 1525 1578 1578 1579 1579 1580 1580 1538 1538 1578 1578 1576 1576 1527 1527 1524 1524 1581 1581 1578 1578 1524 1524 1548 1548 1582 1582 1583 1583 1542 1542 1540 1540 1536 1536 1584 1584 1579 1579 1533 1533 1532 1532 1577 1577 1585 1585 1584 1584 1534 1534 1577 1577 1532 1532 1529 1529 1582 1582 1581 1581 1524 1524 1546 1546 1586 1586 1582 1582 1586 1586 1546 1546 1544 1544 1540 1540 1580 1580 1583 1583 1536 1536 1534 1534 1584 1584 1534 1534 1533 1533 1585 1585 1578 1578 1525 1525 1524 1524 1544 1544 1587 1587 1586 1586 1583 1583 1587 1587 1542 1542 1538 1538 1536 1536 1579 1579 1529 1529 1527 1527 1576 1576 1587 1587 1544 1544 1542 1542 1577 1577 1585 1585 1533 1533 1580 1580 1540 1540 1538 1538 1582 1582 1548 1548 1546 1546 1584 1584 1588 1588 1589 1589 1579 1579 1589 1589 1590 1590 1590 1590 1580 1580 1579 1579 1589 1589 1579 1579 1584 1584 1591 1591 1589 1589 1592 1592 1593 1593 1594 1594 1595 1595 1593 1593 1589 1589 1591 1591 1589 1589 1588 1588 1592 1592 1589 1589 1593 1593 1596 1596 1595 1595 1596 1596 1593 1593 1592 1592 1597 1597 1591 1591 1595 1595 1598 1598 1596 1596 1596 1596 1590 1590 1589 1589 1591 1591 1599 1599 1593 1593 1580 1580 1590 1590 1596 1596 1583 1583 1596 1596 1598 1598 1598 1598 1587 1587 1583 1583 1596 1596 1583 1583 1580 1580 1587 1587 1598 1598 1595 1595 1586 1586 1595 1595 1594 1594 1594 1594 1582 1582 1586 1586 1595 1595 1586 1586 1587 1587 1582 1582 1594 1594 1593 1593 1581 1581 1593 1593 1599 1599 1599 1599 1578 1578 1581 1581 1593 1593 1581 1581 1582 1582 1578 1578 1599 1599 1591 1591 1576 1576 1591 1591 1597 1597 1597 1597 1577 1577 1576 1576 1591 1591 1576 1576 1578 1578 1577 1577 1597 1597 1592 1592 1585 1585 1592 1592 1588 1588 1588 1588 1584 1584 1585 1585 1592 1592 1585 1585 1577 1577 1600 1600 1601 1601 1602 1602 1603 1603 1600 1600 1604 1604 1605 1605 1603 1603 1606 1606 1607 1607 1608 1608 1609 1609 1610 1610 1609 1609 1608 1608 1608 1608 1611 1611 1610 1610 1612 1612 1610 1610 1611 1611 1613 1613 1612 1612 1614 1614 1615 1615 1613 1613 1616 1616 1617 1617 1615 1615 1618 1618 1619 1619 1617 1617 1620 1620 1621 1621 1619 1619 1622 1622 1623 1623 1621 1621 1624 1624 1625 1625 1623 1623 1626 1626 1601 1601 1625 1625 1627 1627 1627 1627 1602 1602 1601 1601 1626 1626 1627 1627 1625 1625 1624 1624 1626 1626 1623 1623 1622 1622 1624 1624 1621 1621 1620 1620 1622 1622 1619 1619 1618 1618 1620 1620 1617 1617 1616 1616 1618 1618 1615 1615 1614 1614 1616 1616 1613 1613 1611 1611 1614 1614 1612 1612 1609 1609 1605 1605 1607 1607 1606 1606 1607 1607 1605 1605 1604 1604 1606 1606 1603 1603 1602 1602 1604 1604 1600 1600 1628 1628 1605 1605 1609 1609 1609 1609 1629 1629 1628 1628 1628 1628 1603 1603 1605 1605 1630 1630 1619 1619 1621 1621 1629 1629 1613 1613 1615 1615 1609 1609 1610 1610 1629 1629 1631 1631 1625 1625 1601 1601 1630 1630 1617 1617 1619 1619 1615 1615 1630 1630 1629 1629 1610 1610 1612 1612 1629 1629 1631 1631 1623 1623 1625 1625 1615 1615 1617 1617 1630 1630 1628 1628 1600 1600 1603 1603 1601 1601 1628 1628 1631 1631 1612 1612 1613 1613 1629 1629 1631 1631 1621 1621 1623 1623 1601 1601 1600 1600 1628 1628 1621 1621 1631 1631 1630 1630 1629 1629 1632 1632 1633 1633 1629 1629 1630 1630 1632 1632 1634 1634 1635 1635 1636 1636 1634 1634 1633 1633 1635 1635 1637 1637 1638 1638 1639 1639 1637 1637 1636 1636 1638 1638 1640 1640 1639 1639 1641 1641 1641 1641 1642 1642 1640 1640 1639 1639 1640 1640 1637 1637 1636 1636 1637 1637 1634 1634 1633 1633 1634 1634 1629 1629 1643 1643 1630 1630 1631 1631 1643 1643 1632 1632 1630 1630 1631 1631 1644 1644 1643 1643 1645 1645 1641 1641 1639 1639 1645 1645 1646 1646 1641 1641 1647 1647 1648 1648 1638 1638 1648 1648 1639 1639 1638 1638 1649 1649 1647 1647 1635 1635 1647 1647 1636 1636 1635 1635 1643 1643 1649 1649 1633 1633 1633 1633 1632 1632 1643 1643 1635 1635 1633 1633 1649 1649 1638 1638 1636 1636 1647 1647 1639 1639 1648 1648 1645 1645 1646 1646 1645 1645 1650 1650 1650 1650 1651 1651 1646 1646 1642 1642 1646 1646 1651 1651 1642 1642 1641 1641 1646 1646 1651 1651 1652 1652 1642 1642 1651 1651 1653 1653 1652 1652 1654 1654 1652 1652 1655 1655 1655 1655 1656 1656 1654 1654 1640 1640 1629 1629 1634 1634 1628 1628 1642 1642 1654 1654 1654 1654 1642 1642 1652 1652 1634 1634 1637 1637 1640 1640 1656 1656 1657 1657 1654 1654 1642 1642 1628 1628 1629 1629 1640 1640 1642 1642 1629 1629 1654 1654 1658 1658 1628 1628 1655 1655 1652 1652 1653 1653 1656 1656 1655 1655 1659 1659 1657 1657 1656 1656 1660 1660 1654 1654 1657 1657 1661 1661 1661 1661 1662 1662 1654 1654 1662 1662 1663 1663 1654 1654 1660 1660 1661 1661 1657 1657 1659 1659 1660 1660 1656 1656 1653 1653 1659 1659 1655 1655 1664 1664 1665 1665 1662 1662 1666 1666 1664 1664 1661 1661 1667 1667 1666 1666 1660 1660 1667 1667 1659 1659 1653 1653 1653 1653 1650 1650 1667 1667 1653 1653 1651 1651 1650 1650 1660 1660 1659 1659 1667 1667 1661 1661 1660 1660 1666 1666 1662 1662 1661 1661 1664 1664 1665 1665 1668 1668 1669 1669 1669 1669 1663 1663 1665 1665 1663 1663 1662 1662 1665 1665 1654 1654 1670 1670 1671 1671 1654 1654 1663 1663 1672 1672 1669 1669 1673 1673 1674 1674 1669 1669 1658 1658 1675 1675 1658 1658 1654 1654 1676 1676 1654 1654 1677 1677 1670 1670 1663 1663 1678 1678 1672 1672 1663 1663 1669 1669 1679 1679 1675 1675 1673 1673 1669 1669 1676 1676 1680 1680 1658 1658 1672 1672 1677 1677 1654 1654 1679 1679 1681 1681 1663 1663 1658 1658 1682 1682 1675 1675 1680 1680 1683 1683 1658 1658 1681 1681 1678 1678 1663 1663 1683 1683 1682 1682 1658 1658 1674 1674 1679 1679 1669 1669 1671 1671 1676 1676 1654 1654 1684 1684 1685 1685 1675 1675 1686 1686 1684 1684 1682 1682 1687 1687 1686 1686 1683 1683 1676 1676 1671 1671 1688 1688 1676 1676 1689 1689 1687 1687 1687 1687 1680 1680 1676 1676 1690 1690 1688 1688 1671 1671 1691 1691 1690 1690 1670 1670 1692 1692 1691 1691 1677 1677 1693 1693 1692 1692 1672 1672 1694 1694 1693 1693 1678 1678 1695 1695 1694 1694 1681 1681 1696 1696 1695 1695 1679 1679 1697 1697 1696 1696 1674 1674 1685 1685 1697 1697 1673 1673 1673 1673 1675 1675 1685 1685 1674 1674 1673 1673 1697 1697 1679 1679 1674 1674 1696 1696 1681 1681 1679 1679 1695 1695 1678 1678 1681 1681 1694 1694 1672 1672 1678 1678 1693 1693 1677 1677 1672 1672 1692 1692 1670 1670 1677 1677 1691 1691 1671 1671 1670 1670 1690 1690 1688 1688 1689 1689 1676 1676 1683 1683 1680 1680 1687 1687 1682 1682 1683 1683 1686 1686 1675 1675 1682 1682 1684 1684 1669 1669 1668 1668 1698 1698 1699 1699 1700 1700 1658 1658 1658 1658 1669 1669 1699 1699 1701 1701 1628 1628 1658 1658 1702 1702 1631 1631 1628 1628 1631 1631 1702 1702 1703 1703 1658 1658 1700 1700 1701 1701 1703 1703 1644 1644 1631 1631 1628 1628 1701 1701 1702 1702 1698 1698 1699 1699 1669 1669 1703 1703 1704 1704 1643 1643 1704 1704 1649 1649 1643 1643 1704 1704 1705 1705 1650 1650 1698 1698 1668 1668 1665 1665 1704 1704 1647 1647 1649 1649 1650 1650 1645 1645 1704 1704 1665 1665 1705 1705 1698 1698 1704 1704 1648 1648 1647 1647 1705 1705 1667 1667 1650 1650 1665 1665 1664 1664 1705 1705 1645 1645 1648 1648 1704 1704 1664 1664 1666 1666 1705 1705 1666 1666 1667 1667 1705 1705 1643 1643 1644 1644 1703 1703 1705 1705 1706 1706 1699 1699 1699 1699 1698 1698 1705 1705 1707 1707 1708 1708 1709 1709 1710 1710 1709 1709 1711 1711 1712 1712 1711 1711 1706 1706 1706 1706 1705 1705 1712 1712 1711 1711 1712 1712 1710 1710 1709 1709 1710 1710 1707 1707 1704 1704 1703 1703 1702 1702 1702 1702 1713 1713 1704 1704 1704 1704 1713 1713 1714 1714 1715 1715 1714 1714 1716 1716 1717 1717 1716 1716 1718 1718 1718 1718 1719 1719 1717 1717 1716 1716 1717 1717 1715 1715 1714 1714 1715 1715 1704 1704 1720 1720 1708 1708 1707 1707 1707 1707 1721 1721 1720 1720 1700 1700 1689 1689 1688 1688 1708 1708 1720 1720 1692 1692 1691 1691 1692 1692 1720 1720 1700 1700 1687 1687 1689 1689 1694 1694 1711 1711 1709 1709 1693 1693 1709 1709 1708 1708 1720 1720 1722 1722 1691 1691 1723 1723 1690 1690 1724 1724 1700 1700 1686 1686 1687 1687 1694 1694 1706 1706 1711 1711 1722 1722 1725 1725 1691 1691 1724 1724 1726 1726 1723 1723 1690 1690 1691 1691 1725 1725 1688 1688 1723 1723 1700 1700 1699 1699 1697 1697 1685 1685 1699 1699 1706 1706 1694 1694 1692 1692 1693 1693 1708 1708 1725 1725 1724 1724 1690 1690 1700 1700 1684 1684 1686 1686 1685 1685 1700 1700 1699 1699 1709 1709 1693 1693 1694 1694 1688 1688 1690 1690 1723 1723 1699 1699 1696 1696 1697 1697 1726 1726 1727 1727 1723 1723 1699 1699 1695 1695 1696 1696 1685 1685 1684 1684 1700 1700 1694 1694 1695 1695 1699 1699 1726 1726 1724 1724 1728 1728 1724 1724 1725 1725 1729 1729 1725 1725 1722 1722 1730 1730 1722 1722 1720 1720 1721 1721 1721 1721 1730 1730 1722 1722 1730 1730 1729 1729 1725 1725 1729 1729 1728 1728 1724 1724 1728 1728 1731 1731 1726 1726 1732 1732 1721 1721 1707 1707 1707 1707 1733 1733 1732 1732 1721 1721 1732 1732 1734 1734 1730 1730 1734 1734 1735 1735 1729 1729 1735 1735 1736 1736 1731 1731 1728 1728 1737 1737 1728 1728 1736 1736 1737 1737 1737 1737 1738 1738 1731 1731 1736 1736 1728 1728 1729 1729 1735 1735 1729 1729 1730 1730 1734 1734 1730 1730 1721 1721 1731 1731 1739 1739 1727 1727 1727 1727 1726 1726 1731 1731 1723 1723 1727 1727 1740 1740 1740 1740 1741 1741 1723 1723 1727 1727 1739 1739 1742 1742 1742 1742 1740 1740 1727 1727 1743 1743 1741 1741 1740 1740 1740 1740 1744 1744 1743 1743 1740 1740 1742 1742 1745 1745 1745 1745 1744 1744 1740 1740 1743 1743 1744 1744 1746 1746 1747 1747 1746 1746 1748 1748 1749 1749 1748 1748 1750 1750 1750 1750 1751 1751 1749 1749 1748 1748 1749 1749 1747 1747 1746 1746 1747 1747 1743 1743 1744 1744 1745 1745 1752 1752 1746 1746 1752 1752 1753 1753 1748 1748 1753 1753 1754 1754 1754 1754 1750 1750 1748 1748 1753 1753 1748 1748 1746 1746 1752 1752 1746 1746 1744 1744 1751 1751 1750 1750 1755 1755 1755 1755 1756 1756 1751 1751 1750 1750 1754 1754 1757 1757 1757 1757 1755 1755 1750 1750 1756 1756 1755 1755 1758 1758 1759 1759 1758 1758 1760 1760 1761 1761 1760 1760 1762 1762 1762 1762 1763 1763 1761 1761 1760 1760 1761 1761 1759 1759 1758 1758 1759 1759 1756 1756 1755 1755 1757 1757 1764 1764 1758 1758 1764 1764 1765 1765 1760 1760 1765 1765 1766 1766 1766 1766 1762 1762 1760 1760 1765 1765 1760 1760 1758 1758 1764 1764 1758 1758 1755 1755 1763 1763 1762 1762 1767 1767 1767 1767 1768 1768 1763 1763 1769 1769 1770 1770 1768 1768 1768 1768 1767 1767 1769 1769 1762 1762 1766 1766 1771 1771 1771 1771 1767 1767 1762 1762 1767 1767 1771 1771 1772 1772 1772 1772 1769 1769 1767 1767 1770 1770 1773 1773 1774 1774 1718 1718 1620 1620 1618 1618 1622 1622 1620 1620 1716 1716 1701 1701 1770 1770 1611 1611 1614 1614 1774 1774 1775 1775 1770 1770 1769 1769 1773 1773 1616 1616 1776 1776 1777 1777 1618 1618 1777 1777 1718 1718 1716 1716 1714 1714 1622 1622 1770 1770 1614 1614 1611 1611 1774 1774 1614 1614 1770 1770 1616 1616 1775 1775 1776 1776 1714 1714 1713 1713 1622 1622 1702 1702 1624 1624 1622 1622 1775 1775 1616 1616 1614 1614 1718 1718 1716 1716 1620 1620 1702 1702 1626 1626 1624 1624 1777 1777 1618 1618 1616 1616 1702 1702 1627 1627 1626 1626 1702 1702 1701 1701 1602 1602 1622 1622 1713 1713 1702 1702 1701 1701 1604 1604 1602 1602 1701 1701 1608 1608 1607 1607 1602 1602 1627 1627 1702 1702 1607 1607 1606 1606 1701 1701 1606 1606 1604 1604 1701 1701 1611 1611 1608 1608 1701 1701 1778 1778 1773 1773 1769 1769 1769 1769 1772 1772 1778 1778 1777 1777 1776 1776 1779 1779 1776 1776 1775 1775 1780 1780 1775 1775 1774 1774 1781 1781 1774 1774 1773 1773 1778 1778 1778 1778 1781 1781 1774 1774 1781 1781 1780 1780 1775 1775 1780 1780 1779 1779 1776 1776 1779 1779 1782 1782 1777 1777 1719 1719 1718 1718 1777 1777 1777 1777 1782 1782 1719 1719 1783 1783 1719 1719 1782 1782 1782 1782 1784 1784 1783 1783 1717 1717 1719 1719 1783 1783 1783 1783 1785 1785 1717 1717 1715 1715 1717 1717 1786 1786 1786 1786 1787 1787 1715 1715 1787 1787 1788 1788 1715 1715 1705 1705 1789 1789 1790 1790 1705 1705 1704 1704 1791 1791 1791 1791 1789 1789 1705 1705 1704 1704 1715 1715 1792 1792 1792 1792 1791 1791 1704 1704 1712 1712 1793 1793 1794 1794 1712 1712 1795 1795 1793 1793 1712 1712 1790 1790 1795 1795 1710 1710 1796 1796 1733 1733 1710 1710 1794 1794 1796 1796 1733 1733 1707 1707 1710 1710 1794 1794 1710 1710 1712 1712 1790 1790 1712 1712 1705 1705 1788 1788 1792 1792 1715 1715 1785 1785 1786 1786 1717 1717 1797 1797 1798 1798 1737 1737 1737 1737 1736 1736 1797 1797 1799 1799 1797 1797 1735 1735 1800 1800 1733 1733 1796 1796 1800 1800 1794 1794 1793 1793 1793 1793 1795 1795 1800 1800 1800 1800 1801 1801 1732 1732 1732 1732 1733 1733 1800 1800 1800 1800 1795 1795 1801 1801 1801 1801 1799 1799 1734 1734 1734 1734 1732 1732 1801 1801 1802 1802 1801 1801 1795 1795 1795 1795 1790 1790 1802 1802 1790 1790 1789 1789 1802 1802 1796 1796 1794 1794 1800 1800 1735 1735 1734 1734 1799 1799 1736 1736 1735 1735 1797 1797 1803 1803 1802 1802 1789 1789 1789 1789 1791 1791 1803 1803 1804 1804 1805 1805 1806 1806 1807 1807 1808 1808 1809 1809 1807 1807 1806 1806 1808 1808 1803 1803 1792 1792 1788 1788 1803 1803 1791 1791 1792 1792 1810 1810 1784 1784 1805 1805 1811 1811 1783 1783 1784 1784 1810 1810 1788 1788 1811 1811 1811 1811 1788 1788 1787 1787 1811 1811 1786 1786 1785 1785 1785 1785 1783 1783 1811 1811 1787 1787 1786 1786 1811 1811 1784 1784 1810 1810 1811 1811 1805 1805 1804 1804 1810 1810 1788 1788 1810 1810 1803 1803 1809 1809 1812 1812 1807 1807 1806 1806 1807 1807 1804 1804 1778 1778 1813 1813 1809 1809 1809 1809 1781 1781 1778 1778 1780 1780 1781 1781 1808 1808 1779 1779 1780 1780 1806 1806 1782 1782 1779 1779 1805 1805 1805 1805 1784 1784 1782 1782 1806 1806 1805 1805 1779 1779 1808 1808 1806 1806 1780 1780 1809 1809 1808 1808 1781 1781 1814 1814 1815 1815 1738 1738 1738 1738 1798 1798 1814 1814 1738 1738 1737 1737 1798 1798 1816 1816 1812 1812 1813 1813 1812 1812 1809 1809 1813 1813 1813 1813 1817 1817 1816 1816 1818 1818 1815 1815 1814 1814 1814 1814 1819 1819 1818 1818 1820 1820 1818 1818 1819 1819 1819 1819 1821 1821 1820 1820 1822 1822 1820 1820 1821 1821 1823 1823 1822 1822 1824 1824 1825 1825 1823 1823 1826 1826 1826 1826 1827 1827 1825 1825 1824 1824 1826 1826 1823 1823 1821 1821 1824 1824 1822 1822 1827 1827 1828 1828 1829 1829 1829 1829 1825 1825 1827 1827 1757 1757 1754 1754 1825 1825 1825 1825 1829 1829 1757 1757 1752 1752 1745 1745 1822 1822 1823 1823 1754 1754 1753 1753 1742 1742 1818 1818 1820 1820 1764 1764 1757 1757 1830 1830 1831 1831 1766 1766 1765 1765 1754 1754 1823 1823 1825 1825 1753 1753 1752 1752 1823 1823 1820 1820 1745 1745 1742 1742 1815 1815 1818 1818 1742 1742 1778 1778 1772 1772 1817 1817 1817 1817 1772 1772 1771 1771 1771 1771 1766 1766 1832 1832 1765 1765 1764 1764 1831 1831 1822 1822 1823 1823 1752 1752 1742 1742 1739 1739 1815 1815 1731 1731 1738 1738 1815 1815 1771 1771 1833 1833 1817 1817 1766 1766 1831 1831 1832 1832 1829 1829 1830 1830 1757 1757 1815 1815 1739 1739 1731 1731 1832 1832 1833 1833 1771 1771 1820 1820 1822 1822 1745 1745 1830 1830 1831 1831 1764 1764 1817 1817 1813 1813 1778 1778 1834 1834 1833 1833 1832 1832 1832 1832 1835 1835 1834 1834 1830 1830 1829 1829 1828 1828 1831 1831 1830 1830 1836 1836 1832 1832 1831 1831 1837 1837 1837 1837 1835 1835 1832 1832 1836 1836 1837 1837 1831 1831 1828 1828 1836 1836 1830 1830 1817 1817 1833 1833 1834 1834 1834 1834 1816 1816 1817 1817 1838 1838 1839 1839 1840 1840 1841 1841 1840 1840 1839 1839 1839 1839 1842 1842 1841 1841 1843 1843 1844 1844 1845 1845 1846 1846 1847 1847 1844 1844 1807 1807 1812 1812 1848 1848 1849 1849 1850 1850 1851 1851 1846 1846 1852 1852 1853 1853 1845 1845 1838 1838 1843 1843 1844 1844 1852 1852 1846 1846 1835 1835 1854 1854 1855 1855 1856 1856 1804 1804 1807 1807 1842 1842 1857 1857 1816 1816 1851 1851 1843 1843 1849 1849 1850 1850 1821 1821 1819 1819 1850 1850 1826 1826 1824 1824 1799 1799 1801 1801 1858 1858 1853 1853 1802 1802 1846 1846 1847 1847 1845 1845 1844 1844 1835 1835 1859 1859 1854 1854 1810 1810 1856 1856 1860 1860 1812 1812 1861 1861 1848 1848 1816 1816 1862 1862 1861 1861 1816 1816 1834 1834 1842 1842 1850 1850 1863 1863 1864 1864 1851 1851 1865 1865 1843 1843 1824 1824 1821 1821 1850 1850 1866 1866 1819 1819 1814 1814 1798 1798 1867 1867 1868 1868 1798 1798 1797 1797 1869 1869 1869 1869 1797 1797 1799 1799 1840 1840 1843 1843 1838 1838 1855 1855 1842 1842 1835 1835 1802 1802 1803 1803 1870 1870 1860 1860 1803 1803 1810 1810 1861 1861 1812 1812 1816 1816 1834 1834 1835 1835 1842 1842 1849 1849 1863 1863 1850 1850 1814 1814 1871 1871 1866 1866 1868 1868 1814 1814 1798 1798 1858 1858 1869 1869 1799 1799 1858 1858 1801 1801 1802 1802 1855 1855 1841 1841 1842 1842 1870 1870 1872 1872 1802 1802 1810 1810 1804 1804 1856 1856 1857 1857 1862 1862 1816 1816 1864 1864 1826 1826 1850 1850 1868 1868 1871 1871 1814 1814 1802 1802 1873 1873 1858 1858 1872 1872 1846 1846 1802 1802 1848 1848 1856 1856 1807 1807 1859 1859 1836 1836 1828 1828 1859 1859 1835 1835 1837 1837 1827 1827 1874 1874 1875 1875 1876 1876 1874 1874 1827 1827 1826 1826 1864 1864 1877 1877 1865 1865 1878 1878 1843 1843 1869 1869 1867 1867 1798 1798 1860 1860 1870 1870 1803 1803 1837 1837 1836 1836 1859 1859 1827 1827 1826 1826 1876 1876 1878 1878 1844 1844 1843 1843 1853 1853 1873 1873 1802 1802 1828 1828 1875 1875 1879 1879 1877 1877 1876 1876 1826 1826 1828 1828 1879 1879 1859 1859 1819 1819 1866 1866 1850 1850 1875 1875 1828 1828 1827 1827 1880 1880 1881 1881 1882 1882 1882 1882 1883 1883 1880 1880 1883 1883 1884 1884 1880 1880 1885 1885 1886 1886 1887 1887 1881 1881 1888 1888 1882 1882 1889 1889 1723 1723 1890 1890 1885 1885 1891 1891 1886 1886 1890 1890 1880 1880 1889 1889 1890 1890 1723 1723 1741 1741 1763 1763 1768 1768 1892 1892 1893 1893 1892 1892 1768 1768 1881 1881 1894 1894 1895 1895 1885 1885 1896 1896 1891 1891 1894 1894 1881 1881 1897 1897 1770 1770 1701 1701 1898 1898 1723 1723 1889 1889 1899 1899 1741 1741 1900 1900 1890 1890 1901 1901 1902 1902 1903 1903 1904 1904 1700 1700 1905 1905 1768 1768 1770 1770 1893 1893 1770 1770 1896 1896 1885 1885 1895 1895 1903 1903 1881 1881 1897 1897 1887 1887 1894 1894 1701 1701 1906 1906 1898 1898 1700 1700 1723 1723 1907 1907 1884 1884 1889 1889 1880 1880 1908 1908 1749 1749 1751 1751 1751 1751 1756 1756 1909 1909 1903 1903 1910 1910 1901 1901 1700 1700 1911 1911 1905 1905 1885 1885 1893 1893 1770 1770 1887 1887 1897 1897 1885 1885 1898 1898 1912 1912 1770 1770 1701 1701 1913 1913 1914 1914 1907 1907 1915 1915 1700 1700 1881 1881 1916 1916 1888 1888 1908 1908 1747 1747 1749 1749 1756 1756 1917 1917 1909 1909 1918 1918 1759 1759 1761 1761 1918 1918 1917 1917 1756 1756 1700 1700 1904 1904 1913 1913 1905 1905 1902 1902 1904 1904 1895 1895 1910 1910 1903 1903 1914 1914 1906 1906 1701 1701 1915 1915 1919 1919 1700 1700 1881 1881 1903 1903 1916 1916 1741 1741 1743 1743 1920 1920 1908 1908 1920 1920 1743 1743 1909 1909 1921 1921 1751 1751 1756 1756 1759 1759 1918 1918 1901 1901 1904 1904 1902 1902 1912 1912 1896 1896 1770 1770 1899 1899 1907 1907 1723 1723 1743 1743 1747 1747 1908 1908 1761 1761 1763 1763 1918 1918 1892 1892 1918 1918 1763 1763 1920 1920 1900 1900 1741 1741 1913 1913 1701 1701 1700 1700 1751 1751 1921 1921 1908 1908 1919 1919 1911 1911 1700 1700 1877 1877 1864 1864 1900 1900 1876 1876 1877 1877 1920 1920 1874 1874 1876 1876 1908 1908 1875 1875 1909 1909 1917 1917 1909 1909 1875 1875 1874 1874 1874 1874 1921 1921 1909 1909 1859 1859 1879 1879 1917 1917 1854 1854 1859 1859 1918 1918 1855 1855 1854 1854 1892 1892 1841 1841 1855 1855 1893 1893 1840 1840 1841 1841 1885 1885 1843 1843 1840 1840 1897 1897 1849 1849 1843 1843 1881 1881 1863 1863 1849 1849 1880 1880 1864 1864 1863 1863 1890 1890 1890 1890 1900 1900 1864 1864 1880 1880 1890 1890 1863 1863 1881 1881 1880 1880 1849 1849 1897 1897 1881 1881 1843 1843 1885 1885 1897 1897 1840 1840 1893 1893 1885 1885 1841 1841 1892 1892 1893 1893 1855 1855 1918 1918 1892 1892 1854 1854 1917 1917 1918 1918 1859 1859 1917 1917 1879 1879 1875 1875 1908 1908 1921 1921 1874 1874 1920 1920 1908 1908 1876 1876 1900 1900 1920 1920 1877 1877 1868 1868 1867 1867 1907 1907 1871 1871 1868 1868 1899 1899 1866 1866 1871 1871 1889 1889 1850 1850 1883 1883 1882 1882 1883 1883 1850 1850 1866 1866 1866 1866 1884 1884 1883 1883 1865 1865 1851 1851 1882 1882 1878 1878 1865 1865 1888 1888 1844 1844 1878 1878 1916 1916 1852 1852 1844 1844 1903 1903 1853 1853 1852 1852 1902 1902 1873 1873 1853 1853 1905 1905 1858 1858 1873 1873 1911 1911 1869 1869 1858 1858 1919 1919 1867 1867 1869 1869 1915 1915 1915 1915 1907 1907 1867 1867 1919 1919 1915 1915 1869 1869 1911 1911 1919 1919 1858 1858 1905 1905 1911 1911 1873 1873 1902 1902 1905 1905 1853 1853 1903 1903 1902 1902 1852 1852 1916 1916 1903 1903 1844 1844 1888 1888 1916 1916 1878 1878 1882 1882 1888 1888 1865 1865 1882 1882 1851 1851 1850 1850 1889 1889 1884 1884 1866 1866 1899 1899 1889 1889 1871 1871 1907 1907 1899 1899 1868 1868 1845 1845 1847 1847 1910 1910 1838 1838 1845 1845 1895 1895 1839 1839 1838 1838 1894 1894 1842 1842 1886 1886 1891 1891 1886 1886 1842 1842 1839 1839 1839 1839 1887 1887 1886 1886 1862 1862 1857 1857 1891 1891 1861 1861 1862 1862 1896 1896 1848 1848 1861 1861 1912 1912 1856 1856 1848 1848 1898 1898 1860 1860 1856 1856 1906 1906 1870 1870 1860 1860 1914 1914 1872 1872 1870 1870 1913 1913 1846 1846 1872 1872 1904 1904 1847 1847 1846 1846 1901 1901 1901 1901 1910 1910 1847 1847 1904 1904 1901 1901 1846 1846 1913 1913 1904 1904 1872 1872 1914 1914 1913 1913 1870 1870 1906 1906 1914 1914 1860 1860 1898 1898 1906 1906 1856 1856 1912 1912 1898 1898 1848 1848 1896 1896 1912 1912 1861 1861 1891 1891 1896 1896 1862 1862 1891 1891 1857 1857 1842 1842 1894 1894 1887 1887 1839 1839 1895 1895 1894 1894 1838 1838 1910 1910 1895 1895 1845 1845 1922 1922 1923 1923 1924 1924 1925 1925 1922 1922 1926 1926 1927 1927 1925 1925 1928 1928 1929 1929 1927 1927 1930 1930 1931 1931 1929 1929 1932 1932 1933 1933 1931 1931 1934 1934 1935 1935 1933 1933 1936 1936 1937 1937 1935 1935 1938 1938 1939 1939 1937 1937 1940 1940 1939 1939 1941 1941 1942 1942 1943 1943 1944 1944 1945 1945 1945 1945 1942 1942 1943 1943 1946 1946 1944 1944 1943 1943 1947 1947 1946 1946 1948 1948 1923 1923 1947 1947 1949 1949 1949 1949 1924 1924 1923 1923 1948 1948 1949 1949 1947 1947 1943 1943 1948 1948 1946 1946 1942 1942 1945 1945 1939 1939 1940 1940 1941 1941 1939 1939 1938 1938 1940 1940 1937 1937 1936 1936 1938 1938 1935 1935 1934 1934 1936 1936 1933 1933 1932 1932 1934 1934 1931 1931 1930 1930 1932 1932 1929 1929 1928 1928 1930 1930 1927 1927 1926 1926 1928 1928 1925 1925 1924 1924 1926 1926 1922 1922 1950 1950 1948 1948 1943 1943 1943 1943 1951 1951 1950 1950 1950 1950 1952 1952 1949 1949 1949 1949 1948 1948 1950 1950 1953 1953 1926 1926 1924 1924 1954 1954 1936 1936 1934 1934 1954 1954 1955 1955 1938 1938 1955 1955 1956 1956 1940 1940 1952 1952 1924 1924 1949 1949 1953 1953 1928 1928 1926 1926 1953 1953 1957 1957 1930 1930 1934 1934 1957 1957 1954 1954 1940 1940 1938 1938 1955 1955 1956 1956 1958 1958 1941 1941 1958 1958 1951 1951 1942 1942 1924 1924 1952 1952 1953 1953 1957 1957 1932 1932 1930 1930 1938 1938 1936 1936 1954 1954 1942 1942 1941 1941 1958 1958 1930 1930 1928 1928 1953 1953 1941 1941 1940 1940 1956 1956 1934 1934 1932 1932 1957 1957 1943 1943 1942 1942 1951 1951 1959 1959 1954 1954 1957 1957 1957 1957 1960 1960 1959 1959 1961 1961 1950 1950 1951 1951 1962 1962 1951 1951 1958 1958 1963 1963 1958 1958 1956 1956 1964 1964 1956 1956 1955 1955 1965 1965 1955 1955 1954 1954 1954 1954 1959 1959 1965 1965 1955 1955 1965 1965 1964 1964 1956 1956 1964 1964 1963 1963 1958 1958 1963 1963 1962 1962 1951 1951 1962 1962 1961 1961 1950 1950 1961 1961 1966 1966 1966 1966 1952 1952 1950 1950 1959 1959 1967 1967 1968 1968 1965 1965 1968 1968 1969 1969 1964 1964 1969 1969 1970 1970 1963 1963 1970 1970 1971 1971 1962 1962 1971 1971 1972 1972 1972 1972 1961 1961 1962 1962 1971 1971 1962 1962 1963 1963 1970 1970 1963 1963 1964 1964 1969 1969 1964 1964 1965 1965 1968 1968 1965 1965 1959 1959 1966 1966 1961 1961 1972 1972 1972 1972 1973 1973 1966 1966 1974 1974 1975 1975 1973 1973 1973 1973 1972 1972 1974 1974 1967 1967 1976 1976 1977 1977 1968 1968 1977 1977 1978 1978 1969 1969 1978 1978 1979 1979 1970 1970 1979 1979 1980 1980 1971 1971 1980 1980 1974 1974 1974 1974 1972 1972 1971 1971 1980 1980 1971 1971 1970 1970 1979 1979 1970 1970 1969 1969 1978 1978 1969 1969 1968 1968 1977 1977 1968 1968 1967 1967 1981 1981 1976 1976 1967 1967 1967 1967 1982 1982 1981 1981 1979 1979 1939 1939 1945 1945 1927 1927 1929 1929 1983 1983 1974 1974 1980 1980 1944 1944 1945 1945 1980 1980 1979 1979 1929 1929 1984 1984 1983 1983 1945 1945 1944 1944 1980 1980 1978 1978 1937 1937 1939 1939 1985 1985 1927 1927 1986 1986 1983 1983 1987 1987 1927 1927 1975 1975 1923 1923 1922 1922 1974 1974 1946 1946 1947 1947 1939 1939 1979 1979 1978 1978 1985 1985 1988 1988 1989 1989 1927 1927 1990 1990 1986 1986 1929 1929 1991 1991 1984 1984 1981 1981 1992 1992 1991 1991 1975 1975 1947 1947 1923 1923 1944 1944 1946 1946 1974 1974 1977 1977 1935 1935 1937 1937 1976 1976 1933 1933 1935 1935 1986 1986 1988 1988 1985 1985 1991 1991 1929 1929 1981 1981 1947 1947 1975 1975 1974 1974 1935 1935 1977 1977 1976 1976 1976 1976 1981 1981 1931 1931 1993 1993 1985 1985 1994 1994 1987 1987 1990 1990 1927 1927 1985 1985 1922 1922 1925 1925 1937 1937 1978 1978 1977 1977 1981 1981 1929 1929 1931 1931 1989 1989 1994 1994 1985 1985 1981 1981 1995 1995 1996 1996 1995 1995 1997 1997 1998 1998 1997 1997 1999 1999 2000 2000 1993 1993 2001 2001 2000 2000 1922 1922 1985 1985 1975 1975 1994 1994 2001 2001 1993 1993 1998 1998 1996 1996 1995 1995 2000 2000 1999 1999 1993 1993 1931 1931 1933 1933 1976 1976 2000 2000 1998 1998 1997 1997 1996 1996 1992 1992 1981 1981 1925 1925 1927 1927 1985 1985 2002 2002 1993 1993 1999 1999 2003 2003 1999 1999 1997 1997 2004 2004 1997 1997 1995 1995 2005 2005 1995 1995 1981 1981 1981 1981 1982 1982 2005 2005 1995 1995 2005 2005 2004 2004 1997 1997 2004 2004 2003 2003 1999 1999 2003 2003 2002 2002 1993 1993 2002 2002 2006 2006 2006 2006 1985 1985 1993 1993 2007 2007 2002 2002 2003 2003 2008 2008 2003 2003 2004 2004 2009 2009 2004 2004 2005 2005 2010 2010 2005 2005 1982 1982 1982 1982 2011 2011 2010 2010 2005 2005 2010 2010 2009 2009 2004 2004 2009 2009 2008 2008 2003 2003 2008 2008 2007 2007 2012 2012 2006 2006 2002 2002 2002 2002 2007 2007 2012 2012 2007 2007 2013 2013 2014 2014 2014 2014 2012 2012 2007 2007 1989 1989 1988 1988 2015 2015 1994 1994 1989 1989 2016 2016 2001 2001 1994 1994 2017 2017 2000 2000 2001 2001 2018 2018 1998 1998 2000 2000 2019 2019 1996 1996 1998 1998 2020 2020 1992 1992 1996 1996 2021 2021 1991 1991 1992 1992 2022 2022 1984 1984 1991 1991 2023 2023 2024 2024 1987 1987 1983 1983 1984 1984 2025 2025 2026 2026 2026 2026 1983 1983 1984 1984 1990 1990 1987 1987 2024 2024 1986 1986 1990 1990 2027 2027 1988 1988 1986 1986 2028 2028 2028 2028 2015 2015 1988 1988 2027 2027 2028 2028 1986 1986 2024 2024 2027 2027 1990 1990 1983 1983 2026 2026 2024 2024 2023 2023 2025 2025 1984 1984 2022 2022 2023 2023 1991 1991 2021 2021 2022 2022 1992 1992 2020 2020 2021 2021 1996 1996 2019 2019 2020 2020 1998 1998 2018 2018 2019 2019 2000 2000 2017 2017 2018 2018 2001 2001 2016 2016 2017 2017 1994 1994 2015 2015 2016 2016 1989 1989 2011 2011 2029 2029 2030 2030 2010 2010 2030 2030 2031 2031 2009 2009 2031 2031 2032 2032 2008 2008 2032 2032 2013 2013 2013 2013 2007 2007 2008 2008 2032 2032 2008 2008 2009 2009 2031 2031 2009 2009 2010 2010 2030 2030 2010 2010 2011 2011 2033 2033 2034 2034 2029 2029 2029 2029 2011 2011 2033 2033 2033 2033 2011 2011 2035 2035 2011 2011 1982 1982 1960 1960 1960 1960 2035 2035 2011 2011 1967 1967 1959 1959 1960 1960 1960 1960 1982 1982 1967 1967 2035 2035 2036 2036 2033 2033 2037 2037 2038 2038 2039 2039 2040 2040 2039 2039 2041 2041 2042 2042 2041 2041 2043 2043 2044 2044 2043 2043 2045 2045 2046 2046 2045 2045 2034 2034 2034 2034 2033 2033 2046 2046 2045 2045 2046 2046 2044 2044 2043 2043 2044 2044 2042 2042 2041 2041 2042 2042 2040 2040 2039 2039 2040 2040 2037 2037 2047 2047 2024 2024 2026 2026 2048 2048 2014 2014 2015 2015 2013 2013 2032 2032 2019 2019 2031 2031 2020 2020 2019 2019 2038 2038 2049 2049 2050 2050 2027 2027 2051 2051 2052 2052 2047 2047 2027 2027 2024 2024 2015 2015 2028 2028 2048 2048 2014 2014 2017 2017 2016 2016 2013 2013 2018 2018 2017 2017 2019 2019 2032 2032 2031 2031 2025 2025 2053 2053 2054 2054 2050 2050 2039 2039 2038 2038 2038 2038 2048 2048 2055 2055 2052 2052 2048 2048 2027 2027 2026 2026 2054 2054 2047 2047 2016 2016 2015 2015 2014 2014 2019 2019 2018 2018 2013 2013 2029 2029 2053 2053 2023 2023 2054 2054 2026 2026 2025 2025 2055 2055 2049 2049 2038 2038 2047 2047 2051 2051 2027 2027 2017 2017 2014 2014 2013 2013 2025 2025 2023 2023 2053 2053 2034 2034 2056 2056 2053 2053 2034 2034 2045 2045 2057 2057 2045 2045 2043 2043 2058 2058 2048 2048 2059 2059 2055 2055 2028 2028 2027 2027 2048 2048 2030 2030 2021 2021 2020 2020 2029 2029 2022 2022 2021 2021 2053 2053 2029 2029 2034 2034 2058 2058 2057 2057 2045 2045 2043 2043 2041 2041 2060 2060 2041 2041 2039 2039 2061 2061 2052 2052 2059 2059 2048 2048 2021 2021 2030 2030 2029 2029 2057 2057 2056 2056 2034 2034 2061 2061 2060 2060 2041 2041 2020 2020 2031 2031 2030 2030 2060 2060 2058 2058 2043 2043 2023 2023 2022 2022 2029 2029 2050 2050 2061 2061 2039 2039 2038 2038 2037 2037 2062 2062 2062 2062 2048 2048 2038 2038 2063 2063 2062 2062 2037 2037 2037 2037 2064 2064 2063 2063 2033 2033 2036 2036 2065 2065 2046 2046 2065 2065 2066 2066 2044 2044 2066 2066 2067 2067 2042 2042 2067 2067 2068 2068 2040 2040 2068 2068 2064 2064 2064 2064 2037 2037 2040 2040 2068 2068 2040 2040 2042 2042 2067 2067 2042 2042 2044 2044 2066 2066 2044 2044 2046 2046 2065 2065 2046 2046 2033 2033 2036 2036 2035 2035 2069 2069 2069 2069 2070 2070 2036 2036 2071 2071 2072 2072 2073 2073 2074 2074 2075 2075 2076 2076 2073 2073 2075 2075 2071 2071 2073 2073 2076 2076 2075 2075 2077 2077 2078 2078 2072 2072 2079 2079 2080 2080 2081 2081 2074 2074 2082 2082 2083 2083 2072 2072 2071 2071 2077 2077 2084 2084 2085 2085 2078 2078 2070 2070 2086 2086 2085 2085 2079 2079 2087 2087 2088 2088 2081 2081 2089 2089 2079 2079 2076 2076 2082 2082 2074 2074 2085 2085 2084 2084 2070 2070 2070 2070 2069 2069 2090 2090 2089 2089 2087 2087 2079 2079 2083 2083 2080 2080 2074 2074 2090 2090 2086 2086 2070 2070 2083 2083 2081 2081 2080 2080 2069 2069 2091 2091 2090 2090 2078 2078 2077 2077 2084 2084 2069 2069 2088 2088 2091 2091 2088 2088 2069 2069 2079 2079 2036 2036 2070 2070 2084 2084 2065 2065 2084 2084 2077 2077 2066 2066 2077 2077 2071 2071 2067 2067 2071 2071 2075 2075 2068 2068 2075 2075 2074 2074 2074 2074 2064 2064 2068 2068 2075 2075 2068 2068 2067 2067 2071 2071 2067 2067 2066 2066 2077 2077 2066 2066 2065 2065 2084 2084 2065 2065 2036 2036 2074 2074 2080 2080 2063 2063 2063 2063 2064 2064 2074 2074 2089 2089 2081 2081 2059 2059 2087 2087 2089 2089 2052 2052 2088 2088 2087 2087 2051 2051 2091 2091 2088 2088 2047 2047 2090 2090 2091 2091 2054 2054 2086 2086 2090 2090 2053 2053 2085 2085 2086 2086 2056 2056 2078 2078 2085 2085 2057 2057 2072 2072 2078 2078 2058 2058 2073 2073 2072 2072 2060 2060 2061 2061 2050 2050 2076 2076 2076 2076 2073 2073 2061 2061 2082 2082 2076 2076 2050 2050 2083 2083 2082 2082 2049 2049 2081 2081 2083 2083 2055 2055 2055 2055 2059 2059 2081 2081 2049 2049 2055 2055 2083 2083 2050 2050 2049 2049 2082 2082 2060 2060 2061 2061 2073 2073 2058 2058 2060 2060 2072 2072 2057 2057 2058 2058 2078 2078 2056 2056 2057 2057 2085 2085 2053 2053 2056 2056 2086 2086 2054 2054 2053 2053 2090 2090 2047 2047 2054 2054 2091 2091 2051 2051 2047 2047 2088 2088 2052 2052 2051 2051 2087 2087 2059 2059 2052 2052 2089 2089 1957 1957 1953 1953 2079 2079 2079 2079 2069 2069 1957 1957 2035 2035 1960 1960 1957 1957 2069 2069 2035 2035 1957 1957 1975 1975 1952 1952 1966 1966 1985 1985 2006 2006 2092 2092 1975 1975 1953 1953 1952 1952 2092 2092 1953 1953 1985 1985 2014 2014 2079 2079 2093 2093 2080 2080 2048 2048 2062 2062 1953 1953 1975 1975 1985 1985 2006 2006 2012 2012 2093 2093 2014 2014 2048 2048 2079 2079 2062 2062 2063 2063 2080 2080 2093 2093 2092 2092 2006 2006 2080 2080 2079 2079 2048 2048 2093 2093 2012 2012 2014 2014 1966 1966 1973 1973 1975 1975 2093 2093 2094 2094 2095 2095 2095 2095 2096 2096 2093 2093 2093 2093 2097 2097 2094 2094 2095 2095 2098 2098 2096 2096 2096 2096 2099 2099 2100 2100 2098 2098 2101 2101 2096 2096 2100 2100 2102 2102 2096 2096 2093 2093 2103 2103 2097 2097 2079 2079 2104 2104 2105 2105 2102 2102 2106 2106 2107 2107 2101 2101 2099 2099 2096 2096 2105 2105 2093 2093 2079 2079 2102 2102 2108 2108 2106 2106 2105 2105 2103 2103 2093 2093 2100 2100 2108 2108 2102 2102 2079 2079 2107 2107 2109 2109 2109 2109 2104 2104 2079 2079 2107 2107 2079 2079 2102 2102 2103 2103 2105 2105 2110 2110 2097 2097 2103 2103 2111 2111 2094 2094 2097 2097 2112 2112 2113 2113 2114 2114 2095 2095 2115 2115 2098 2098 2095 2095 2095 2095 2114 2114 2115 2115 2101 2101 2098 2098 2115 2115 2099 2099 2101 2101 2116 2116 2100 2100 2099 2099 2117 2117 2108 2108 2100 2100 2118 2118 2106 2106 2108 2108 2119 2119 2107 2107 2106 2106 2120 2120 2109 2109 2107 2107 2121 2121 2104 2104 2109 2109 2122 2122 2105 2105 2104 2104 2123 2123 2123 2123 2110 2110 2105 2105 2122 2122 2123 2123 2104 2104 2121 2121 2122 2122 2109 2109 2120 2120 2121 2121 2107 2107 2119 2119 2120 2120 2106 2106 2118 2118 2119 2119 2108 2108 2117 2117 2118 2118 2100 2100 2116 2116 2117 2117 2099 2099 2115 2115 2116 2116 2101 2101 2095 2095 2094 2094 2113 2113 2112 2112 2113 2113 2094 2094 2111 2111 2112 2112 2097 2097 2110 2110 2111 2111 2103 2103 2124 2124 2116 2116 2115 2115 2124 2124 2125 2125 2118 2118 2124 2124 2117 2117 2116 2116 2125 2125 2119 2119 2118 2118 2125 2125 1953 1953 2121 2121 2092 2092 2124 2124 2114 2114 2118 2118 2117 2117 2124 2124 2121 2121 2120 2120 2125 2125 1953 1953 2092 2092 2110 2110 2114 2114 2113 2113 2092 2092 2120 2120 2119 2119 2125 2125 1953 1953 2123 2123 2122 2122 2092 2092 2111 2111 2110 2110 2113 2113 2112 2112 2092 2092 2122 2122 2121 2121 1953 1953 2112 2112 2111 2111 2092 2092 2110 2110 2123 2123 1953 1953 2115 2115 2114 2114 2124 2124 2126 2126 2125 2125 2127 2127 2128 2128 2129 2129 2130 2130 2127 2127 2131 2131 2126 2126 2128 2128 2132 2132 2129 2129 2126 2126 2133 2133 2125 2125 2079 2079 1953 1953 2125 2125 2130 2130 2102 2102 2128 2128 2125 2125 2128 2128 2079 2079 2133 2133 2128 2128 2125 2125 2102 2102 2079 2079 2128 2128 2096 2096 2134 2134 2135 2135 2136 2136 2137 2137 2138 2138 2096 2096 2139 2139 2134 2134 2136 2136 2140 2140 2137 2137 2092 2092 2093 2093 2141 2141 2141 2141 2093 2093 2096 2096 2138 2138 2124 2124 2136 2136 2135 2135 2141 2141 2096 2096 2141 2141 2136 2136 2092 2092 2124 2124 2092 2092 2136 2136 2133 2133 2136 2136 2141 2141 2141 2141 2128 2128 2133 2133 2096 2096 2102 2102 2130 2130 2139 2139 2130 2130 2129 2129 2134 2134 2129 2129 2132 2132 2135 2135 2132 2132 2128 2128 2128 2128 2141 2141 2135 2135 2132 2132 2135 2135 2134 2134 2129 2129 2134 2134 2139 2139 2130 2130 2139 2139 2096 2096 2125 2125 2124 2124 2138 2138 2127 2127 2138 2138 2137 2137 2131 2131 2137 2137 2140 2140 2126 2126 2140 2140 2136 2136 2136 2136 2133 2133 2126 2126 2140 2140 2126 2126 2131 2131 2137 2137 2131 2131 2127 2127 2138 2138 2127 2127 2125 2125</p>
        </triangles>
      </mesh>
    </geometry>
  </library_geometries>
  <library_materials>
    <material id="9cc8f27218764f0080351fd9acf29147" name="defaultmaterial">
      <instance_effect url="#ffc0ca7218b540f08a509ceacbf70560"/>
    </material>
  </library_materials>
  <library_visual_scenes>
    <visual_scene id="scene">
      <node id="node0" name="node0">
        <instance_geometry url="#9de08db775b549f49974cd3b8acd2c0b">
          <bind_material>
            <technique_common>
              <instance_material symbol="material0" target="#9cc8f27218764f0080351fd9acf29147"/>
            </technique_common>
          </bind_material>
        </instance_geometry>
      </node>
    </visual_scene>
  </library_visual_scenes>
  <scene>
    <instance_visual_scene url="#scene"/>
  </scene>
</COLLADA>
