<COLLADA xmlns="http://www.collada.org/2005/11/COLLADASchema" version="1.4.1">
  <asset>
    <created>2026-05-22T13:08:30.301272</created>
    <modified>2026-05-22T13:08:30.301277</modified>
    <up_axis>Y_UP</up_axis>
  </asset>
  <library_effects>
    <effect id="4bbf5db303d74c83ae310764ddc7881f" name="4bbf5db303d74c83ae310764ddc7881f">
      <profile_COMMON>
        <technique sid="common">
          <phong>
            <emission>
              <color>0.0 0.0 0.0 1.0</color>
            </emission>
            <ambient>
              <color>0.0 0.0 0.0 1.0</color>
            </ambient>
            <diffuse>
              <color>0.0 0.0 0.0 1.0</color>
            </diffuse>
            <specular>
              <color>0.0 0.0 0.0 1.0</color>
            </specular>
            <shininess>
              <float>0.0</float>
            </shininess>
            <reflective>
              <color>0.0 0.0 0.0 1.0</color>
            </reflective>
            <reflectivity>
              <float>0.0</float>
            </reflectivity>
            <transparent>
              <color>0.0 0.0 0.0 1.0</color>
            </transparent>
            <transparency>
              <float>1.0</float>
            </transparency>
          </phong>
        </technique>
        <extra>
          <technique profile="GOOGLEEARTH">
            <double_sided>0</double_sided>
          </technique>
        </extra>
      </profile_COMMON>
    </effect>
  </library_effects>
  <library_geometries>
    <geometry id="9f48e3290d7941838328e88311ed25e6" name="8f7b2fb464d1479ba9c9cdbedd40a0fc">
      <mesh>
        <source id="verts-array">
          <float_array count="8403" id="verts-array-array">0.0002850567 0.001472665 2.058229e-17 0.0009367868 0.001171508 1.704034e-17 0.0009367868 0.001171508 0.016 -0.0004319764 0.001436453 1.940909e-17 0.0002850567 0.001472665 0.016 -0.001050049 0.001071166 1.378949e-17 -0.0004319764 0.001436453 0.016 -0.001050049 0.001071166 0.016 -0.001171508 0.0009367868 0.016 -0.001171508 0.0009367868 1.18217e-17 -0.001427568 0.0004604885 0.016 -0.001427568 0.0004604885 5.010895e-18 -0.001478048 -0.0002556816 -4.915639e-18 -0.001189926 -0.0009132781 -1.371606e-17 -0.001478048 -0.0002556816 0.016 -0.0006292053 -0.001361654 -1.93743e-17 -0.001189926 -0.0009132781 0.016 7.565835e-05 -0.001498091 -2.059411e-17 -0.0006292053 -0.001361654 0.016 0.0007631896 -0.001291333 -1.709607e-17 7.565835e-05 -0.001498091 0.016 0.001275883 -0.0007887469 -9.681522e-18 0.0007631896 -0.001291333 0.016 0.001496288 -0.0001054682 -4.905359e-20 0.001275883 -0.0007887469 0.016 0.00137391 0.000601972 9.594652e-18 0.001496288 -0.0001054682 0.016 0.00137391 0.000601972 0.016 -0.004231255 0.001682043 2.428613e-17 -0.003343913 0.003060599 5.390523e-17 -0.00185312 0.00405351 5.551115e-17 0.006324346 0.006152663 7.56995e-17 0.006358612 0.004701536 5.571433e-17 0.001387442 -0.004235564 -4.510281e-17 -0.0003814899 -0.004517022 -6.413861e-17 -0.00196853 -0.00410581 -4.163336e-17 0.00707013 0.003436354 5.551115e-17 0.008966969 0.001427183 3.469447e-17 0.007050556 0.007534347 1.00614e-16 0.006975354 0.007450019 9.420734e-17 0.01041018 0.0004048033 2.22298e-17 0.01213592 1.755964e-05 1.850941e-17 0.01226371 1.644361e-05 4.163336e-17 0.00707013 0.003436354 -0.0037 0.008966969 0.001427183 -0.0037 -0.001962353 0.004332917 0.0003 0.00815923 0.008289887 0.0003 0.007918987 0.008183615 0.0002884982 0.006358612 0.004701536 -0.0037 0.006324346 0.006152663 -0.0037 0.006975354 0.007450019 -0.0037 0.00815923 0.008289887 -0.0037 0.001496674 -0.004514971 0.0003 0.01243389 2.059385e-05 5.809853e-05 0.01387759 0.0003252712 0.0003 0.01387759 0.0003252712 -0.0037 0.01213592 1.755964e-05 -0.0037 0.01041018 0.0004048033 -0.0037 0.007288272 0.0036423 -0.004 0.009185112 0.001633129 -0.004 0.008268463 0.00801048 -0.004 0.007202974 0.007254599 -0.004 0.006617067 0.006086979 -0.004 0.006647906 0.004780964 -0.004 0.03552476 0.01898827 -0.0037 0.03563399 0.01870886 -0.004 0.01053211 0.0006789082 -0.004 0.0121428 0.0003174808 -0.004 0.01376836 0.0006046782 -0.004 0.03887455 0.01041979 -0.004 0.03898378 0.01014038 -0.0037 0.03608276 0.01550111 -0.004 0.04150483 0.01324703 -0.004 0.04051234 0.01153324 -0.004 0.03853015 0.01377557 -0.004 0.03577622 0.01430864 -0.004 0.03606434 0.01365104 -0.004 0.03620422 0.01563549 -0.004 0.03875056 0.01445885 -0.004 0.04165544 0.01522173 -0.004 0.03801746 0.01327299 -0.004 0.03682229 0.01600078 -0.004 0.03662506 0.01320267 -0.004 0.0358267 0.01502481 -0.004 0.04093435 0.01706623 -0.004 0.03862818 0.01516629 -0.004 0.03819105 0.01573583 -0.004 0.03732993 0.01306623 -0.004 0.03759269 0.01900144 -0.004 0.03753933 0.01603699 -0.004 0.03948437 0.01841518 -0.004 0.04073199 0.01132889 -0.0037 0.04179138 0.01315823 -0.0037 0.04195215 0.01526605 -0.0037 0.04118244 0.01723489 -0.0037 0.03963471 0.01867479 -0.0037 0.03761551 0.01930057 -0.0037 0.03898378 0.01014038 -0.001 0.04073199 0.01132889 -0.001 0.04179138 0.01315823 -0.001 0.04195215 0.01526605 -0.001 0.04118244 0.01723489 -0.001 0.03963471 0.01867479 -0.001 0.03761551 0.01930057 -0.001 0.03552476 0.01898827 -0.001 0.03819105 0.01573583 -0.001 0.03753933 0.01603699 -0.001 0.03682229 0.01600078 -0.001 0.03620422 0.01563549 -0.001 0.03608276 0.01550111 -0.001 0.0358267 0.01502481 -0.001 0.03577622 0.01430864 -0.001 0.03606434 0.01365104 -0.001 0.03662506 0.01320267 -0.001 0.03732993 0.01306623 -0.001 0.03801746 0.01327299 -0.001 0.03853015 0.01377557 -0.001 0.03875056 0.01445885 -0.001 0.03862818 0.01516629 -0.001 -0.003559631 0.003269084 0.0003 -0.004510354 0.001792059 0.0003 -0.004609795 -0.0001916145 0.0001842265 -0.004805153 -0.0002679847 0.0004751832 -0.003166701 0.00363012 0.0025 -0.003559631 0.003269084 0.0025 -0.004280628 0.002285183 0.0025 -0.004568393 0.001636467 0.0025 -0.004798659 0.0006174516 0.0025 -0.004805167 -0.0002679962 0.0025 -0.001962353 0.004332917 0.0025 -0.004443669 0.002373503 0.003538351 -0.004983046 0.0006370507 0.003538351 -0.005672416 0.0007103259 0.00462132 -0.006749319 0.0008247932 0.005314574 -0.007781853 0.0009345445 0.0055 -0.007640286 0.001791054 0.0055 -0.005359126 0.00283065 0.004906137 -0.005325708 0.002846049 0.004889484 -0.006314303 0.002391578 0.00529065 -0.005053233 0.002703703 0.00462132 -0.004758434 0.003108403 0.004577097 -0.003353005 0.003750728 0.003606928 -0.003158439 0.003836494 0.003457092 -0.004860531 -0.0002896403 0.003082705 -0.004984945 -0.0003382792 0.003539197 -0.00521476 -0.0004281237 0.004037584 -0.00565152 -0.0005988725 0.004621536 -0.005860084 -0.0006804093 0.004819131 -0.006709285 -0.001012399 0.005324477 -0.007666477 -0.001386607 0.0055 -0.004595751 0.003303407 0.004725168 -0.007749518 0.002070461 0.0058 -0.006199902 0.002676274 0.005530531 -0.02142377 -0.003597513 0.0055 -0.021533 -0.003318106 0.0058 -0.008322773 -0.001643182 0.004399714 -0.005808546 -0.0006602608 0.001100287 -0.00484256 -0.0002826148 0.000288991 -0.009288758 -0.002020828 0.005211009 -0.01048526 -0.002488594 0.0055 -0.007230448 -0.004437252 0.004399714 -0.004716222 -0.003454331 0.001100287 -0.008196434 -0.004814898 0.005211009 -0.009392939 -0.005282664 0.0055 -0.003517457 -0.002985675 0.0001842266 -0.003750236 -0.003076685 0.000288991 -0.00209901 -0.004375949 0.0003 -0.0003986097 -0.004816533 0.0003 -0.003712824 -0.003062065 0.0004751832 -0.003712843 -0.003062066 0.0025 -0.003868354 -0.003122862 0.0034685 -0.005590576 -0.003796154 0.005314371 -0.005889244 -0.003912917 0.005411328 -0.004559099 -0.003392905 0.004621434 -0.005004284 -0.003566947 0.005002034 -0.004311677 -0.003296176 0.00432738 -0.006574153 -0.004180677 0.0055 0.001496674 -0.004514971 0.0025 0.0001349998 -0.004815344 0.0025 -0.002247188 -0.004300975 0.0025 -0.003107524 -0.003708324 0.0025 -0.0003986097 -0.004816533 0.0025 -0.001595744 -0.004582514 0.0025 -0.003229728 -0.003847783 0.003538351 -0.001655655 -0.004757995 0.003538351 -0.001879642 -0.005414067 0.00462132 4.487682e-05 -0.005042242 0.003632736 0.0003386721 -0.004941456 0.00341368 -0.00125372 -0.005468286 0.004499194 -0.001294227 -0.005481268 0.004522855 -0.003686615 -0.00436918 0.00462132 -0.002108646 -0.005744114 0.004948157 -0.002889565 -0.005998105 0.005251519 -0.004400343 -0.005183683 0.005314574 -0.004399724 -0.006498021 0.0055 -0.005084665 -0.005964629 0.0055 -0.001136719 -0.00554448 0.004725164 -0.001927035 -0.005853449 0.005185361 -0.004290492 -0.006777428 0.0058 -0.01397701 -0.01056431 0.0058 -0.01408624 -0.0102849 0.0055 -0.0232513 -0.004882765 0.0055 -0.02209637 -0.00606538 0.0055 -0.02261703 -0.007033854 0.0055 -0.02184941 -0.005792142 0.0055 -0.02059266 -0.005049393 0.0055 -0.01918022 -0.01263465 0.0055 -0.01956047 -0.0110163 0.0055 -0.01816249 -0.01059589 0.0055 -0.02139666 -0.01235335 0.0055 -0.02099369 -0.01073888 0.0055 -0.02427785 -0.006867194 0.0055 -0.02271967 -0.008490066 0.0055 -0.01708473 -0.01185963 0.0055 -0.01712001 -0.009573965 0.0055 -0.02323212 -0.01107944 0.0055 -0.02213382 -0.009827179 0.0055 -0.02427093 -0.009101405 0.0055 -0.0178095 -0.005588115 0.0055 -0.01913469 -0.004975761 0.0055 -0.01692069 -0.006746171 0.0055 -0.01667185 -0.008184632 0.0055 -0.0169167 -0.01210816 0.0058 -0.02347731 -0.004685484 0.0058 -0.02456945 -0.006796714 0.0058 -0.02456209 -0.009173688 0.0058 -0.0234569 -0.01127812 0.0058 -0.02150416 -0.01263343 0.0058 -0.01914609 -0.0129327 0.0058 -0.01397701 -0.01056431 0.0102 -0.0169167 -0.01210816 0.0102 -0.021533 -0.003318106 0.0102 -0.02347731 -0.004685484 0.0102 -0.02456945 -0.006796714 0.0102 -0.02456209 -0.009173688 0.0102 -0.0234569 -0.01127812 0.0102 -0.02150416 -0.01263343 0.0102 -0.01914609 -0.0129327 0.0102 -0.0178095 -0.005588115 0.0105 -0.01913469 -0.004975761 0.0105 -0.02059266 -0.005049393 0.0105 -0.02184941 -0.005792142 0.0105 -0.02209637 -0.00606538 0.0105 -0.02261703 -0.007033854 0.0105 -0.02271967 -0.008490066 0.0105 -0.02213382 -0.009827179 0.0105 -0.02099369 -0.01073888 0.0105 -0.01956047 -0.0110163 0.0105 -0.01816249 -0.01059589 0.0105 -0.01712001 -0.009573965 0.0105 -0.01667185 -0.008184632 0.0105 -0.01692069 -0.006746171 0.0105 -0.01408624 -0.0102849 0.0105 -0.01708473 -0.01185963 0.0105 -0.004290492 -0.006777428 0.0102 -0.004399724 -0.006498021 0.0105 -0.01918022 -0.01263465 0.0105 -0.02139666 -0.01235335 0.0105 -0.02323212 -0.01107944 0.0105 -0.02427093 -0.009101405 0.0105 -0.02427785 -0.006867194 0.0105 -0.0232513 -0.004882765 0.0105 -0.02142377 -0.003597513 0.0105 -0.007640286 0.001791054 0.0105 -0.007749518 0.002070461 0.0102 -0.001136724 -0.005544482 0.01127483 0.001496674 -0.004514971 0.0135 0.0002810399 -0.004961395 0.01254291 7.989434e-05 -0.00503033 0.01239307 -0.002740875 -0.006171615 0.01046947 -0.003018032 -0.006039995 0.01070935 -0.001983327 -0.00570347 0.01111052 -0.001294275 -0.005481284 0.01147712 -0.00138853 -0.00551152 0.0114229 -0.002018329 -0.005714819 0.01109386 -0.004595745 0.003303409 0.01127484 -0.003386817 0.003735731 0.01236726 -0.003102565 0.003860929 0.01258632 -0.004630047 0.003168065 0.01150081 -0.004668619 0.003150131 0.01147714 -0.005386062 0.00299444 0.01081464 -0.005445364 0.002790921 0.01105184 -0.006191488 0.002447925 0.01074848 -0.001962353 0.004332917 0.0135 -0.005053233 0.002703703 0.01137868 -0.005672416 0.0007103259 0.01137868 -0.004983046 0.0006370507 0.01246165 -0.004798659 0.0006174516 0.0135 -0.004568393 0.001636467 0.0135 -0.004443669 0.002373503 0.01246165 -0.004280628 0.002285183 0.0135 -0.003559631 0.003269084 0.0135 -0.003166701 0.00363012 0.0135 -0.006749319 0.0008247932 0.01068543 -0.007781853 0.0009345445 0.0105 -0.006981568 -0.001118847 0.01058867 -0.0066829 -0.001002084 0.01068563 -0.007666477 -0.001386607 0.0105 -0.006096608 -0.0007728768 0.01099797 -0.005651423 -0.0005988345 0.01137857 -0.005404001 -0.0005021064 0.01167262 -0.004960678 -0.0003287923 0.0125315 -0.004805167 -0.0002679962 0.0135 -0.009392939 -0.005282664 0.0105 -0.01048526 -0.002488594 0.0105 -0.005084665 -0.005964629 0.0105 -0.006574153 -0.004180677 0.0105 -0.009288758 -0.002020828 0.01078899 -0.008322773 -0.001643182 0.01160029 -0.008196434 -0.004814898 0.01078899 -0.007230448 -0.004437252 0.01160029 -0.005808546 -0.0006602608 0.01489971 -0.004716222 -0.003454331 0.01489971 -0.004805152 -0.0002679841 0.01552482 -0.00484256 -0.0002826148 0.01571101 -0.004609776 -0.0001916161 0.01581577 -0.003750236 -0.003076685 0.01571101 -0.003517469 -0.002985689 0.01581577 -0.00196853 -0.00410581 0.016 -0.004231255 0.001682043 0.016 -0.003892621 -0.003132349 0.0124608 -0.003768207 -0.003083711 0.0129173 -0.004559196 -0.003392943 0.01137846 -0.004122435 -0.003222194 0.01196242 -0.005616961 -0.003806469 0.01067552 -0.00476776 -0.003474479 0.01118087 -0.003712843 -0.003062066 0.0135 -0.003712825 -0.003062065 0.01552482 -0.003686615 -0.00436918 0.01137868 -0.001879642 -0.005414067 0.01137868 -0.001655655 -0.004757995 0.01246165 -0.004400343 -0.005183683 0.01068543 0.0001349998 -0.004815344 0.0135 -0.0003986097 -0.004816533 0.0135 -0.003229728 -0.003847783 0.01246165 -0.002247188 -0.004300975 0.0135 -0.001595744 -0.004582514 0.0135 -0.003107524 -0.003708324 0.0135 -0.001962353 0.004332917 0.0157 -0.003559631 0.003269084 0.0157 -0.004510354 0.001792059 0.0157 0.001496674 -0.004514971 0.0157 -0.0003986097 -0.004816533 0.0157 -0.00209901 -0.004375949 0.0157 -0.003343913 0.003060599 0.016 -0.00185312 0.00405351 0.016 0.007050556 0.007534347 0.016 0.007305513 0.007778998 0.01586497 0.00815923 0.008289887 0.0157 0.001387442 -0.004235564 0.016 -0.0003814899 -0.004517022 0.016 0.01387759 0.0003252712 0.0157 0.01380474 0.000297515 0.01570068 0.01226371 1.644361e-05 0.016 0.008966969 0.001427183 0.016 0.00707013 0.003436354 0.016 0.01041018 0.0004048033 0.016 0.01213592 1.755964e-05 0.016 0.006358612 0.004701536 0.016 0.006324346 0.006152663 0.016 0.006975354 0.007450019 0.016 0.01041018 0.0004048033 0.0197 0.008966969 0.001427183 0.0197 0.01213592 1.755964e-05 0.0197 0.01387759 0.0003252712 0.0197 0.006975354 0.007450019 0.0197 0.00815923 0.008289887 0.0197 0.006324346 0.006152663 0.0197 0.006358612 0.004701536 0.0197 0.00707013 0.003436354 0.0197 0.009185112 0.001633129 0.02 0.007288272 0.0036423 0.02 0.006647906 0.004780964 0.02 0.006617067 0.006086979 0.02 0.007202974 0.007254599 0.02 0.008268463 0.00801048 0.02 0.03563399 0.01870886 0.02 0.03552476 0.01898827 0.0197 0.01376836 0.0006046782 0.02 0.0121428 0.0003174808 0.02 0.01053211 0.0006789082 0.02 0.03898378 0.01014038 0.0197 0.03887455 0.01041979 0.02 0.0358267 0.01502481 0.02 0.03608276 0.01550111 0.02 0.04150483 0.01324703 0.02 0.03875056 0.01445885 0.02 0.03853015 0.01377557 0.02 0.03577622 0.01430864 0.02 0.04051234 0.01153324 0.02 0.04165544 0.01522173 0.02 0.04093435 0.01706623 0.02 0.03862818 0.01516629 0.02 0.03620422 0.01563549 0.02 0.03801746 0.01327299 0.02 0.03948437 0.01841518 0.02 0.03819105 0.01573583 0.02 0.03759269 0.01900144 0.02 0.03753933 0.01603699 0.02 0.03682229 0.01600078 0.02 0.03606434 0.01365104 0.02 0.03732993 0.01306623 0.02 0.03662506 0.01320267 0.02 0.03761551 0.01930057 0.0197 0.03963471 0.01867479 0.0197 0.04118244 0.01723489 0.0197 0.04195215 0.01526605 0.0197 0.04179138 0.01315823 0.0197 0.04073199 0.01132889 0.0197 0.03898378 0.01014038 0.017 0.04073199 0.01132889 0.017 0.04179138 0.01315823 0.017 0.04195215 0.01526605 0.017 0.04118244 0.01723489 0.017 0.03963471 0.01867479 0.017 0.03761551 0.01930057 0.017 0.03552476 0.01898827 0.017 0.03753933 0.01603699 0.017 0.03819105 0.01573583 0.017 0.03682229 0.01600078 0.017 0.03620422 0.01563549 0.017 0.0358267 0.01502481 0.017 0.03608276 0.01550111 0.017 0.03577622 0.01430864 0.017 0.03606434 0.01365104 0.017 0.03662506 0.01320267 0.017 0.03732993 0.01306623 0.017 0.03801746 0.01327299 0.017 0.03853015 0.01377557 0.017 0.03875056 0.01445885 0.017 0.03862818 0.01516629 0.017 0.03445101 0.008368319 0.001 0.03445101 0.008368319 0.015 0.0345928 0.00842375 0.0002346331 0.03499658 0.008581609 -0.0004142136 0.03631372 0.009096535 -0.001 0.03560089 0.008817858 -0.0008477591 0.03499658 0.008581609 0.01641421 0.0345928 0.00842375 0.01576537 0.03560089 0.008817858 0.01684776 0.03631372 0.009096535 0.017 0.03390485 0.009765354 0.015 0.03390485 0.009765354 0.001 0.03404664 0.009820785 0.0002346331 0.03445042 0.009978643 -0.0004142136 0.03505473 0.01021489 -0.0008477591 0.03576756 0.01049357 -0.001 0.03404664 0.009820785 0.01576537 0.03445042 0.009978643 0.01641421 0.03505473 0.01021489 0.01684776 0.03576756 0.01049357 0.017 0.02853958 0.01625746 0.017 0.03145244 0.008806602 0.017 0.02853958 0.01625746 -0.001 0.03145244 0.008806602 -0.001 0.02958973 0.008078386 0.015 0.02958973 0.008078386 0.001 0.03073961 0.008527926 0.01684776 0.02973152 0.008133818 0.01576537 0.03013531 0.008291676 0.01641421 0.03073961 0.008527926 -0.0008477591 0.02973152 0.008133818 0.0002346331 0.03013531 0.008291676 -0.0004142136 0.02667687 0.01552924 0.001 0.02667687 0.01552924 0.015 0.02681866 0.01558467 0.01576537 0.02722244 0.01574253 0.01641421 0.02782675 0.01597878 0.01684776 0.02681866 0.01558467 0.0002346331 0.02722244 0.01574253 -0.0004142136 0.02782675 0.01597878 -0.0008477591 0.02341712 0.01425486 0.017 0.02513804 0.01492765 0.0002346331 0.02527983 0.01498308 0.001 0.02527983 0.01498308 0.015 0.0109533 0.009382211 -0.001 0.02341712 0.01425486 -0.001 0.02412995 0.01453354 0.01684776 0.02513804 0.01492765 0.01576537 0.02473425 0.01476979 -0.0004142136 0.0109533 0.009382211 0.017 0.01011339 0.009053852 -0.0007851405 0.008618267 0.008469344 0.01460743 0.008198311 0.008305165 0.0145 0.01011339 0.009053852 0.01678514 0.02473425 0.01476979 0.01641421 0.02412995 0.01453354 -0.0008477591 0.004091466 0.00669962 0.0145 0.008198311 0.008305165 0.0015 0.008618267 0.008469344 0.00139257 0.008947992 0.008598248 0.001093363 0.00911664 0.008664181 0.0006666667 0.009453938 0.008796045 -0.0001867267 0.00911664 0.008664181 0.01533333 0.008947992 0.008598248 0.01490664 0.003378637 0.006420943 0.01434776 0.002228753 0.005971404 0.0125 0.002228753 0.005971404 0.0035 0.002774329 0.006184693 0.002085787 0.003378637 0.006420943 0.001652241 0.004091466 0.00669962 0.0015 0.009453938 0.008796045 0.01618673 0.002370543 0.006026836 0.01326537 0.002774329 0.006184693 0.01391421 0.002370543 0.006026836 0.002734633 0.02614793 0.007269687 -0.001 0.01368411 0.002397035 -0.001 0.004959563 -0.001013772 0.0125 0.005101354 -0.0009583396 0.01326537 0.005505139 -0.0008004822 0.01391421 0.006109447 -0.0005642319 0.01434776 0.006822276 -0.0002855556 0.0015 0.004959563 -0.001013772 0.0035 0.006109447 -0.0005642319 0.001652241 0.005505139 -0.0008004822 0.002085787 0.006822276 -0.0002855556 0.0145 0.0128442 0.002068677 -0.0007851405 0.01218475 0.001810869 -0.0001867267 0.02801064 0.007997903 0.001 0.02786885 0.007942471 0.0002346331 0.02746507 0.007784613 -0.0004142136 0.01092912 0.001319989 0.0015 0.005101354 -0.0009583396 0.002734633 0.0116788 0.001613073 0.001093363 0.02746507 0.007784613 0.01641421 0.02786885 0.007942471 0.01576537 0.01184745 0.001679005 0.0006666667 0.02686076 0.007548363 -0.0008477591 0.01368411 0.002397035 0.017 0.01184745 0.001679005 0.01533333 0.01218475 0.001810869 0.01618673 0.01134908 0.001484169 0.00139257 0.0116788 0.001613073 0.01490664 0.02686076 0.007548363 0.01684776 0.01092912 0.001319989 0.0145 0.02614793 0.007269687 0.017 0.02801064 0.007997903 0.015 0.01134908 0.001484169 0.01460743 0.0128442 0.002068677 0.01678514 0.03756308 0.02765971 0.0035 0.03826912 0.02733346 0.0035 0.03826912 0.02733346 0.0115 0.0367863 0.02762048 0.0035 0.03756308 0.02765971 0.0115 0.03611672 0.02722475 0.0035 0.0367863 0.02762048 0.0115 0.03611672 0.02722475 0.0115 0.03598513 0.02707917 0.0115 0.03598513 0.02707917 0.0035 0.03570774 0.02656318 0.0115 0.03570774 0.02656318 0.0035 0.03565305 0.02578733 0.0035 0.03596518 0.02507494 0.0035 0.03565305 0.02578733 0.0115 0.03657263 0.0245892 0.0035 0.03596518 0.02507494 0.0115 0.03733623 0.02444139 0.0035 0.03657263 0.0245892 0.0115 0.03808106 0.02466538 0.0035 0.03733623 0.02444139 0.0115 0.03863648 0.02520985 0.0035 0.03808106 0.02466538 0.0115 0.03887525 0.02595006 0.0035 0.03863648 0.02520985 0.0115 0.03874267 0.02671646 0.0035 0.03887525 0.02595006 0.0115 0.03874267 0.02671646 0.0115 0.001488403 0.01215214 0.0035 0.001620978 0.01138574 0.0035 -0.004011763 0.01274328 0.0035 -0.003075032 0.0143608 0.0035 -0.001269133 0.01251485 0.0035 0.001382207 0.01064552 0.0035 -0.001137553 0.01266043 0.0035 -0.001529254 0.0154117 0.0035 -0.0004679745 0.01305616 0.0035 0.04126603 0.02482104 0.0035 0.0403293 0.02320352 0.0035 0.03572502 0.02997602 0.0035 -0.002104815 0.007865477 0.0035 -0.003473333 0.009138653 0.0035 -0.001289086 0.01051062 0.0035 -0.004153915 0.01087952 0.0035 -0.001601219 0.01122301 0.0035 -0.001546532 0.01199886 0.0035 0.04140818 0.0266848 0.0035 0.03878352 0.02215262 0.0035 0.001014852 0.01276913 0.0035 0.0003088115 0.01309539 0.0035 0.001529254 0.007588302 0.0035 0.0008267887 0.01010106 0.0035 -0.0003194122 0.007312163 0.0035 8.19632e-05 0.009877068 0.0035 -0.0006816391 0.01002488 0.0035 0.0407276 0.02842567 0.0035 0.03935908 0.02969884 0.0035 0.03757368 0.03025216 0.0035 0.001014852 0.01276913 0.0115 0.0003088115 0.01309539 0.0115 -0.0004679745 0.01305616 0.0115 -0.001137553 0.01266043 0.0115 -0.001269133 0.01251485 0.0115 -0.001546532 0.01199886 0.0115 -0.001601219 0.01122301 0.0115 -0.001289086 0.01051062 0.0115 -0.0006816391 0.01002488 0.0115 8.19632e-05 0.009877068 0.0115 0.0008267887 0.01010106 0.0115 0.001382207 0.01064552 0.0115 0.001620978 0.01138574 0.0115 0.001488403 0.01215214 0.0115 0.03889275 0.02187322 0.0038 0.001638486 0.007308895 0.0038 -0.001638486 0.01569111 0.0038 -0.003294677 0.01456514 0.0038 -0.004298317 0.01283209 0.0038 -0.004450623 0.0108352 0.0038 -0.003721428 0.008969985 0.0038 -0.002255158 0.007605868 0.0038 -0.0003422273 0.007013032 0.0038 0.04054895 0.02299918 0.0038 0.04155258 0.02473223 0.0038 0.04170489 0.02672912 0.0038 0.0409757 0.02859434 0.0038 0.03950943 0.02995845 0.0038 0.03759649 0.03055129 0.0038 0.03561578 0.03025543 0.0038 0.03889275 0.02187322 0.0112 0.001638486 0.007308895 0.0112 -0.001638486 0.01569111 0.0112 -0.003294677 0.01456514 0.0112 -0.004298317 0.01283209 0.0112 -0.004450623 0.0108352 0.0112 -0.003721428 0.008969985 0.0112 -0.002255158 0.007605868 0.0112 -0.0003422273 0.007013032 0.0112 0.03561578 0.03025543 0.0112 0.001529254 0.007588302 0.0115 -0.0003194122 0.007312163 0.0115 -0.002104815 0.007865477 0.0115 -0.003473333 0.009138653 0.0115 -0.004153915 0.01087952 0.0115 -0.004011763 0.01274328 0.0115 -0.003075032 0.0143608 0.0115 -0.001529254 0.0154117 0.0115 0.03572502 0.02997602 0.0115 0.03757368 0.03025216 0.0115 0.03878352 0.02215262 0.0115 0.04126603 0.02482104 0.0115 0.04140818 0.0266848 0.0115 0.0407276 0.02842567 0.0115 0.03935908 0.02969884 0.0115 0.0403293 0.02320352 0.0115 0.04054895 0.02299918 0.0112 0.04155258 0.02473223 0.0112 0.04170489 0.02672912 0.0112 0.0409757 0.02859434 0.0112 0.03950943 0.02995845 0.0112 0.03759649 0.03055129 0.0112 0.064848 0.002694 0.0077 0.0644934 0.002694 0.008635016 0.06409949 0.002694 0.008363122 0.06387706 0.002694 0.007939316 0.063848 0.002694 0.0077 0.06387706 0.002694 0.007460685 0.06409949 0.002694 0.007036877 0.0644934 0.002694 0.006764984 0.06496854 0.002694 0.006707291 0.06541606 0.002694 0.006877016 0.06573346 0.002694 0.007235277 0.065848 0.002694 0.0077 0.06573346 0.002694 0.008164724 0.06541606 0.002694 0.008522984 0.06496854 0.002694 0.008692709 0.064848 0.002694 0.0087 0.063598 0.002944 0.0077 0.06363432 0.002944 0.007999145 0.06391236 0.002944 0.008528903 0.06440474 0.002944 0.00886877 0.06499867 0.002944 0.008940886 0.06555808 0.002944 0.00872873 0.06595482 0.002944 0.008280904 0.066098 0.002944 0.0077 0.06595482 0.002944 0.007119096 0.06555808 0.002944 0.00667127 0.06440474 0.002944 0.00653123 0.064848 0.002944 0.00645 0.06391236 0.002944 0.006871097 0.06363432 0.002944 0.007400856 0.06499867 0.002944 0.006459114 0.066098 0.010694 0.0077 0.06595482 0.010694 0.008280904 0.06555808 0.010694 0.00872873 0.06499867 0.010694 0.008940886 0.06440474 0.010694 0.00886877 0.06391236 0.010694 0.008528903 0.06363432 0.010694 0.007999145 0.06363432 0.010694 0.007400856 0.06391236 0.010694 0.006871097 0.06440474 0.010694 0.00653123 0.064848 0.010694 0.00645 0.06499867 0.010694 0.006459114 0.06555808 0.010694 0.00667127 0.06595482 0.010694 0.007119096 0.064848 0.010694 0.0056 0.06510113 0.010694 0.005615311 0.06604094 0.010694 0.005971734 0.06327613 0.010694 0.009092557 0.06280902 0.010694 0.008202563 0.06280902 0.010694 0.007197437 0.06327613 0.010694 0.006307442 0.06410333 0.010694 0.005736466 0.06670746 0.010694 0.008675919 0.06604094 0.010694 0.009428266 0.06510113 0.010694 0.009784688 0.06410333 0.010694 0.009663535 0.06670746 0.010694 0.006724081 0.066948 0.010694 0.0077 0.066948 0.011544 0.0077 0.06670746 0.011544 0.008675919 0.06604094 0.011544 0.009428266 0.06510113 0.011544 0.009784688 0.06410333 0.011544 0.009663535 0.06327613 0.011544 0.009092557 0.06280902 0.011544 0.008202563 0.06280902 0.011544 0.007197437 0.06327613 0.011544 0.006307442 0.06410333 0.011544 0.005736466 0.064848 0.011544 0.0056 0.06510113 0.011544 0.005615311 0.06604094 0.011544 0.005971734 0.06670746 0.011544 0.006724081 0.06648501 0.01223691 0.0077 0.066198 0.012294 0.0077 0.06604337 0.012294 0.008327376 0.0662975 0.01223691 0.008460757 0.06561489 0.012294 0.008811028 0.06577793 0.01223691 0.009047235 0.06501073 0.012294 0.009040157 0.06504532 0.01223691 0.009325077 0.06436928 0.012294 0.008962272 0.06426751 0.01223691 0.009230633 0.06383751 0.012294 0.008595215 0.06362268 0.01223691 0.00878554 0.06353723 0.012294 0.008023076 0.06325856 0.01223691 0.008091763 0.06353723 0.012294 0.007376923 0.06325856 0.01223691 0.007308237 0.06383751 0.012294 0.006804784 0.06362268 0.01223691 0.00661446 0.06436928 0.012294 0.006437728 0.06426751 0.01223691 0.006169367 0.064848 0.012294 0.00635 0.06504532 0.01223691 0.006074923 0.06501073 0.012294 0.006359843 0.06561489 0.012294 0.006588972 0.06577793 0.01223691 0.006352765 0.06604337 0.012294 0.007072624 0.0662975 0.01223691 0.006939243 0.06672833 0.01207433 0.0077 0.06651295 0.01207433 0.008573833 0.06591615 0.01207433 0.009247481 0.06507465 0.01207433 0.00956662 0.06418123 0.01207433 0.009458139 0.06344055 0.01207433 0.008946889 0.06302231 0.01207433 0.008149993 0.06302231 0.01207433 0.007250007 0.06344055 0.01207433 0.006453111 0.06418123 0.01207433 0.005941861 0.06507465 0.01207433 0.00583338 0.06591615 0.01207433 0.006152519 0.06651295 0.01207433 0.006826167 0.06689091 0.01183101 0.0077 0.06665691 0.01183101 0.008649388 0.0660085 0.01183101 0.009381281 0.06509425 0.01183101 0.009728015 0.06412358 0.01183101 0.009610154 0.06331886 0.01183101 0.0090547 0.06286445 0.01183101 0.008188901 0.06286445 0.01183101 0.0072111 0.06331886 0.01183101 0.0063453 0.06412358 0.01183101 0.005789846 0.06509425 0.01183101 0.005671986 0.0660085 0.01183101 0.006018718 0.06665691 0.01183101 0.006750613 0.06530266 0.012294 0.0069125 0.06588723 0.012294 0.0071 0.064848 0.012294 0.0065 0.06439334 0.012294 0.0069125 0.06575733 0.012294 0.0077 0.06588723 0.012294 0.0083 0.06393867 0.012294 0.0077 0.06439334 0.012294 0.0084875 0.06380877 0.012294 0.0083 0.06530266 0.012294 0.0084875 0.064848 0.012294 0.0089 0.06380877 0.012294 0.0071 0.06380877 0.010794 0.0083 0.06393867 0.010794 0.0077 0.06380877 0.010794 0.0071 0.06575733 0.010794 0.0077 0.06439334 0.010794 0.0084875 0.06530266 0.010794 0.0084875 0.06588723 0.010794 0.0071 0.06530266 0.010794 0.0069125 0.064848 0.010794 0.0089 0.06439334 0.010794 0.0069125 0.064848 0.010794 0.0065 0.06588723 0.010794 0.0083 0.054848 0.002694 0.0042 0.05449339 0.002694 0.005135016 0.05409949 0.002694 0.004863123 0.05387706 0.002694 0.004439315 0.053848 0.002694 0.0042 0.05387706 0.002694 0.003960684 0.05409949 0.002694 0.003536877 0.05449339 0.002694 0.003264984 0.05496854 0.002694 0.003207291 0.05541606 0.002694 0.003377016 0.05573346 0.002694 0.003735277 0.055848 0.002694 0.0042 0.05573346 0.002694 0.004664723 0.05541606 0.002694 0.005022984 0.05496854 0.002694 0.005192709 0.054848 0.002694 0.0052 0.053598 0.002944 0.0042 0.05363432 0.002944 0.004499145 0.05391236 0.002944 0.005028903 0.05440474 0.002944 0.00536877 0.05499867 0.002944 0.005440886 0.05555808 0.002944 0.00522873 0.05595482 0.002944 0.004780904 0.056098 0.002944 0.0042 0.05595482 0.002944 0.003619096 0.05555808 0.002944 0.00317127 0.05440474 0.002944 0.00303123 0.054848 0.002944 0.00295 0.05391236 0.002944 0.003371097 0.05363432 0.002944 0.003900855 0.05499867 0.002944 0.002959114 0.056098 0.010694 0.0042 0.05595482 0.010694 0.004780904 0.05555808 0.010694 0.00522873 0.05499867 0.010694 0.005440886 0.05440474 0.010694 0.00536877 0.05391236 0.010694 0.005028903 0.05363432 0.010694 0.004499145 0.05363432 0.010694 0.003900855 0.05391236 0.010694 0.003371097 0.05440474 0.010694 0.00303123 0.054848 0.010694 0.00295 0.05499867 0.010694 0.002959114 0.05555808 0.010694 0.00317127 0.05595482 0.010694 0.003619096 0.054848 0.010694 0.0021 0.05510113 0.010694 0.002115311 0.05604094 0.010694 0.002471734 0.05410333 0.010694 0.006163534 0.05327613 0.010694 0.005592558 0.05327613 0.010694 0.002807442 0.05410333 0.010694 0.002236466 0.05280902 0.010694 0.004702563 0.05670746 0.010694 0.003224082 0.05670746 0.010694 0.005175919 0.05604094 0.010694 0.005928266 0.05510113 0.010694 0.006284689 0.05280902 0.010694 0.003697437 0.056948 0.010694 0.0042 0.056948 0.011544 0.0042 0.05670746 0.011544 0.005175919 0.05604094 0.011544 0.005928266 0.05510113 0.011544 0.006284689 0.05410333 0.011544 0.006163534 0.05327613 0.011544 0.005592558 0.05280902 0.011544 0.004702563 0.05280902 0.011544 0.003697437 0.05327613 0.011544 0.002807442 0.05410333 0.011544 0.002236466 0.054848 0.011544 0.0021 0.05510113 0.011544 0.002115311 0.05604094 0.011544 0.002471734 0.05670746 0.011544 0.003224082 0.05648501 0.01223691 0.0042 0.056198 0.012294 0.0042 0.05604337 0.012294 0.004827376 0.0562975 0.01223691 0.004960758 0.05561489 0.012294 0.005311028 0.05577793 0.01223691 0.005547235 0.05501073 0.012294 0.005540157 0.05504532 0.01223691 0.005825077 0.05436928 0.012294 0.005462272 0.05426751 0.01223691 0.005730633 0.05383751 0.012294 0.005095216 0.05362268 0.01223691 0.00528554 0.05353723 0.012294 0.004523076 0.05325856 0.01223691 0.004591763 0.05353723 0.012294 0.003876924 0.05325856 0.01223691 0.003808237 0.05383751 0.012294 0.003304784 0.05362268 0.01223691 0.00311446 0.05436928 0.012294 0.002937728 0.05426751 0.01223691 0.002669367 0.054848 0.012294 0.00285 0.05504532 0.01223691 0.002574923 0.05501073 0.012294 0.002859843 0.05561489 0.012294 0.003088972 0.05577793 0.01223691 0.002852765 0.05604337 0.012294 0.003572624 0.0562975 0.01223691 0.003439242 0.05672833 0.01207433 0.0042 0.05651295 0.01207433 0.005073833 0.05591615 0.01207433 0.005747481 0.05507465 0.01207433 0.006066621 0.05418123 0.01207433 0.005958139 0.05344055 0.01207433 0.00544689 0.05302231 0.01207433 0.004649992 0.05302231 0.01207433 0.003750008 0.05344055 0.01207433 0.00295311 0.05418123 0.01207433 0.002441861 0.05507465 0.01207433 0.00233338 0.05591615 0.01207433 0.002652519 0.05651295 0.01207433 0.003326167 0.05689091 0.01183101 0.0042 0.05665691 0.01183101 0.005149387 0.05600851 0.01183101 0.005881282 0.05509425 0.01183101 0.006228015 0.05412357 0.01183101 0.006110154 0.05331886 0.01183101 0.0055547 0.05286445 0.01183101 0.0046889 0.05286445 0.01183101 0.0037111 0.05331886 0.01183101 0.0028453 0.05412357 0.01183101 0.002289846 0.05509425 0.01183101 0.002171986 0.05600851 0.01183101 0.002518718 0.05665691 0.01183101 0.003250613 0.05393867 0.012294 0.0042 0.05380877 0.012294 0.0036 0.05439334 0.012294 0.0049875 0.05380877 0.012294 0.0048 0.05530266 0.012294 0.0034125 0.05588723 0.012294 0.0036 0.054848 0.012294 0.0054 0.05530266 0.012294 0.0049875 0.05588723 0.012294 0.0048 0.05575733 0.012294 0.0042 0.054848 0.012294 0.003 0.05439334 0.012294 0.0034125 0.05380877 0.010794 0.0048 0.05393867 0.010794 0.0042 0.05380877 0.010794 0.0036 0.05439334 0.010794 0.0034125 0.05575733 0.010794 0.0042 0.05530266 0.010794 0.0034125 0.05530266 0.010794 0.0049875 0.05439334 0.010794 0.0049875 0.05588723 0.010794 0.0036 0.054848 0.010794 0.003 0.054848 0.010794 0.0054 0.05588723 0.010794 0.0048 0.04472554 0.01591432 0.0028 0.044548 0.015194 0.0028 0.044548 0.015194 -0.0009 0.0452175 0.01646962 0.0028 0.04472554 0.01591432 -0.0009 0.04591117 0.0167327 0.0028 0.0452175 0.01646962 -0.0009 0.04664764 0.01664328 0.0028 0.04591117 0.0167327 -0.0009 0.04725819 0.01622184 0.0028 0.04664764 0.01664328 -0.0009 0.04760296 0.01556494 0.0028 0.04725819 0.01622184 -0.0009 0.04760296 0.01482306 0.0028 0.04760296 0.01556494 -0.0009 0.04725819 0.01416616 0.0028 0.04760296 0.01482306 -0.0009 0.04664764 0.01374472 0.0028 0.04725819 0.01416616 -0.0009 0.04664764 0.01374472 -0.0009 0.046098 0.013644 -0.0009 0.046098 0.013644 0.0028 0.04591117 0.0136553 -0.0009 0.04591117 0.0136553 0.0028 0.0452175 0.01391837 0.0028 0.04472554 0.01447368 0.0028 0.0452175 0.01391837 -0.0009 0.04472554 0.01447368 -0.0009 0.048598 0.010194 0.0028 0.048598 0.02349137 0.0028 0.043098 0.0266668 0.0028 0.043098 0.010194 0.0028 0.04998382 0.010194 0.003725975 0.050098 0.010194 0.0043 0.050098 0.02234062 0.0043 0.04965866 0.010194 0.00323934 0.05004019 0.02241624 0.003887596 0.04987586 0.02256019 0.003514452 0.04917202 0.010194 0.002914181 0.04965717 0.02273292 0.003237857 0.0495902 0.02278436 0.003175034 0.04917628 0.02309035 0.002915951 0.04864759 0.02346179 0.00280082 0.048748 0.02363571 0.0026 0.043098 0.02689774 0.0026 0.04943623 0.02323836 0.002737756 0.05002079 0.02290086 0.003127208 0.05041024 0.02267601 0.003711774 0.050548 0.02259648 0.0044 0.050098 0.02233667 0.0044 0.050548 0.02259648 0.011 0.050098 0.02233667 0.011 0.050098 0.010194 0.0111 0.050098 0.02234062 0.0111 0.048598 0.010194 0.0126 0.04965866 0.010194 0.01216066 0.04998382 0.010194 0.01167403 0.04917202 0.010194 0.01248582 0.043098 0.010194 0.0126 0.04864759 0.02346179 0.01259918 0.04924057 0.023044 0.0124554 0.048598 0.02349137 0.0126 0.04974183 0.02266708 0.01207039 0.04998959 0.02246361 0.0116599 0.05041024 0.02267601 0.01168823 0.05002079 0.02290086 0.01227279 0.04943623 0.02323836 0.01266224 0.048748 0.02363571 0.0128 0.043098 0.0266668 0.0126 0.043098 0.02689774 0.0128 0.04591117 0.0136553 0.0126 0.046098 0.013644 0.0126 0.0452175 0.01391837 0.0126 0.04664764 0.01374472 0.0126 0.04664764 0.01664328 0.0126 0.04591117 0.0167327 0.0126 0.04472554 0.01447368 0.0126 0.04725819 0.01622184 0.0126 0.04760296 0.01482306 0.0126 0.04760296 0.01556494 0.0126 0.04725819 0.01416616 0.0126 0.04472554 0.01591432 0.0126 0.044548 0.015194 0.0126 0.0452175 0.01646962 0.0126 0.04472554 0.01591432 0.0163 0.044548 0.015194 0.0163 0.0452175 0.01646962 0.0163 0.04591117 0.0167327 0.0163 0.04664764 0.01664328 0.0163 0.04725819 0.01622184 0.0163 0.04760296 0.01556494 0.0163 0.04760296 0.01482306 0.0163 0.04725819 0.01416616 0.0163 0.04664764 0.01374472 0.0163 0.046098 0.013644 0.0163 0.04591117 0.0136553 0.0163 0.0452175 0.01391837 0.0163 0.04472554 0.01447368 0.0163 0.043098 0.02689774 -0.0006 0.043098 0.02655133 -0.0009 0.043098 0.008194 -0.0009 0.043098 0.008194 0.0163 0.043098 0.02655133 0.0163 0.043098 0.02689774 0.016 0.051598 0.02199026 0.016 0.051598 0.02199026 -0.0006 0.051448 0.02173045 0.0163 0.05190028 0.02135095 0.0163 0.05213009 0.02154379 0.016 0.05219548 0.02083964 0.0163 0.05247739 0.02094225 0.016 0.052298 0.02025821 0.0163 0.052598 0.02025821 0.016 0.051448 0.02173045 -0.0009 0.052598 0.02025821 -0.0006 0.052298 0.02025821 -0.0009 0.05219548 0.02083964 -0.0009 0.05247739 0.02094225 -0.0006 0.05190028 0.02135095 -0.0009 0.05213009 0.02154379 -0.0006 0.052298 0.015194 0.0163 0.052598 0.015194 0.016 0.05247308 0.01431383 0.0163 0.06337586 0.008194 0.0163 0.054598 0.012894 0.0163 0.05371783 0.01306908 0.0163 0.05297165 0.01356765 0.0163 0.06337586 0.012894 0.0163 0.05275024 0.01442863 0.016 0.05318379 0.01377979 0.016 0.05383263 0.01334624 0.016 0.054598 0.013194 0.016 0.052598 0.02025821 0.01362288 0.052598 0.015194 0.01362288 0.054598 0.013194 0.0143 0.054098 0.01325751 0.0143 0.05383263 0.01334624 0.01428232 0.05318379 0.01377979 0.01407882 0.05268379 0.01461453 0.01371421 0.06337586 0.013194 0.016 0.06427029 0.008194 0.01608885 0.06427029 0.012894 0.01608885 0.06413613 0.013194 0.01582053 0.07074243 0.012894 0.01285279 0.07074243 0.008194 0.01285279 0.07060826 0.013194 0.01258446 0.071848 0.008194 0.01106393 0.071848 0.012894 0.01106393 0.07171334 0.012894 0.01178539 0.07171334 0.008194 0.01178539 0.0713275 0.012894 0.0124097 0.0713275 0.008194 0.0124097 0.071548 0.013194 0.01106393 0.07143354 0.013194 0.01167717 0.07110557 0.013194 0.01220783 0.071848 0.008194 0.004336068 0.071848 0.012894 0.004336068 0.071548 0.013194 0.004336068 0.07074243 0.008194 0.002547214 0.07074243 0.012894 0.002547214 0.0713275 0.012894 0.002990302 0.0713275 0.008194 0.002990302 0.07171334 0.012894 0.00361461 0.07171334 0.008194 0.00361461 0.07060826 0.013194 0.002815542 0.07110557 0.013194 0.003192167 0.07143354 0.013194 0.003722829 0.06427029 0.008194 -0.0006888544 0.06427029 0.012894 -0.0006888544 0.06337586 0.008194 -0.0009 0.06337586 0.012894 -0.0009 0.06413613 0.013194 -0.0004205262 0.06337586 0.013194 -0.0006 0.05371783 0.01306908 -0.0009 0.054598 0.012894 -0.0009 0.05297165 0.01356765 -0.0009 0.052298 0.015194 -0.0009 0.05247308 0.01431383 -0.0009 0.054598 0.013194 -0.0006 0.05383263 0.01334624 -0.0006 0.05318379 0.01377979 -0.0006 0.05275024 0.01442863 -0.0006 0.052598 0.015194 -0.0006 0.052598 0.02025821 0.001777124 0.052598 0.015194 0.001777124 0.05256613 0.0206138 0.01358584 0.05247739 0.02094225 0.01347201 0.05236577 0.02119362 0.01329969 0.05225024 0.0213852 0.01306537 0.052098 0.02158109 0.0031 0.05213009 0.02154379 0.002743173 0.052098 0.02158109 0.0123 0.05213009 0.02154379 0.01265683 0.05236584 0.02119348 0.002100186 0.05247739 0.02094225 0.00192799 0.05225024 0.0213852 0.002334633 0.05256617 0.02061363 0.001814121 0.052098 0.010694 0.0123 0.05225024 0.010694 0.01306537 0.05240107 0.0208217 0.0133585 0.05268379 0.010694 0.01371421 0.05333263 0.010694 0.01414776 0.054098 0.010694 0.0143 0.052098 0.010694 0.0031 0.05225024 0.010694 0.002334633 0.05333263 0.010694 0.001252241 0.054098 0.010694 0.0011 0.054098 0.01325751 0.0011 0.05383263 0.01334624 0.001117683 0.05268379 0.010694 0.001685786 0.05318379 0.01377979 0.001321176 0.05240107 0.0208217 0.0020415 0.05268379 0.01461453 0.001685786 0.054598 0.013194 0.0011 0.06290373 0.010694 0.0143 0.06290373 0.013194 0.0143 0.06290373 0.010694 0.0011 0.06290373 0.013194 0.0011 0.06379816 0.013194 0.01408885 0.06379816 0.010694 0.01408885 0.06874243 0.013194 0.01161672 0.06874243 0.010694 0.01161672 0.06971334 0.013194 0.01054932 0.069848 0.013194 0.009827864 0.069848 0.010694 0.009827864 0.0693275 0.013194 0.01117363 0.06971334 0.010694 0.01054932 0.0693275 0.010694 0.01117363 0.069848 0.010694 0.005572136 0.069848 0.013194 0.005572136 0.06379816 0.013194 0.001311146 0.06874243 0.013194 0.003783282 0.06971334 0.013194 0.004850678 0.0693275 0.013194 0.00422637 0.06379816 0.010694 0.001311146 0.06874243 0.010694 0.003783282 0.0693275 0.010694 0.00422637 0.06971334 0.010694 0.004850678 0.06373697 0.010694 0.008466887 0.06350784 0.010694 0.007862725 0.05611027 0.010694 0.01072128 0.06395278 0.010694 0.00668951 0.056198 0.010694 0.0042 0.05618816 0.010694 0.004362724 0.056198 0.010694 0.0112 0.05611027 0.010694 0.003721283 0.05618816 0.010694 0.01136272 0.05574322 0.010694 0.00318951 0.05595903 0.010694 0.004966887 0.06358573 0.010694 0.007221284 0.05517108 0.010694 0.002889228 0.05395278 0.010694 0.00318951 0.05452492 0.010694 0.002889228 0.05574322 0.010694 0.01018951 0.05595903 0.010694 0.01196689 0.06422062 0.010694 0.008895366 0.05422062 0.010694 0.005395366 0.05395278 0.010694 0.01018951 0.05452492 0.010694 0.009889228 0.05358573 0.010694 0.01072128 0.06452492 0.010694 0.006389228 0.06517108 0.010694 0.006389228 0.05547538 0.010694 0.005395366 0.05422062 0.010694 0.01239537 0.05373697 0.010694 0.01196689 0.05547538 0.010694 0.01239537 0.05373697 0.010694 0.004966887 0.05350784 0.010694 0.004362724 0.054848 0.010694 0.00555 0.05350784 0.010694 0.01136272 0.054848 0.010694 0.01255 0.064848 0.010694 0.00905 0.06595903 0.010694 0.008466887 0.066198 0.010694 0.0077 0.05358573 0.010694 0.003721283 0.05517108 0.010694 0.009889228 0.06611027 0.010694 0.007221284 0.06574322 0.010694 0.00668951 0.06547538 0.010694 0.008895366 0.06618816 0.010694 0.007862725 0.056198 0.008194 0.0112 0.05595903 0.008194 0.004966887 0.05618816 0.008194 0.004362724 0.06358573 0.008194 0.007221284 0.06395278 0.008194 0.00668951 0.06350784 0.008194 0.007862725 0.05452492 0.008194 0.009889228 0.05547538 0.008194 0.005395366 0.06517108 0.008194 0.006389228 0.06452492 0.008194 0.006389228 0.05373697 0.008194 0.004966887 0.05395278 0.008194 0.01018951 0.05358573 0.008194 0.01072128 0.05422062 0.008194 0.005395366 0.054848 0.008194 0.00555 0.05517108 0.008194 0.002889228 0.05452492 0.008194 0.002889228 0.056198 0.008194 0.0042 0.05611027 0.008194 0.003721283 0.06373697 0.008194 0.008466887 0.05611027 0.008194 0.01072128 0.05618816 0.008194 0.01136272 0.05574322 0.008194 0.00318951 0.05422062 0.008194 0.01239537 0.054848 0.008194 0.01255 0.06574322 0.008194 0.00668951 0.05350784 0.008194 0.004362724 0.06422062 0.008194 0.008895366 0.064848 0.008194 0.00905 0.05574322 0.008194 0.01018951 0.05595903 0.008194 0.01196689 0.05547538 0.008194 0.01239537 0.05373697 0.008194 0.01196689 0.05395278 0.008194 0.00318951 0.05358573 0.008194 0.003721283 0.05517108 0.008194 0.009889228 0.05350784 0.008194 0.01136272 0.06618816 0.008194 0.007862725 0.066198 0.008194 0.0077 0.06547538 0.008194 0.008895366 0.06595903 0.008194 0.008466887 0.06611027 0.008194 0.007221284 0.054848 0.002694 0.0112 0.05449339 0.002694 0.01213502 0.05409949 0.002694 0.01186312 0.05387706 0.002694 0.01143932 0.053848 0.002694 0.0112 0.05387706 0.002694 0.01096068 0.05409949 0.002694 0.01053688 0.05449339 0.002694 0.01026498 0.05496854 0.002694 0.01020729 0.05541606 0.002694 0.01037702 0.05573346 0.002694 0.01073528 0.055848 0.002694 0.0112 0.05573346 0.002694 0.01166472 0.05541606 0.002694 0.01202298 0.05496854 0.002694 0.01219271 0.054848 0.002694 0.0122 0.053598 0.002944 0.0112 0.05363432 0.002944 0.01149914 0.05391236 0.002944 0.0120289 0.05440474 0.002944 0.01236877 0.05499867 0.002944 0.01244089 0.05555808 0.002944 0.01222873 0.05595482 0.002944 0.0117809 0.056098 0.002944 0.0112 0.05595482 0.002944 0.0106191 0.05555808 0.002944 0.01017127 0.05440474 0.002944 0.01003123 0.054848 0.002944 0.00995 0.05391236 0.002944 0.0103711 0.05363432 0.002944 0.01090086 0.05499867 0.002944 0.009959114 0.056098 0.010694 0.0112 0.05595482 0.010694 0.0117809 0.05555808 0.010694 0.01222873 0.05499867 0.010694 0.01244089 0.05440474 0.010694 0.01236877 0.05391236 0.010694 0.0120289 0.05363432 0.010694 0.01149914 0.05363432 0.010694 0.01090086 0.05391236 0.010694 0.0103711 0.05440474 0.010694 0.01003123 0.054848 0.010694 0.00995 0.05499867 0.010694 0.009959114 0.05555808 0.010694 0.01017127 0.05595482 0.010694 0.0106191 0.054848 0.010694 0.0091 0.05510113 0.010694 0.009115311 0.05604094 0.010694 0.009471734 0.05280902 0.010694 0.01069744 0.05327613 0.010694 0.009807442 0.05410333 0.010694 0.009236466 0.05327613 0.010694 0.01259256 0.05280902 0.010694 0.01170256 0.05670746 0.010694 0.01022408 0.056948 0.010694 0.0112 0.05670746 0.010694 0.01217592 0.05604094 0.010694 0.01292827 0.05510113 0.010694 0.01328469 0.05410333 0.010694 0.01316353 0.056948 0.011544 0.0112 0.05670746 0.011544 0.01217592 0.05604094 0.011544 0.01292827 0.05510113 0.011544 0.01328469 0.05410333 0.011544 0.01316353 0.05327613 0.011544 0.01259256 0.05280902 0.011544 0.01170256 0.05280902 0.011544 0.01069744 0.05327613 0.011544 0.009807442 0.05410333 0.011544 0.009236466 0.054848 0.011544 0.0091 0.05510113 0.011544 0.009115311 0.05604094 0.011544 0.009471734 0.05670746 0.011544 0.01022408 0.05648501 0.01223691 0.0112 0.056198 0.012294 0.0112 0.05604337 0.012294 0.01182738 0.0562975 0.01223691 0.01196076 0.05561489 0.012294 0.01231103 0.05577793 0.01223691 0.01254724 0.05501073 0.012294 0.01254016 0.05504532 0.01223691 0.01282508 0.05436928 0.012294 0.01246227 0.05426751 0.01223691 0.01273063 0.05383751 0.012294 0.01209522 0.05362268 0.01223691 0.01228554 0.05353723 0.012294 0.01152308 0.05325856 0.01223691 0.01159176 0.05353723 0.012294 0.01087692 0.05325856 0.01223691 0.01080824 0.05383751 0.012294 0.01030478 0.05362268 0.01223691 0.01011446 0.05436928 0.012294 0.009937728 0.05426751 0.01223691 0.009669366 0.054848 0.012294 0.00985 0.05504532 0.01223691 0.009574923 0.05501073 0.012294 0.009859843 0.05561489 0.012294 0.01008897 0.05577793 0.01223691 0.009852765 0.05604337 0.012294 0.01057262 0.0562975 0.01223691 0.01043924 0.05672833 0.01207433 0.0112 0.05651295 0.01207433 0.01207383 0.05591615 0.01207433 0.01274748 0.05507465 0.01207433 0.01306662 0.05418123 0.01207433 0.01295814 0.05344055 0.01207433 0.01244689 0.05302231 0.01207433 0.01164999 0.05302231 0.01207433 0.01075001 0.05344055 0.01207433 0.009953111 0.05418123 0.01207433 0.009441861 0.05507465 0.01207433 0.00933338 0.05591615 0.01207433 0.009652519 0.05651295 0.01207433 0.01032617 0.05689091 0.01183101 0.0112 0.05665691 0.01183101 0.01214939 0.05600851 0.01183101 0.01288128 0.05509425 0.01183101 0.01322801 0.05412357 0.01183101 0.01311015 0.05331886 0.01183101 0.0125547 0.05286445 0.01183101 0.0116889 0.05286445 0.01183101 0.0107111 0.05331886 0.01183101 0.009845301 0.05412357 0.01183101 0.009289846 0.05509425 0.01183101 0.009171985 0.05600851 0.01183101 0.009518719 0.05665691 0.01183101 0.01025061 0.05530266 0.012294 0.0104125 0.05588723 0.012294 0.0106 0.05439334 0.012294 0.0119875 0.05380877 0.012294 0.0118 0.05575733 0.012294 0.0112 0.05588723 0.012294 0.0118 0.054848 0.012294 0.01 0.05393867 0.012294 0.0112 0.05380877 0.012294 0.0106 0.054848 0.012294 0.0124 0.05530266 0.012294 0.0119875 0.05439334 0.012294 0.0104125 0.05380877 0.010794 0.0118 0.05393867 0.010794 0.0112 0.05380877 0.010794 0.0106 0.05439334 0.010794 0.0104125 0.05575733 0.010794 0.0112 0.05530266 0.010794 0.0104125 0.05530266 0.010794 0.0119875 0.05439334 0.010794 0.0119875 0.05588723 0.010794 0.0106 0.054848 0.010794 0.01 0.054848 0.010794 0.0124 0.05588723 0.010794 0.0118 0.05388961 0.002944 0.01156347 0.0555277 0.002944 0.01196722 0.05580639 0.002944 0.01156347 0.0541683 0.002944 0.01196722 0.05569156 0.002944 0.01061773 0.05400444 0.002944 0.01061773 0.05383047 0.002944 0.01107645 0.05553868 0.002944 0.01044264 0.05415732 0.002944 0.01044264 0.05586553 0.002944 0.01107645 0.0546027 0.002944 0.01219522 0.0550933 0.002944 0.01219522 0.05532434 0.002955349 0.01029241 0.054848 0.002980481 0.010175 0.05437166 0.002955349 0.01029241 0.05400444 0.008194 0.01061773 0.053823 0.008194 0.0112 0.05383047 0.008194 0.01107645 0.05388961 0.008194 0.01156347 0.0541683 0.008194 0.01196722 0.0546027 0.008194 0.01219522 0.0550933 0.008194 0.01219522 0.0555277 0.008194 0.01196722 0.05580639 0.008194 0.01156347 0.05586553 0.008194 0.01107645 0.05437166 0.008194 0.01029241 0.05532434 0.008194 0.01029241 0.054848 0.008194 0.010175 0.05569156 0.008194 0.01061773 0.06388961 0.008194 0.00806347 0.0641683 0.008194 0.008467224 0.063823 0.008194 0.0077 0.06785475 0.008194 0.0173378 0.0646027 0.008194 0.008695215 0.0655277 0.008194 0.008467224 0.07376244 0.008194 0.01271056 0.073848 0.008194 0.01213182 0.07105343 0.008194 0.015799 0.07351307 0.008194 0.01323977 0.06569156 0.008194 0.007117734 0.06586553 0.008194 0.00757645 0.073848 0.008194 0.003268182 0.0650933 0.008194 0.008695215 0.07376244 0.008194 0.002689444 0.07105343 0.008194 -0.0003989989 0.06532434 0.008194 0.006792408 0.06785475 0.008194 -0.001937796 0.04838265 0.008194 -0.005149449 0.06437166 0.008194 0.006792408 0.0546027 0.008194 0.005195216 0.0555277 0.008194 0.004967224 0.06580639 0.008194 0.00806347 0.07351307 0.008194 0.002160227 0.064848 0.008194 0.006675 0.06400444 0.008194 0.007117734 0.0550933 0.008194 0.005195216 0.06383047 0.008194 0.00757645 0.05532434 0.008194 0.003292408 0.05580639 0.008194 0.00456347 0.05586553 0.008194 0.00407645 0.05569156 0.008194 0.003617733 0.04838265 0.008194 0.02054945 0.05400444 0.008194 0.003617733 0.04342961 0.008194 -0.00194812 0.043098 0.008194 -0.0001575578 0.04342961 0.008194 0.01734812 0.04466458 0.008194 0.01919234 0.05437166 0.008194 0.003292408 0.054848 0.008194 0.003175 0.04466458 0.008194 -0.003792339 0.043098 0.008194 0.01555756 0.04657612 0.008194 -0.004920317 0.053823 0.008194 0.0042 0.05383047 0.008194 0.00407645 0.05388961 0.008194 0.00456347 0.0541683 0.008194 0.004967224 0.04657612 0.008194 0.02032032 0.04736855 0.004431195 -0.005100502 0.04658664 0.004915983 -0.004917144 0.04838265 0.003802451 -0.005149449 0.04581483 0.005394499 -0.004599969 0.0446812 0.006097355 -0.003807958 0.04638424 0.005041467 -0.004847914 0.04400415 0.006517123 -0.003021974 0.04351282 0.00682175 -0.002135562 0.04466458 0.006107656 -0.003792339 0.04319844 0.007016662 -0.001137642 0.04343995 0.006866927 -0.001957607 0.043098 0.007078937 -0.0001575578 0.043098 0.007078937 0.01555756 0.04347729 0.006843778 0.01745116 0.04400527 0.00651643 0.01842359 0.04486832 0.005981339 0.01937401 0.04638424 0.005041467 0.02024791 0.04459904 0.006148294 0.01912922 0.04684184 0.004757754 0.02039135 0.04838265 0.003802451 0.02054945 0.04315538 0.006846371 -0.0001575578 0.04331435 0.006667183 -0.0001575578 0.04322517 0.006745776 0.01555756 0.04331435 0.006667183 0.01555756 0.04315538 0.006846371 0.01555756 0.04311213 0.006960911 0.01555756 0.04311213 0.006960911 -0.0001575578 0.04466443 0.005761835 -0.003540297 0.04463182 0.005860664 -0.003646895 0.04539003 0.005355265 -0.004244083 0.04624573 0.004681203 -0.004533492 0.0435492 0.006583195 -0.00204952 0.04363843 0.006443925 -0.001819108 0.04360853 0.006483647 -0.001994199 0.0454143 0.005479079 -0.004345259 0.0446326 0.005981419 -0.003734137 0.04351669 0.006699905 -0.002098086 0.04703015 0.004107407 -0.004584879 0.04513937 0.005409947 -0.003774413 0.04809843 0.003415702 -0.004837377 0.04807054 0.003390698 -0.004650259 0.04625698 0.004777992 -0.004679837 0.04719702 0.00415288 -0.004940747 0.04459599 0.005784271 -0.003302466 0.04727385 0.004287244 -0.005053663 0.0463071 0.004906265 -0.004789865 0.0482746 0.003648109 -0.005119135 0.04817076 0.003506479 -0.005009082 0.05152734 0.001054613 -0.004579968 0.05149409 0.001032246 -0.004391095 0.05160576 0.001144757 -0.004752862 0.05171457 0.00128777 -0.004861841 0.05182475 0.001444 -0.004888881 0.0435492 0.006583195 0.01744952 0.04360853 0.006483647 0.0173942 0.04466443 0.005761835 0.0189403 0.04625698 0.004777992 0.02007984 0.04624573 0.004681203 0.01993349 0.04809843 0.003415702 0.02023738 0.04399404 0.006392343 0.01837312 0.0446326 0.005981419 0.01913414 0.04464514 0.006044908 0.01916716 0.0483298 0.003726197 0.02054381 0.04634339 0.004974575 0.0202256 0.04407528 0.006142988 0.01805486 0.04339211 0.006613614 0.01637563 0.04807054 0.003390698 0.02005026 0.04568961 0.005030891 0.01951936 0.04463182 0.005860664 0.0190469 0.0463071 0.004906265 0.02018986 0.04627766 0.00483963 0.02014081 0.04822034 0.003573083 0.0204739 0.0482746 0.003648109 0.02051913 0.04462797 0.005919276 0.01909371 0.04817076 0.003506479 0.02040908 0.04351669 0.006699905 0.01749809 0.05149409 0.001032246 0.01979109 0.05152734 0.001054613 0.01997997 0.05160576 0.001144757 0.02015286 0.05171457 0.00128777 0.02026184 0.05182475 0.001444 0.02028888 0.07351307 0.0009439999 0.002160227 0.07153826 0.0009439999 -2.470183e-05 0.06839695 0.0009439999 -0.001771061 0.06785475 0.001253056 -0.001937796 0.0735181 0.0009399179 0.002167838 0.07377156 0.0006782945 0.002720525 0.07371229 0.0007540967 0.002544014 0.07384798 0.0009399999 0.003260181 0.07381063 0.0007543295 0.002883357 0.073848 0.0009439999 0.003268182 0.07153826 0.0009439999 0.0154247 0.06785475 0.001253056 0.0173378 0.06839695 0.0009439999 0.01717106 0.07351307 0.0009439999 0.01323977 0.0735181 0.0009399179 0.01323216 0.07371229 0.0007540967 0.01285599 0.07384798 0.0009399999 0.01213982 0.073848 0.0009439999 0.01213182 0.07377156 0.0006782945 0.01267948 0.07381063 0.0007543295 0.01251664 0.07134224 0.0004820602 0.0002137275 0.07122073 0.0004439998 0.0003615332 0.06823649 0.0004439998 -0.001297508 0.06827782 0.000460867 -0.001419469 0.07144526 0.0005904466 8.842377e-05 0.0682979 0.0004820602 -0.001478729 0.06833953 0.0005606955 -0.001601583 0.07151409 0.0007526587 4.69857e-06 0.06834995 0.0005904466 -0.00163236 0.06838474 0.0007526587 -0.001735014 0.07370139 0.0005902882 0.002739438 0.07365907 0.0005525455 0.002750883 0.07351319 0.0004720755 0.002790532 0.07335402 0.0004440361 0.00283416 0.073348 0.0004439998 0.002835819 0.07353934 0.0004820602 0.005492893 0.073348 0.0004439998 0.005492893 0.07370155 0.0005904466 0.005492893 0.07380994 0.0007526587 0.005492893 0.073848 0.0009439999 0.005492893 0.06824622 0.000573571 -0.001633198 0.0683304 0.0007395969 -0.00174405 0.06816021 0.0004770962 -0.001459318 0.06804882 0.0005224628 -0.00149009 0.06810303 0.0004621429 -0.001297508 0.06816159 0.0006122041 -0.001663979 0.06828964 0.0007696395 -0.001763098 0.06797925 0.0005152534 -0.001297508 0.06823649 0.0004439998 0.005492893 0.07353934 0.000617359 0.005819534 0.073348 0.0005904466 0.005846447 0.073348 0.0004820602 0.005684235 0.07353934 0.0005172232 0.00566967 0.07370155 0.0006940003 0.005742893 0.07370155 0.000617359 0.005628192 0.07380994 0.0008087011 0.005628192 0.07380994 0.0007672237 0.005566117 0.073848 0.002444 0.006992893 0.073848 0.002736894 0.0077 0.073848 0.002660773 0.007317317 0.073848 0.002660773 0.008082683 0.073848 0.0009439999 0.009907107 0.073848 0.002444 0.008407107 0.07380994 0.002308701 0.007128192 0.07370155 0.002194 0.007242893 0.07353934 0.002117359 0.007319534 0.073348 0.002090447 0.007346447 0.06823649 0.0004698505 0.005651584 0.06823649 0.0005904466 0.005846447 0.06810303 0.0004621429 0.005492893 0.06797925 0.0005152534 0.005492893 0.06752429 0.0008357895 -0.001648359 0.06762708 0.0009266689 -0.00182275 0.06774844 0.001081827 -0.001924893 0.06746415 0.00082431 -0.001455906 0.06340789 0.0033045 -0.002683935 0.06350268 0.003396256 -0.002858321 0.06361848 0.003549625 -0.00296265 0.06372359 0.003718398 -0.002979535 0.06335525 0.003289651 -0.002492034 0.07353934 0.002117359 0.008080466 0.073348 0.002090447 0.008053553 0.073348 0.002198833 0.007891341 0.07353934 0.002233996 0.007905907 0.073348 0.002236894 0.0077 0.07353934 0.002274953 0.0077 0.073348 0.002198833 0.007508658 0.07353934 0.002233996 0.007494093 0.07370155 0.002194 0.008157107 0.07370155 0.002334132 0.007947385 0.07370155 0.002383339 0.0077 0.07370155 0.002334132 0.007452616 0.07380994 0.002308701 0.008271808 0.07380994 0.002483996 0.00800946 0.07380994 0.002545552 0.0077 0.07380994 0.002483996 0.00739054 0.06573649 0.002090447 0.007346447 0.06809217 0.000507313 0.005689046 0.06815962 0.0004795121 0.005661245 0.06547924 0.002015254 0.006992893 0.06566376 0.00203889 0.007276788 0.06559297 0.002007545 0.007190145 0.0652417 0.002189018 0.007419819 0.06529868 0.002221791 0.007579688 0.06525363 0.002235304 0.007661038 0.06530896 0.002187231 0.007466933 0.06537671 0.00219838 0.007508997 0.06511487 0.002255036 0.0077 0.06559297 0.002007545 0.008209855 0.0652417 0.002189018 0.007980181 0.06530896 0.002187231 0.007933066 0.06500398 0.002300413 0.007578299 0.06511947 0.00223112 0.007317994 0.06547924 0.002015254 0.008407107 0.06521502 0.002173789 0.008198939 0.0650932 0.002246877 0.008041535 0.06500164 0.002301815 0.007810095 0.06552452 0.002154038 0.007424911 0.06541614 0.002186552 0.007482551 0.06527185 0.002229838 0.007782255 0.06535757 0.002204122 0.007876512 0.06524893 0.002236716 0.007712999 0.06566376 0.00203889 0.008123213 0.06541447 0.002187053 0.007916404 0.06573649 0.002090447 0.008053553 0.073348 0.0005904466 0.009553554 0.06823649 0.0005904466 0.009553554 0.06809217 0.000507313 0.009710955 0.06797925 0.0005152534 0.009907107 0.07380994 0.0008087011 0.009771808 0.07370155 0.0006940003 0.009657107 0.07353934 0.000617359 0.009580466 0.07353934 0.0004820602 0.009907107 0.073348 0.0004439998 0.009907107 0.073348 0.0004820602 0.009715765 0.07353934 0.0005172232 0.00973033 0.07370155 0.0005904466 0.009907107 0.07370155 0.000617359 0.009771808 0.07380994 0.0007526587 0.009907107 0.07380994 0.0007672237 0.009833884 0.07370139 0.0005902882 0.01266056 0.07365907 0.0005525455 0.01264912 0.07351319 0.0004720755 0.01260947 0.07335402 0.0004440361 0.01256584 0.073348 0.0004439998 0.01256418 0.06823649 0.0004439998 0.009907107 0.06823649 0.0004698505 0.009748416 0.07134224 0.0004820602 0.01518627 0.06827782 0.000460867 0.01681947 0.06823649 0.0004439998 0.01669751 0.0682979 0.0004820602 0.01687873 0.07144526 0.0005904466 0.01531158 0.06833953 0.0005606955 0.01700158 0.06834995 0.0005904466 0.01703236 0.06838474 0.0007526587 0.01713501 0.07151409 0.0007526587 0.0153953 0.07122073 0.0004439998 0.01503847 0.06810303 0.0004621429 0.01669751 0.06810303 0.0004621429 0.009907107 0.06797925 0.0005152534 0.01669751 0.06815962 0.0004795121 0.009738755 0.06816159 0.0006122041 0.01706398 0.06824622 0.000573571 0.0170332 0.0683304 0.0007395969 0.01714405 0.06804882 0.0005224628 0.01689009 0.06816021 0.0004770962 0.01685932 0.06828964 0.0007696395 0.0171631 0.06752429 0.0008357895 0.01704836 0.06746415 0.00082431 0.0168559 0.06762708 0.0009266689 0.01722275 0.06774844 0.001081827 0.01732489 0.06335525 0.003289651 0.01789203 0.06323076 0.003342379 -0.002548335 0.0632789 0.003367631 -0.002734103 0.06334588 0.003472801 -0.002903992 0.06341633 0.003640487 -0.003010549 0.06319628 0.003350381 -0.002563797 0.06309771 0.003359868 -0.002607728 0.06313649 0.003394567 -0.002787639 0.06317273 0.003505554 -0.002953225 0.06347326 0.003823851 -0.003036141 0.06319717 0.003674846 -0.003061833 0.06296481 0.00334225 -0.002666355 0.06299094 0.003383411 -0.00284085 0.06299595 0.003492215 -0.003002499 0.06320573 0.003858831 -0.003095855 0.06297628 0.003651547 -0.003112942 0.06284075 0.003289651 -0.002720363 0.06285188 0.003332255 -0.002890274 0.06282714 0.003430458 -0.003048591 0.0629385 0.003823593 -0.0031548 0.06276798 0.003569343 -0.003160536 0.06268903 0.003718397 -0.0032091 0.05887784 0.001444 -0.003948933 0.06340789 0.003304501 0.01808394 0.06350268 0.003396257 0.01825832 0.06361848 0.003549625 0.01836265 0.06372359 0.003718398 0.01837954 0.06323138 0.003342185 0.01794806 0.06319627 0.003350355 0.0179638 0.06309853 0.003359856 0.01800737 0.06296542 0.003342424 0.01806609 0.06284075 0.003289651 0.01812036 0.05896024 0.001293346 -0.003902619 0.05902491 0.001153277 -0.003790314 0.05905578 0.001055554 -0.003629345 0.05905009 0.001015254 -0.003456211 0.05882537 0.0009820603 -0.003644767 0.05879284 0.0009439999 -0.003456211 0.05177775 0.0009439999 -0.004391095 0.05885294 0.001090447 -0.003804618 0.05179574 0.0009820603 -0.00458159 0.05887137 0.001252658 -0.003911427 0.05181099 0.001090447 -0.004743083 0.05182117 0.001252658 -0.004850989 0.06299161 0.003383586 0.01824061 0.06285188 0.003332255 0.01829027 0.06299676 0.00349243 0.01840228 0.06282714 0.003430458 0.01844859 0.06297729 0.003651831 0.01851271 0.06276798 0.003569343 0.01856054 0.06293971 0.003823943 0.01855453 0.06268903 0.003718398 0.0186091 0.06313737 0.003394537 0.01818731 0.06317379 0.003505523 0.01835293 0.06320738 0.003858807 0.01849549 0.06327955 0.003367406 0.01813386 0.06319851 0.003674826 0.01846152 0.06334666 0.003472533 0.01830377 0.06347451 0.003823466 0.01843586 0.06341734 0.003640166 0.01841031 0.05887784 0.001444 0.01934893 0.05896024 0.001293346 0.01930262 0.05902491 0.001153277 0.01919031 0.05905578 0.001055554 0.01902935 0.05905009 0.001015254 0.01885621 0.05179574 0.0009820603 0.01998159 0.05177775 0.0009439999 0.01979109 0.05879284 0.0009439999 0.01885621 0.05181099 0.001090447 0.02014308 0.05882537 0.0009820603 0.01904477 0.05182117 0.001252658 0.02025099 0.05885294 0.001090447 0.01920462 0.05887137 0.001252658 0.01931143 0.05162922 0.0009665714 -0.004391095 0.05170185 0.001096008 -0.004742009 0.051762 0.001254406 -0.004853487 0.05165418 0.0009948706 -0.00457279 0.05149409 0.001032246 0.005992893 0.05162922 0.0009665714 0.005992893 0.05177775 0.0009439999 0.005992893 0.05894596 0.0009973293 -0.003620646 0.05892631 0.000962143 -0.003456211 0.05894555 0.00110152 -0.003786948 0.05892161 0.001258469 -0.003902301 0.05879284 0.0009439999 0.005992893 0.05892631 0.000962143 0.005992893 0.05905009 0.001015254 0.005992893 0.05879284 0.0009698506 0.006151584 0.05177775 0.0009675195 0.006144439 0.05177775 0.0009820603 0.006184235 0.05879284 0.001090447 0.006346447 0.05177775 0.001090447 0.006346447 0.05169121 0.0009794842 0.006156403 0.05161741 0.001013615 0.006190535 0.05004248 0.002032247 0.006992893 0.05024526 0.002041376 0.007278118 0.05032613 0.002090447 0.007346447 0.05016668 0.002013795 0.007191638 0.05886971 0.0009795122 0.006161245 0.05893716 0.001007313 0.006189046 0.06045951 0.002090447 0.007346447 0.04975244 0.002259464 0.0077 0.04986235 0.002193912 0.007420701 0.04992 0.002230337 0.007620714 0.04993715 0.002188692 0.00746774 0.05000949 0.002199512 0.007511756 0.05016668 0.002013795 0.008208363 0.04986235 0.002193912 0.007979299 0.04993715 0.002188692 0.00793226 0.04962563 0.002319412 0.007595307 0.04972913 0.002248113 0.007317994 0.05004248 0.002032247 0.008407107 0.04977233 0.002218351 0.008147359 0.04963484 0.002313069 0.00785213 0.05002292 0.002194886 0.00750076 0.0499187 0.002230785 0.007776525 0.04999483 0.002204562 0.007875346 0.04990097 0.002236894 0.0077 0.05024526 0.002041376 0.008121882 0.05032613 0.002090447 0.008053553 0.05149409 0.001032246 0.009407107 0.05170185 0.001096008 0.02014201 0.051762 0.001254406 0.02025349 0.05165418 0.0009948706 0.01997279 0.05162922 0.0009665714 0.01979109 0.06071676 0.002015254 0.006992893 0.06060303 0.002007545 0.007190145 0.06053224 0.00203889 0.007276788 0.06067148 0.002154038 0.007424911 0.06089732 0.002221791 0.007579688 0.06094237 0.002235304 0.007661038 0.06081929 0.00219838 0.007508997 0.06077986 0.002186552 0.007482551 0.06092414 0.002229838 0.007782255 0.06083843 0.002204122 0.007876512 0.06094707 0.002236716 0.007712999 0.06045951 0.002090447 0.008053553 0.05161741 0.001013615 0.009209464 0.05177775 0.001090447 0.009053554 0.05162922 0.0009665714 0.009407107 0.05177775 0.0009439999 0.009407107 0.06098098 0.002173789 0.007201061 0.0609543 0.002189018 0.007419819 0.0611028 0.002246877 0.007358466 0.06119436 0.002301815 0.007589905 0.06108113 0.002255036 0.0077 0.0609543 0.002189018 0.007980181 0.06119202 0.002300413 0.007821702 0.06107653 0.00223112 0.008082006 0.06071676 0.002015254 0.008407107 0.06060303 0.002007545 0.008209855 0.06088704 0.002187231 0.007466933 0.06053224 0.00203889 0.008123213 0.06088704 0.002187231 0.007933066 0.05905009 0.001015254 0.009407107 0.05894555 0.00110152 0.01918695 0.05892161 0.001258469 0.0193023 0.05894596 0.0009973293 0.01902065 0.05892631 0.000962143 0.01885621 0.05879284 0.0009439999 0.009407107 0.05879284 0.001090447 0.009053554 0.05169121 0.0009794842 0.009243597 0.05177775 0.0009820603 0.009215765 0.05177775 0.0009675195 0.009255561 0.05893716 0.001007313 0.009210955 0.05879284 0.0009698506 0.009248416 0.05892631 0.000962143 0.009407107 0.05886971 0.0009795122 0.009238755 0.05437166 0.002944 0.003292408 0.054848 0.002944 0.003175 0.05400444 0.002944 0.003617733 0.05383047 0.002944 0.00407645 0.05388961 0.002944 0.00456347 0.05586553 0.002944 0.00407645 0.05580639 0.002944 0.00456347 0.05569156 0.002944 0.003617733 0.05532434 0.002944 0.003292408 0.05553868 0.002944 0.004957359 0.0555277 0.002944049 0.004967224 0.0550933 0.0029727 0.005195216 0.0546027 0.0029727 0.005195216 0.05415732 0.002944 0.004957359 0.0541683 0.002944049 0.004967224 0.05485349 0.002944012 0.004962291 0.06484799 0.004726389 0.006675 0.06511762 0.004564606 0.006711098 0.06532106 0.004442544 0.006790694 0.06555793 0.00430042 0.006960663 0.06569072 0.004242193 0.007116526 0.06571814 0.004235625 0.007158265 0.06583645 0.004231247 0.007428739 0.06587252 0.004238771 0.007731263 0.06586552 0.004236938 0.007576402 0.06573308 0.004232874 0.008216965 0.06555793 0.00430042 0.008439337 0.06580613 0.004228374 0.008064151 0.06538005 0.004407152 0.008576099 0.06509136 0.004580364 0.008695691 0.06491294 0.004687417 0.008722941 0.06460464 0.004872398 0.008695691 0.06438424 0.005004637 0.008614085 0.0641683 0.00512021 0.008467224 0.06400631 0.005190063 0.00828496 0.06388961 0.005232266 0.00806347 0.06383048 0.005251191 0.007823621 0.06383047 0.005251194 0.00757645 0.06389004 0.005232121 0.007335381 0.06400444 0.00519079 0.007117734 0.06417297 0.005117989 0.00692866 0.06437166 0.005012135 0.006792408 0.06438424 0.005004637 0.006785915 0.06458268 0.004885574 0.006709935 0.06542726 0.004378822 0.007656722 0.06437795 0.005008396 0.007703246 0.03917618 0.02514108 -0.001 0.039348 0.024444 -0.001 0.039348 0.024444 0.0028 0.0387001 0.02567848 -0.001 0.03917618 0.02514108 0.0028 0.03802881 0.02593306 -0.001 0.0387001 0.02567848 0.0028 0.03731609 0.02584652 -0.001 0.037848 0.025944 -0.001 0.037848 0.025944 0.0028 0.03802881 0.02593306 0.0028 0.03672523 0.02543868 -0.001 0.03731609 0.02584652 0.0028 0.03639159 0.02480297 -0.001 0.03672523 0.02543868 0.0028 0.03639159 0.02408503 -0.001 0.03639159 0.02480297 0.0028 0.03672523 0.02344932 -0.001 0.03639159 0.02408503 0.0028 0.03731609 0.02304148 -0.001 0.03672523 0.02344932 0.0028 0.03802881 0.02295494 -0.001 0.03731609 0.02304148 0.0028 0.0387001 0.02320952 -0.001 0.03802881 0.02295494 0.0028 0.03917618 0.02374692 -0.001 0.0387001 0.02320952 0.0028 0.03917618 0.02374692 0.0028 0.03647287 0.0286762 0.0028 0.040073 0.02829781 0.0028 0.03831315 0.02886962 0.0028 0.03487037 0.02775099 0.0028 0.043098 0.02655133 0.0028 0.033398 0.024444 0.0028 0.033398 0.01587035 0.0028 0.03378272 0.02625398 0.0028 0.043098 0.02147065 0.0028 0.033098 0.024444 0.0025 0.033098 0.01569714 0.0025 0.03350866 0.026376 0.0025 0.03466963 0.02797394 0.0025 0.03638017 0.02896152 0.0025 0.03834451 0.02916798 0.0025 0.040223 0.02855762 0.0025 0.043098 0.02689774 0.0025 0.040223 0.02855762 -0.0007 0.03834451 0.02916798 -0.0007 0.03638017 0.02896152 -0.0007 0.03466963 0.02797394 -0.0007 0.03350866 0.026376 -0.0007 0.033098 0.024444 -0.0007 0.043098 0.02689774 -0.0007 0.040073 0.02829781 -0.001 0.043098 0.02655133 -0.001 0.03831315 0.02886962 -0.001 0.03647287 0.0286762 -0.001 0.03487037 0.02775099 -0.001 0.03378272 0.02625398 -0.001 0.033398 0.024444 -0.001 0.033398 0.012944 -0.001 0.033098 0.012944 -0.0007 0.03804387 0.01455715 -0.001 0.037848 0.014569 -0.001 0.03877111 0.01428135 -0.001 0.043098 0.008494 -0.001 0.039473 0.012944 -0.001 0.03928687 0.01369918 -0.001 0.03928687 0.01218882 -0.001 0.037848 0.008494 -0.001 0.03804387 0.01133085 -0.001 0.03877111 0.01160665 -0.001 0.03614506 0.008832736 -0.001 0.03727177 0.0114246 -0.001 0.03470137 0.009797375 -0.001 0.03663167 0.01186643 -0.001 0.03727177 0.0144634 -0.001 0.03373674 0.01124106 -0.001 0.03627022 0.01255511 -0.001 0.03627022 0.01333289 -0.001 0.03663167 0.01402157 -0.001 0.03345957 0.01112625 -0.0007 0.03448924 0.009585243 -0.0007 0.03603025 0.008555572 -0.0007 0.037848 0.008194 -0.0007 0.043098 0.008194 -0.0007 0.033098 0.012944 0.0159 0.03345957 0.01112625 0.0159 0.03448924 0.009585243 0.0159 0.03603025 0.008555572 0.0159 0.037848 0.008194 0.0159 0.043098 0.008194 0.0159 0.043098 0.008494 0.0162 0.037848 0.008494 0.0162 0.039473 0.012944 0.0162 0.03928687 0.01369918 0.0162 0.03877111 0.01428135 0.0162 0.037848 0.014569 0.0162 0.03804387 0.01455715 0.0162 0.03727177 0.0144634 0.0162 0.03663167 0.01402157 0.0162 0.03627022 0.01333289 0.0162 0.03627022 0.01255511 0.0162 0.03663167 0.01186643 0.0162 0.03727177 0.0114246 0.0162 0.03804387 0.01133085 0.0162 0.03877111 0.01160665 0.0162 0.03928687 0.01218882 0.0162 0.03614506 0.008832736 0.0162 0.03470137 0.009797375 0.0162 0.03373674 0.01124106 0.0162 0.033398 0.012944 0.0162 0.033098 0.024444 0.0159 0.033398 0.024444 0.0162 0.033098 0.01569714 0.0127 0.033098 0.024444 0.0127 0.03378272 0.02625398 0.0162 0.03350866 0.026376 0.0159 0.03487037 0.02775099 0.0162 0.03466963 0.02797394 0.0159 0.03647287 0.0286762 0.0162 0.03638017 0.02896152 0.0159 0.03831315 0.02886962 0.0162 0.03834451 0.02916798 0.0159 0.040073 0.02829781 0.0162 0.040223 0.02855762 0.0159 0.03802881 0.02295494 0.0162 0.03731609 0.02304148 0.0162 0.03731609 0.02584652 0.0162 0.037848 0.025944 0.0162 0.03672523 0.02344932 0.0162 0.0387001 0.02567848 0.0162 0.03917618 0.02514108 0.0162 0.03802881 0.02593306 0.0162 0.043098 0.02655133 0.0162 0.039348 0.024444 0.0162 0.03917618 0.02374692 0.0162 0.03672523 0.02543868 0.0162 0.03639159 0.02480297 0.0162 0.03639159 0.02408503 0.0162 0.0387001 0.02320952 0.0162 0.043098 0.02689774 0.0159 0.043098 0.02689774 0.0127 0.040223 0.02855762 0.0127 0.03834451 0.02916798 0.0127 0.03638017 0.02896152 0.0127 0.03466963 0.02797394 0.0127 0.03350866 0.026376 0.0127 0.033398 0.024444 0.0124 0.033398 0.01587035 0.0124 0.040073 0.02829781 0.0124 0.043098 0.02655133 0.0124 0.03917618 0.02514108 0.0124 0.043098 0.02147065 0.0124 0.03802881 0.02295494 0.0124 0.03639159 0.02408503 0.0124 0.03672523 0.02344932 0.0124 0.03378272 0.02625398 0.0124 0.03639159 0.02480297 0.0124 0.03487037 0.02775099 0.0124 0.03647287 0.0286762 0.0124 0.03731609 0.02584652 0.0124 0.03831315 0.02886962 0.0124 0.037848 0.025944 0.0124 0.039348 0.024444 0.0124 0.03917618 0.02374692 0.0124 0.03731609 0.02304148 0.0124 0.03672523 0.02543868 0.0124 0.0387001 0.02320952 0.0124 0.0387001 0.02567848 0.0124 0.03802881 0.02593306 0.0124 0.043098 0.010294 0.0028 0.043098 0.010294 0.0124 0.048598 0.010294 0.0124 0.04686522 0.0145143 0.0124 0.04646147 0.01423561 0.0124 0.048598 0.02147065 0.0124 0.04709321 0.0154393 0.0124 0.04709321 0.0149487 0.0124 0.04686522 0.0158737 0.0124 0.04597445 0.01621153 0.0124 0.046098 0.014169 0.0124 0.04646147 0.01615239 0.0124 0.045073 0.015194 0.0124 0.04597445 0.01417647 0.0124 0.04519041 0.01567034 0.0124 0.04551573 0.01603756 0.0124 0.04519041 0.01471766 0.0124 0.04551573 0.01435044 0.0124 0.045073 0.015194 0.0028 0.04519041 0.01567034 0.0028 0.04551573 0.01603756 0.0028 0.04597445 0.01621153 0.0028 0.04646147 0.01615239 0.0028 0.04686522 0.0158737 0.0028 0.04709321 0.0154393 0.0028 0.04709321 0.0149487 0.0028 0.04686522 0.0145143 0.0028 0.046098 0.014169 0.0028 0.04597445 0.01417647 0.0028 0.04646147 0.01423561 0.0028 0.04551573 0.01435044 0.0028 0.04519041 0.01471766 0.0028 0.048598 0.010294 0.0028 0.048598 0.02147065 0.0028 0.04917202 0.02147065 0.01228582 0.04965866 0.02147065 0.01196066 0.04917202 0.02147065 0.002914181 0.050098 0.02147065 0.0043 0.04998382 0.02147065 0.003725975 0.04998382 0.02147065 0.01147403 0.04965866 0.02147065 0.00323934 0.050098 0.02147065 0.0109 0.050098 0.010294 0.0043 0.04917202 0.010294 0.002914181 0.050098 0.010294 0.0109 0.04965866 0.010294 0.01196066 0.04917202 0.010294 0.01228582 0.04965866 0.010294 0.00323934 0.04998382 0.010294 0.01147403 0.04998382 0.010294 0.003725975 0.06494932 0.01750381 0.00716521 0.06641987 0.01668484 0.008792558 0.06559267 0.01714958 0.009363534 0.06670454 0.01652247 0.008381464 0.06688604 0.01641828 0.007906337 0.06280993 0.01863735 0.007906227 0.062748 0.01866916 0.0074 0.06459487 0.0176963 0.009484689 0.06365506 0.01819762 0.009128266 0.06298854 0.01854528 0.008375919 0.06281021 0.01863721 0.006892634 0.06298854 0.01854528 0.006424081 0.06365506 0.01819762 0.005671734 0.06459487 0.0176963 0.005315311 0.06670418 0.01652267 0.006417851 0.06688698 0.01641774 0.006897438 0.0669441 0.01638484 0.007527896 0.06559267 0.01714958 0.005436466 0.06641987 0.01668484 0.006007442 0.06641987 0.010894 0.006007442 0.06688698 0.010894 0.006897438 0.06559267 0.010894 0.005436466 0.06459487 0.010894 0.005315311 0.06365506 0.010894 0.005671734 0.06298854 0.010894 0.006424081 0.062748 0.010894 0.0074 0.06298854 0.010894 0.008375919 0.06365506 0.010894 0.009128266 0.06459487 0.010894 0.009484689 0.06559267 0.010894 0.009363534 0.06641987 0.010894 0.008792558 0.06688698 0.010894 0.007902563 0.06600047 0.010894 0.0104388 0.06445626 0.010894 0.0106263 0.06300179 0.010894 0.0100747 0.06197027 0.010894 0.008910351 0.061598 0.010894 0.0074 0.06728066 0.010894 0.009555149 0.06300179 0.010894 0.004725302 0.06445626 0.010894 0.004173696 0.06197027 0.010894 0.00588965 0.06600047 0.010894 0.004361197 0.06728066 0.010894 0.005244851 0.06800356 0.010894 0.006622224 0.06800356 0.010894 0.008177776 0.0677199 0.01593297 0.00587858 0.06800356 0.01576536 0.006622224 0.06728066 0.01618997 0.005244851 0.068098 0.01570927 0.007398641 0.06800356 0.01576536 0.008177776 0.0677202 0.01593278 0.008920836 0.06655853 0.013394 0.01016344 0.06728066 0.01618997 0.009555149 0.06655853 0.01660591 0.01016344 0.06600047 0.013394 0.0104388 0.06445626 0.013394 0.0106263 0.06300179 0.01853844 0.0100747 0.06313747 0.013394 0.01016344 0.06197027 0.01906399 0.008910351 0.0616935 0.0192024 0.008182084 0.06169349 0.01920241 0.006617978 0.06197027 0.01906399 0.00588965 0.061598 0.01924991 0.0074 0.06300179 0.01853844 0.004725302 0.06313747 0.013394 0.00463656 0.06313747 0.01846816 0.00463656 0.06445626 0.013394 0.004173696 0.06600047 0.013394 0.004361197 0.06655853 0.013394 0.00463656 0.06655853 0.01660591 0.00463656 0.06313747 0.01846816 0.01016344 0.06617946 0.013394 0.01049838 0.06593329 0.013394 0.01094028 0.06617946 0.01682099 0.01049838 0.065848 0.013394 0.01143887 0.06593329 0.01695948 0.01094028 0.065848 0.01700725 0.01143887 0.065848 0.01700725 0.01353052 0.065848 0.013394 0.01353052 0.06589124 0.01698305 0.01388808 0.06601571 0.01691322 0.01421972 0.06601571 0.013394 0.01421972 0.06648133 0.01664989 0.01475481 0.06648133 0.013394 0.01475481 0.06714076 0.01627119 0.01501614 0.06714076 0.013394 0.01501614 0.06784652 0.01585831 0.01494526 0.06784652 0.013394 0.01494526 0.065848 0.013394 0.003361127 0.065848 0.01700725 0.003361127 0.06593329 0.01695948 0.003859723 0.06593329 0.013394 0.003859723 0.06617946 0.01682099 0.004301619 0.06617946 0.013394 0.004301619 0.065848 0.013394 0.001269478 0.065848 0.01700725 0.001269478 0.06714076 0.013394 -0.0002161365 0.06784652 0.013394 -0.0001452581 0.06784652 0.01585831 -0.0001452581 0.06648133 0.013394 4.518607e-05 0.06714076 0.01627119 -0.0002161365 0.06601571 0.013394 0.000580275 0.06648133 0.01664989 4.518607e-05 0.06601571 0.01691322 0.000580275 0.06589113 0.01698311 0.000912382 0.06988029 0.01462364 0.0009208009 0.06687205 0.01642632 0.0003835619 0.071848 0.01336345 0.002968182 0.071848 0.01336345 0.01183182 0.06988029 0.01462364 0.0138792 0.06687211 0.01642629 0.01441667 0.071848 0.008194 0.01183182 0.071848 0.008194 0.002968182 0.06988029 0.008194 0.0138792 0.06732135 0.008194 0.01511024 0.06732135 0.013394 0.01511024 0.06988029 0.008194 0.0009208009 0.06732135 0.008194 -0.0003102364 0.06732135 0.013394 -0.0003102364 0.06376271 0.013394 0.01094028 0.063848 0.013394 0.01143887 0.063848 0.01809577 0.01143887 0.06351654 0.013394 0.01049838 0.06376271 0.01814086 0.01094028 0.06351654 0.01827042 0.01049838 0.0637123 0.013394 0.01542458 0.063848 0.013394 0.01480113 0.06325081 0.013394 0.01599902 0.06267125 0.013394 0.01626589 0.063848 0.0175906 0.01480113 0.063848 0.01798485 0.01400773 0.063848 0.01809577 0.01324266 0.06267125 0.01566517 0.01626587 0.06324616 0.01633455 0.01600251 0.06349354 0.01667471 0.01576949 0.06370725 0.01705015 0.01543552 0.06378727 0.01725013 0.01522361 0.06384435 0.01751243 0.0149057 0.05377432 0.008194 0.01777033 0.05377435 0.01963236 0.01777038 0.05227648 0.008194 0.01699037 0.05227657 0.02249334 0.01699055 0.05265228 0.02173059 0.01744504 0.05263245 0.008194 0.01742865 0.0528836 0.02129351 0.01759969 0.05322362 0.02066353 0.01773326 0.05321114 0.008194 0.01772999 0.06351654 0.01827042 0.004301619 0.06351654 0.013394 0.004301619 0.06376271 0.01814086 0.003859723 0.06376271 0.013394 0.003859723 0.063848 0.01809577 0.003361127 0.063848 0.013394 0.003361127 0.063848 0.013394 -1.131044e-06 0.0637123 0.013394 -0.0006245781 0.06325081 0.013394 -0.00119902 0.06267125 0.013394 -0.001465886 0.063848 0.01809577 0.001557341 0.063848 0.01794953 0.0006829636 0.063848 0.01788499 0.0005160114 0.063848 0.0175906 -1.12988e-06 0.06370933 0.01705464 -0.000631033 0.06362318 0.01688656 -0.0007910167 0.06324585 0.01633416 -0.001202743 0.06292777 0.01595265 -0.001384557 0.06267125 0.01566517 -0.00146587 0.05343241 0.01976462 -0.003010228 0.05343237 0.008194 -0.003010152 0.05095496 0.008194 0.0162 0.05095504 0.02356765 0.01620009 0.05147434 0.02332159 0.01629279 0.05148559 0.008194 0.01629699 0.05190134 0.02301326 0.01653624 0.0519476 0.008194 0.01657543 0.05504601 0.022211 0.01473177 0.05495095 0.0213534 0.01678958 0.05508419 0.02197993 0.01580037 0.0546573 0.02043063 0.01746124 0.04583553 0.02544955 0.01537978 0.04582365 0.02533376 0.0162 0.05286432 0.008194 -0.002966299 0.05228326 0.008194 -0.002656839 0.05289063 0.02077624 -0.002973271 0.05266983 0.02118386 -0.002898186 0.05192985 0.008194 -0.002209947 0.05229419 0.02188971 -0.002666158 0.05192994 0.0226344 -0.002210136 0.05160173 0.008194 -0.001785311 0.05113557 0.008194 -0.001499637 0.05157458 0.02313529 -0.00176145 0.050598 0.008194 -0.0014 0.05111222 0.0234671 -0.001490894 0.05059808 0.02370533 -0.001400084 0.04583553 0.02544955 -0.0005797835 0.04582365 0.02533376 -0.0014 0.05504601 0.022211 6.823212e-05 0.05508419 0.02197993 -0.001000369 0.05495095 0.0213534 -0.001989582 0.0546573 0.02043063 -0.002661241 0.0457227 0.02574686 -0.000586865 0.04575942 0.02579053 -0.0005860277 0.04574442 0.02567986 -0.0014 0.0457156 0.02564362 -0.0014 0.04568379 0.02555356 -0.0014 0.04569826 0.02568872 -0.0005871183 0.04569343 0.02562232 -0.0005865945 0.04571065 0.02555803 -0.0005853162 0.04568323 0.02551234 -0.0014 0.04569491 0.02545735 -0.0014 0.04574689 0.0253781 -0.0014 0.04574558 0.02550555 -0.0005835373 0.04578985 0.02546959 -0.000581602 0.04578048 0.02570836 -0.0014 0.04577079 0.02570196 -0.0014 0.04580051 0.02581885 -0.0005848761 0.04579289 0.02571548 -0.001400002 0.04576154 0.02569508 -0.0014 0.04579827 0.02581951 -0.0004575579 0.04572723 0.02575777 -0.0004575579 0.04569116 0.025623 -0.0004575579 0.0456923 0.02567038 -0.0004575579 0.0457012 0.02557668 -0.0004575579 0.04575198 0.02549743 -0.0004575579 0.04583339 0.02545018 -0.0004575579 0.04583339 0.02545018 0.01525756 0.04579827 0.02581951 0.01525756 0.04572723 0.02575777 0.01525756 0.0457012 0.02557668 0.01525756 0.04569116 0.025623 0.01525756 0.0456923 0.02567038 0.01525756 0.04575198 0.02549743 0.01525756 0.04575942 0.02579053 0.01538603 0.04569826 0.02568872 0.01538712 0.04569343 0.02562232 0.01538659 0.04574558 0.02550555 0.01538354 0.04571065 0.02555803 0.01538532 0.04578985 0.02546959 0.0153816 0.0457227 0.02574686 0.01538686 0.04580051 0.02581885 0.01538488 0.04576845 0.02536071 0.0162 0.04571954 0.02541002 0.0162 0.04568963 0.02547492 0.0162 0.04568325 0.02554651 0.0162 0.04570048 0.02561508 0.0162 0.04573818 0.02567307 0.0162 0.04579289 0.02571548 0.0162 0.04968698 0.02612057 0.01525756 0.04968698 0.02612057 -0.0004575579 0.04771206 0.02636486 -0.0004575579 0.04734351 0.02632253 -0.0004575579 0.04734351 0.02632253 0.01525756 0.04771206 0.02636486 0.01525756 0.0454218 0.02534521 -0.001911266 0.04748675 0.02627451 -0.001274848 0.04802035 0.02609567 -0.002117187 0.04637089 0.0250271 -0.003409529 0.04884666 0.02581871 -0.002633656 0.0439491 0.02353834 -0.002225968 0.04510366 0.02315136 -0.00404858 0.04784065 0.02453448 -0.00432817 0.04408537 0.02421008 -0.0014 0.04486646 0.02507694 -0.0014 0.04372519 0.02361369 -0.0014 0.04531711 0.02542681 -0.0014 0.04555258 0.0255789 -0.0014 0.04962819 0.02555676 -0.002740392 0.04941104 0.02470211 -0.003955853 0.04923075 0.02406856 -0.004518019 0.04894032 0.0231076 -0.005073305 0.0468916 0.02255209 -0.00516609 0.04858262 0.02198531 -0.005397039 0.04838265 0.02137978 -0.005449449 0.04604817 0.02137978 -0.005018062 0.04649199 0.02137978 -0.005192611 0.04417579 0.02137978 -0.003558572 0.04456774 0.02137978 -0.003998362 0.04339952 0.02137978 -0.002167621 0.04327973 0.02232641 -0.0014 0.04318762 0.02137978 -0.0014 0.04591117 0.0136553 -0.0014 0.04322641 0.008502595 -0.0014 0.04329575 0.008385975 -0.0014 0.0452175 0.01391837 -0.0014 0.04318762 0.008694 -0.0014 0.04664764 0.01374472 -0.0014 0.046098 0.013644 -0.0014 0.04591117 0.0167327 -0.0014 0.04341985 0.008274548 -0.0014 0.04321552 0.008530778 -0.0014 0.04725819 0.01416616 -0.0014 0.04664764 0.01664328 -0.0014 0.04472554 0.01447368 -0.0014 0.044548 0.015194 -0.0014 0.04350244 0.008232003 -0.0014 0.04357608 0.00820839 -0.0014 0.04760296 0.01482306 -0.0014 0.04760296 0.01556494 -0.0014 0.04472554 0.01591432 -0.0014 0.04369779 0.008194 -0.0014 0.04725819 0.01622184 -0.0014 0.0452175 0.01646962 -0.0014 0.04418801 0.008502658 -0.003512525 0.04415802 0.008694 -0.003535958 0.04603506 0.008694 -0.005012147 0.04605076 0.008502658 -0.004977477 0.04838265 0.008694 -0.005449449 0.04427342 0.008340446 -0.003445793 0.04609548 0.008340446 -0.004878746 0.04838049 0.008502658 -0.00541145 0.04440124 0.00823206 -0.003345923 0.04616241 0.00823206 -0.004730985 0.04837432 0.008340446 -0.005303239 0.04455202 0.008194 -0.003228118 0.04624135 0.008194 -0.004556688 0.04836508 0.00823206 -0.005141291 0.04835419 0.008194 -0.00495026 0.044548 0.015194 -0.0021 0.04472554 0.01591432 -0.0021 0.0452175 0.01646962 -0.0021 0.04591117 0.0167327 -0.0021 0.04664764 0.01664328 -0.0021 0.04725819 0.01622184 -0.0021 0.04760296 0.01556494 -0.0021 0.04760296 0.01482306 -0.0021 0.04725819 0.01416616 -0.0021 0.04591117 0.0136553 -0.0021 0.04664764 0.01374472 -0.0021 0.046098 0.013644 -0.0021 0.0452175 0.01391837 -0.0021 0.04472554 0.01447368 -0.0021 0.04820016 0.01696697 -0.0021 0.04877334 0.01583044 -0.0021 0.04877334 0.01455756 -0.0021 0.0471766 0.01266435 -0.0021 0.04592196 0.01244964 -0.0021 0.04820016 0.01342103 -0.0021 0.04470503 0.01282289 -0.0021 0.04337546 0.01480635 -0.0021 0.0471766 0.01772365 -0.0021 0.04378654 0.01370415 -0.0021 0.04592196 0.01793836 -0.0021 0.04337546 0.01558165 -0.0021 0.04378654 0.01668385 -0.0021 0.04470503 0.01756511 -0.0021 0.0471766 0.01772365 -0.005371928 0.04604817 0.01794355 -0.005018062 0.04838265 0.01672464 -0.005449449 0.04820016 0.01696697 -0.005456514 0.04773037 0.01740711 -0.005444025 0.04592196 0.01793836 -0.004959208 0.04470503 0.01756511 -0.004130129 0.04378994 0.01369888 -0.002995402 0.04417579 0.01322737 -0.003558572 0.04353354 0.01420101 -0.002498558 0.04415863 0.0171437 -0.003536734 0.04378654 0.01668385 -0.00298962 0.04353363 0.01618722 -0.00249876 0.04470503 0.01282289 -0.004130129 0.04592196 0.01244964 -0.004959208 0.0477305 0.01298098 -0.005444034 0.04820013 0.01342099 -0.005456515 0.0471766 0.01266435 -0.005371928 0.04604817 0.01244445 -0.005018062 0.04838265 0.01366336 -0.005449449 0.04877334 0.01583044 -0.005426344 0.04877334 0.01455756 -0.005426344 0.0584246 0.01761768 -0.004328031 0.06785475 0.008694 -0.002237796 0.05820429 0.008694 -0.004362572 0.06785475 0.01292383 -0.002237796 0.05909321 0.01922922 -0.003888411 0.06859038 0.0143968 -0.001725758 0.05959399 0.0207246 -0.002769509 0.06910287 0.01577316 -0.000615233 0.0597958 0.02175536 -0.00114612 0.06926525 0.01676312 0.0009287522 0.05968809 0.02216047 0.0006034555 0.06907988 0.01721957 0.002581102 0.0581981 0.008502658 -0.004325019 0.05818046 0.008340446 -0.004218078 0.0678446 0.008502658 -0.002201114 0.05815406 0.00823206 -0.004058028 0.06781569 0.008340446 -0.002096653 0.05812293 0.008194 -0.003869237 0.06777243 0.00823206 -0.001940317 0.0677214 0.008194 -0.001755906 0.07131795 0.008694 -0.0005006711 0.07099476 0.01196801 -0.000741178 0.07351307 0.01117087 0.001860227 0.06948485 0.0124328 -0.001630299 0.07351307 0.008694 0.001860227 0.07129462 0.008502658 -0.000470601 0.07122817 0.008340446 -0.0003849684 0.07112873 0.00823206 -0.0002568103 0.0735181 0.008689917 0.001867838 0.07371229 0.008504097 0.002244014 0.07370139 0.008340288 0.002439438 0.07353924 0.008232017 0.002483429 0.07351319 0.008222076 0.002490532 0.07365907 0.008302546 0.002450883 0.07335402 0.008194036 0.00253416 0.073348 0.008194 0.002535819 0.07101144 0.008194 -0.0001056375 0.07377156 0.008428295 0.002420525 0.04784065 0.02453448 0.01912817 0.04884666 0.02581871 0.01743366 0.04802035 0.02609567 0.01691719 0.04637089 0.0250271 0.01820953 0.04748675 0.02627451 0.01607485 0.0468916 0.02255209 0.01996609 0.04510366 0.02315136 0.01884858 0.0454218 0.02534521 0.01671127 0.0439491 0.02353834 0.01702597 0.04500029 0.02518976 0.0162 0.045273 0.02539614 0.0162 0.04371526 0.02359415 0.0162 0.04318762 0.02137978 0.0162 0.04339952 0.02137978 0.01696762 0.04417579 0.02137978 0.01835857 0.04456774 0.02137978 0.01879836 0.04604817 0.02137978 0.01981806 0.04649199 0.02137978 0.01999261 0.04838265 0.02137978 0.02024945 0.04894032 0.0231076 0.0198733 0.04858262 0.02198531 0.02019704 0.04941104 0.02470211 0.01875585 0.04923075 0.02406856 0.01931802 0.04962819 0.02555676 0.01754039 0.046098 0.016744 0.0162 0.04554836 0.01664328 0.0162 0.047648 0.015194 0.0162 0.04369779 0.008194 0.0162 0.04628483 0.0136553 0.0162 0.04554836 0.01374472 0.0162 0.04319798 0.008593648 0.0162 0.04318762 0.008694 0.0162 0.04333692 0.008340358 0.0162 0.04326017 0.008436801 0.0162 0.04352612 0.008223072 0.0162 0.04337379 0.008307577 0.0162 0.0469785 0.01646962 0.0162 0.04628483 0.0167327 0.0162 0.04747046 0.01591432 0.0162 0.04322642 0.008502574 0.0162 0.04747046 0.01447368 0.0162 0.0469785 0.01391837 0.0162 0.04459304 0.01556494 0.0162 0.04459304 0.01482306 0.0162 0.04493781 0.01416616 0.0162 0.04493781 0.01622184 0.0162 0.04838049 0.008502658 0.02021145 0.04838265 0.008694 0.02024945 0.04603506 0.008694 0.01981215 0.04605076 0.008502658 0.01977748 0.04415802 0.008694 0.01833596 0.04837432 0.008340446 0.02010324 0.04609548 0.008340446 0.01967875 0.04418801 0.008502658 0.01831253 0.04836508 0.00823206 0.01994129 0.04616241 0.00823206 0.01953098 0.04427342 0.008340446 0.01824579 0.04835419 0.008194 0.01975026 0.04624135 0.008194 0.01935669 0.04440124 0.00823206 0.01814592 0.04455202 0.008194 0.01802812 0.0677214 0.008194 0.01655591 0.05812293 0.008194 0.01866924 0.07101144 0.008194 0.01490564 0.073348 0.008194 0.01226418 0.0678446 0.008502658 0.01700111 0.06785475 0.008694 0.0170378 0.05820429 0.008694 0.01916257 0.0581981 0.008502658 0.01912502 0.06781569 0.008340446 0.01689665 0.05818046 0.008340446 0.01901808 0.06777243 0.00823206 0.01674032 0.05815406 0.00823206 0.01885803 0.0584246 0.01761768 0.01912803 0.05909321 0.01922922 0.01868841 0.05959399 0.0207246 0.01756951 0.0597958 0.02175536 0.01594612 0.05968809 0.02216047 0.01419654 0.06785475 0.01292383 0.0170378 0.06859038 0.0143968 0.01652576 0.06910287 0.01577316 0.01541523 0.06926525 0.01676312 0.01387125 0.06907988 0.01721957 0.0122189 0.06939551 0.01703079 0.002674038 0.07152772 0.01571352 0.01080765 0.07152909 0.01571265 0.01080625 0.07152909 0.01571265 0.00399375 0.047648 0.015194 0.0169 0.04747046 0.01591432 0.0169 0.0469785 0.01646962 0.0169 0.046098 0.016744 0.0169 0.04628483 0.0167327 0.0169 0.04554836 0.01664328 0.0169 0.04493781 0.01622184 0.0169 0.04459304 0.01556494 0.0169 0.04459304 0.01482306 0.0169 0.04493781 0.01416616 0.0169 0.04554836 0.01374472 0.0169 0.04628483 0.0136553 0.0169 0.0469785 0.01391837 0.0169 0.04747046 0.01447368 0.0169 0.0471766 0.01266435 0.02017193 0.04604817 0.01244445 0.01981806 0.04838265 0.01366336 0.02024945 0.04820016 0.01342103 0.02025651 0.04773037 0.01298089 0.02024402 0.04592196 0.01244964 0.01975921 0.04470503 0.01282289 0.01893013 0.04378994 0.01668912 0.0177954 0.04417579 0.01716063 0.01835857 0.04353354 0.01618699 0.01729856 0.04337546 0.01558165 0.0169 0.04337546 0.01480635 0.0169 0.04415863 0.0132443 0.01833673 0.04378654 0.01370415 0.01778962 0.04353363 0.01420077 0.01729876 0.04470503 0.01756511 0.01893013 0.04592196 0.01793836 0.01975921 0.0477305 0.01740702 0.02024403 0.04820013 0.01696701 0.02025651 0.0471766 0.01772365 0.02017193 0.04604817 0.01794355 0.01981806 0.04838265 0.01672464 0.02024945 0.04592196 0.01793836 0.0169 0.04470503 0.01756511 0.0169 0.0471766 0.01772365 0.0169 0.04378654 0.01668385 0.0169 0.04820016 0.01342103 0.0169 0.04877334 0.01455756 0.0169 0.04877334 0.01583044 0.0169 0.04820016 0.01696697 0.0169 0.04378654 0.01370415 0.0169 0.04470503 0.01282289 0.0169 0.04592196 0.01244964 0.0169 0.0471766 0.01266435 0.0169 0.04877334 0.01455756 0.02022634 0.04877334 0.01583044 0.02022634 0.07129462 0.008502658 0.0152706 0.07131795 0.008694 0.01530067 0.07122817 0.008340446 0.01518497 0.07112873 0.00823206 0.01505681 0.07335402 0.008194036 0.01226584 0.07351319 0.008222076 0.01230947 0.07353924 0.008232017 0.01231657 0.07365907 0.008302546 0.01234912 0.07370139 0.008340283 0.01236056 0.07371229 0.008504097 0.01255599 0.07377156 0.008428295 0.01237948 0.0735181 0.008689917 0.01293216 0.07351307 0.008694 0.01293977 0.07351307 0.01117087 0.01293977 0.07099476 0.01196801 0.01554118 0.06948485 0.0124328 0.0164303 0.07384798 0.00869 0.01183982 0.07384798 0.00869 0.002960181 0.073848 0.008694 0.002968182 0.07381063 0.008504329 0.002583357 0.073848 0.008694 0.01183182 0.07381063 0.008504329 0.01221664 0.07376244 0.01117087 0.002389444 0.073848 0.01117087 0.002968182 0.073848 0.01149225 0.002998092 0.073848 0.01149225 0.01180191 0.073848 0.01117087 0.01183182 0.07376244 0.01117087 0.01241056 0.07152107 0.0145941 0.0008114729 0.07006943 0.013838 -0.00105949 0.07141462 0.01331495 -0.0001549829 0.07127334 0.01560207 0.00203794 0.07294118 0.01418563 0.002834416 0.07349358 0.01247832 0.002149543 0.07353024 0.01204792 0.0020276 0.07353279 0.0116938 0.001939382 0.07314592 0.0137648 0.00262915 0.07366798 0.01164734 0.00218346 0.07376758 0.01159725 0.002446561 0.0731291 0.01402106 0.003087704 0.07307129 0.0140502 0.002929667 0.073516 0.01290816 0.002507597 0.07359731 0.01286874 0.002725809 0.07185194 0.0154893 0.003891343 0.07333898 0.01369022 0.003352733 0.07271234 0.01466508 0.00359999 0.07368314 0.01276559 0.003176216 0.07152107 0.0145941 0.01398853 0.07006943 0.013838 0.01585949 0.07127334 0.01560207 0.01276206 0.07141462 0.01331495 0.01495498 0.07353279 0.0116938 0.01286062 0.07349355 0.01247853 0.01265039 0.07341218 0.0129387 0.01250042 0.07311754 0.01383006 0.01214091 0.07246096 0.01488955 0.01154116 0.07181559 0.01551175 0.01102556 0.07315595 0.01403027 0.01136953 0.0735958 0.01306018 0.01157244 0.07383687 0.01182564 0.01176166 0.073828 0.01154502 0.01207908 0.07376758 0.01159725 0.01235344 0.0731291 0.01402106 0.0117123 0.07317476 0.01398419 0.01155192 0.07365284 0.01282074 0.01184971 0.07359731 0.01286874 0.01207419</float_array>
          <technique_common>
            <accessor count="2801" source="#verts-array-array" stride="3">
              <param type="float" name="X"/>
              <param type="float" name="Y"/>
              <param type="float" name="Z"/>
            </accessor>
          </technique_common>
        </source>
        <source id="normals-array">
          <float_array count="8403" id="normals-array-array">-0.1223572 -0.6321239 -0.7651458 -0.4021045 -0.5028557 -0.7651458 -0.4021045 -0.5028557 0.7651458 0.1854207 -0.6165802 -0.7651458 -0.1223572 -0.6321239 0.7651458 0.4236344 -0.5187369 -0.7425941 0.1854207 -0.6165802 0.7651458 0.4236344 -0.5187369 0.7425941 0.5539362 -0.3905529 0.7352708 0.5539362 -0.3905529 -0.7352708 0.6270376 -0.181546 0.7575387 0.6270376 -0.181546 -0.7575387 0.6344346 0.1097483 -0.7651458 0.5107614 0.3920137 -0.7651458 0.6344346 0.1097483 0.7651458 0.2700788 0.5844736 -0.7651458 0.5107614 0.3920137 0.7651458 -0.03247547 0.6430376 -0.7651458 0.2700788 0.5844736 0.7651458 -0.32759 0.5542894 -0.7651458 -0.03247547 0.6430376 0.7651458 -0.5476577 0.3385602 -0.7651458 -0.32759 0.5542894 0.7651458 -0.6422636 0.04527097 -0.7651458 -0.5476577 0.3385602 0.7651458 -0.5897346 -0.2583893 -0.7651458 -0.6422636 0.04527097 0.7651458 -0.5897346 -0.2583893 0.7651458 -0.4057248 0.1327766 -0.9042996 -0.3017008 0.2976006 -0.9057651 -0.1895794 0.3591404 -0.9138259 -0.6274452 0.1407946 -0.765826 -0.6201003 -0.1702535 -0.765826 0.1042669 -0.3924929 -0.9138259 -0.01986356 -0.4233144 -0.9057651 -0.2080966 -0.3727451 -0.9042991 -0.545585 -0.4015452 -0.735594 -0.448192 -0.5159381 -0.7300218 -0.5106045 0.7489283 -0.4223618 -0.5583225 0.3792473 -0.7378669 -0.2669115 -0.6000391 -0.7541295 -0.07803318 -0.6771293 -0.731715 0.1416725 -0.9017395 -0.4084052 -0.7465028 -0.5522942 -0.3710858 -0.6095285 -0.6993018 -0.3734327 -0.4207445 0.8246162 -0.3781298 -0.3739909 0.9274062 -0.006967371 -0.3974853 0.8163395 -0.4190409 -0.8984308 -0.2466714 -0.363284 -0.9090725 0.2039899 -0.3632841 -0.7072259 0.6055511 -0.3648827 -0.4374898 0.8182394 -0.3729437 0.2500943 -0.8913309 -0.3781298 0.2090391 -0.8805093 -0.4254481 0.3294488 -0.9438146 -0.02602849 0.2532643 -0.8917897 -0.3749244 -0.02245096 -0.9294843 -0.3681778 -0.3781124 -0.8500278 -0.3667203 -0.3315813 -0.2403394 -0.9122997 -0.2636075 -0.3063485 -0.9146921 -0.1970996 0.3589717 -0.9122999 -0.3270912 0.2808197 -0.9023035 -0.420641 0.09438922 -0.9023036 -0.4157171 -0.1141385 -0.9023036 -0.2409489 0.8963739 -0.3720987 -0.1024688 0.394099 -0.9133379 -0.1716192 -0.385814 -0.9064736 -0.009682856 -0.4221513 -0.9064737 0.1074393 -0.3896092 -0.914692 0.1919901 -0.3591018 -0.9133377 0.430885 -0.8221198 -0.3720982 0.553936 -0.390552 -0.7352714 0.4081819 -0.1264998 -0.9040936 0.3128737 -0.2910768 -0.9040931 -0.5476579 0.3385595 -0.7651459 0.6344348 0.1097473 -0.7651457 0.5107608 0.3920135 -0.7651463 0.4236339 -0.5187375 -0.7425939 -0.6422641 0.04527112 -0.7651453 0.4226471 0.06313179 -0.9040928 -0.32759 0.5542892 -0.7651459 0.1854203 -0.6165802 -0.7651459 0.2700785 0.5844741 -0.7651455 0.6270385 -0.1815456 -0.757538 0.3533992 0.2402585 -0.9040934 -0.5897339 -0.2583892 -0.7651463 -0.4021048 -0.5028564 -0.7651452 -0.03247523 0.6430376 -0.7651457 0.03249922 0.4261 -0.9040921 -0.1223581 -0.6321236 -0.7651459 0.2141584 0.3698006 -0.9040928 0.6817115 -0.6342181 -0.3647423 0.8893775 -0.2756267 -0.3647431 0.9208919 0.1375555 -0.3647418 0.7700118 0.5234927 -0.3647427 0.4666212 0.8057471 -0.3647414 0.070811 0.9284127 -0.3647406 0.3405535 -0.6464299 0.6827531 0.549857 -0.5115499 0.6602832 0.7173575 -0.2223159 0.6602831 0.7427759 0.1109498 0.6602834 0.6210788 0.4222408 0.6602831 0.3763688 0.6499019 0.6602833 0.05711518 0.7488416 0.6602833 -0.1881711 0.7060028 0.682753 -0.4021048 -0.5028564 0.7651452 -0.1223581 -0.6321236 0.7651459 0.1854203 -0.6165802 0.7651459 0.4236339 -0.5187375 0.7425939 0.553936 -0.390552 0.7352714 0.6270385 -0.1815456 0.757538 0.6344348 0.1097473 0.7651457 0.5107608 0.3920135 0.7651463 0.2700785 0.5844741 0.7651455 -0.03247523 0.6430376 0.7651457 -0.32759 0.5542892 0.7651459 -0.5476579 0.3385595 0.7651459 -0.6422641 0.04527112 0.7651453 -0.5897339 -0.2583892 0.7651463 -0.6604781 0.6482566 -0.3788562 -0.8663221 0.3189413 -0.3843989 -0.484185 0.04700019 -0.8737024 -0.7237791 0.6775834 -0.1304783 -0.5888538 0.8022189 -0.09846847 -0.7455439 0.6615102 -0.08104677 -0.8610759 0.5001325 -0.0917376 -0.9479528 0.3101643 -0.07199674 -0.9900241 0.1073872 -0.09121595 -0.8315081 0.5547298 -0.02948153 -0.4158291 0.9092094 -0.02060431 -0.8224773 0.4392983 -0.3613143 -0.926845 0.1114791 -0.358512 -0.6877768 0.08086162 -0.7214045 -0.3430678 0.02873354 -0.9388711 -0.08218223 0.004891959 -0.9966053 -0.2348021 0.3495487 -0.9070191 -0.5345209 0.3858907 -0.7519148 -0.5721921 0.4538014 -0.6831255 -0.4325774 0.4311587 -0.7918201 -0.6827991 0.3093929 -0.6618621 -0.6185519 0.6178558 -0.4854356 -0.6446638 0.6849924 -0.3394025 -0.5561786 0.7814606 -0.2828157 -0.8348473 0.5380565 -0.1162979 -0.8066676 0.5484325 -0.220248 -0.7694108 0.5386238 -0.3433531 -0.7014938 0.5599527 -0.440862 -0.6173301 0.56458 -0.5478621 -0.4532462 0.5833591 -0.6739882 -0.298546 0.6312778 -0.7157924 -0.4714063 0.8634406 -0.179573 -0.3699268 0.855751 -0.3617241 -0.4345465 0.8561128 -0.2797145 -0.1960425 0.3590038 -0.912515 -0.4372957 0.8190924 -0.3712952 -0.7099896 0.5092676 -0.4863757 -0.7243947 0.4502268 -0.5220615 -0.5931516 0.4964482 -0.6338063 -0.535934 0.6064944 -0.5873152 -0.06417653 0.01287202 -0.9978555 -0.1763362 -0.8557711 -0.4863757 -0.2269651 -0.8221549 -0.5220614 0.01751074 -0.809169 -0.587315 -0.03843002 -0.05298545 -0.9978555 -0.3239141 -0.3629113 -0.8737134 -0.09915417 -0.7671037 -0.6338142 -0.4203034 -0.8219378 -0.3843999 -0.0456863 -0.9243272 -0.378856 -0.07230446 -0.9888097 -0.1304894 -0.2453743 -0.9679381 -0.05373393 -0.246437 -0.9471344 -0.2054393 0.04631135 -0.7553717 -0.6536581 0.1193197 -0.7074244 -0.6966445 -0.1182851 -0.8620687 -0.4927943 -0.0757462 -0.8181975 -0.5699257 -0.1855454 -0.909028 -0.37315 0.2229953 -0.6639403 -0.7137622 0.3111302 -0.9501434 -0.02062848 0.1121507 -0.9886512 -0.09995551 -0.4862413 -0.8708535 -0.07199672 -0.6477995 -0.7553935 -0.0986734 -0.09986268 -0.9914219 -0.08432171 -0.2935578 -0.9515293 -0.09173765 -0.5976883 -0.7193453 -0.3539931 -0.3064881 -0.8813807 -0.3594902 -0.2788906 -0.680824 -0.677273 -0.01224681 -0.9396166 -0.3420097 0.1240088 -0.9518812 -0.2802571 -0.0348391 -0.8815497 -0.4708039 -0.04732939 -0.8226301 -0.5666036 -0.4409112 -0.5307358 -0.723821 -0.08837802 -0.7403042 -0.6664376 -0.07153023 -0.529427 -0.8453346 -0.2307853 -0.2547518 -0.9390632 0.05969881 -0.4174185 -0.9067512 -0.05761658 -0.05861864 -0.9966164 0.2464012 -0.9521628 -0.1807553 0.2410776 -0.9413007 -0.2362933 0.3055948 -0.881496 -0.3599675 0.3832982 -0.8385646 -0.3871588 0.1537295 -0.3380549 -0.9284859 -0.3241943 0.2829865 -0.902672 0.553936 -0.390553 -0.7352709 0.6270376 -0.1815459 -0.7575387 0.4236343 -0.518737 -0.742594 0.1854207 -0.6165801 -0.7651458 0.0489532 -0.4275365 -0.9026717 -0.03247524 0.6430376 -0.7651458 -0.3275899 0.5542894 -0.7651458 -0.1542021 -0.4017535 -0.9026715 0.2700789 0.5844737 -0.7651456 -0.4182849 0.1010975 -0.9026722 0.6344348 0.1097482 -0.7651457 0.1607013 -0.3661347 -0.9165809 -0.5476577 0.3385604 -0.7651457 -0.3224366 -0.2849888 -0.9026716 0.5107612 0.3920136 -0.7651459 -0.4176517 -0.1036859 -0.9026718 -0.4021046 -0.5028556 -0.7651458 -0.1223573 -0.6321239 -0.7651458 -0.5897347 -0.2583894 -0.7651457 -0.6422634 0.04527098 -0.7651459 0.3789549 -0.8465036 -0.3739315 -0.7018049 0.6125992 -0.3635824 -0.9054895 0.2188524 -0.3635827 -0.9041172 -0.2244557 -0.3635819 -0.6979982 -0.6169335 -0.3635816 -0.3338102 -0.8697007 -0.3635815 0.1059722 -0.9255151 -0.3635818 0.3832981 -0.8385644 0.3871592 0.3789549 -0.8465035 0.3739319 -0.4372956 0.8190923 0.3712955 -0.7018047 0.6125992 0.3635827 -0.9054894 0.2188522 0.363583 -0.904117 -0.2244557 0.3635823 -0.6979981 -0.6169334 0.363582 -0.3338102 -0.8697005 0.3635818 0.1059722 -0.925515 0.3635821 -0.4021046 -0.5028556 0.7651458 -0.1223573 -0.6321239 0.7651458 0.1854207 -0.6165801 0.7651458 0.4236343 -0.518737 0.742594 0.553936 -0.390553 0.7352709 0.6270376 -0.1815459 0.7575387 0.6344348 0.1097482 0.7651457 0.5107612 0.3920136 0.7651459 0.2700789 0.5844737 0.7651456 -0.03247524 0.6430376 0.7651458 -0.3275899 0.5542894 0.7651458 -0.5476577 0.3385604 0.7651457 -0.6422634 0.04527098 0.7651459 -0.5897347 -0.2583894 0.7651457 0.1537293 -0.3380546 0.9284861 0.1607012 -0.3661343 0.916581 0.3085541 -0.8797441 0.3617246 0.06452934 -0.4161154 0.9070193 0.04895317 -0.4275361 0.9026719 -0.154202 -0.4017532 0.9026717 -0.3224363 -0.2849886 0.9026718 -0.4176514 -0.1036858 0.9026719 -0.4182846 0.1010973 0.9026723 -0.324194 0.2829862 0.9026722 -0.1960424 0.3590034 0.9125152 -0.2392356 0.3472295 0.9067513 -0.3732896 0.855031 0.3599678 0.2386611 -0.9538842 0.1820596 0.3110799 -0.9501604 0.02060428 0.1213003 -0.9514731 0.2828164 -0.009442615 -0.940639 0.3392773 0.2613135 -0.923837 0.2797151 -0.02545573 -0.6102232 0.7918205 -0.1126968 -0.7215535 0.6831252 0.0008343461 -0.8849929 0.4656038 -0.02787542 -0.8703214 0.4916946 -0.1310839 -0.6460927 0.7519184 -0.4647164 0.8668138 0.1807553 -0.6462746 0.682172 0.3420094 -0.5544662 0.7835959 0.2802582 -0.6234957 0.6241784 0.4708019 -0.5927149 0.5724115 0.5665987 -0.4612613 0.8552212 0.2362937 -0.5670402 0.4840722 0.6664379 -0.4116366 0.3405355 0.8453348 -0.4157806 0.909231 0.02062854 -0.6666976 0.3111523 0.6772729 -0.6839642 0.09097284 0.723821 -0.9270924 0.1232418 0.353993 -0.9883656 0.115745 0.09867347 -0.9479528 0.3101643 0.07199675 -0.8230009 0.4398141 0.35949 -0.8610759 0.5001325 0.09173763 -0.7457951 0.6608173 0.08432168 -0.5881178 0.8025748 0.09995548 -0.3423729 0.03067917 0.9390631 -0.08209661 0.003998658 0.9966164 -0.392113 0.6007781 0.6966441 -0.4782828 0.5864946 0.6536587 -0.2864352 0.6391386 0.7137624 -0.6105876 0.5498797 0.5699255 -0.671602 0.5532671 0.4927944 -0.7528773 0.5421576 0.3731499 -0.8234684 0.5288615 0.2054395 -0.8367971 0.5448699 0.0537339 -0.03843007 -0.05298552 0.9978555 -0.06417662 0.01287203 0.9978555 -0.05707391 -0.05933337 0.9966053 0.208764 -0.6663775 0.7157923 -0.5359341 0.6064944 0.5873152 -0.7099895 0.5092677 0.4863757 0.0175106 -0.809169 0.587315 -0.1763361 -0.8557711 0.4863757 -0.7243949 0.4502267 0.5220613 -0.226965 -0.822155 0.5220613 -0.7237725 0.6775883 0.1304892 -0.5931355 0.4964575 0.633814 -0.4841659 0.04699804 0.8737131 -0.0991726 -0.7671078 0.6338063 -0.323927 -0.3629268 0.8737021 -0.2080946 -0.3727462 0.9042991 -0.4057275 0.1327753 0.9042986 -0.2208174 -0.9501214 0.2202478 -0.2485626 -0.9616088 0.1162979 -0.1357168 -0.8872549 0.4408625 -0.200092 -0.9176447 0.3433531 0.0625827 -0.7360867 0.673988 -0.07073061 -0.8335731 0.5478622 -0.2348004 -0.9715964 0.0294815 -0.07231298 -0.9888105 0.1304782 -0.4505705 -0.5258914 0.7214045 -0.2919162 -0.6904514 0.6618623 -0.3060261 -0.8809692 0.3608897 -0.2326156 -0.2537935 0.938871 0.1113685 -0.9888888 0.09846841 -0.09920805 -0.9917606 0.08104676 -0.6054844 -0.7105335 0.3585118 -0.4862414 -0.8708535 0.07199673 -0.2935578 -0.9515293 0.09173768 -0.6546868 -0.7503765 0.09121595 -0.4207447 0.8246166 0.3781288 -0.6604784 0.6482569 0.3788552 -0.8663226 0.3189398 0.3843989 0.2500944 -0.8913313 0.3781288 -0.04568634 -0.9243276 0.3788551 -0.4203023 -0.8219393 0.384398 -0.3017016 0.2976014 0.9057646 -0.1895799 0.3591414 0.9138254 -0.5400751 0.7314202 0.4163453 -0.4484198 0.7849001 0.4276113 -0.3983672 0.9168482 0.02632441 0.1042672 -0.3924939 0.9138254 -0.01986365 -0.4233155 0.9057646 0.362101 -0.9321378 0.001378652 0.2870481 -0.8655459 0.4104067 0.1796846 -0.8916232 0.4155977 -0.448192 -0.5159381 0.7300218 -0.545585 -0.4015452 0.735594 -0.2669115 -0.6000391 0.7541295 -0.07803318 -0.6771293 0.731715 -0.6201003 -0.1702535 0.765826 -0.6274452 0.1407946 0.765826 -0.5583225 0.3792473 0.7378669 -0.3781123 -0.8500276 0.3667208 -0.6095283 -0.6993017 0.3734332 -0.02245094 -0.9294841 0.3681783 0.2531944 -0.8918971 0.3747162 -0.7072257 0.605551 0.3648832 -0.4373916 0.8182268 0.3730866 -0.9090723 0.2039899 0.3632846 -0.8984306 -0.2466713 0.3632845 -0.7465027 -0.552294 0.3710863 -0.2636071 -0.3063482 0.9146923 -0.3315809 -0.2403391 0.9123 -0.4157166 -0.1141383 0.9023038 -0.4206405 0.09438902 0.9023039 -0.3270908 0.2808194 0.9023038 -0.1970994 0.3589712 0.9123001 -0.1024689 0.3940982 0.9133382 -0.240949 0.8963737 0.3720991 0.1074392 -0.3896086 0.9146923 -0.009682817 -0.4221507 0.906474 -0.1716191 -0.3858135 0.9064739 0.4308849 -0.8221197 0.3720987 0.1919898 -0.3591013 0.9133379 0.6270385 -0.1815456 0.757538 0.553936 -0.390552 0.7352714 0.4081815 -0.1264993 0.9040939 -0.6422641 0.04527112 0.7651453 -0.5476579 0.3385595 0.7651459 0.6344348 0.1097473 0.7651457 0.3128732 -0.2910764 0.9040934 0.4226466 0.0631313 0.9040931 0.3533985 0.2402585 0.9040937 -0.5897339 -0.2583892 0.7651463 0.4236339 -0.5187375 0.7425939 -0.32759 0.5542892 0.7651459 0.2141582 0.3698003 0.9040929 -0.4021048 -0.5028564 0.7651452 0.03249966 0.4260994 0.9040924 -0.1223581 -0.6321236 0.7651459 0.1854203 -0.6165802 0.7651459 0.5107608 0.3920135 0.7651463 -0.03247523 0.6430376 0.7651457 0.2700785 0.5844741 0.7651455 0.07081131 0.9284125 0.3647411 0.4666211 0.8057468 0.3647421 0.7700115 0.5234929 0.3647432 0.9208918 0.1375552 0.3647423 0.8893774 -0.2756264 0.3647436 0.6817113 -0.634218 0.3647428 0.3405535 -0.6464299 -0.6827531 0.549857 -0.5115499 -0.6602832 0.7173575 -0.2223159 -0.6602831 0.7427759 0.1109498 -0.6602834 0.6210788 0.4222408 -0.6602831 0.3763688 0.6499019 -0.6602833 0.05711518 0.7488416 -0.6602833 -0.1881711 0.7060028 -0.682753 -0.1223581 -0.6321236 -0.7651459 -0.4021048 -0.5028564 -0.7651452 0.1854203 -0.6165802 -0.7651459 0.4236339 -0.5187375 -0.7425939 0.6270385 -0.1815456 -0.757538 0.553936 -0.390552 -0.7352714 0.6344348 0.1097473 -0.7651457 0.5107608 0.3920135 -0.7651463 0.2700785 0.5844741 -0.7651455 -0.03247523 0.6430376 -0.7651457 -0.32759 0.5542892 -0.7651459 -0.5476579 0.3385595 -0.7651459 -0.6422641 0.04527112 -0.7651453 -0.5897339 -0.2583892 -0.7651463 0.8993615 -0.4320405 0.06700591 0.8993616 -0.4320404 -0.06700668 0.8398976 -0.480969 0.2514774 0.7072254 -0.5328362 0.4646696 0.3281509 -0.6553507 0.6803179 0.5086675 -0.6104614 0.6071197 0.7072254 -0.5328365 -0.4646693 0.8398976 -0.48097 -0.2514753 0.5086642 -0.6104708 -0.6071129 0.328151 -0.6553507 -0.6803179 0.3678744 0.9274582 -0.06700482 0.3678748 0.9274581 0.06700444 0.2909906 0.923084 0.2514763 0.1583206 0.8712154 0.4646701 -0.04023807 0.7935912 0.6071194 0.0341528 0.04701003 0.9983104 0.2909908 0.9230842 -0.2514755 0.1583203 0.8712152 -0.4646705 -0.04023762 0.7935914 -0.6071192 0.03415287 0.04701007 -0.9983104 -0.2033377 0.7041469 -0.6803168 -0.1832192 0.6646055 -0.7243827 -0.2033378 0.7041467 0.6803169 -0.1832194 0.6646055 0.7243826 0.4249909 0.9023816 -0.07134535 0.4249909 0.9023816 0.07134539 0.02356429 0.7239963 -0.6894013 0.3996852 0.8710382 -0.2855594 0.2490318 0.8121417 -0.5276448 0.02356414 0.7239962 0.6894014 0.3996851 0.8710382 0.2855595 0.2490318 0.8121417 0.5276448 0.3678741 0.9274584 0.06700494 0.3678741 0.9274584 -0.06700491 0.2909921 0.9230835 -0.2514765 0.1583206 0.8712154 -0.4646702 -0.04023722 0.7935908 -0.6071199 0.2909921 0.9230835 0.2514766 0.1583206 0.8712154 0.4646702 -0.04023744 0.7935908 0.6071199 -0.3281498 0.6553523 -0.6803169 -0.8398973 0.4809696 0.2514771 -0.8993618 0.4320401 0.06700539 -0.8993618 0.4320401 -0.06700534 -0.1936141 0.7127669 0.674149 -0.3281496 0.6553523 0.680317 -0.5086681 0.6104615 -0.607119 -0.8398973 0.4809696 -0.2514771 -0.7072254 0.5328366 0.464669 -0.1936141 0.712767 -0.674149 -0.006510917 0.8168842 0.576765 0.07630741 0.7368344 -0.6717531 -0.1687354 0.6660454 -0.7265755 -0.006510838 0.8168842 -0.576765 -0.7072255 0.5328366 -0.464669 -0.5086679 0.6104617 0.607119 -0.2033381 0.7041466 -0.680317 -0.1687355 0.6660454 0.7265755 0.07630727 0.7368344 0.6717531 0.3244597 0.8338478 0.4465688 0.3487738 0.8955737 0.2762329 0.206552 0.9001798 0.3834223 0.3487739 0.8955737 -0.2762328 0.3244597 0.8338478 -0.4465688 -0.04023817 0.793591 -0.6071196 0.3678739 0.9274584 -0.06700522 0.367874 0.9274584 0.06700519 0.1583199 0.871216 0.4646692 -0.04023793 0.7935912 0.6071194 -0.2033384 0.7041472 0.6803162 0.206552 0.9001799 -0.3834221 0.290992 0.9230834 -0.2514769 0.1583199 0.871216 -0.4646691 0.290992 0.9230834 0.2514769 -0.3161156 0.6126506 0.7243826 -0.1687356 0.6660452 0.7265756 0.424991 0.9023816 -0.07134549 0.3996849 0.8710383 -0.2855594 0.2490321 0.8121415 -0.5276449 0.0235638 0.7239962 -0.6894014 -0.1832195 0.6646054 0.7243827 0.424991 0.9023816 0.07134544 0.02356395 0.7239963 0.6894012 0.249032 0.8121415 0.5276449 -0.1832197 0.6646054 -0.7243826 0.07630674 0.7368343 0.6717533 0.3244598 0.8338479 0.4465686 -0.9243263 0.3748744 0.07134522 -0.8844722 0.3690053 0.2855593 -0.7338191 0.4279025 0.5276448 -0.1936142 0.7127669 0.674149 0.399685 0.8710383 0.2855594 0.2065518 0.90018 0.383422 -0.7338192 0.4279022 -0.5276449 -0.8844723 0.369005 -0.2855593 0.3487746 0.8955735 0.2762323 -0.5083512 0.5160475 0.6894012 -0.1687355 0.6660452 -0.7265756 0.3487747 0.8955735 -0.2762323 0.3244599 0.8338479 -0.4465685 -0.006510931 0.816884 0.5767652 0.2065518 0.9001799 -0.3834221 -0.5083514 0.5160472 -0.6894013 -0.1936141 0.7127669 -0.674149 -0.3161157 0.6126504 -0.7243828 -0.9243263 0.3748743 -0.07134505 -0.006510577 0.816884 -0.5767652 0.07630684 0.7368344 -0.6717532 -0.1223571 -0.6321244 -0.7651454 -0.4021039 -0.502856 -0.7651459 -0.4021039 -0.502856 0.7651459 0.1854199 -0.6165805 -0.7651457 -0.1223571 -0.6321244 0.7651454 0.423634 -0.5187366 -0.7425944 0.1854199 -0.6165805 0.7651457 0.423634 -0.5187366 0.7425944 0.5539369 -0.3905514 0.7352711 0.5539369 -0.3905514 -0.7352711 0.6270385 -0.1815451 0.7575382 0.6270385 -0.1815451 -0.7575382 0.6344349 0.1097477 -0.7651456 0.510762 0.3920129 -0.7651458 0.6344349 0.1097477 0.7651456 0.270079 0.5844732 -0.765146 0.510762 0.3920129 0.7651458 -0.03247525 0.6430378 -0.7651456 0.270079 0.5844732 0.765146 -0.3275895 0.5542897 -0.7651458 -0.03247525 0.6430378 0.7651456 -0.5476574 0.3385609 -0.7651457 -0.3275895 0.5542897 0.7651458 -0.6422632 0.04527121 -0.765146 -0.5476574 0.3385609 0.7651457 -0.5897344 -0.2583897 -0.7651458 -0.6422632 0.04527121 0.765146 -0.5897344 -0.2583897 0.7651458 -0.5897347 -0.2583892 -0.7651457 -0.6422635 0.04527104 -0.7651458 -0.4081835 0.1265001 -0.9040929 -0.3128745 0.291077 -0.9040928 0.5539362 -0.3905531 -0.7352707 -0.5476578 0.3385603 -0.7651457 0.4236345 -0.5187368 -0.7425941 -0.1919902 0.3591017 -0.9133377 0.1854208 -0.6165801 -0.7651458 0.4081843 -0.1265001 -0.9040925 0.3128731 -0.2910763 -0.9040934 -0.1024688 0.3940987 -0.913338 -0.2141578 -0.3698005 -0.9040929 -0.3534 -0.2402591 -0.9040929 0.5107612 0.3920137 -0.7651459 -0.422647 -0.06313151 -0.9040929 0.6344347 0.1097482 -0.7651457 0.6270375 -0.1815462 -0.7575388 0.4226473 0.06313155 -0.9040927 0.1919904 -0.3591022 -0.9133374 -0.4021045 -0.5028556 -0.7651459 -0.1223571 -0.632124 -0.7651457 0.102469 -0.3940995 -0.9133376 -0.3275903 0.5542893 -0.7651457 -0.03249911 -0.4260986 -0.9040928 -0.0324754 0.6430374 -0.7651459 0.270079 0.5844737 -0.7651456 0.3533988 0.2402587 -0.9040935 0.2141574 0.3698007 -0.9040929 0.03249929 0.4260983 -0.9040929 -0.4021045 -0.5028556 0.7651459 -0.1223571 -0.632124 0.7651457 0.1854208 -0.6165801 0.7651458 0.4236345 -0.5187368 0.7425941 0.5539362 -0.3905531 0.7352707 0.6270375 -0.1815462 0.7575388 0.6344347 0.1097482 0.7651457 0.5107612 0.3920137 0.7651459 0.270079 0.5844737 0.7651456 -0.0324754 0.6430374 0.7651459 -0.3275903 0.5542893 0.7651457 -0.5476578 0.3385603 0.7651457 -0.6422635 0.04527104 0.7651458 -0.5897347 -0.2583892 0.7651457 0.4308851 -0.82212 -0.3720978 0.2409491 -0.8963741 -0.3720982 -0.4308853 0.8221197 -0.3720982 -0.6817119 0.634218 -0.3647416 -0.8893779 0.2756271 -0.3647418 -0.920892 -0.1375552 -0.3647418 -0.7700119 -0.5234931 -0.3647419 -0.4666216 -0.8057466 -0.3647419 -0.07081127 -0.9284122 -0.3647417 0.6817114 -0.6342179 -0.3647427 0.8893781 -0.2756274 -0.3647412 0.920892 0.1375549 -0.3647418 0.7700114 0.5234931 -0.3647429 0.4666216 0.8057467 -0.3647419 0.07081107 0.9284121 -0.364742 -0.2409491 0.8963738 -0.3720989 0.4308851 -0.8221202 0.3720974 0.2409491 -0.8963742 0.3720978 -0.4308853 0.8221198 0.3720978 -0.6817119 0.6342181 0.3647413 -0.8893781 0.2756271 0.3647415 -0.9208921 -0.1375552 0.3647415 -0.770012 -0.5234932 0.3647416 -0.4666217 -0.8057467 0.3647416 -0.07081131 -0.9284123 0.3647414 -0.2409492 0.8963739 0.3720986 0.1024691 -0.3940999 0.9133375 -0.03249919 -0.426099 0.9040926 -0.214158 -0.3698008 0.9040927 -0.3534003 -0.2402593 0.9040927 -0.4226474 -0.06313157 0.9040927 -0.4081839 0.1265002 0.9040927 -0.3128747 0.2910774 0.9040926 -0.1919904 0.3591021 0.9133375 -0.102469 0.394099 0.9133379 0.03249936 0.4260987 0.9040928 0.1919904 -0.3591025 0.9133373 0.4081846 -0.1265006 0.9040923 0.4226475 0.06313151 0.9040926 0.3533989 0.2402591 0.9040934 0.2141578 0.369801 0.9040927 0.3128737 -0.2910763 0.9040933 0.6817117 -0.6342177 0.3647424 0.8893781 -0.2756277 0.364741 0.9208922 0.1375549 0.3647414 0.7700114 0.5234934 0.3647425 0.4666217 0.8057467 0.3647416 0.07081111 0.9284123 0.3647416 0 -1 0 -0.1639464 -0.9051874 0.392119 -0.3223066 -0.9025442 0.2855387 -0.3999057 -0.9077063 0.1270618 -0.4072385 -0.9133218 -6.052494e-07 -0.3999063 -0.9077061 -0.1270611 -0.322307 -0.902544 -0.285539 -0.1588625 -0.9051371 -0.3943216 0.06197694 -0.9071953 -0.4161197 0.2446069 -0.9025444 -0.3543742 0.3812745 -0.9025444 -0.2001085 0.4305984 -0.9025437 -4.959029e-07 0.381274 -0.9025445 0.200109 0.2446072 -0.9025442 0.3543745 0.08972135 -0.9101195 0.4045152 -0.02909853 -0.9077135 0.4185803 -0.927985 -0.3726176 -3.961057e-07 -0.8883402 -0.3676351 0.2751294 -0.6973146 -0.3634784 0.6177667 -0.3355392 -0.3588493 0.8709998 0.1187344 -0.3559208 0.9269426 0.5292102 -0.3634784 0.7666942 0.8248929 -0.3634784 0.4329378 0.9316029 -0.3634777 -2.723826e-07 0.8248931 -0.3634786 -0.4329373 0.5292102 -0.3634786 -0.7666941 -0.3553411 -0.3656185 -0.860265 -0.05617954 -0.3788661 -0.9237447 -0.6973151 -0.3634779 -0.6177665 -0.8883402 -0.3676354 -0.2751289 0.1930027 -0.3695115 -0.9089616 0.6438573 -0.7651456 -7.323298e-18 0.5701068 -0.765146 0.2992154 0.3657523 -0.7651456 0.5298843 0.07760822 -0.7651458 0.6391626 -0.2283152 -0.7651458 0.6020166 -0.4819342 -0.7651456 0.4269562 -0.6257753 -0.7644009 0.1552305 -0.6257753 -0.7644009 -0.1552305 -0.4819344 -0.7651456 -0.4269561 -0.2498124 -0.7575388 -0.6030992 -0.04092272 -0.7352709 -0.6765368 0.1405664 -0.742594 -0.6548246 0.3657524 -0.7651457 -0.5298842 0.570107 -0.7651459 -0.2992153 -0.04421638 -0.6809563 -0.730988 0.1549009 -0.6747567 -0.7216018 0.4282591 -0.6569992 -0.6204403 -0.5642958 -0.6569992 0.4999222 -0.7319846 -0.6569992 0.1804179 -0.7319846 -0.6569992 -0.1804179 -0.5642958 -0.6569992 -0.4999223 -0.2865598 -0.6627768 -0.6918168 0.6675372 -0.6569993 0.3503513 0.428259 -0.6569993 0.6204403 0.09087186 -0.6569992 0.7483945 -0.2673335 -0.6569991 0.7049007 0.6675372 -0.6569993 -0.3503512 0.7538915 -0.6569989 6.859874e-18 0.9953239 0.09659357 -4.040484e-07 0.8813153 0.09659058 0.4625511 0.5654085 0.09659063 0.8191358 0.1199732 0.09659071 0.9880671 -0.3529466 0.09659183 0.9306442 -0.745011 0.09659068 0.6600219 -0.966402 0.09658979 0.2381967 -0.9664019 0.09658993 -0.2381967 -0.7450108 0.09659138 -0.6600219 -0.3805482 0.09672389 -0.9196888 -0.06744112 0.1392517 -0.9879578 0.2081107 0.09674375 -0.9733091 0.5654086 0.0965907 -0.8191357 0.8813156 0.09659093 -0.4625506 0.4076784 0.9131256 2.375252e-07 0.1129034 0.993606 -1.571744e-07 0.09997164 0.9936059 0.05246926 0.3609804 0.9131261 0.1894568 0.06413647 0.993606 0.0929177 0.2315878 0.9131256 0.3355126 0.01360911 0.993606 0.1120803 0.04914011 0.9131256 0.404706 -0.04003604 0.993606 0.1055666 -0.1445648 0.9131255 0.3811862 -0.08450963 0.9936059 0.07486885 -0.3051516 0.9131255 0.270341 -0.1096223 0.993606 0.02701948 -0.3958319 0.9131256 0.09756379 -0.1096223 0.993606 -0.02701947 -0.395832 0.9131256 -0.09756374 -0.08450957 0.9936059 -0.07486901 -0.3051516 0.9131256 -0.2703409 -0.04302529 0.9938076 -0.1024469 -0.1464156 0.9124937 -0.3819918 -0.008944863 0.9934972 -0.1135049 0.05165543 0.9118915 -0.4071679 0.02367901 0.994166 -0.1052297 0.06413631 0.993606 -0.09291775 0.2315882 0.9131255 -0.3355126 0.09997179 0.9936059 -0.05246895 0.3609802 0.9131261 -0.1894572 0.7214356 0.6924815 1.016231e-07 0.6387992 0.692482 0.3352673 0.409822 0.6924816 0.5937299 0.08695953 0.6924821 0.7161749 -0.2558246 0.692482 0.6745536 -0.540002 0.6924819 0.4784001 -0.7004716 0.6924819 0.172651 -0.7004716 0.6924819 -0.1726509 -0.540002 0.6924818 -0.4784003 -0.2558246 0.6924818 -0.6745537 0.08695942 0.6924819 -0.7161752 0.4098221 0.6924818 -0.5937296 0.6387992 0.6924821 -0.3352673 0.9280128 0.3725483 -5.213117e-07 0.8217154 0.3725455 0.4312698 0.527172 0.3725459 0.7637403 0.1118601 0.3725463 0.9212473 -0.3290773 0.3725475 0.8677076 -0.6946277 0.3725464 0.6153873 -0.9010476 0.3725454 0.2220883 -0.9010476 0.3725452 -0.2220885 -0.6946279 0.3725462 -0.6153872 -0.3396415 0.3809446 -0.8599563 0.1330064 0.3924568 -0.9101027 0.5271721 0.3725458 -0.7637403 0.8217159 0.3725451 -0.4312692 -0.3745599 0.6624358 0.6487555 -0.389856 0.8929444 0.2250837 -4.709831e-07 0.8929446 0.4501665 0.3745591 0.662436 0.6487557 -0.7491183 0.6624362 1.354341e-17 -0.389856 0.8929444 -0.2250837 0.7491189 0.6624356 0 0.3745589 0.6624361 -0.6487558 0.3898557 0.8929447 -0.2250828 -0.3745597 0.6624359 -0.6487555 -4.709832e-07 0.8929445 -0.4501667 0.3898557 0.8929447 0.2250828 0.7038501 0.5826326 -0.4063671 0.6522773 0.7579804 -2.948154e-18 0.7038501 0.5826326 0.4063671 -0.6522782 0.7579797 -8.844468e-18 0.3261388 0.7579798 -0.5648895 -0.3261392 0.7579801 -0.5648889 -0.7038494 0.5826328 0.4063681 -0.3261393 0.7579801 0.5648887 -8.503177e-07 0.5826327 -0.8127356 0.3261389 0.7579799 0.5648893 -8.503182e-07 0.5826327 0.8127356 -0.7038494 0.5826328 -0.4063681 0 -1 0 -0.1639466 -0.9051873 0.3921192 -0.3223058 -0.9025448 0.2855379 -0.3999046 -0.9077069 0.1270608 -0.407238 -0.9133221 3.513662e-08 -0.3999047 -0.9077069 -0.1270608 -0.3223055 -0.9025448 -0.2855383 -0.1588638 -0.9051367 -0.3943221 0.06197702 -0.9071953 -0.4161197 0.244607 -0.9025444 -0.3543742 0.3812745 -0.9025445 -0.2001079 0.4305962 -0.9025447 1.016491e-07 0.3812745 -0.9025444 0.2001081 0.2446074 -0.9025442 0.3543744 0.08972126 -0.9101197 0.4045147 -0.02909841 -0.9077138 0.4185798 -0.9279846 -0.3726184 4.844174e-09 -0.8883405 -0.3676364 0.2751265 -0.6973144 -0.3634791 0.6177666 -0.3355385 -0.3588491 0.8710001 0.1187346 -0.3559211 0.9269424 0.5292105 -0.3634784 0.766694 0.8248929 -0.3634789 0.4329374 0.9316024 -0.363479 5.535485e-08 0.8248931 -0.3634787 -0.4329372 0.5292102 -0.3634786 -0.7666941 -0.3553407 -0.3656183 -0.8602652 -0.05617947 -0.3788661 -0.9237448 -0.6973142 -0.3634791 -0.6177668 -0.8883406 -0.3676362 -0.2751264 0.1930027 -0.3695115 -0.9089616 0.6438573 -0.7651456 -7.323298e-18 0.5701068 -0.765146 0.2992154 0.3657525 -0.7651455 0.5298843 0.07760844 -0.7651459 0.6391625 -0.228315 -0.7651457 0.6020169 -0.4819338 -0.7651458 0.4269563 -0.6257753 -0.7644009 0.1552304 -0.6257753 -0.7644009 -0.1552304 -0.4819338 -0.7651458 -0.4269563 -0.249812 -0.7575386 -0.6030997 -0.04092272 -0.7352709 -0.6765368 0.1405664 -0.742594 -0.6548246 0.3657524 -0.7651457 -0.5298842 0.570107 -0.7651459 -0.2992153 -0.04421671 -0.6809564 -0.7309878 0.1549006 -0.6747566 -0.7216019 0.4282592 -0.6569992 -0.6204403 -0.2673335 -0.6569993 0.7049005 -0.5642955 -0.6569992 0.4999226 -0.5642955 -0.6569992 -0.4999225 -0.2865598 -0.6627768 -0.6918168 -0.7319846 -0.6569992 0.1804182 0.6675377 -0.6569992 -0.3503505 0.6675377 -0.6569992 0.3503506 0.4282592 -0.6569992 0.6204403 0.09087152 -0.6569991 0.7483946 -0.7319846 -0.6569991 -0.1804182 0.7538912 -0.6569993 -6.859869e-18 0.9953242 0.09659082 -8.270355e-08 0.8813159 0.09659027 0.4625501 0.5654087 0.09659069 0.8191357 0.1199729 0.09659128 0.9880671 -0.3529468 0.0965904 0.9306443 -0.7450104 0.09659178 0.6600223 -0.9664017 0.09659143 0.238197 -0.9664017 0.09659141 -0.238197 -0.7450107 0.09659118 -0.6600221 -0.3805479 0.09672239 -0.9196891 -0.06744141 0.1392514 -0.9879579 0.2081102 0.09674378 -0.9733092 0.5654086 0.09659094 -0.8191357 0.881316 0.09659032 -0.4625499 0.4076783 0.9131256 2.16768e-07 0.1129034 0.993606 -1.492191e-07 0.09997159 0.9936059 0.05246915 0.3609804 0.913126 0.1894573 0.06413669 0.9936059 0.09291797 0.2315871 0.9131259 0.3355122 0.01360912 0.9936059 0.1120805 0.04914009 0.9131257 0.4047057 -0.04003633 0.9936059 0.1055668 -0.1445647 0.9131256 0.381186 -0.08450954 0.9936059 0.07486901 -0.3051517 0.9131255 0.2703408 -0.1096233 0.9936059 0.02701969 -0.3958318 0.9131257 0.09756379 -0.1096233 0.9936059 -0.02701978 -0.3958317 0.9131257 -0.09756371 -0.08450965 0.9936059 -0.07486893 -0.3051517 0.9131256 -0.2703408 -0.04302547 0.9938075 -0.1024469 -0.1464156 0.9124937 -0.3819918 -0.008944867 0.9934972 -0.1135049 0.05165567 0.9118913 -0.4071681 0.02367901 0.994166 -0.1052297 0.06413665 0.9936059 -0.09291797 0.2315871 0.9131259 -0.3355123 0.09997174 0.9936059 -0.05246902 0.3609802 0.9131261 -0.1894574 0.7214356 0.6924815 8.840754e-08 0.6387992 0.692482 0.3352673 0.4098219 0.6924822 0.5937292 0.08695943 0.6924819 0.7161752 -0.2558239 0.6924824 0.6745534 -0.5400024 0.6924815 0.4784001 -0.7004712 0.6924824 0.1726507 -0.7004712 0.6924824 -0.1726506 -0.5400021 0.6924816 -0.4784004 -0.2558241 0.6924824 -0.6745533 0.08695951 0.6924821 -0.716175 0.4098218 0.6924823 -0.5937292 0.6387993 0.6924819 -0.3352673 0.9280139 0.3725455 -1.425775e-07 0.8217158 0.3725449 0.4312695 0.5271721 0.3725458 0.7637403 0.1118601 0.3725465 0.9212472 -0.3290789 0.372546 0.8677076 -0.6946281 0.3725464 0.6153868 -0.901047 0.3725469 0.2220883 -0.901047 0.3725468 -0.2220882 -0.694628 0.3725463 -0.615387 -0.3396425 0.3809441 -0.8599562 0.1330064 0.3924569 -0.9101027 0.527172 0.372546 -0.7637402 0.821716 0.3725449 -0.4312693 0.7491183 0.6624362 -1.354341e-17 0.3898558 0.8929445 0.2250838 0.3745589 0.662436 -0.6487559 0.3898558 0.8929445 -0.2250838 -0.3745597 0.6624358 0.6487557 -0.3898558 0.8929445 0.2250838 -4.709831e-07 0.8929446 -0.4501665 -0.3745597 0.6624358 -0.6487557 -0.3898558 0.8929445 -0.2250838 -0.7491183 0.6624362 1.354341e-17 -4.709831e-07 0.8929446 0.4501665 0.3745589 0.662436 0.6487559 0.7038493 0.5826328 -0.4063684 0.6522782 0.7579797 8.844468e-18 0.7038493 0.5826328 0.4063684 0.3261386 0.75798 0.5648893 -0.6522782 0.7579797 -8.844468e-18 -0.3261391 0.7579802 0.5648887 -0.3261391 0.7579802 -0.5648887 0.3261386 0.75798 -0.5648893 -0.7038493 0.5826328 0.4063684 -8.503182e-07 0.5826327 0.8127356 -8.503182e-07 0.5826327 -0.8127356 -0.7038493 0.5826328 -0.4063684 0.5701071 -0.2992153 0.7651458 0.6438571 9.881352e-09 0.7651458 0.6438571 9.881352e-09 -0.7651458 0.3657524 -0.5298841 0.7651458 0.5701071 -0.2992153 -0.7651458 0.0776084 -0.6391627 0.7651457 0.3657524 -0.5298841 -0.7651458 -0.2283149 -0.6020167 0.7651458 0.0776084 -0.6391627 -0.7651457 -0.4819341 -0.4269562 0.7651457 -0.2283149 -0.6020167 -0.7651458 -0.6251478 -0.1540851 0.7651458 -0.4819341 -0.4269562 -0.7651457 -0.6251478 0.1540851 0.7651458 -0.6251478 -0.1540851 -0.7651458 -0.481934 0.4269562 0.7651457 -0.6251478 0.1540851 -0.7651458 -0.2498121 0.6030996 0.7575387 -0.481934 0.4269562 -0.7651457 -0.2498121 0.6030996 -0.7575387 -0.04092292 0.6765369 -0.7352708 -0.04092292 0.6765369 0.7352708 0.1405661 0.6548245 -0.7425941 0.1405661 0.6548245 0.7425941 0.3657525 0.5298841 0.7651457 0.5701071 0.2992154 0.7651458 0.3657525 0.5298841 -0.7651457 0.5701071 0.2992154 -0.7651458 -0.07136237 0.6856878 0.7243891 0.1895569 0.3334106 0.9235289 -0.5390631 0.3725099 0.7554121 -0.904534 0.3015113 0.3015113 -0.6896212 0.6650636 0.2865537 -0.7243826 0.6856965 0.07134515 -0.8694734 0.4782917 0.1235034 -0.5286129 0.6651243 0.527426 -0.8027945 0.4805367 0.352995 -0.6507779 0.4478885 0.6130938 -0.2855362 0.6657194 0.6894104 -0.4825293 0.4207795 0.7681862 -0.3622759 0.3885083 0.8472411 -0.08220371 0.3705531 0.9251665 0.1422676 0.3562709 0.9234885 0.4456256 0.8143078 0.3719149 -0.4335367 0.8363118 0.3356016 0.3487378 0.8583223 0.3763837 0.2087555 0.920537 0.3302011 0.09980455 0.9765303 0.19086 0.02872581 0.9983611 0.04949649 -0.8687278 0.4951944 0.009723835 0.02660833 0.9985296 -0.04723038 -0.8687278 0.4951944 -0.009723879 -0.7243826 0.6856966 -0.0713451 -0.8615259 0.4874973 -0.141843 -0.07166123 0.6854756 -0.7245605 -0.5275961 0.6652453 -0.5282907 -0.6894163 0.6656734 -0.2856294 -0.2860074 0.6650676 -0.6898441 -0.904534 0.3015113 -0.3015113 0.1216828 0.3589024 -0.9254093 -0.1400782 0.3794039 -0.9145659 0.1895528 0.3334121 -0.9235292 -0.5058842 0.4271805 -0.7493984 -0.7458211 0.4671605 -0.474881 0.108744 0.9748448 -0.1945569 0.2268336 0.9208212 -0.3172298 0.3552509 0.8624258 -0.360581 0.4393091 0.8212517 -0.3640785 -0.5390633 0.3725093 -0.7554122 -0.4335367 0.8363117 -0.335602 0.1405661 0.6548245 -0.7425941 -0.04092292 0.6765369 -0.7352708 0.3657525 0.5298841 -0.7651457 -0.2498121 0.6030996 -0.7575387 -0.2283149 -0.6020167 -0.7651458 0.0776084 -0.6391627 -0.7651457 0.5701071 0.2992154 -0.7651458 -0.4819341 -0.4269562 -0.7651457 -0.6251478 0.1540851 -0.7651458 -0.6251478 -0.1540851 -0.7651458 -0.481934 0.4269562 -0.7651457 0.5701071 -0.2992153 -0.7651458 0.6438571 9.881352e-09 -0.7651458 0.3657524 -0.5298841 -0.7651458 0.5701071 -0.2992153 0.7651458 0.6438571 9.881352e-09 0.7651458 0.3657524 -0.5298841 0.7651458 0.0776084 -0.6391627 0.7651457 -0.2283149 -0.6020167 0.7651458 -0.4819341 -0.4269562 0.7651457 -0.6251478 -0.1540851 0.7651458 -0.6251478 0.1540851 0.7651458 -0.481934 0.4269562 0.7651457 -0.2498121 0.6030996 0.7575387 -0.04092292 0.6765369 0.7352708 0.1405661 0.6548245 0.7425941 0.3657525 0.5298841 0.7651457 0.5701071 0.2992154 0.7651458 -0.4335367 0.8363118 -0.3356018 -0.5390631 0.3725097 -0.7554121 -0.5773503 -0.5773503 -0.5773503 -0.5773503 -0.5773503 0.5773503 -0.5390633 0.3725093 0.7554122 -0.4335367 0.8363117 0.3356021 0.5307957 0.7601925 0.3746509 0.5307957 0.7601927 -0.3746504 0.2314938 0.3280657 0.9158512 0.320032 0.2685388 0.9085518 0.7119283 0.5974831 0.369015 0.392578 0.1428865 0.9085516 0.8733362 0.3179634 0.3690301 0.3998595 0.0364464 0.9158516 0.923769 0.07959818 0.3745864 0.2314939 0.328066 -0.9158511 0.9237692 0.07959808 -0.374586 0.3998598 0.03644627 -0.9158514 0.3925782 0.1428869 -0.9085514 0.8733362 0.3179637 -0.3690297 0.3200324 0.2685388 -0.9085517 0.7119285 0.597483 -0.3690146 0.361288 0.03410092 0.9318305 0.9173914 0.09008343 0.387657 0.3145293 0.1302824 0.9402647 0.08458503 -0.6819789 0.7264642 0.03410096 0.3612883 0.9318304 0.1302822 0.3145288 0.9402649 0.2407301 0.2407301 0.9402649 0.1052838 0.3717221 0.9223546 0.8463181 0.3529488 0.3989646 0.6478919 0.6478924 0.4005889 0.3544867 0.8469539 0.3962428 0.08883635 0.9181302 0.386193 0.9545481 0.03072651 -0.2964688 0.9503091 0.03694035 -0.3091084 0.04370439 0.6909339 -0.7215956 0.1917551 0.675362 -0.7121209 0.4402412 0.6032092 -0.6650762 0.7529235 0.3821049 -0.535819 0.9087774 0.1531021 -0.3881795 0.04983769 0.9129534 0.405009 0.2492296 -0.6819789 0.6875968 0.318321 0.371723 0.8720629 0.1365494 0.912954 0.3845377 0.4882496 0.3740931 0.7884584 0.3834966 -0.6869459 0.6172809 0.2138725 0.9153567 0.341146 0.7236178 -0.6869457 0.06695427 0.9235706 0.3740928 0.08409492 0.867323 0.3677225 0.3354564 0.6940172 -0.6680474 0.2684265 0.6879191 0.3677232 0.6257372 0.5504619 -0.668047 0.5007044 0.4007765 0.9153569 0.03872806 0.3914484 0.9076595 0.1514011 0.3104779 0.9076596 0.2824138 0.7236178 -0.6869457 -0.06695427 0.9235704 0.3740932 -0.0840954 0.400777 0.9153567 -0.03872882 0.3834968 -0.6869459 -0.6172808 0.4882495 0.374093 -0.7884585 0.6879194 0.3677229 -0.625737 0.5504618 -0.6680471 -0.5007043 0.867323 0.3677228 -0.335456 0.6940172 -0.6680474 -0.2684266 0.2138719 0.9153569 -0.3411458 0.3104778 0.9076598 -0.2824132 0.3914491 0.9076593 -0.1514005 0.2492295 -0.6819789 -0.6875969 0.3183208 0.3717226 -0.8720632 0.08458499 -0.6819789 -0.7264642 0.1052837 0.3717225 -0.9223544 0.1365493 0.9129536 -0.3845386 0.04983755 0.9129536 -0.4050086 0.1302823 0.3145292 -0.9402648 0.03410102 0.3612886 -0.9318303 0.2407304 0.2407304 -0.9402647 0.3612883 0.03410106 -0.9318304 0.3145297 0.1302824 -0.9402646 0.08883639 0.9181304 -0.3861925 0.3544867 0.8469541 -0.3962424 0.6478921 0.6478924 -0.4005886 0.8463184 0.3529487 -0.3989641 0.9173916 0.0900836 -0.3876565 0.9545475 0.03071499 0.2964721 0.9503092 0.03694038 0.3091081 0.9552035 0.1096448 -0.2748897 0.9393901 0.2146251 -0.2673616 0.9343351 0.2855709 -0.2132305 0.9256052 0.3432177 -0.1595511 0.8971311 0.4412026 0.02227396 0.902815 0.422772 0.07866949 0.8971311 0.4412026 -0.02227393 0.902815 0.422772 -0.07866946 0.9343388 0.2855406 0.2132549 0.9393938 0.2146075 0.2673629 0.9256056 0.3432175 0.1595491 0.9552071 0.1096131 0.2748898 0.7243533 0.685728 -0.07134022 0.6892736 0.6658877 -0.2854742 0.8555566 0.005325253 -0.5176818 0.5281628 0.6670511 -0.5254397 0.283277 0.6674636 -0.6886555 0.07134573 0.6856964 -0.7243827 0.7243533 0.685728 0.07134026 0.6892735 0.6658877 0.2854743 0.2832772 0.6674634 0.6886556 0.07134551 0.6856964 0.7243826 0.1917553 0.675362 0.7121208 0.4402415 0.6032089 0.6650763 0.5281629 0.6670512 0.5254395 0.7529236 0.3821048 0.535819 0.8555569 0.005327725 0.5176813 0.908777 0.1531023 0.3881804 0.04370439 0.6909339 0.7215956 -0.08458503 0.6819789 -0.7264642 -0.07853432 0.7340884 -0.6744972 -0.08458503 0.6819789 0.7264642 -0.07853432 0.7340884 0.6744972 -0.2314012 0.7340884 -0.6384102 -0.2492296 0.6819789 -0.6875968 -0.3615415 0.728444 -0.5819426 -0.3834961 0.6869461 -0.617281 -0.6160241 0.7508302 -0.238261 -0.6821909 0.7284444 -0.06312115 -0.7236178 0.6869457 -0.06695427 -0.4886003 0.7508308 -0.4444354 -0.6940172 0.6680474 -0.2684265 -0.5504616 0.6680469 -0.5007049 -0.7236179 0.6869456 0.06695432 -0.6821909 0.7284445 0.06312119 -0.2314012 0.7340884 0.6384103 -0.3615416 0.728444 0.5819424 -0.6160241 0.7508302 0.2382611 -0.4886004 0.7508307 0.4444354 -0.2492296 0.6819789 0.6875968 -0.3834962 0.686946 0.617281 -0.5504615 0.668047 0.5007048 -0.6940172 0.6680474 0.2684267 0.5298837 0.7651457 -0.365753 0.6391622 0.7651462 -0.07760798 -0.6030995 0.757539 0.2498112 0.4269566 0.765146 0.4819332 -0.6765378 0.7352699 0.04092382 -0.654824 0.7425948 -0.1405647 -0.6765378 0.7352699 0.04092382 -0.6030995 0.757539 0.2498112 -0.654824 0.7425948 -0.1405647 -0.4269562 0.7651457 0.481934 -0.5298843 0.7651455 -0.3657527 0.6020175 0.7651452 0.2283151 -0.1540851 0.7651458 0.6251478 0.4269562 0.7651457 0.481934 0.1540851 0.7651458 0.6251478 -0.4269561 0.7651458 0.481934 -0.5298843 0.7651455 -0.3657527 0.299215 0.7651457 -0.5701073 0.2992154 0.765146 -0.5701068 0.4269561 0.7651458 0.481934 0.154085 0.7651457 0.6251479 0.6020168 0.7651459 0.2283147 0.1540852 0.7651458 0.6251477 -0.1540852 0.7651458 0.6251477 -0.2992157 0.7651459 -0.5701068 0.2992157 0.7651459 -0.5701068 0.5298843 0.7651455 -0.3657527 -0.2992159 0.7651458 -0.5701068 0.5298843 0.7651455 -0.3657527 0.6391625 0.7651458 -0.07760895 -2.223304e-07 0.7651457 -0.6438571 0.6391625 0.7651458 -0.07760895 -2.223304e-07 0.7651459 -0.6438569 8.787957e-18 0.7651456 -0.6438572 -0.5298843 0.7651455 -0.3657527 -0.6765378 0.7352699 0.04092382 0.6020168 0.7651459 0.2283147 -0.154085 0.7651457 0.6251479 -0.6030995 0.757539 0.2498112 -0.4269563 0.7651457 0.481934 -0.2992154 0.765146 -0.5701068 -0.654824 0.7425948 -0.1405647 -0.6765378 -0.7352699 0.04092382 -0.5298843 -0.7651455 -0.3657527 -0.654824 -0.7425948 -0.1405647 0.6020175 -0.7651452 0.2283151 0.4269566 -0.765146 0.4819332 0.6391622 -0.7651462 -0.07760798 0.154085 -0.7651457 0.6251479 -0.2992157 -0.7651459 -0.5701068 -0.1540852 -0.7651458 0.6251477 0.1540852 -0.7651458 0.6251477 0.5298843 -0.7651455 -0.3657527 0.4269561 -0.7651458 0.481934 0.6020168 -0.7651459 0.2283147 0.2992154 -0.765146 -0.5701068 -2.223304e-07 -0.7651457 -0.6438571 -0.1540851 -0.7651458 0.6251478 0.1540851 -0.7651458 0.6251478 -0.6765378 -0.7352699 0.04092382 -0.6030995 -0.757539 0.2498112 0.5298837 -0.7651457 -0.365753 -0.6030995 -0.757539 0.2498112 -0.654824 -0.7425948 -0.1405647 -0.4269562 -0.7651457 0.481934 0.2992157 -0.7651459 -0.5701068 -2.223304e-07 -0.7651459 -0.6438569 -0.4269563 -0.7651457 0.481934 0.6391625 -0.7651458 -0.07760895 0.299215 -0.7651457 -0.5701073 -1.171728e-17 -0.7651456 -0.6438572 -0.4269561 -0.7651458 0.481934 -0.5298843 -0.7651455 -0.3657527 -0.2992159 -0.7651458 -0.5701068 0.5298843 -0.7651455 -0.3657527 0.4269562 -0.7651457 0.481934 0.6020168 -0.7651459 0.2283147 -0.154085 -0.7651457 0.6251479 0.6391625 -0.7651458 -0.07760895 -0.654824 -0.7425948 -0.1405647 -0.6765378 -0.7352699 0.04092382 -0.2992154 -0.765146 -0.5701068 -0.5298843 -0.7651455 -0.3657527 -0.6030995 -0.757539 0.2498112 0 -1 0 -0.1639465 -0.9051875 0.3921189 -0.3223059 -0.9025446 0.2855383 -0.3999046 -0.9077069 0.1270607 -0.407238 -0.9133221 7.712452e-09 -0.3999046 -0.907707 -0.1270607 -0.3223053 -0.9025449 -0.2855381 -0.1588642 -0.9051364 -0.3943225 0.06197709 -0.9071951 -0.4161201 0.2446071 -0.9025442 -0.3543745 0.3812743 -0.9025447 -0.2001076 0.4305962 -0.9025447 2.894506e-08 0.3812747 -0.9025443 0.2001083 0.2446073 -0.9025443 0.3543743 0.08972117 -0.9101199 0.4045143 -0.02909837 -0.907714 0.4185793 -0.9279846 -0.3726184 4.844174e-09 -0.8883406 -0.3676363 0.2751264 -0.6973146 -0.363479 0.6177665 -0.3355387 -0.3588495 0.8709999 0.1187349 -0.3559214 0.9269423 0.5292107 -0.3634784 0.7666938 0.824893 -0.3634787 0.4329374 0.9316024 -0.363479 3.331378e-08 0.824893 -0.3634788 -0.4329374 0.5292101 -0.3634783 -0.7666943 -0.3553406 -0.3656181 -0.8602654 -0.05617948 -0.3788657 -0.9237449 -0.6973139 -0.3634794 -0.6177669 -0.8883406 -0.3676363 -0.2751265 0.1930027 -0.369511 -0.9089618 0.6438573 -0.7651456 -7.323298e-18 0.5701068 -0.765146 0.2992154 0.3657528 -0.7651455 0.5298843 0.07760867 -0.765146 0.6391623 -0.2283151 -0.7651458 0.6020168 -0.4819341 -0.7651457 0.4269562 -0.6257753 -0.7644009 0.1552304 -0.6257753 -0.7644009 -0.1552304 -0.4819336 -0.7651459 -0.4269564 -0.2498118 -0.7575385 -0.6030998 -0.04092272 -0.7352709 -0.6765368 0.1405664 -0.742594 -0.6548246 0.3657523 -0.7651456 -0.5298843 0.5701068 -0.765146 -0.2992154 -0.04421617 -0.680956 -0.7309883 0.1549016 -0.6747569 -0.7216015 0.4282592 -0.6569992 -0.6204403 -0.7319846 -0.6569991 -0.1804182 -0.5642954 -0.6569992 -0.4999227 -0.28656 -0.6627769 -0.6918165 -0.5642956 -0.6569992 0.4999226 -0.7319846 -0.6569992 0.1804181 0.6675376 -0.6569992 -0.3503506 0.7538912 -0.6569993 -8.099041e-08 0.6675377 -0.6569992 0.3503506 0.4282592 -0.6569992 0.6204403 0.09087152 -0.6569991 0.7483946 -0.2673335 -0.6569993 0.7049005 0.9953242 0.09659083 -1.688036e-07 0.8813159 0.09659057 0.4625501 0.5654086 0.09659076 0.8191357 0.1199729 0.09659203 0.988067 -0.3529467 0.09659104 0.9306443 -0.7450105 0.09659174 0.6600223 -0.9664018 0.09659125 0.2381968 -0.9664017 0.09659159 -0.2381971 -0.7450106 0.09659154 -0.6600222 -0.3805484 0.09672134 -0.919689 -0.06744071 0.1392512 -0.9879579 0.2081117 0.09674306 -0.9733089 0.5654086 0.09659061 -0.8191357 0.881316 0.09658998 -0.4625499 0.4076783 0.9131256 1.809734e-07 0.1129034 0.993606 -1.571744e-07 0.09997154 0.9936059 0.05246905 0.3609805 0.9131259 0.1894575 0.06413669 0.9936059 0.09291797 0.2315871 0.9131259 0.3355123 0.01360906 0.9936059 0.1120806 0.04914001 0.9131259 0.4047054 -0.04003629 0.9936059 0.1055668 -0.1445646 0.9131258 0.3811856 -0.0845096 0.9936059 0.07486912 -0.3051516 0.9131256 0.2703406 -0.1096233 0.9936059 0.02701973 -0.3958318 0.9131257 0.09756366 -0.1096233 0.9936059 -0.02701974 -0.3958318 0.9131257 -0.09756384 -0.08450959 0.993606 -0.07486879 -0.3051518 0.9131255 -0.270341 -0.04302543 0.9938075 -0.102447 -0.1464157 0.9124935 -0.3819922 -0.008944834 0.9934972 -0.1135047 0.05165574 0.9118913 -0.4071683 0.02367898 0.994166 -0.1052295 0.06413663 0.9936059 -0.09291795 0.2315872 0.9131259 -0.3355123 0.09997179 0.9936059 -0.05246909 0.36098 0.9131261 -0.1894574 0.7214356 0.6924815 7.78065e-08 0.6387994 0.6924819 0.3352672 0.409822 0.6924823 0.5937291 0.08695934 0.6924817 0.7161754 -0.2558239 0.6924822 0.6745535 -0.5400022 0.6924817 0.4784001 -0.7004711 0.6924824 0.1726508 -0.7004713 0.6924823 -0.1726505 -0.5400024 0.6924813 -0.4784006 -0.2558243 0.6924826 -0.6745531 0.08695957 0.6924822 -0.7161748 0.4098218 0.6924823 -0.5937292 0.6387991 0.6924821 -0.3352674 0.9280139 0.3725455 -1.670507e-07 0.8217159 0.3725452 0.4312692 0.527172 0.3725457 0.7637403 0.11186 0.3725466 0.9212472 -0.3290788 0.3725462 0.8677076 -0.694628 0.3725464 0.6153869 -0.901047 0.3725467 0.2220884 -0.901047 0.372547 -0.2220881 -0.6946281 0.3725467 -0.6153867 -0.3396427 0.3809439 -0.8599562 0.1330069 0.3924568 -0.9101027 0.527172 0.3725457 -0.7637404 0.821716 0.3725445 -0.4312696 -0.3745597 0.6624356 0.6487558 -0.3898555 0.8929445 0.2250838 0.3745589 0.6624361 -0.6487558 0.389856 0.8929444 -0.2250837 -0.7491183 0.6624362 1.354341e-17 -0.389856 0.8929444 -0.2250837 -4.528683e-07 0.8929448 0.4501662 0.7491183 0.6624362 -1.354341e-17 0.3898555 0.8929445 0.2250838 -4.709832e-07 0.8929445 -0.4501667 -0.3745597 0.6624359 -0.6487555 0.3745589 0.6624358 0.648756 0.7038494 0.5826328 -0.4063681 0.6522782 0.7579797 8.844468e-18 0.7038491 0.5826327 0.4063686 0.3261385 0.7579801 0.5648892 -0.6522782 0.7579797 -8.844468e-18 -0.3261389 0.7579804 0.5648886 -0.3261392 0.7579801 -0.5648889 0.3261388 0.7579798 -0.5648895 -0.7038491 0.5826327 0.4063686 -8.176142e-07 0.5826326 0.8127356 -8.503177e-07 0.5826327 -0.8127356 -0.7038494 0.5826328 -0.4063681 0.7039097 0.6577707 -0.2680463 -0.4999226 0.6569993 -0.5642954 -0.7049005 0.6569993 -0.2673337 0.4999226 0.6569993 -0.5642954 -0.6371325 0.6694109 0.3820357 0.6371323 0.6694118 0.3820344 0.747579 0.6577982 0.09179992 -0.4839322 0.6799526 0.5508848 0.4839342 0.6799519 0.5508839 -0.7483946 0.6569992 0.09087096 0.1804183 0.6569991 -0.7319845 -0.1804183 0.6569991 -0.7319845 -0.3026364 0.6398438 0.7064072 -3.255209e-07 0.5729231 0.8196091 0.3026362 0.6398437 0.7064074 0.5299328 0.7650986 0.3657805 0.6764942 0.73531 -0.04092285 0.6548238 0.7425949 0.1405655 0.6030996 0.7575387 -0.2498118 0.4269565 0.7651457 -0.4819338 0.1540853 0.7651459 -0.6251476 -0.1540853 0.7651459 -0.6251476 -0.4269565 0.7651457 -0.4819338 -0.6020169 0.7651457 -0.228315 -0.6391628 0.7651457 0.0776079 0.2992153 0.7651461 0.5701067 -0.2992151 0.7651457 0.5701074 -2.914999e-07 0.7651456 0.6438573 -0.5299322 0.7650994 0.3657797 0.6035466 0.7567442 -0.251137 0.4270491 0.7650016 -0.4820804 0.6774881 0.7344515 -0.03988448 0.2350089 0.6840622 0.6905286 0.1541343 0.7649922 -0.6253235 -0.4269339 0.7647073 -0.4826492 0.7056627 0.675673 0.2133214 0.720938 0.6909696 0.05300491 0.4325418 0.6712955 0.6018887 0.6099476 0.6741213 0.4165627 -0.5299098 0.7651091 0.3657919 -0.6402953 0.7640461 0.07909132 0.720938 0.6909696 -0.05300489 -0.1541836 0.7650439 -0.6252482 0.7056628 0.675673 -0.2133214 0.4325418 0.6712955 -0.6018887 -0.2993068 0.7650825 0.5701441 0.2350096 0.6840623 -0.6905282 -7.158789e-05 0.683845 -0.7296273 0.2992692 0.7650069 0.5702652 0.1540851 0.7651458 -0.6251478 -0.4269394 0.7650399 -0.4821168 -0.6032876 0.7637286 -0.2297011 0.6099476 0.6741213 -0.4165627 -2.328405e-05 0.7650218 0.6440043 0.5300119 0.7649982 0.3658758 -0.1540851 0.7651458 -0.6251478 0.6548239 0.7425948 0.1405653 -0.2992151 0.7651454 0.5701077 -0.6021762 0.7650449 -0.2282327 -0.6391629 0.7651456 0.0776077 -0.5298834 0.7651463 0.3657523 0.001947618 0.6841635 0.7293261 0.529884 0.7651455 0.3657531 -0.6801082 0.675381 -0.2851547 -0.7182374 0.6937802 -0.05295369 -0.6944553 0.663897 0.2774394 -0.5041864 0.6656858 0.5501441 0.2992154 0.7651458 0.5701071 -2.914999e-07 0.7651459 0.643857 -0.5041598 0.6680308 -0.5473187 -0.7235245 0.6870946 0.06643262 -0.2377033 0.6679485 -0.7052248 0.6764942 0.73531 -0.04092285 0.6548239 0.7425948 0.1405653 0.6032607 0.7574368 -0.249732 0.4269394 0.7650399 -0.4821168 -0.24219 0.6684026 0.7032652 -0.1739119 -0.066721 -0.9824983 -0.3143928 -0.09846607 -0.9441724 -0.01988894 -0.06872472 -0.9974374 -0.5106111 -0.08979582 -0.8551099 -0.6190295 -0.03972477 -0.7843624 -0.3914265 -0.06882672 -0.9176318 -0.8160627 -0.4515645 -0.3607371 -0.8899999 -0.07095543 -0.450406 -0.7572447 -0.03343487 -0.6522749 -0.9583049 -0.2354879 -0.1618557 -0.9478845 -0.1095018 -0.2992061 -0.9970991 -0.0581764 -0.04907955 -0.9939837 -0.05894656 0.0923135 -0.9391896 -0.06935963 0.3363214 -0.8364919 -0.03305651 0.5469813 -0.6466685 -0.1857762 0.739802 -0.3963829 -0.02174044 0.9178278 -0.7137639 -0.02748562 0.6998468 -0.3352088 -0.2922018 0.8956859 -0.01119321 -0.02195815 0.9996962 -0.8617381 -0.5043536 -0.0550893 -0.6688981 -0.7431694 -0.01656924 -0.7543982 -0.6557266 0.03010024 -0.6170373 -0.7869253 0.003685854 -0.8874699 -0.4567385 0.06153912 -0.9692561 -0.231632 0.08300123 -0.9676377 -0.245299 -0.05920855 -0.7000813 -0.6763737 -0.2289207 -0.7731323 -0.4717306 -0.4239537 -0.6784503 -0.5586208 -0.4771247 -0.6126312 -0.7311253 -0.3002313 -0.8580659 -0.4658242 -0.2161728 -0.6783197 -0.7339093 -0.0354898 -0.7713348 -0.631132 -0.08194509 -0.6145296 -0.1565889 -0.7731968 -0.7806213 -0.2324211 -0.5801818 -0.8991723 -0.2729534 -0.3420315 -0.5769836 -0.7955052 -0.1850982 -0.6219486 -0.7686925 -0.1493046 -0.5205367 -0.7610455 -0.3871064 -0.5641923 -0.8196395 -0.09938864 -0.5869434 -0.5293634 -0.6125943 -0.5074076 -0.6003674 -0.6181395 -0.6252059 -0.7775884 -0.06688658 -0.3347362 -0.2968597 -0.8943299 -0.4967532 -0.2856134 -0.8195494 -0.187785 -0.2959532 -0.9365621 -0.3844109 -0.5758334 -0.7215568 -0.4446608 -0.8118549 -0.3783759 -0.5007097 -0.8607367 -0.09177195 -0.3076179 -0.6284131 -0.7144706 -0.1117145 -0.3298012 -0.9374172 0.07823468 -0.09598175 -0.9923038 -0.8616876 -0.4615213 0.2109324 -0.7336895 -0.6698554 0.1139894 -0.6850686 -0.6950424 0.2181676 -0.5972443 -0.5512616 0.582589 -0.6121794 -0.7272731 0.310339 -0.5312787 -0.7506067 0.3928518 -0.8385511 -0.3614114 0.4076934 -0.7195838 -0.2750518 0.6376093 -0.6701492 -0.1556863 0.7257147 -0.1076236 -0.1214595 0.9867445 -0.4504431 -0.1426104 0.8813418 -0.7371247 -0.6453009 0.200584 -0.9223584 -0.3597524 0.1408301 -0.5670416 -0.8174198 0.1014329 -0.6244367 -0.7641198 0.1618631 -0.7395036 -0.5255309 0.4206563 -0.4938241 -0.2707451 0.8263383 -0.5498187 -0.403125 0.7315665 -0.3201507 -0.418985 0.8496794 -0.2186458 -0.2667523 0.9386358 -0.7409777 -0.3862545 0.5493264 -0.4288278 -0.586051 0.6874962 -0.9194781 -0.2384001 0.3126106 -0.5007097 -0.8607368 0.09177141 -0.4446605 -0.8118547 0.3783766 -0.3072998 -0.6289261 0.714156 -0.1108349 -0.3303115 0.9373419 0.07875573 -0.09599506 0.9922613 0.7715166 -0.1276767 -0.6232662 0.6209899 -0.09909396 -0.7775294 0.360276 -0.0954093 -0.9279538 0.2422177 -0.07276884 -0.9674892 0.7986367 -0.2252494 -0.55807 0.8809635 -0.4072617 -0.2409177 0.8217939 -0.321175 -0.4706393 0.9961685 -0.08158293 -0.0315057 0.9595159 -0.2671273 -0.08928762 0.9999194 -0.01257781 0.001708335 0.6209896 -0.0990967 0.7775293 0.2422174 -0.07276921 0.9674892 0.3602766 -0.09540978 0.9279535 0.7715185 -0.1276901 0.6232612 0.798638 -0.2252516 0.5580673 0.8217936 -0.3211754 0.4706396 0.9961685 -0.08158293 0.0315057 0.9999194 -0.01257781 -0.001708335 0.8809627 -0.4072625 0.2409192 0.9595159 -0.2671274 0.08928749 0.2544239 -0.9158438 -0.3106422 0.06877774 -0.9940516 -0.08444543 -0.04844222 -0.9958326 -0.07727069 0.05132728 -0.9795822 -0.1943815 0.4530974 -0.6969709 -0.5558186 0.1274012 -0.8914419 -0.4348567 0.2177742 -0.8165149 -0.5346755 0.5795954 -0.3783036 -0.7217725 0.2834095 -0.6235834 -0.7285759 0.3449955 -0.3624936 -0.8657809 0.6897828 -0.6858362 -0.2320093 0.5441335 -0.8134897 -0.2053125 0.3323395 -0.934384 -0.1283627 0.09530277 -0.9947441 -0.03743856 0.006941586 -0.9999733 -0.002281062 0.3774372 -0.9217 0.08950046 0.09725211 -0.9905406 0.09680566 0.6992809 -0.7114311 0.06980038 0.9188697 -0.3925514 0.03977314 0.9933753 -0.1061681 0.04397618 -0.01866041 -0.744371 -0.6675055 0.1714224 -0.4358413 -0.8835478 -0.1776899 -0.9225244 -0.3426004 -0.3272631 -0.8640606 -0.3824893 -0.2713766 -0.9589134 -0.08270271 -0.1208189 -0.685402 -0.7180717 0.1184128 -0.3595618 -0.9255775 -0.4472167 -0.8902746 -0.08607161 -0.06507841 -0.9948434 0.0777906 0.3770731 -0.7154926 0.588121 0.09698253 -0.7690021 0.6318467 0.09711693 -0.9194443 0.3810387 0.3743686 -0.8566951 0.3548545 0.6995018 -0.552606 0.4531267 0.6951571 -0.664138 0.2750953 0.9188771 -0.3057053 0.2494175 0.9151609 -0.3724056 0.154255 0.9957292 -0.07104182 0.05896116 0.9963081 -0.08585015 9.989716e-09 0.9963081 -0.07931531 0.03285344 0.9963081 -0.07931524 -0.03285348 0.9933753 -0.1061681 -0.04397618 0.9957292 -0.07104182 -0.05896109 0.9275973 -0.2884206 0.2374379 0.711628 -0.5432876 0.4454484 0.3855059 -0.7138844 0.5845976 0.09814259 -0.7696602 0.6308655 -0.03849923 -0.9393999 0.3406546 -0.0452914 -0.7896138 0.6119303 -0.2718813 -0.9584734 0.08607685 -0.439708 -0.8942854 0.0831292 -0.3885451 -0.8319545 -0.3960865 -0.1866134 -0.6523903 -0.734549 0.05001644 -0.3507498 -0.9351326 -0.4911559 -0.8653035 -0.1000786 -0.3386484 -0.8615261 -0.3782725 -0.1618962 -0.6709755 -0.7235893 0.04393785 -0.3564508 -0.9332804 0.1904623 -0.08283973 -0.9781931 -0.4244847 -0.9014047 -0.08533612 0.3855064 -0.7138843 -0.5845973 0.09814245 -0.7696611 -0.6308644 0.09943752 -0.9193513 -0.3806643 0.3915335 -0.8501205 -0.3521316 0.09963563 -0.995024 5.875784e-06 0.3915319 -0.9201645 1.935696e-07 0.09944284 -0.919353 0.3806589 0.3915331 -0.8501208 0.3521312 0.7116281 -0.5432872 -0.4454487 0.7194625 -0.6416636 -0.2657848 0.719463 -0.6945307 -4.741309e-07 0.7194625 -0.6416632 0.2657857 0.9275972 -0.2884208 -0.2374381 0.932371 -0.3339853 -0.1383409 0.9323713 -0.361502 -1.649478e-07 0.932371 -0.3339852 0.1383411 -0.02239113 -0.7721872 0.6350005 -0.2646471 -0.8879386 0.3762007 -0.1529102 -0.925878 0.3454974 -0.4607667 -0.8832166 0.08730701 -0.1093831 -0.8289861 0.5484682 -0.2907008 -0.9000974 0.324527 -0.3236738 -0.9316016 0.1653898 0.01817778 -0.9803512 0.1964205 -0.02601937 -0.9908758 0.1322431 -0.2060304 -0.8986532 0.3872646 -0.003384633 -0.9434521 0.3314916 -0.3134978 -0.9495744 0.005262124 -0.2993035 -0.8977795 -0.3231244 -0.3139347 -0.9349039 -0.1655284 -0.1932517 -0.9262948 -0.3234682 -0.4642756 -0.8855876 0.01351504 -0.4667377 -0.8832513 0.04497728 -0.4632324 -0.8811047 -0.0952375 -0.4622036 -0.8847978 -0.05916556 -0.4606813 -0.886715 -0.038848 -0.4640449 -0.8857281 -0.01216916 -0.002481351 -0.8272296 0.5618585 -0.004267193 -0.9090707 0.4166201 -0.03258452 -0.9833675 -0.1786801 -0.002503327 -0.9567348 -0.2909505 -2.72982e-05 -0.999529 -0.03068738 -0.1066698 -0.8339448 -0.5414403 -0.03505981 -0.8833814 -0.4673415 -0.01674115 -0.7917096 -0.6106682 0.09698267 -0.7690017 -0.6318471 -0.04529153 -0.7896135 -0.6119307 -0.264648 -0.8879383 -0.3762007 -0.439708 -0.8942854 -0.0831292 0.9188772 -0.3057053 -0.2494172 0.699502 -0.552606 -0.4531265 0.3770724 -0.7154925 -0.5881215 0.3774372 -0.9217 -0.08950045 0.09725223 -0.9905406 -0.09680554 0.09711719 -0.9194441 -0.3810391 0.3743684 -0.8566951 -0.3548547 0.6992808 -0.7114311 -0.06980043 0.6951575 -0.6641379 -0.2750943 0.9188697 -0.3925514 -0.03977312 0.9151609 -0.3724056 -0.1542552 0.6897835 -0.6858359 0.2320085 0.5441342 -0.8134888 0.2053143 0.3323394 -0.9343841 0.1283624 0.09530278 -0.994744 0.03743889 0.006941655 -0.9999733 0.002280505 -0.06507842 -0.9948434 -0.07779037 -0.03849922 -0.9393998 -0.3406549 0.2544237 -0.915844 0.3106419 0.05132761 -0.9795819 0.1943832 -0.04844256 -0.9958326 0.07727031 0.127402 -0.8914414 0.4348575 0.453098 -0.6969696 0.5558197 0.217772 -0.8165173 0.5346726 0.2834072 -0.623585 0.7285754 0.3450068 -0.3624937 0.8657763 0.5795955 -0.3783046 0.7217719 0.06877755 -0.9940516 0.08444513 -0.2713765 -0.9589135 0.08270257 -0.2718814 -0.9584734 -0.08607676 -0.4472168 -0.8902746 0.08607129 -0.152911 -0.9258776 -0.3454981 -0.1208168 -0.6854031 0.718071 -0.0186598 -0.7443737 0.6675025 0.1714284 -0.435839 0.8835478 -0.3272619 -0.864061 0.3824895 -0.1776884 -0.9225251 0.3425992 0.118409 -0.3595588 0.9255791 -0.3885448 -0.8319542 0.3960872 -0.4911561 -0.8653035 0.1000782 -0.1866137 -0.65239 0.7345492 0.05001539 -0.3507507 0.9351323 -0.4247046 -0.901299 0.08535927 -0.3074242 -0.9492432 -0.06654119 -0.1572737 -0.9082982 -0.387633 -0.02303176 -0.6951166 -0.7185279 0.1125345 -0.3599503 -0.9261597 -0.1098959 -0.9931072 -0.04075629 0.04738258 -0.9958349 -0.07789634 0.08703723 -0.9246478 -0.3707438 0.1586089 -0.698086 -0.6982257 0.1990492 -0.07407426 -0.977186 0.2041415 -0.3603216 -0.9102168 0.29585 -0.9517023 -0.0820702 0.321349 -0.8750893 -0.3618751 0.3301435 -0.6533818 -0.681247 0.2150204 -0.06856521 -0.9741997 0.2898085 -0.3356014 -0.8963162 0.4715872 -0.8770123 -0.09195033 0.478246 -0.7994939 -0.3634422 0.4399464 -0.5963252 -0.6714487 0.2126787 -0.0336532 -0.9765425 0.3414284 -0.3117646 -0.8866959 0.2203828 -0.02631766 -0.9750584 0.1783793 -0.06761386 -0.981636 -0.3389008 -0.8614046 0.3783232 -0.1621118 -0.6708894 0.7236209 0.04382404 -0.3564318 0.933293 0.1904375 -0.08284814 0.9781972 -0.307913 -0.9490859 0.06652435 -0.1107452 -0.9930144 0.04071635 0.04603628 -0.9958984 0.07789125 0.2948961 -0.9519935 0.08212583 0.4713562 -0.8771333 0.09198119 0.3505896 -0.2977517 -0.8879363 0.4328175 -0.6042766 -0.6689685 0.4795495 -0.7995444 -0.3616089 0.4641163 -0.8812431 -0.08948032 0.1154714 -0.9216211 -0.3705143 0.07005394 -0.9936021 -0.08858495 -0.06518763 -0.9929532 -0.09896733 0.1504168 -0.7148328 -0.6829267 -0.02221828 -0.9212666 -0.3882964 0.1221485 -0.3807717 -0.9165657 0.02845892 -0.7062168 -0.7074234 0.0750625 -0.3822379 -0.9210102 0.3281897 -0.8707809 0.366104 0.4780674 -0.7995839 0.3634791 0.3367537 -0.6525845 0.6787713 0.4398179 -0.596387 0.671478 0.2917899 -0.3373211 0.8950269 0.3413543 -0.3117847 0.8867173 0.2126138 -0.03366335 0.9765563 0.2203712 -0.0262599 0.9750625 0.09080105 -0.9202514 0.3806476 0.1570082 -0.700765 0.6959001 0.2149374 -0.06864445 0.9742124 -0.1612676 -0.9049836 0.3936971 0.2031219 -0.3649654 0.9085933 -0.03197349 -0.6944607 0.7188199 0.1989707 -0.07412912 0.9771978 0.1092424 -0.3616237 0.9259019 0.1783783 -0.06761222 0.9816363 0.3505891 -0.2977508 0.8879368 0.4328172 -0.6042778 0.6689676 0.4795483 -0.7995447 0.3616099 0.4641162 -0.8812431 0.08948037 -0.02221765 -0.9212669 0.3882959 -0.06518762 -0.9929532 0.09896717 0.07005396 -0.9936021 0.08858548 0.02846148 -0.7062175 0.7074226 0.1154712 -0.9216216 0.3705132 0.07506244 -0.3822388 0.9210098 0.1504204 -0.7148334 0.6829252 0.1221487 -0.3807694 0.9165666 -0.2973434 -0.9504897 -0.09031168 -0.1604218 -0.7051677 -0.6906543 -0.04255864 -0.401255 -0.9149772 -0.2496544 -0.8971313 -0.3644559 -0.487525 -0.8692409 0.08209528 -0.3033005 -0.949203 0.08380015 -0.07227348 -0.9946812 0.07338901 0.3013792 -0.8940687 -0.3313784 0.2619526 -0.9615055 -0.0829937 0.3024476 -0.6966422 -0.6505499 0.267726 -0.5437541 -0.7953956 0.06511792 -0.9948429 0.07776412 0.2718805 -0.9584737 0.08607674 0.4397081 -0.8942854 0.08312919 0.03845562 -0.9393728 0.3407344 -0.04090537 -0.975651 0.2154805 -0.05678264 -0.8695277 0.4906092 0.0446269 -0.7897104 0.6118545 -0.05689584 -0.7834031 0.6189043 -0.1979859 -0.9234943 0.3285724 -0.2953837 -0.8783092 0.3759275 -0.5104811 -0.855463 0.08713285 -0.121255 -0.8349212 0.5368461 -0.01807238 -0.7967798 0.6039994 -0.3259518 -0.88823 0.3237327 0.1529094 -0.9258781 0.3454973 0.2644566 -0.8882021 0.3757124 0.02207147 -0.7716835 0.6356237 -0.3207332 -0.9471694 -0.0006273499 -0.3488299 -0.9201995 0.177625 -0.05768936 -0.984963 0.162849 -0.1786201 -0.9299915 0.3212641 -0.004823665 -0.9576685 0.287833 -0.3338758 -0.88557 -0.3229439 -0.3461345 -0.9230929 -0.1676021 -0.1876788 -0.9288254 -0.3194684 -0.5125786 -0.8585552 0.01208741 -0.5157888 -0.855512 0.04539946 -0.5120062 -0.8538357 -0.09388427 -0.510663 -0.8581851 -0.05236107 -0.5127961 -0.8583459 -0.0168045 -0.04407533 -0.8902768 0.453282 -0.05582652 -0.9856522 -0.1592893 -0.03747678 -0.9395909 -0.3402418 -0.08712097 -0.996197 0.001241263 -0.1201751 -0.8372965 -0.5333784 -0.01579797 -0.8043217 -0.5939841 -0.4875251 -0.8692409 -0.08209512 -0.1604221 -0.705166 0.690656 -0.0425593 -0.4012556 0.9149769 -0.2496534 -0.8971321 0.3644547 -0.2973433 -0.9504898 0.09031135 0.4632438 -0.8810989 0.09523609 0.2993025 -0.8977758 0.3231356 0.1093376 -0.8290138 0.5484354 0.002374728 -0.8271801 0.5619319 -0.01835852 -0.980341 0.1964549 0.02599145 -0.9908787 0.1322264 0.001653622 -0.9432415 0.3321035 3.515467e-05 -0.9059281 0.4234315 0.03226845 -0.9833914 -0.1786061 0.05171364 -0.930468 -0.3627052 1.999947e-05 -0.9995294 -0.03067401 0.01283094 -0.8040579 -0.5944125 -0.2953836 -0.8783091 -0.3759277 -0.05689566 -0.7834026 -0.6189048 -0.3033005 -0.949203 -0.08379993 -0.07227349 -0.9946812 -0.07338879 0.4622035 -0.8847979 0.05916559 0.3229862 -0.9335293 0.1555728 0.4606813 -0.886715 0.03884806 0.464045 -0.885728 0.01216918 0.3134982 -0.9495756 0.005006119 0.3145302 -0.9331049 -0.1743159 0.4642759 -0.8855875 -0.01351504 0.4667377 -0.8832514 -0.04497729 0.4607785 -0.8832106 -0.08730503 0.290698 -0.9000935 -0.3245401 0.2060304 -0.8986532 0.3872646 0.1045102 -0.8375624 -0.5362525 0.1985058 -0.9266513 -0.319238 0.4397081 -0.8942854 -0.08312919 0.3024498 -0.6966438 0.6505471 0.2677307 -0.5437568 0.7953922 0.3013777 -0.8940691 0.3313787 0.2619525 -0.9615055 0.08299411 0.06511793 -0.9948429 -0.0777639 0.04462703 -0.7897102 -0.6118548 -0.1979859 -0.9234943 -0.3285726 -0.05678278 -0.8695272 -0.4906099 -0.04090539 -0.9756511 -0.2154802 0.2644575 -0.8882018 -0.3757124 0.0384556 -0.9393727 -0.3407347 0.2718806 -0.9584737 -0.08607665 0.1529102 -0.9258777 -0.3454981 0.3503508 0.6569992 0.6675376 -3.413168e-07 0.6569991 0.7538913 0.6204399 0.6569994 0.4282594 0.7475789 0.6577983 0.09179966 0.7043137 0.6584508 -0.2653013 -0.7483946 0.6569993 0.0908707 -0.705302 0.6576802 -0.264586 -0.6204405 0.6569988 0.4282594 -0.3503502 0.6569995 0.6675376 -0.6183798 0.5711422 -0.5398176 -0.5568998 0.1555354 -0.8158868 -0.1748688 0.6098819 -0.7729585 0.1748684 0.6098733 -0.7729655 0.6183798 0.5711422 -0.5398176 0.5569048 0.1554991 -0.8158904 9.210625e-06 0.9924487 -0.1226603 0.3161388 0.5903363 0.7426704 0.1575928 0.6366044 0.7549168 -0.02433218 0.6866779 0.7265545 -0.2001435 0.751175 0.62903 -0.3714466 0.7949816 0.4796162 -0.4981728 0.7950604 0.3459808 -0.5931555 0.7850677 0.1784246 -0.6346996 0.7717643 -0.0391948 -0.6155686 0.7862134 0.05425673 -0.4440941 0.7966598 -0.4100166 -0.2318857 0.7617534 -0.6049469 -0.5951563 0.7797154 -0.1945068 -0.03843373 0.6913891 -0.7214596 0.1374912 0.6411757 -0.7549768 0.3069713 0.5969362 -0.7412393 0.4548353 0.5556272 -0.6959909 0.5945588 0.5245308 -0.6093991 0.6826115 0.5166067 -0.5168743 0.7605688 0.5203287 -0.3883209 0.8170758 0.5179862 -0.2531351 0.8502231 0.5193958 -0.08572401 0.8520698 0.5155559 0.09043902 0.8196016 0.517853 0.2451152 0.7566543 0.5203106 0.395918 0.6880653 0.5173379 0.5088493 0.6244906 0.524574 0.5786481 0.58412 0.5326887 0.6124105 0.4806099 0.5527226 0.6808171 0.4311063 0.9022972 -0.002648177 0.4655605 0.885016 -1.597135e-05 -0.5701071 -0.2992154 -0.7651458 -0.6438571 1.468745e-14 -0.7651458 -0.6438571 1.171728e-17 0.7651458 -0.3657528 -0.529884 -0.7651456 -0.5701071 -0.2992154 0.7651458 -0.1405661 -0.6548243 -0.7425943 -0.3657528 -0.529884 0.7651456 0.2498122 -0.6030997 -0.7575385 0.04092345 -0.6765369 -0.7352708 0.04092345 -0.6765369 0.7352708 -0.1405661 -0.6548243 0.7425943 0.4819338 -0.4269562 -0.7651458 0.2498122 -0.6030997 0.7575385 0.6251478 -0.1540851 -0.7651458 0.4819338 -0.4269562 0.7651458 0.6251478 0.1540851 -0.7651458 0.6251478 -0.1540851 0.7651458 0.4819338 0.4269562 -0.7651458 0.6251478 0.1540851 0.7651458 0.228315 0.6020169 -0.7651456 0.4819338 0.4269562 0.7651458 -0.07760844 0.6391624 -0.765146 0.228315 0.6020169 0.7651456 -0.3657528 0.529884 -0.7651456 -0.07760844 0.6391624 0.765146 -0.5701071 0.2992154 -0.7651458 -0.3657528 0.529884 0.7651456 -0.5701071 0.2992154 0.7651458 -0.1311743 0.4037126 0.9054333 0.1629627 0.3712917 0.9141037 0.04437128 0.4221639 0.9054329 -0.2840388 0.3154571 0.9054329 0.6859428 0.1746213 0.7063922 -0.4030299 0.04451605 0.9141035 -0.625609 0.6305858 0.45932 -0.3877902 0.1726553 0.905433 0.6205364 0.7719579 0.137897 -0.922987 0.09527404 0.372851 -0.9829422 0.1220537 0.1375771 -0.8502128 0.378539 0.3658502 -0.6227423 0.6916254 0.3658501 -0.2875938 0.8851232 0.3658506 0.09728197 0.9255755 0.36585 0.3789834 0.8469672 0.3728514 0.7909839 0.5381299 0.2911369 0.3789835 0.8469672 -0.3728514 0.09728185 0.9255755 -0.36585 -0.2875937 0.8851233 -0.3658506 -0.6227424 0.6916254 -0.36585 -0.8502128 0.3785391 -0.3658501 -0.922987 0.09527401 -0.3728509 0.7909839 0.5381299 -0.2911369 0.1629627 0.3712917 -0.9141037 0.6859428 0.1746214 -0.7063922 0.04437112 0.422164 -0.9054329 -0.1311741 0.4037127 -0.9054333 -0.2840389 0.315457 -0.9054329 -0.3877902 0.1726554 -0.905433 -0.4030299 0.04451601 -0.9141035 -0.401853 -0.04145763 -0.9147652 -0.9233096 -0.08940507 -0.3735052 -0.1405663 -0.6548246 -0.742594 0.04092278 -0.6765368 -0.7352709 -0.3657525 -0.529884 -0.7651458 0.6302625 -0.2971086 -0.7172836 -0.6438571 1.326139e-14 -0.7651458 -0.5701072 -0.2992153 -0.7651457 -0.5701072 0.2992153 -0.7651457 -0.04145762 -0.401853 -0.9147652 -0.0776084 0.6391627 -0.7651457 -0.3657525 0.529884 -0.7651458 -0.1614859 -0.3898614 -0.9066038 0.2283148 0.6020168 -0.7651458 -0.298387 -0.298387 -0.9066037 0.481934 0.4269562 -0.7651458 0.249812 -0.6030996 -0.7575387 -0.3898614 -0.1614859 -0.9066038 0.6251478 0.1540851 -0.7651458 0.6251478 -0.1540851 -0.7651458 0.481934 -0.4269562 -0.7651458 -0.859474 -0.3560058 -0.36683 -0.657813 -0.657813 -0.3668299 -0.3560058 -0.859474 -0.36683 -0.08940507 -0.9233096 -0.3735052 0.6302625 -0.7172836 -0.2971085 -0.92331 -0.08940511 0.3735042 -0.8594744 -0.356006 0.366829 -0.6578132 -0.6578132 0.366829 -0.3560059 -0.8594744 0.366829 -0.08940511 -0.92331 0.3735042 0.6302627 -0.7172838 0.2971077 0.6302623 -0.2971095 0.7172834 -0.04145774 -0.4018541 0.9147648 -0.6438571 1.722439e-15 0.7651458 -0.5701072 -0.2992153 0.7651457 -0.3657525 -0.529884 0.7651458 0.04092278 -0.6765368 0.7352709 -0.1405663 -0.6548246 0.742594 0.249812 -0.6030996 0.7575387 0.481934 -0.4269562 0.7651458 0.6251478 -0.1540851 0.7651458 0.6251478 0.1540851 0.7651458 0.481934 0.4269562 0.7651458 0.2283148 0.6020168 0.7651458 -0.0776084 0.6391627 0.7651457 -0.3657525 0.529884 0.7651458 -0.5701072 0.2992153 0.7651457 -0.1614863 -0.3898624 0.9066033 -0.2983878 -0.2983878 0.9066032 -0.3898624 -0.1614863 0.9066033 -0.401854 -0.04145772 0.9147648 -0.9229874 0.09527408 0.37285 -0.403031 0.04451616 0.914103 -0.9829423 0.1220536 -0.137577 -0.9229871 0.09527402 -0.3728506 -0.3877913 0.1726558 0.9054325 -0.8502132 0.3785392 0.3658492 -0.2840396 0.3154579 0.9054324 -0.6227426 0.6916257 0.3658491 -0.1311746 0.4037137 0.9054327 -0.2875939 0.8851236 0.3658497 0.0443714 0.4221651 0.9054324 0.097282 0.9255759 0.3658491 0.1629631 0.3712928 0.9141032 0.3789836 0.8469675 0.3728504 -0.07760844 0.6391624 0.765146 0.228315 0.6020169 0.7651456 0.2498122 -0.6030997 0.7575385 0.04092345 -0.6765369 0.7352708 0.4819338 0.4269562 0.7651458 -0.3657528 -0.529884 0.7651456 -0.5701071 -0.2992154 0.7651458 -0.1405661 -0.6548243 0.7425943 0.6859427 0.1746219 0.7063921 -0.6438571 1.171728e-17 0.7651458 -0.5701071 0.2992154 0.7651458 0.4819338 -0.4269562 0.7651458 0.6251478 -0.1540851 0.7651458 0.6251478 0.1540851 0.7651458 -0.3657528 0.529884 0.7651456 0.7909841 0.5381301 0.291136 0.7909839 0.53813 -0.2911366 0.3789835 0.8469673 -0.372851 0.09728186 0.9255756 -0.3658497 -0.2875937 0.8851234 -0.3658503 -0.6227425 0.6916255 -0.3658497 -0.8502129 0.3785391 -0.3658498 -0.4030302 0.04451604 -0.9141034 -0.6256092 0.6305859 -0.4593197 0.1629628 0.371292 -0.9141036 0.6859427 0.1746215 -0.7063921 -0.5701071 -0.2992154 -0.7651458 0.6205364 0.7719579 -0.137897 -0.07760844 0.6391624 -0.765146 0.6251478 0.1540851 -0.7651458 0.4819338 0.4269562 -0.7651458 -0.3877905 0.1726555 -0.9054328 0.6251478 -0.1540851 -0.7651458 -0.2840391 0.3154573 -0.9054328 -0.1311742 0.4037131 -0.9054331 0.2498122 -0.6030997 -0.7575385 0.04437116 0.4221644 -0.9054327 0.04092345 -0.6765369 -0.7352708 -0.6438571 -7.323297e-18 -0.7651458 -0.5701071 0.2992154 -0.7651458 0.228315 0.6020169 -0.7651456 0.4819338 -0.4269562 -0.7651458 -0.3657528 0.529884 -0.7651456 -0.3657528 -0.529884 -0.7651456 -0.1405661 -0.6548243 -0.7425943 0.904534 -0.3015113 -0.3015113 0.904534 -0.3015113 0.3015113 0.07134521 -0.6856965 0.7243826 -0.481934 0.426956 0.7651458 -0.249812 0.6030996 0.7575387 0.07134521 0.6856965 0.7243826 -0.6251479 -0.1540849 0.7651457 -0.6251479 0.1540849 0.7651457 -0.481934 -0.426956 0.7651459 0.0776085 -0.6391625 0.7651458 -0.04092293 0.6765369 0.7352708 -0.2283149 -0.6020169 0.7651457 0.643857 5.434744e-08 0.7651458 0.1405662 0.6548245 0.7425941 0.5701069 -0.2992155 0.7651459 0.3657526 -0.5298842 0.7651456 0.570107 0.2992155 0.7651458 0.3657525 0.5298841 0.7651457 0.643857 5.434744e-08 -0.7651458 0.5701069 -0.2992155 -0.7651459 0.3657526 -0.5298842 -0.7651456 0.0776085 -0.6391625 -0.7651458 -0.2283149 -0.6020169 -0.7651457 -0.481934 -0.426956 -0.7651459 -0.6251479 -0.1540849 -0.7651457 -0.6251479 0.1540849 -0.7651457 -0.481934 0.426956 -0.7651458 -0.04092293 0.6765369 -0.7352708 0.1405662 0.6548245 -0.7425941 -0.249812 0.6030996 -0.7575387 0.3657525 0.5298841 -0.7651457 0.570107 0.2992155 -0.7651458 0.0713455 -0.6856964 -0.7243826 0.0713455 0.6856964 -0.7243826 0.285559 0.6657189 0.6894015 0.5276447 0.6657189 0.5276452 0.2855592 0.665719 -0.6894013 0.7243826 0.6856965 -0.07134515 0.6894015 0.6657188 -0.2855591 0.6894015 0.6657188 0.2855592 0.5276449 0.6657188 -0.5276451 0.7243826 0.6856966 0.0713451 0.7243826 -0.6856965 -0.07134515 0.2855592 -0.665719 -0.6894013 0.7243826 -0.6856966 0.0713451 0.5276447 -0.6657189 0.5276452 0.285559 -0.6657189 0.6894015 0.5276449 -0.6657188 -0.5276451 0.6894015 -0.6657188 0.2855592 0.6894015 -0.6657188 -0.2855591 -0.4787122 -0.8779718 -0.000268806 -0.7225009 -0.4963902 -0.4812371 -0.5010428 -0.5373935 -0.6783542 -0.8240967 -0.4818 -0.2978817 -0.8636751 -0.4756685 -0.1667478 0.5157184 -0.8259319 -0.2277523 0.546176 -0.8376704 0.0002165515 -0.1804478 -0.6166396 -0.766286 0.1683388 -0.7082972 -0.6855487 0.4165314 -0.7849441 -0.458655 0.5154007 -0.8260317 0.228109 0.4161031 -0.7851664 0.4586633 0.1682518 -0.7085623 0.6852961 -0.1803889 -0.6167051 0.7662471 -0.8240389 -0.4820375 0.2976572 -0.8711987 -0.4671506 0.1509407 -0.8812751 -0.4721978 -0.01957987 -0.5011552 -0.5374162 0.6782531 -0.7224486 -0.4967051 0.4809907 -0.4820639 -0.7649726 0.4271198 -0.6264563 -0.7635627 0.1566029 -0.2283148 -0.7651458 0.6020168 0.07760837 -0.7651457 0.6391627 0.3657525 -0.7651458 0.529884 0.5701072 -0.7651458 0.2992152 0.6440737 -0.7649634 2.493158e-08 0.5701072 -0.7651458 -0.2992151 0.3657526 -0.7651458 -0.5298839 0.07760835 -0.7651459 -0.6391626 -0.2283149 -0.7651457 -0.6020169 -0.4820617 -0.76495 -0.4271628 -0.6265432 -0.763493 -0.1565954 0.2576153 -0.66271 0.7031713 -0.08766585 -0.6587057 0.747276 -0.429737 -0.6595434 0.6167079 -0.6675375 -0.6569992 0.3503508 -0.753381 -0.6575842 -5.321242e-08 0.5657249 -0.6628953 0.4904337 -0.429737 -0.6595434 -0.6167079 -0.08766586 -0.6587058 -0.747276 -0.6675375 -0.6569992 -0.3503508 0.2576153 -0.6627099 -0.7031713 0.565725 -0.6628953 -0.4904335 0.7280374 -0.6603158 -0.1842405 0.7280387 -0.6603143 0.1842406 0.3047727 -0.8490164 -0.4316072 0.3974523 -0.8825347 -0.2513249 0.1491724 -0.7891273 -0.5958403 0.4459745 -0.8950456 -0.0002151915 0.397465 -0.8825939 0.2510969 0.3048248 -0.8490399 0.4315241 0.601296 -0.04590444 0.7977067 0.1491847 -0.7891448 0.5958141 0.1343117 -0.7497014 0.6480033 0.1898745 -0.7469414 0.6372018 -0.07003347 -0.7619948 0.6437851 -0.689335 -0.5963596 0.4113058 -0.5258467 -0.06321035 0.8482274 -0.7593418 -0.5997957 0.2522801 -0.7924663 -0.5952933 0.132752 -0.792467 -0.5952935 -0.1327468 -0.7593419 -0.5997964 -0.2522777 -0.8022375 -0.597005 2.964511e-06 -0.689335 -0.5963597 -0.4113057 -0.5258465 -0.06321029 -0.8482275 -0.6592267 -0.5577174 -0.5043525 -0.07003348 -0.7619947 -0.6437852 0.1898744 -0.7469415 -0.6372018 0.601296 -0.04590434 -0.7977067 0.1343114 -0.7497014 -0.6480033 -0.6592268 -0.5577173 0.5043525 0.5178253 -0.7471014 0.4167692 0.6269149 -0.7471011 0.2209473 0.3110471 -0.7713051 0.555282 0.684538 -0.726656 0.05812678 0.4766342 -0.8232139 0.3084456 0.5142108 -0.8538202 0.0811069 0.5095304 -0.8584656 -0.05844321 0.673595 -0.7346789 -0.080726 0.4980625 -0.8361611 -0.2297137 0.4050931 -0.7894329 -0.461189 0.5726607 -0.764396 -0.2962407 0.1575783 -0.7085402 -0.6878517 0.3725205 -0.7643961 -0.5262386 -0.1859638 -0.6129528 -0.7679234 0.08907975 -0.7643963 -0.6385633 -0.4863981 -0.5481461 -0.6804063 -0.3361643 -0.03163355 -0.9412719 0.684538 -0.726656 -0.05812678 0.5142108 -0.8538202 -0.0811069 0.4766342 -0.8232139 -0.3084456 0.6269149 -0.7471011 -0.2209473 0.311047 -0.771305 -0.5552822 0.5178251 -0.7471015 -0.4167693 0.6735949 -0.7346789 0.08072604 0.5095164 -0.858479 0.05836848 0.08907977 -0.764396 0.6385637 -0.3361641 -0.03163377 0.941272 -0.4863973 -0.5481449 0.6804079 0.3725202 -0.7643963 0.5262386 -0.1859641 -0.6129528 0.7679233 0.5726608 -0.7643959 0.2962407 0.1575784 -0.7085395 0.6878524 0.4051468 -0.7894394 0.4611306 0.4981011 -0.8361803 0.2295601 -0.6760785 -0.5026984 0.5387134 -0.5037245 -0.8636833 -0.01768629 -0.8711906 -0.4014295 0.282633 -0.8711906 -0.4014295 -0.282633 -0.6760783 -0.5026986 -0.5387135 -0.5037237 -0.8636837 0.01768942 -0.554612 -0.8015853 -0.2233082 -0.554612 -0.8015853 0.2233082 -0.392146 -0.7474042 -0.5362915 -0.2201955 -0.7301275 -0.64686 -0.1931367 -0.7003299 -0.6871945 -0.392146 -0.7474042 0.5362915 -0.2198502 -0.7301945 0.6469018 -0.1931367 -0.7003299 0.6871945 -0.626915 -0.7471006 0.2209486 -0.6845374 -0.7266565 0.05812792 -0.8568858 -0.5129934 0.05083867 -0.5178253 -0.7471014 0.4167692 -0.8407924 -0.4962778 0.2162786 -0.7493236 -0.5168772 0.413947 -0.5840109 -0.7623791 -0.278764 -0.6774672 -0.7319218 -0.07299725 -0.3981109 -0.7625822 -0.5098785 -0.2482174 -0.01698568 -0.9685554 -0.8339882 -0.4630525 -0.3000768 -0.826892 -0.5374376 -0.1655609 -0.8348975 -0.5491972 -0.03645021 -0.2871822 -0.05029534 -0.9565546 -0.4834352 -0.1419743 -0.8637903 -0.6129036 -0.2281637 -0.7564988 -0.7252156 -0.2909248 -0.6240393 -0.7900624 -0.3491623 -0.5038721 -0.8312265 -0.4003168 -0.3857576 -0.03548278 -0.7353863 -0.6767186 -0.08695799 -0.05474484 -0.9947066 0.550372 -0.7085138 -0.4416999 0.2547001 -0.4925819 -0.8321604 0.2653582 -0.3392495 -0.9024936 0.413962 -0.7558308 -0.507302 0.1320528 -0.2453086 -0.9604092 0.05638267 -0.1376954 -0.9888685 0.1783689 -0.7557826 -0.6300612 -0.7493234 -0.5168772 -0.4139473 -0.5178251 -0.7471015 -0.4167693 -0.8407924 -0.4962778 -0.2162786 -0.626915 -0.7471006 -0.2209486 -0.8568859 -0.5129933 -0.05083826 -0.6845374 -0.7266565 -0.0581279 -0.6773277 -0.7320555 0.0729514 -0.5839139 -0.7624278 0.278834 -0.3984187 -0.7622739 0.5100991 -0.2471497 -0.01636776 0.9688391 -0.8335649 -0.5508058 0.04222068 -0.8345971 -0.5316931 0.1440489 -0.8372349 -0.4926124 0.2374252 -0.8280728 -0.4285605 0.3614295 -0.766026 -0.3285386 0.5525093 -0.6505582 -0.2521621 0.7163716 -0.5207931 -0.169377 0.8367114 -0.3486246 -0.08209484 0.9336602 -0.2440269 -0.02034953 0.9695549 -0.08235912 -0.05231469 0.9952287 -0.03285805 -0.735804 0.6763969 0.06553314 -0.6873664 -0.7233484 -0.1996583 -0.6669403 -0.717863 -0.08416454 -0.608783 -0.7888597 0.26284 -0.6689317 -0.6953025 0.09088546 -0.5734099 -0.8142118 0.4908956 -0.669239 -0.5577999 -0.3767471 -0.9250608 -0.04820865 -0.3718385 -0.6300897 -0.681706 -0.4077423 -0.8393052 -0.3596011 -0.2808105 -0.3221424 -0.904085 -0.3544218 -0.9310021 -0.08729392 -0.2450507 -0.5941317 -0.7661317 0.182916 -0.7562931 0.6281421 0.4191654 -0.7563128 0.502286 0.04197915 -0.1264021 0.9910904 0.1185019 -0.2296908 0.9660225 0.5560347 -0.708407 0.4347239 0.2709226 -0.3403727 0.9004151 0.2670121 -0.4971764 0.8255423 0.4966582 -0.6687089 0.5533164 0.2665288 -0.6684233 0.6943866 0.09936892 -0.580083 0.8084736 0.0664162 -0.6871296 0.7234928 -0.08316234 -0.6205018 0.779783 -0.1996874 -0.6700028 0.7149973 -0.3531562 -0.9314538 0.08760446 -0.2597576 -0.5793625 0.7725705 -0.3769305 -0.9249677 0.04856032 -0.4082383 -0.8387322 0.3603743 -0.3695819 -0.6300685 0.6829516 -0.2748961 -0.3199302 0.9066845 -0.8456663 0.5304277 -0.05911855 -0.6616685 0.7468687 -0.06619563 -0.7276102 0.6812808 -0.08024849 -0.8595882 0.4639544 0.2141364 -0.8676542 0.1408689 0.4767936 -0.962863 0.2695761 -0.01495155 -0.9962859 -0.08233393 0.02520807 -0.9027282 -0.4264531 0.05674057 -0.7944843 -0.08657013 0.6010826 -0.5831973 -0.2516023 0.7723841 -0.4106777 -0.44525 0.7956735 -0.7436798 -0.6607547 0.1017034 -0.5184459 -0.847874 0.1110119 -0.4954785 0.8628534 -0.09992543 0 0 0 -0.39051 0.9173871 -0.07682962 -0.3647032 0.8948961 -0.2572015 -0.6615969 0.7445546 -0.08903948 -0.4822505 0.876028 0.003076298 -0.8103998 0.5858155 0.008505533 -0.995511 -0.09464596 0 -0.966844 0.2553489 0.003104007 -0.9015642 -0.4326143 0.005178797 -0.6861378 -0.7273607 0.01270112 -0.4200212 -0.9075115 0.00225285 -0.4200213 -0.9075115 -0.002252811 -0.4822505 0.876028 -0.003076261 -0.8103997 0.5858156 -0.008505517 -0.9015642 -0.4326143 -0.005178777 -0.995511 -0.09464596 0 -0.966844 0.2553488 -0.003104016 -0.6861378 -0.7273607 -0.01270107 -0.6609515 0.7474884 0.06636462 -0.96313 0.2687125 0.01320062 -0.9960974 -0.08585382 -0.02047155 -0.7435236 -0.6619768 -0.09465398 -0.903481 -0.4257312 -0.04974963 -0.5199753 -0.8475044 -0.1065931 -0.8452568 0.5312625 0.05745615 -0.3905082 0.9173879 0.07682943 -0.3569213 -0.5049449 -0.7858994 -0.5111018 -0.3627727 -0.7792117 -0.6183614 -0.1737637 -0.7664433 -0.6612102 0.03964118 -0.7491526 -0.6286075 0.2645873 -0.7313318 -0.7413123 0.6680104 -0.06494699 -0.4016851 0.8798508 0.2539914 0.2637252 0.9587188 0.1063357 0.2637252 0.9587188 -0.1063357 0.01419007 0.9982128 -0.05804986 -0.2155149 0.9754032 -0.04627991 -0.2155149 0.9754032 0.04627993 0.01419008 0.9982128 0.05804988 -0.5109054 0.7619124 -0.3980769 -0.1283316 0.9696369 -0.2081713 -0.03657222 0.9358398 -0.350523 -0.3572339 0.7173534 -0.5981538 0.1215449 0.8904193 -0.4386118 -0.7932049 0.4265427 -0.4346118 -0.5870697 0.3910399 -0.7088279 -0.0997394 0.6307264 -0.7695689 -0.6543929 0.5233157 0.5458119 -0.5960512 0.5929379 0.5414311 -0.7394058 0.3446709 0.5783434 -0.4616312 0.6482529 0.6055285 -0.4353408 0.7300264 0.5268205 0.3032132 0.8512273 -0.4283384 0.2206194 0.7019791 -0.677165 0.1848795 0.5369292 -0.82312 0.1027665 0.3624025 -0.9263387 -0.2473412 0.2916598 -0.9239897 0.04898902 0.1680845 -0.9845546 -0.008885593 0.04666935 -0.9988709 -0.4672191 0.08990591 -0.8795585 -0.2664072 0.06183042 -0.9618754 -0.8095352 0.1104444 -0.5765889 -0.666686 0.09059167 -0.7398128 -0.9187733 0.079783 -0.3866397 -0.819844 0.185247 0.5417927 -0.8065062 0.02949077 0.5904896 0.1405661 0.6548245 0.7425941 -0.7652278 -0.3594602 0.534055 -0.662695 -0.5175448 0.5412788 0.3657525 0.5298841 0.7651457 -0.8493404 -0.07455209 0.5225541 -0.2498121 0.6030996 0.7575387 -0.04092292 0.6765369 0.7352708 0.0776084 -0.6391627 0.7651458 -0.479179 -0.6603981 0.5781538 -0.8231409 -0.2248054 0.5214419 -0.481934 0.4269562 0.7651457 -0.2283112 -0.6020153 0.7651481 0.5701071 0.2992154 0.7651458 0.6438571 9.881352e-09 0.7651458 -0.3176124 -0.7192712 0.6178764 -0.1798876 -0.7428846 0.6447968 -0.6251478 0.1540851 0.7651458 -0.6251428 -0.1540822 0.7651504 0.5701071 -0.2992153 0.7651458 -0.0564649 -0.7315089 0.6794898 -0.4819296 -0.4269532 0.7651502 0.3657524 -0.5298841 0.7651458 -0.729412 -0.3719914 -0.574091 -0.7838453 -0.09982784 -0.6128792 -0.4095924 -0.09871626 -0.9069119 -0.3828837 -0.3725673 -0.8453365 -0.03488689 -0.1003272 -0.9943427 -0.5658172 -0.6928211 -0.4470457 -0.2976435 -0.6925126 -0.6571413 -0.03332151 -0.375163 -0.9263598 -0.3193028 -0.9133251 -0.2527508 -0.1681806 -0.9131499 -0.3713119 -0.02715754 -0.6966624 -0.7168849 -0.08796365 -0.9936615 -0.0699947 -0.04656872 -0.9936098 -0.1028152 -0.01661044 -0.9167133 -0.3992002 -0.005049433 -0.994188 -0.1075398 0.6438571 9.881352e-09 -0.7651458 0.5701071 -0.2992153 -0.7651458 0.3657524 -0.5298841 -0.7651458 0.0776084 -0.6391627 -0.7651457 -0.2283149 -0.6020167 -0.7651458 -0.4819341 -0.4269562 -0.7651457 -0.6251478 -0.1540851 -0.7651458 -0.6251478 0.1540851 -0.7651458 -0.481934 0.4269562 -0.7651457 0.1405661 0.6548245 -0.7425941 -0.2498121 0.6030996 -0.7575387 -0.04092292 0.6765369 -0.7352708 0.3657525 0.5298841 -0.7651457 0.5701071 0.2992154 -0.7651458 -0.5703809 -0.4855927 -0.6624692 -0.7308867 -0.1700281 -0.6609804 -0.7308867 0.1700281 -0.6609804 -0.2952135 0.6917969 -0.6589887 0.04817389 0.7510054 -0.6585364 -0.5703808 0.4855927 -0.6624692 0.374641 0.6475073 -0.6636102 -0.6168756 0.03811232 -0.7861374 -0.2952135 -0.6917969 -0.6589886 0.6051713 0.4279257 -0.6713026 0.04817389 -0.7510054 -0.6585364 -0.6168704 -0.03802023 -0.7861459 0.6050749 -0.428388 -0.6710946 0.3747543 -0.6474958 -0.6635574 -0.3745619 -0.5644057 -0.7356287 -0.3214495 -0.6404883 -0.6974561 -0.5382524 -0.3527975 -0.7653876 -0.4950903 -0.4590453 -0.737674 -0.4254237 -0.5200615 -0.7406421 -0.3265338 -0.6604391 -0.6761626 -0.2841846 -0.7082286 -0.6462595 -0.1829069 0.7389855 -0.6484176 -0.2167869 0.7355112 -0.6418931 -0.06013931 0.6110982 -0.7892669 -0.1944762 -0.7342715 -0.6504032 -0.1829393 -0.7504009 -0.6351627 -0.06036334 -0.6104954 -0.7897162 -0.2812689 0.7010066 -0.6553454 -0.3376341 0.6557161 -0.6753071 -0.4253434 0.5203646 -0.7404753 -0.4950807 0.4590746 -0.7376623 -0.3910096 0.5470793 -0.7401457 -0.3063191 0.6293357 -0.7142164 -0.5406616 0.3515677 -0.7642547 -0.5929559 -0.134634 -0.7938999 -0.5885604 0.1367521 -0.7968033 0.1893372 0.05581266 -0.9803246 0.3225555 -0.102281 -0.9410083 0.1795008 -0.02935507 -0.9833198 0.3016523 0.07200271 -0.9506953 0.3014384 0.330679 -0.8943077 0.4139149 0.2999442 -0.8594812 0.3996167 0.6216947 -0.6736484 0.5221689 0.5690643 -0.6352208 0.4363092 0.8261242 -0.3565854 0.5444446 0.7645271 -0.3450774 0.4231082 0.9012591 -0.09333578 0.5031747 0.8596314 -0.08859492 0.1505056 -0.3803659 -0.9125075 0.1156058 -0.7038155 -0.700913 0.3090522 -0.3766464 -0.8732836 0.06319091 -0.9215332 -0.3831233 0.2394663 -0.6986764 -0.6741714 0.01648614 -0.9948554 -0.09995456 0.1335775 -0.9180318 -0.3733292 0.03604087 -0.9943684 -0.09966196 0.6006136 -0.09851883 -0.7934465 0.6086921 0.04462043 -0.7921508 0.8198077 0.02347004 -0.5721578 0.449651 0.0474749 -0.8919417 0.7690963 -0.1333822 -0.62506 0.5590616 -0.3777268 -0.7380871 0.4376421 -0.6961146 -0.5691168 0.246357 -0.915218 -0.3188798 0.7942437 -0.231336 -0.5618369 0.8183572 -0.3244186 -0.4743882 0.6878516 -0.686762 -0.2349855 0.4059516 -0.8995585 -0.1612385 0.2596379 -0.9597683 -0.1069253 0.551891 -0.8060273 -0.2138604 0.09641171 -0.9944555 -0.04198901 0.003624169 -0.9999762 -0.005871591 0.0668879 -0.9939557 -0.08705172 0.8809858 -0.407246 -0.2408624 -0.0997395 0.6307263 0.769569 0.1215452 0.8904193 0.4386118 -0.03657244 0.9358398 0.3505229 -0.3572342 0.7173534 0.5981537 -0.1283317 0.9696369 0.2081714 -0.2473412 0.2916597 0.9239897 -0.5870697 0.3910401 0.7088278 -0.5139105 0.7614208 0.3951383 -0.8041223 0.4298682 0.4106102 -0.5897436 0.5891033 -0.5524127 -0.4537579 0.6565748 -0.6025058 -0.7488079 0.3624488 -0.5549033 -0.8133863 0.08415446 -0.5756046 -0.9237867 0.09975081 0.3696864 -0.8096537 0.1102061 0.5764681 -0.6666863 0.09059192 0.7398125 -0.4672184 0.08990581 0.8795589 -0.2664065 0.06182993 0.9618756 -0.008885883 0.04666898 0.9988709 0.1027665 0.3624026 0.9263387 0.04898898 0.1680847 0.9845545 0.2206195 0.7019793 0.6771648 0.1848794 0.5369291 0.8231202 0.3032133 0.8512273 0.4283384 0.04092271 -0.6765368 -0.7352709 0.249812 -0.6030996 -0.7575386 -0.6438521 3.397887e-06 -0.76515 -0.07962 -0.7380795 -0.6699995 -0.07760836 0.6391626 -0.7651458 0.2283149 0.6020169 -0.7651458 -0.8370788 -0.1699232 -0.5200242 -0.8467367 -0.04732028 -0.5299035 -0.6100958 -0.5585711 -0.5619443 -0.7116026 -0.447353 -0.5417537 -0.2951331 -0.7390285 -0.6055851 -0.48544 -0.6536682 -0.5805738 -0.365748 -0.5298826 -0.7651489 -0.1405663 -0.6548246 -0.742594 -0.5701006 -0.2992136 -0.7651513 -0.7877368 -0.3124868 -0.5308697 -0.5701072 0.2992155 -0.7651457 -0.3657525 0.5298839 -0.7651458 0.6251478 -0.1540851 -0.7651458 0.6251478 0.1540851 -0.7651458 0.4819339 0.4269562 -0.7651458 0.481934 -0.4269562 -0.7651458 -0.03332168 -0.3751645 0.9263591 -0.03488697 -0.1003261 0.9943428 -0.4095926 -0.09871533 0.9069119 -0.3828835 -0.3725671 0.8453366 -0.7836563 -0.1001836 0.6130629 -0.02715767 -0.6966637 0.7168836 -0.297643 -0.6925135 0.6571406 -0.729632 -0.3723994 0.5735467 -0.01661051 -0.9167127 0.3992015 -0.1681807 -0.9131499 0.3713119 -0.566646 -0.6927497 0.4461056 -0.005049445 -0.994188 0.1075398 -0.04656895 -0.9936097 0.1028159 -0.3200164 -0.9131907 0.2523336 -0.08796375 -0.9936615 0.06999483 0.03604086 -0.9943684 0.09966199 0.01648606 -0.9948555 0.09995409 0.06688802 -0.9939557 0.08705189 0.003624549 -0.9999762 0.005872211 0.3090524 -0.3766463 0.8732836 0.3225553 -0.1022837 0.941008 0.1795008 -0.02935473 0.9833198 0.1505059 -0.3803626 0.9125088 0.2394667 -0.6986751 0.6741726 0.1156061 -0.7038138 0.7009146 0.133577 -0.9180324 0.3733279 0.06319074 -0.9215336 0.3831223 0.1893372 0.05581272 0.9803246 0.3014384 0.3306789 0.8943077 0.3996167 0.6216947 0.6736484 0.4363092 0.8261242 0.3565854 0.4231082 0.9012591 0.09333577 0.3016522 0.0720028 0.9506953 0.4139148 0.2999443 0.8594812 0.5221689 0.5690644 0.6352207 0.5449021 0.7646247 0.3441377 0.5121492 0.8543319 0.08843252 0.5405177 0.8371013 -0.08427369 0.5339614 0.8440566 0.04953432 0.6379241 0.7692763 -0.03559215 0.5844404 0.8091938 -0.06029 -0.6438569 9.881351e-09 0.7651459 -0.5701072 -0.2992155 0.7651457 -0.3657525 -0.5298839 0.7651458 0.04092271 -0.6765368 0.7352709 -0.1405663 -0.6548246 0.742594 0.249812 -0.6030996 0.7575386 0.481934 -0.4269562 0.7651458 0.6251478 -0.1540851 0.7651458 0.6251478 0.1540851 0.7651458 0.4819339 0.4269562 0.7651458 0.2283149 0.6020169 0.7651458 -0.07760836 0.6391626 0.7651458 -0.3657525 0.5298839 0.7651458 -0.5701072 0.2992155 0.7651457 -0.3910084 0.5470848 0.7401423 -0.3063191 0.6293357 0.7142165 -0.5406643 0.3515654 0.7642538 -0.4950773 0.4590735 0.7376653 -0.4253346 0.5203693 0.740477 -0.337634 0.655716 0.6753072 -0.2821166 0.7007796 0.6552237 -0.1840214 -0.7502584 0.6350184 -0.1954927 -0.7348805 0.64941 -0.06057598 -0.6106163 0.7896064 -0.6168689 -0.03801743 0.7861472 -0.6168768 0.03811528 0.7861363 -0.2156789 0.7348904 0.6429764 -0.1818372 0.7392558 0.6484104 -0.05992675 0.6109752 0.7893783 -0.2833548 -0.7084486 0.6463827 -0.3265336 -0.6604391 0.6761626 -0.4254312 -0.5200568 0.7406411 -0.4950982 -0.459046 0.7376683 -0.3745636 -0.5644005 0.7356318 -0.3214493 -0.6404882 0.6974562 -0.5382503 -0.3527988 0.7653886 0.04817389 -0.7510054 0.6585364 0.374641 -0.6475073 0.6636102 -0.2952135 -0.6917969 0.6589886 0.6051714 -0.4279257 0.6713026 -0.5703808 0.4855927 0.6624692 -0.7308867 0.1700281 0.6609804 -0.7308867 -0.1700281 0.6609804 -0.5703808 -0.4855927 0.6624692 0.6050749 0.428388 0.6710947 0.3747543 0.6474958 0.6635574 0.04817389 0.7510054 0.6585364 -0.2952135 0.6917969 0.6589887 -0.5885603 0.1367519 0.7968034 -0.5929558 -0.1346338 0.7939 0.559062 -0.377726 0.7380872 0.6006135 -0.09851958 0.7934465 0.4375119 -0.6959492 0.5694191 0.2458591 -0.9153105 0.3189984 0.0965399 -0.9944495 0.04183506 0.2585878 -0.9604609 0.1031848 0.4080214 -0.8987029 0.1607846 0.5518817 -0.8060343 0.2138581 0.6878462 -0.6867682 0.2349831 0.8183573 -0.3244179 0.4743884 0.8809856 -0.4072454 0.2408641 0.7942449 -0.2313394 0.5618337 0.7690976 -0.1333961 0.6250554 0.8223465 0.02805526 0.5682949 0.6072723 0.04391712 0.7932791 0.4496512 0.04747481 0.8919417 0.9965829 -0.07545182 0.03360983 0.9965829 -0.07545182 -0.03360983 0.999921 0.007179953 -0.01031806 0.9599232 -0.2657752 -0.08894389 0.999921 0.007179954 0.01031806 0.9599231 -0.2657757 0.08894358 0.9578148 0.005033301 -0.2873421 0.997141 0.003611849 -0.07547645 0.995499 0.0665659 -0.06745965 0.9992324 0.01926599 0.03410849 0.9977138 -0.006171758 0.06729908 0.9541277 0.006531351 0.2993286 0.6820798 0.5185509 -0.5156279 0.552728 0.2974495 -0.77847 0.6858549 0.2585509 -0.6802606 0.6381048 0.7237132 -0.2627956 0.7392519 0.6373588 -0.2174405 0.8526548 0.2627732 -0.4515861 0.838072 0.1778363 -0.5157611 0.8081323 0.1044246 -0.5796703 0.823591 0.4513132 -0.3435321 0.9145473 0.09654117 -0.3927888 0.9670154 0.09657211 -0.2357011 0.8185342 0.5570534 -0.1403328 0.7960543 0.5720617 -0.197593 0.8591299 0.3439587 -0.3789304 0.9331618 0.2935231 -0.2074929 0.4595361 0.7742145 -0.4352223 0.8955476 0.440511 -0.06280619 0.6967968 0.6854481 -0.2112701 0.9680367 0.2431331 -0.06157212 0.6828127 0.5215154 0.5116527 0.5527281 0.2974495 0.7784699 0.6343051 0.7228495 0.2741272 0.683295 0.2610501 0.6818804 0.8343888 0.1102363 0.5400401 0.853629 0.2322375 0.4662438 0.8274927 0.3551548 0.4348803 0.7956549 0.5036246 0.336594 0.7627075 0.6467229 0.00516648 0.7076573 0.6604244 -0.251119 0.8129935 0.5809254 0.03958845 0.941952 0.3302147 0.06070115 0.990266 0.1219203 0.06714729 0.987268 0.05913158 0.1476664 0.9502884 0.09883782 0.2952676 0.8069552 0.5670701 0.1650903 0.8375648 0.5404852 0.07975547 0.9607048 0.2604574 0.09595979 0.9207435 0.3085274 0.238835</float_array>
          <technique_common>
            <accessor count="2801" source="#normals-array-array" stride="3">
              <param type="float" name="X"/>
              <param type="float" name="Y"/>
              <param type="float" name="Z"/>
            </accessor>
          </technique_common>
        </source>
        <vertices id="verts-array-vertices">
          <input semantic="POSITION" source="#verts-array"/>
        </vertices>
        <triangles count="5634" material="material0">
          <input offset="0" semantic="VERTEX" source="#verts-array-vertices"/>
          <input offset="1" semantic="NORMAL" source="#normals-array"/>
          <p>0 0 1 1 2 2 3 3 0 0 4 4 5 5 3 3 6 6 7 7 8 8 9 9 10 10 11 11 9 9 9 9 8 8 10 10 12 12 11 11 10 10 13 13 12 12 14 14 15 15 13 13 16 16 17 17 15 15 18 18 19 19 17 17 20 20 21 21 19 19 22 22 23 23 21 21 24 24 25 25 23 23 26 26 1 1 25 25 27 27 27 27 2 2 1 1 26 26 27 27 25 25 24 24 26 26 23 23 22 22 24 24 21 21 20 20 22 22 19 19 18 18 20 20 17 17 16 16 18 18 15 15 14 14 16 16 13 13 10 10 14 14 12 12 9 9 5 5 7 7 6 6 7 7 5 5 4 4 6 6 3 3 2 2 4 4 0 0 28 28 29 29 9 9 29 29 5 5 9 9 30 30 3 3 5 5 21 21 31 31 32 32 5 5 29 29 30 30 33 33 19 19 21 21 33 33 34 34 17 17 34 34 35 35 15 15 35 35 28 28 12 12 9 9 11 11 28 28 33 33 36 36 37 37 17 17 19 19 33 33 35 35 13 13 15 15 11 11 12 12 28 28 30 30 38 38 0 0 1 1 38 38 39 39 33 33 40 40 41 41 33 33 32 32 36 36 15 15 17 17 34 34 0 0 3 3 30 30 39 39 25 25 1 1 31 31 21 21 23 23 37 37 40 40 33 33 12 12 13 13 35 35 23 23 25 25 31 31 32 32 33 33 21 21 39 39 31 31 25 25 1 1 0 0 38 38 41 41 42 42 33 33 43 43 44 44 37 37 37 37 36 36 43 43 45 45 46 46 47 47 47 47 30 30 45 45 47 47 38 38 30 30 32 32 48 48 43 43 31 31 49 49 48 48 39 39 50 50 49 49 51 51 50 50 38 38 38 38 47 47 51 51 50 50 39 39 38 38 47 47 46 46 51 51 49 49 31 31 39 39 48 48 32 32 31 31 43 43 36 36 32 32 52 52 33 33 42 42 42 42 53 53 52 52 53 53 54 54 52 52 55 55 53 53 42 42 55 55 54 54 53 53 42 42 56 56 55 55 56 56 41 41 40 40 57 57 40 40 37 37 37 37 44 44 57 57 40 40 57 57 56 56 42 42 41 41 56 56 43 43 58 58 59 59 59 59 44 44 43 43 51 51 60 60 61 61 50 50 61 61 62 62 49 49 62 62 63 63 48 48 63 63 58 58 58 58 43 43 48 48 63 63 48 48 49 49 62 62 49 49 50 50 61 61 50 50 51 51 64 64 65 65 60 60 60 60 51 51 64 64 44 44 59 59 66 66 57 57 66 66 67 67 56 56 67 67 68 68 68 68 55 55 56 56 67 67 56 56 57 57 66 66 57 57 44 44 55 55 68 68 69 69 69 69 70 70 55 55 60 60 58 58 63 63 63 63 62 62 60 60 60 60 65 65 71 71 72 72 73 73 74 74 62 62 61 61 60 60 68 68 67 67 66 66 75 75 76 76 68 68 65 65 77 77 71 71 78 78 79 79 72 72 73 73 69 69 80 80 75 75 59 59 58 58 68 68 59 59 75 75 65 65 81 81 77 77 80 80 74 74 73 73 69 69 68 68 82 82 66 66 59 59 68 68 71 71 83 83 60 60 84 84 85 85 86 86 79 79 78 78 85 85 69 69 87 87 80 80 68 68 76 76 82 82 83 83 75 75 60 60 88 88 89 89 81 81 90 90 86 86 89 89 85 85 84 84 79 79 82 82 87 87 69 69 81 81 65 65 88 88 86 86 90 90 84 84 60 60 75 75 58 58 74 74 78 78 72 72 89 89 88 88 90 90 70 70 69 69 73 73 91 91 73 73 72 72 92 92 72 72 79 79 93 93 79 79 84 84 94 94 84 84 90 90 95 95 90 90 88 88 96 96 88 88 65 65 65 65 64 64 96 96 88 88 96 96 95 95 90 90 95 95 94 94 84 84 94 94 93 93 79 79 93 93 92 92 72 72 92 92 91 91 73 73 91 91 70 70 97 97 70 70 91 91 98 98 91 91 92 92 99 99 92 92 93 93 100 100 93 93 94 94 101 101 94 94 95 95 102 102 95 95 96 96 103 103 96 96 64 64 64 64 104 104 103 103 96 96 103 103 102 102 95 95 102 102 101 101 94 94 101 101 100 100 93 93 100 100 99 99 92 92 99 99 98 98 91 91 98 98 97 97 89 89 86 86 105 105 81 81 89 89 106 106 77 77 81 81 107 107 108 108 109 109 71 71 71 71 109 109 110 110 110 110 83 83 71 71 75 75 83 83 110 110 76 76 75 75 111 111 82 82 76 76 112 112 87 87 82 82 113 113 80 80 87 87 114 114 74 74 80 80 115 115 78 78 74 74 116 116 85 85 78 78 117 117 86 86 85 85 118 118 118 118 105 105 86 86 117 117 118 118 85 85 116 116 117 117 78 78 115 115 116 116 74 74 114 114 115 115 80 80 113 113 114 114 87 87 112 112 113 113 82 82 111 111 112 112 76 76 110 110 111 111 75 75 71 71 77 77 108 108 107 107 108 108 77 77 106 106 107 107 81 81 105 105 106 106 89 89 45 45 30 30 29 29 119 119 29 29 28 28 28 28 120 120 119 119 29 29 119 119 45 45 120 120 28 28 121 121 121 121 122 122 120 120 45 45 119 119 123 123 119 119 124 124 123 123 119 119 120 120 125 125 120 120 126 126 125 125 120 120 122 122 127 127 122 122 128 128 127 127 127 127 126 126 120 120 125 125 124 124 119 119 123 123 129 129 45 45 130 130 131 131 132 132 133 133 134 134 135 135 132 132 136 136 137 137 132 132 133 133 138 138 138 138 136 136 132 132 130 130 139 139 140 140 123 123 141 141 142 142 130 130 141 141 124 124 141 141 123 123 124 124 131 131 130 130 126 126 130 130 125 125 126 126 127 127 128 128 143 143 143 143 131 131 127 127 131 131 144 144 145 145 145 145 132 132 131 131 132 132 146 146 147 147 147 147 133 133 132 132 134 134 133 133 148 148 148 148 149 149 134 134 147 147 148 148 133 133 145 145 146 146 132 132 143 143 144 144 131 131 126 126 127 127 131 131 124 124 125 125 130 130 142 142 129 129 123 123 140 140 141 141 130 130 140 140 139 139 137 137 137 137 139 139 132 132 135 135 138 138 133 133 132 132 139 139 130 130 150 150 129 129 142 142 142 142 141 141 150 150 151 151 152 152 138 138 152 152 150 150 137 137 150 150 140 140 137 137 137 137 136 136 152 152 136 136 138 138 152 152 138 138 135 135 151 151 141 141 140 140 150 150 153 153 154 154 151 151 151 151 135 135 153 153 155 155 144 144 143 143 155 155 146 146 145 145 155 155 149 149 148 148 145 145 144 144 155 155 148 148 147 147 155 155 128 128 122 122 156 156 147 147 146 146 155 155 143 143 128 128 155 155 156 156 155 155 128 128 122 122 121 121 157 157 155 155 158 158 149 149 158 158 159 159 149 149 157 157 156 156 122 122 160 160 155 155 156 156 156 156 161 161 160 160 158 158 155 155 160 160 159 159 158 158 162 162 162 162 163 163 159 159 160 160 162 162 158 158 157 157 121 121 164 164 164 164 165 165 157 157 28 28 35 35 164 164 157 157 165 165 161 161 161 161 156 156 157 157 121 121 28 28 164 164 166 166 35 35 34 34 167 167 34 34 33 33 33 33 52 52 167 167 34 34 167 167 166 166 166 166 168 168 164 164 164 164 35 35 166 166 161 161 169 169 170 170 161 161 171 171 172 172 161 161 173 173 174 174 170 170 175 175 161 161 174 174 171 171 161 161 161 161 168 168 169 169 175 175 173 173 161 161 160 160 172 172 176 176 176 176 162 162 160 160 176 176 163 163 162 162 168 168 161 161 165 165 165 165 164 164 168 168 172 172 160 160 161 161 52 52 177 177 178 178 178 178 167 167 52 52 166 166 179 179 180 180 180 180 168 168 166 166 167 167 181 181 182 182 182 182 166 166 167 167 182 182 179 179 166 166 180 180 169 169 168 168 178 178 181 181 167 167 183 183 184 184 185 185 183 183 180 180 179 179 179 179 184 184 183 183 184 184 182 182 181 181 181 181 186 186 184 184 178 178 177 177 187 187 184 184 186 186 188 188 185 185 188 188 189 189 190 190 191 191 192 192 190 190 185 185 191 191 193 193 192 192 194 194 195 195 172 172 171 171 195 195 176 176 172 172 193 193 174 174 173 173 193 193 171 171 174 174 183 183 190 190 175 175 190 190 173 173 175 175 183 183 170 170 169 169 169 169 180 180 183 183 175 175 170 170 183 183 173 173 190 190 193 193 171 171 193 193 195 195 194 194 195 195 193 193 192 192 193 193 190 190 189 189 191 191 185 185 188 188 185 185 184 184 187 187 186 186 178 178 181 181 178 178 186 186 179 179 182 182 184 184 185 185 190 190 183 183 196 196 186 186 187 187 196 196 188 188 186 186 196 196 189 189 188 188 197 197 191 191 189 189 197 197 192 192 191 191 198 198 194 194 192 192 192 192 197 197 198 198 189 189 196 196 197 197 187 187 177 177 196 196 198 198 199 199 200 200 200 200 194 194 198 198 201 201 202 202 203 203 201 201 204 204 202 202 153 153 205 205 204 204 206 206 207 207 208 208 209 209 210 210 207 207 211 211 203 203 212 212 204 204 201 201 153 153 159 159 163 163 200 200 213 213 208 208 214 214 207 207 206 206 209 209 215 215 216 216 210 210 217 217 212 212 216 216 203 203 211 211 201 201 218 218 134 134 159 159 214 214 200 200 213 213 210 210 209 209 215 215 212 212 217 217 211 211 153 153 135 135 219 219 134 134 149 149 159 159 195 195 200 200 163 163 208 208 213 213 206 206 219 219 205 205 153 153 218 218 135 135 134 134 163 163 176 176 195 195 216 216 215 215 217 217 159 159 220 220 218 218 159 159 214 214 221 221 200 200 214 214 159 159 221 221 220 220 159 159 218 218 219 219 135 135 195 195 194 194 200 200 213 213 200 200 199 199 199 199 222 222 213 213 154 154 153 153 201 201 223 223 201 201 211 211 224 224 211 211 217 217 225 225 217 217 215 215 226 226 215 215 209 209 227 227 209 209 206 206 228 228 206 206 213 213 213 213 222 222 228 228 206 206 228 228 227 227 209 209 227 227 226 226 215 215 226 226 225 225 217 217 225 225 224 224 211 211 224 224 223 223 201 201 223 223 154 154 229 229 230 230 222 222 222 222 199 199 229 229 231 231 154 154 223 223 232 232 223 223 224 224 233 233 224 224 225 225 234 234 225 225 226 226 235 235 226 226 227 227 236 236 227 227 228 228 237 237 228 228 222 222 222 222 230 230 237 237 228 228 237 237 236 236 227 227 236 236 235 235 226 226 235 235 234 234 225 225 234 234 233 233 224 224 233 233 232 232 223 223 232 232 231 231 219 219 218 218 238 238 205 205 219 219 239 239 204 204 205 205 240 240 241 241 242 242 202 202 202 202 242 242 243 243 243 243 203 203 202 202 212 212 203 203 243 243 216 216 212 212 244 244 210 210 216 216 245 245 207 207 210 210 246 246 208 208 207 207 247 247 214 214 208 208 248 248 221 221 214 214 249 249 220 220 221 221 250 250 218 218 220 220 251 251 251 251 238 238 218 218 250 250 251 251 220 220 249 249 250 250 221 221 248 248 249 249 214 214 247 247 248 248 208 208 246 246 247 247 207 207 245 245 246 246 210 210 244 244 245 245 216 216 243 243 244 244 212 212 202 202 204 204 241 241 240 240 241 241 204 204 239 239 240 240 205 205 238 238 239 239 219 219 252 252 253 253 230 230 230 230 229 229 252 252 252 252 229 229 254 254 254 254 255 255 252 252 230 230 253 253 256 256 237 237 256 256 257 257 236 236 257 257 258 258 235 235 258 258 259 259 234 234 259 259 260 260 233 233 260 260 261 261 232 232 261 261 262 262 262 262 231 231 232 232 261 261 232 232 233 233 260 260 233 233 234 234 259 259 234 234 235 235 258 258 235 235 236 236 257 257 236 236 237 237 256 256 237 237 230 230 262 262 263 263 264 264 264 264 231 231 262 262 265 265 266 266 267 267 267 267 268 268 265 265 254 254 269 269 270 270 269 269 265 265 271 271 265 265 272 272 273 273 273 273 271 271 265 265 271 271 274 274 269 269 274 274 270 270 269 269 270 270 255 255 254 254 268 268 272 272 265 265 275 275 276 276 277 277 275 275 278 278 276 276 275 275 279 279 278 278 280 280 281 281 279 279 280 280 282 282 281 281 264 264 263 263 282 282 282 282 280 280 264 264 279 279 275 275 280 280 277 277 283 283 275 275 284 284 285 285 286 286 286 286 287 287 288 288 288 288 289 289 286 286 289 289 290 290 291 291 291 291 276 276 289 289 292 292 283 283 277 277 289 289 276 276 278 278 284 284 278 278 279 279 285 285 281 281 282 282 285 285 284 284 281 281 293 293 282 282 263 263 294 294 295 295 296 296 294 294 297 297 295 295 293 293 298 298 299 299 293 293 296 296 298 298 286 286 285 285 300 300 285 285 299 299 300 300 286 286 301 301 302 302 302 302 287 287 286 286 300 300 301 301 286 286 299 299 285 285 293 293 296 296 293 293 294 294 263 263 294 294 293 293 282 282 293 293 285 285 279 279 281 281 284 284 278 278 284 284 289 289 277 277 276 276 292 292 291 291 292 292 276 276 288 288 290 290 289 289 286 286 289 289 284 284 261 261 260 260 243 243 262 262 261 261 241 241 243 243 242 242 261 261 256 256 253 253 248 248 253 253 252 252 249 249 252 252 303 303 250 250 303 303 304 304 251 251 242 242 241 241 261 261 260 260 259 259 244 244 249 249 248 248 253 253 251 251 250 250 303 303 262 262 240 240 239 239 244 244 243 243 260 260 259 259 258 258 245 245 258 258 257 257 246 246 250 250 249 249 252 252 304 304 239 239 238 238 241 241 240 240 262 262 246 246 245 245 258 258 238 238 251 251 304 304 245 245 244 244 259 259 239 239 304 304 262 262 257 257 256 256 247 247 305 305 306 306 303 303 294 294 262 262 304 304 247 247 246 246 257 257 252 252 255 255 305 305 304 304 297 297 294 294 303 303 252 252 305 305 248 248 247 247 256 256 294 294 263 263 262 262 307 307 304 304 303 303 308 308 307 307 309 309 309 309 310 310 308 308 303 303 309 309 307 307 311 311 308 308 310 310 310 310 312 312 311 311 311 311 302 302 301 301 311 311 296 296 295 295 311 311 299 299 298 298 301 301 300 300 311 311 298 298 296 296 311 311 311 311 313 313 302 302 300 300 299 299 311 311 308 308 295 295 297 297 297 297 307 307 308 308 297 297 304 304 307 307 313 313 311 311 314 314 314 314 315 315 313 313 295 295 308 308 311 311 311 311 312 312 316 316 316 316 317 317 315 315 315 315 314 314 316 316 318 318 319 319 315 315 317 317 318 318 315 315 316 316 314 314 311 311 310 310 320 320 321 321 310 310 322 322 323 323 310 310 306 306 324 324 323 323 320 320 310 310 324 324 325 325 310 310 326 326 327 327 312 312 325 325 322 322 310 310 321 321 326 326 310 310 312 312 310 310 326 326 327 327 317 317 316 316 310 310 309 309 306 306 309 309 303 303 306 306 316 316 312 312 327 327 328 328 329 329 330 330 331 331 305 305 255 255 328 328 274 274 271 271 328 328 331 331 270 270 270 270 274 274 328 328 330 330 329 329 273 273 273 273 272 272 330 330 332 332 268 268 267 267 330 330 268 268 333 333 268 268 332 332 333 333 334 334 330 330 335 335 330 330 336 336 335 335 337 337 326 326 321 321 321 321 334 334 337 337 334 334 320 320 323 323 323 323 328 328 334 334 328 328 322 322 325 325 325 325 331 331 328 328 305 305 331 331 324 324 324 324 306 306 305 305 325 325 324 324 331 331 323 323 322 322 328 328 321 321 320 320 334 334 335 335 337 337 334 334 333 333 336 336 330 330 267 267 266 266 332 332 272 272 268 268 330 330 273 273 329 329 271 271 271 271 329 329 328 328 255 255 270 270 331 331 330 330 334 334 328 328 338 338 283 283 292 292 292 292 339 339 338 338 340 340 288 288 287 287 287 287 313 313 340 340 339 339 291 291 290 290 290 290 340 340 339 339 290 290 288 288 340 340 287 287 302 302 313 313 292 292 291 291 339 339 340 340 313 313 315 315 315 315 319 319 340 340 341 341 342 342 332 332 342 342 333 333 332 332 342 342 343 343 336 336 343 343 335 335 336 336 343 343 327 327 337 337 327 327 326 326 337 337 337 337 335 335 343 343 336 336 333 333 342 342 332 332 266 266 341 341 343 343 318 318 317 317 317 317 327 327 343 343 340 340 319 319 344 344 339 339 344 344 345 345 345 345 338 338 339 339 344 344 339 339 340 340 338 338 345 345 346 346 346 346 347 347 338 338 347 347 348 348 338 338 341 341 349 349 350 350 342 342 350 350 318 318 318 318 343 343 342 342 350 350 342 342 341 341 341 341 351 351 352 352 352 352 349 349 341 341 352 352 353 353 349 349 26 26 354 354 355 355 26 26 356 356 354 354 26 26 353 353 357 357 319 319 10 10 8 8 318 318 16 16 14 14 349 349 353 353 24 24 357 357 356 356 26 26 358 358 2 2 27 27 8 8 7 7 319 319 318 318 18 18 16 16 350 350 20 20 18 18 353 353 26 26 24 24 27 27 355 355 358 358 358 358 319 319 6 6 319 319 14 14 10 10 18 18 318 318 350 350 349 349 22 22 20 20 355 355 27 27 26 26 6 6 4 4 358 358 14 14 319 319 318 318 358 358 359 359 345 345 24 24 22 22 349 349 7 7 6 6 319 319 345 345 319 319 358 358 4 4 2 2 358 358 345 345 359 359 360 360 20 20 350 350 349 349 345 345 344 344 319 319 360 360 346 346 345 345 356 356 361 361 362 362 357 357 363 363 361 361 364 364 363 363 353 353 353 353 352 352 364 364 363 363 357 357 353 353 352 352 351 351 364 364 361 361 356 356 357 357 362 362 354 354 356 356 365 365 366 366 346 346 366 366 348 348 347 347 347 347 346 346 366 366 365 365 360 360 359 359 367 367 359 359 358 358 368 368 358 358 355 355 355 355 369 369 368 368 358 358 368 368 367 367 359 359 367 367 365 365 346 346 360 360 365 365 362 362 369 369 355 355 355 355 354 354 362 362 369 369 362 362 370 370 370 370 371 371 369 369 369 369 371 371 372 372 368 368 372 372 373 373 367 367 373 373 374 374 365 365 374 374 375 375 375 375 366 366 365 365 374 374 365 365 367 367 373 373 367 367 368 368 372 372 368 368 369 369 366 366 375 375 376 376 376 376 377 377 366 366 364 364 378 378 379 379 363 363 379 379 380 380 361 361 380 380 370 370 370 370 362 362 361 361 380 380 361 361 363 363 379 379 363 363 364 364 364 364 381 381 382 382 382 382 378 378 364 364 372 372 375 375 374 374 375 375 383 383 384 384 374 374 373 373 372 372 385 385 386 386 387 387 384 384 376 376 375 375 388 388 370 370 378 378 378 378 370 370 380 380 371 371 388 388 375 375 387 387 389 389 385 385 390 390 391 391 392 392 384 384 393 393 376 376 380 380 379 379 378 378 372 372 371 371 375 375 389 389 387 387 394 394 392 392 386 386 390 390 375 375 388 388 383 383 371 371 370 370 388 388 385 385 390 390 386 386 391 391 395 395 396 396 395 395 397 397 398 398 397 397 376 376 399 399 378 378 400 400 388 388 382 382 401 401 402 402 394 394 382 382 389 389 398 398 396 396 395 395 393 393 399 399 376 376 402 402 378 378 382 382 396 396 392 392 391 391 402 402 400 400 378 378 399 399 398 398 397 397 394 394 401 401 382 382 377 377 376 376 397 397 403 403 397 397 395 395 404 404 395 395 391 391 405 405 391 391 390 390 406 406 390 390 385 385 407 407 385 385 389 389 408 408 389 389 382 382 382 382 381 381 408 408 389 389 408 408 407 407 385 385 407 407 406 406 390 390 406 406 405 405 391 391 405 405 404 404 395 395 404 404 403 403 397 397 403 403 377 377 381 381 409 409 410 410 408 408 410 410 411 411 407 407 411 411 412 412 406 406 412 412 413 413 405 405 413 413 414 414 404 404 414 414 415 415 403 403 415 415 416 416 416 416 377 377 403 403 415 415 403 403 404 404 414 414 404 404 405 405 413 413 405 405 406 406 412 412 406 406 407 407 411 411 407 407 408 408 410 410 408 408 381 381 417 417 418 418 396 396 419 419 417 417 398 398 420 420 419 419 399 399 421 421 422 422 384 384 384 384 422 422 420 420 420 420 393 393 384 384 423 423 421 421 383 383 424 424 423 423 388 388 425 425 424 424 400 400 426 426 425 425 402 402 427 427 426 426 401 401 428 428 427 427 394 394 429 429 428 428 387 387 430 430 429 429 386 386 418 418 430 430 392 392 392 392 396 396 418 418 386 386 392 392 430 430 387 387 386 386 429 429 394 394 387 387 428 428 401 401 394 394 427 427 402 402 401 401 426 426 400 400 402 402 425 425 388 388 400 400 424 424 383 383 388 388 423 423 384 384 383 383 421 421 399 399 393 393 420 420 398 398 399 399 419 419 396 396 398 398 417 417 54 54 431 431 432 432 55 55 433 433 431 431 431 431 54 54 55 55 269 269 254 254 198 198 198 198 254 254 229 229 55 55 434 434 433 433 70 70 435 435 436 436 229 229 199 199 198 198 265 265 269 269 196 196 266 266 265 265 177 177 55 55 436 436 434 434 70 70 97 97 435 435 198 198 197 197 269 269 177 177 54 54 266 266 436 436 55 55 70 70 196 196 177 177 265 265 381 381 54 54 437 437 432 432 438 438 54 54 197 197 196 196 269 269 351 351 341 341 266 266 381 381 439 439 440 440 438 438 437 437 54 54 266 266 54 54 351 351 381 381 364 364 351 351 437 437 439 439 381 381 351 351 54 54 381 381 177 177 52 52 54 54 440 440 409 409 381 381 441 441 432 432 431 431 431 431 442 442 441 441 443 443 442 442 431 431 444 444 443 443 433 433 445 445 444 444 434 434 446 446 445 445 436 436 436 436 435 435 446 446 434 434 436 436 445 445 433 433 434 434 444 444 431 431 433 433 443 443 438 438 432 432 441 441 437 437 438 438 447 447 439 439 437 437 448 448 440 440 439 439 449 449 449 449 450 450 440 440 448 448 449 449 439 439 447 447 448 448 437 437 441 441 447 447 438 438 451 451 416 416 420 420 420 420 422 422 451 451 416 416 419 419 420 420 411 411 410 410 428 428 452 452 451 451 423 423 422 422 421 421 451 451 413 413 430 430 418 418 412 412 429 429 430 430 429 429 412 412 411 411 410 410 409 409 427 427 409 409 440 440 450 450 424 424 425 425 450 450 421 421 423 423 451 451 415 415 417 417 419 419 414 414 418 418 417 417 430 430 413 413 412 412 427 427 428 428 410 410 450 450 426 426 409 409 450 450 452 452 424 424 419 419 416 416 415 415 418 418 414 414 413 413 426 426 427 427 409 409 423 423 424 424 452 452 428 428 429 429 411 411 417 417 415 415 414 414 425 425 426 426 450 450 453 453 109 109 108 108 453 453 110 110 109 109 100 100 101 101 118 118 101 101 102 102 105 105 102 102 103 103 106 106 103 103 104 104 107 107 108 108 104 104 453 453 99 99 117 117 116 116 105 105 118 118 101 101 107 107 106 106 103 103 453 453 111 111 110 110 454 454 112 112 111 111 98 98 116 116 115 115 116 116 98 98 99 99 106 106 105 105 102 102 111 111 453 453 454 454 112 112 454 454 446 446 97 97 115 115 114 114 99 99 100 100 117 117 108 108 107 107 104 104 446 446 114 114 113 113 115 115 97 97 98 98 446 446 113 113 112 112 118 118 117 117 100 100 114 114 435 435 97 97 446 446 435 435 114 114 455 455 441 441 442 442 442 442 443 443 454 454 442 442 456 456 455 455 441 441 457 457 452 452 441 441 458 458 459 459 454 454 460 460 442 442 442 442 461 461 456 456 459 459 457 457 441 441 460 460 462 462 442 442 452 452 447 447 441 441 455 455 458 458 441 441 462 462 461 461 442 442 452 452 448 448 447 447 443 443 444 444 454 454 452 452 449 449 448 448 452 452 450 450 449 449 444 444 445 445 454 454 445 445 446 446 454 454 455 455 456 456 463 463 463 463 464 464 455 455 458 458 455 455 464 464 459 459 458 458 465 465 457 457 459 459 466 466 452 452 457 457 467 467 467 467 451 451 452 452 466 466 467 467 457 457 465 465 466 466 459 459 464 464 465 465 458 458 468 468 463 463 456 456 469 469 468 468 461 461 470 470 469 469 462 462 453 453 470 470 460 460 460 460 454 454 453 453 462 462 460 460 470 470 461 461 462 462 469 469 456 456 461 461 468 468 366 366 377 377 471 471 472 472 473 473 463 463 474 474 464 464 463 463 51 51 475 475 476 476 377 377 477 477 471 471 463 463 473 473 474 474 478 478 465 465 464 464 64 64 479 479 470 470 476 476 64 64 51 51 471 471 480 480 366 366 377 377 451 451 467 467 464 464 474 474 478 478 478 478 467 467 466 466 479 479 472 472 470 470 51 51 481 481 475 475 348 348 482 482 483 483 480 480 484 484 366 366 467 467 485 485 377 377 472 472 468 468 469 469 466 466 465 465 478 478 470 470 453 453 64 64 476 476 486 486 64 64 483 483 487 487 348 348 46 46 488 488 489 489 377 377 485 485 477 477 377 377 416 416 451 451 463 463 468 468 472 472 486 486 479 479 64 64 487 487 338 338 348 348 152 152 151 151 264 264 264 264 151 151 154 154 150 150 152 152 275 275 489 489 490 490 46 46 467 467 478 478 485 485 453 453 104 104 64 64 46 46 491 491 492 492 348 348 493 493 494 494 487 487 495 495 338 338 154 154 231 231 264 264 275 275 496 496 150 150 496 496 497 497 129 129 45 45 498 498 499 499 46 46 500 500 488 488 469 469 470 470 472 472 492 492 51 51 46 46 348 348 501 501 493 493 283 283 338 338 502 502 495 495 503 503 338 338 264 264 280 280 152 152 129 129 150 150 496 496 45 45 504 504 498 498 129 129 497 497 504 504 46 46 499 499 500 500 492 492 481 481 51 51 348 348 484 484 501 501 503 503 502 502 338 338 275 275 283 283 496 496 504 504 45 45 129 129 484 484 348 348 366 366 502 502 496 496 283 283 499 499 46 46 45 45 494 494 482 482 348 348 490 490 491 491 46 46 280 280 275 275 152 152 505 505 476 476 475 475 475 475 506 506 505 505 507 507 508 508 509 509 509 509 510 510 507 507 511 511 512 512 507 507 512 512 513 513 514 514 507 507 515 515 511 511 512 512 511 511 513 513 506 506 516 516 517 517 518 518 505 505 506 506 518 518 519 519 520 520 521 521 511 511 515 515 514 514 522 522 512 512 523 523 524 524 525 525 506 506 526 526 518 518 520 520 527 527 518 518 528 528 529 529 530 530 528 528 531 531 532 532 510 510 515 515 507 507 523 523 533 533 524 524 527 527 505 505 518 518 532 532 529 529 528 528 534 534 531 531 521 521 523 523 535 535 533 533 535 535 523 523 531 531 526 526 536 536 518 518 531 531 537 537 532 532 515 515 534 534 521 521 531 531 528 528 535 535 517 517 526 526 506 506 534 534 537 537 531 531 526 526 523 523 536 536 525 525 536 536 523 523 530 530 538 538 528 528 474 474 473 473 518 518 518 518 536 536 474 474 535 535 528 528 480 480 480 480 471 471 535 535 487 487 483 483 534 534 534 534 515 515 487 487 507 507 512 512 497 497 497 497 496 496 507 507 521 521 488 488 500 500 500 500 511 511 521 521 519 519 518 518 473 473 520 520 519 519 472 472 527 527 520 520 479 479 505 505 527 527 486 486 486 486 476 476 505 505 479 479 486 486 527 527 472 472 479 479 520 520 473 473 472 472 519 519 478 478 474 474 536 536 485 485 478 478 525 525 477 477 485 485 524 524 471 471 477 477 533 533 533 533 535 535 471 471 524 524 533 533 477 477 525 525 524 524 485 485 536 536 525 525 478 478 530 530 529 529 493 493 538 538 530 530 501 501 528 528 538 538 484 484 484 484 480 480 528 528 501 501 484 484 538 538 493 493 501 501 530 530 508 508 507 507 496 496 509 509 508 508 502 502 510 510 509 509 503 503 515 515 510 510 495 495 495 495 487 487 515 515 503 503 495 495 510 510 502 502 503 503 509 509 496 496 502 502 508 508 504 504 497 497 512 512 498 498 504 504 522 522 499 499 498 498 514 514 500 500 499 499 513 513 513 513 511 511 500 500 514 514 513 513 499 499 522 522 514 514 498 498 512 512 522 522 504 504 492 492 491 491 526 526 481 481 492 492 517 517 475 475 481 481 516 516 516 516 506 506 475 475 517 517 516 516 481 481 526 526 517 517 492 492 488 488 521 521 531 531 489 489 531 531 523 523 490 490 523 523 526 526 526 526 491 491 490 490 523 523 490 490 489 489 531 531 489 489 488 488 534 534 483 483 482 482 537 537 482 482 494 494 532 532 494 494 493 493 493 493 529 529 532 532 494 494 532 532 537 537 482 482 537 537 534 534 539 539 540 540 541 541 542 542 539 539 543 543 544 544 542 542 545 545 546 546 547 547 548 548 548 548 547 547 549 549 549 549 550 550 548 548 551 551 550 550 549 549 552 552 551 551 553 553 554 554 552 552 555 555 556 556 554 554 557 557 558 558 556 556 559 559 560 560 558 558 561 561 562 562 560 560 563 563 564 564 562 562 565 565 540 540 564 564 566 566 566 566 541 541 540 540 565 565 566 566 564 564 563 563 565 565 562 562 561 561 563 563 560 560 559 559 561 561 558 558 557 557 559 559 556 556 555 555 557 557 554 554 553 553 555 555 552 552 549 549 553 553 551 551 548 548 544 544 546 546 545 545 546 546 544 544 543 543 545 545 542 542 541 541 543 543 539 539 567 567 544 544 548 548 552 552 568 568 567 567 567 567 542 542 544 544 569 569 570 570 571 571 552 552 572 572 568 568 548 548 550 550 567 567 570 570 573 573 571 571 574 574 575 575 573 573 576 576 577 577 560 560 578 578 542 542 567 567 550 550 551 551 567 567 579 579 580 580 581 581 580 580 582 582 583 583 582 582 569 569 584 584 573 573 570 570 574 574 562 562 585 585 576 576 577 577 586 586 558 558 578 578 587 587 588 588 567 567 551 551 552 552 589 589 590 590 572 572 589 589 591 591 592 592 591 591 579 579 593 593 583 583 581 581 580 580 571 571 584 584 569 569 558 558 560 560 577 577 586 586 589 589 554 554 567 567 587 587 578 578 592 592 590 590 589 589 581 581 593 593 579 579 574 574 588 588 575 575 586 586 556 556 558 558 589 589 552 552 554 554 572 572 552 552 589 589 584 584 583 583 582 582 594 594 564 564 540 540 585 585 562 562 564 564 554 554 556 556 586 586 593 593 592 592 591 591 595 595 540 540 539 539 564 564 594 594 585 585 588 588 574 574 578 578 596 596 539 539 542 542 540 540 595 595 594 594 542 542 578 578 596 596 560 560 562 562 576 576 539 539 596 596 595 595 588 588 587 587 597 597 575 575 588 588 598 598 573 573 575 575 599 599 600 600 601 601 571 571 571 571 601 601 602 602 602 602 584 584 571 571 583 583 584 584 602 602 581 581 583 583 603 603 593 593 581 581 604 604 592 592 593 593 605 605 590 590 592 592 606 606 572 572 590 590 607 607 568 568 572 572 608 608 567 567 568 568 609 609 587 587 567 567 610 610 610 610 597 597 587 587 609 609 610 610 567 567 608 608 609 609 568 568 607 607 608 608 572 572 606 606 607 607 590 590 605 605 606 606 592 592 604 604 605 605 593 593 603 603 604 604 581 581 602 602 603 603 583 583 571 571 573 573 600 600 599 599 600 600 573 573 598 598 599 599 575 575 597 597 598 598 588 588 611 611 612 612 589 589 589 589 586 586 611 611 613 613 574 574 570 570 614 614 570 570 569 569 615 615 569 569 582 582 616 616 582 582 580 580 617 617 580 580 579 579 618 618 579 579 591 591 619 619 591 591 589 589 589 589 612 612 619 619 591 591 619 619 618 618 579 579 618 618 617 617 580 580 617 617 616 616 582 582 616 616 615 615 569 569 615 615 614 614 570 570 614 614 613 613 611 611 586 586 577 577 620 620 577 577 576 576 621 621 576 576 585 585 622 622 585 585 594 594 623 623 594 594 595 595 624 624 595 595 596 596 625 625 596 596 578 578 578 578 626 626 625 625 596 596 625 625 624 624 595 595 624 624 623 623 594 594 623 623 622 622 585 585 622 622 621 621 576 576 621 621 620 620 577 577 620 620 611 611 612 612 611 611 627 627 627 627 628 628 612 612 613 613 626 626 578 578 578 578 574 574 613 613 629 629 613 613 614 614 630 630 614 614 615 615 631 631 615 615 616 616 632 632 616 616 617 617 633 633 617 617 618 618 634 634 618 618 619 619 635 635 619 619 612 612 612 612 628 628 635 635 619 619 635 635 634 634 618 618 634 634 633 633 617 617 633 633 632 632 616 616 632 632 631 631 615 615 631 631 630 630 614 614 630 630 629 629 629 629 636 636 626 626 626 626 613 613 629 629 628 628 637 637 638 638 635 635 638 638 639 639 634 634 639 639 640 640 633 633 640 640 641 641 632 632 641 641 642 642 631 631 642 642 643 643 630 630 643 643 644 644 644 644 629 629 630 630 643 643 630 630 631 631 642 642 631 631 632 632 641 641 632 632 633 633 640 640 633 633 634 634 639 639 634 634 635 635 638 638 635 635 628 628 597 597 549 549 547 547 547 547 645 645 597 597 547 547 546 546 645 645 555 555 553 553 610 610 642 642 602 602 601 601 646 646 645 645 545 545 597 597 553 553 549 549 610 610 609 609 555 555 644 644 643 643 600 600 601 601 643 643 642 642 546 546 545 545 645 645 553 553 597 597 610 610 601 601 600 600 643 643 641 641 603 603 602 602 609 609 608 608 555 555 645 645 644 644 598 598 602 602 642 642 641 641 640 640 604 604 603 603 608 608 557 557 555 555 647 647 559 559 557 557 644 644 599 599 598 598 603 603 641 641 640 640 637 637 607 607 606 606 637 637 647 647 608 608 557 557 608 608 647 647 600 600 599 599 644 644 648 648 565 565 563 563 649 649 650 650 566 566 650 650 651 651 541 541 608 608 607 607 637 637 598 598 597 597 645 645 639 639 605 605 604 604 638 638 606 606 605 605 652 652 563 563 561 561 563 563 652 652 648 648 541 541 566 566 650 650 651 651 646 646 543 543 545 545 543 543 646 646 605 605 639 639 638 638 648 648 649 649 565 565 543 543 541 541 651 651 604 604 640 640 639 639 561 561 647 647 652 652 606 606 638 638 637 637 566 566 565 565 649 649 561 561 559 559 647 647 627 627 611 611 620 620 653 653 620 620 621 621 654 654 621 621 622 622 655 655 622 622 623 623 656 656 623 623 624 624 657 657 624 624 625 625 658 658 625 625 626 626 626 626 636 636 658 658 625 625 658 658 657 657 624 624 657 657 656 656 623 623 656 656 655 655 622 622 655 655 654 654 621 621 654 654 653 653 620 620 653 653 627 627 628 628 627 627 647 647 647 647 637 637 628 628 636 636 645 645 646 646 658 658 646 646 651 651 657 657 651 651 650 650 656 656 650 650 649 649 655 655 649 649 648 648 654 654 648 648 652 652 653 653 652 652 647 647 647 647 627 627 653 653 652 652 653 653 654 654 648 648 654 654 655 655 649 649 655 655 656 656 650 650 656 656 657 657 651 651 657 657 658 658 646 646 658 658 636 636 644 644 645 645 636 636 636 636 629 629 644 644 659 659 660 660 661 661 661 661 662 662 659 659 662 662 663 663 659 659 663 663 664 664 659 659 664 664 665 665 659 659 665 665 666 666 659 659 666 666 667 667 659 659 667 667 668 668 659 659 668 668 669 669 659 659 669 669 670 670 659 659 670 670 671 671 659 659 671 671 672 672 659 659 672 672 673 673 659 659 673 673 674 674 659 659 674 674 660 660 659 659 675 675 663 663 662 662 676 676 662 662 661 661 677 677 661 661 660 660 678 678 660 660 674 674 674 674 679 679 678 678 679 679 673 673 672 672 680 680 672 672 671 671 681 681 671 671 670 670 682 682 670 670 669 669 683 683 669 669 668 668 684 684 668 668 667 667 666 666 685 685 686 686 686 686 667 667 666 666 685 685 666 666 665 665 687 687 665 665 664 664 688 688 664 664 663 663 663 663 675 675 688 688 664 664 688 688 687 687 665 665 687 687 685 685 686 686 689 689 667 667 667 667 689 689 684 684 668 668 684 684 683 683 669 669 683 683 682 682 670 670 682 682 681 681 671 671 681 681 680 680 672 672 680 680 679 679 674 674 673 673 679 679 660 660 678 678 677 677 661 661 677 677 676 676 662 662 676 676 675 675 682 682 690 690 691 691 681 681 691 691 692 692 680 680 692 692 693 693 679 679 693 693 694 694 678 678 694 694 695 695 677 677 695 695 696 696 697 697 688 688 675 675 675 675 696 696 697 697 688 688 697 697 698 698 687 687 698 698 699 699 686 686 685 685 699 699 686 686 700 700 701 701 701 701 689 689 686 686 689 689 701 701 702 702 684 684 702 702 703 703 683 683 703 703 690 690 690 690 682 682 683 683 703 703 683 683 684 684 702 702 684 684 689 689 699 699 700 700 686 686 699 699 685 685 687 687 698 698 687 687 688 688 675 675 676 676 696 696 696 696 676 676 677 677 695 695 677 677 678 678 694 694 678 678 679 679 693 693 679 679 680 680 692 692 680 680 681 681 691 691 681 681 682 682 704 704 700 700 699 699 705 705 701 701 700 700 700 700 704 704 705 705 705 705 706 706 702 702 707 707 695 695 694 694 707 707 708 708 696 696 709 709 697 697 696 696 710 710 698 698 697 697 710 710 711 711 699 699 702 702 701 701 705 705 712 712 713 713 692 692 713 713 714 714 693 693 715 715 694 694 693 693 696 696 695 695 707 707 697 697 709 709 710 710 699 699 711 711 704 704 712 712 691 691 690 690 693 693 692 692 713 713 694 694 715 715 707 707 699 699 698 698 710 710 692 692 691 691 712 712 696 696 708 708 709 709 716 716 703 703 702 702 716 716 717 717 690 690 693 693 714 714 715 715 690 690 703 703 716 716 702 702 706 706 716 716 690 690 717 717 712 712 717 717 718 718 719 719 712 712 719 719 720 720 713 713 720 720 721 721 714 714 721 721 722 722 715 715 722 722 723 723 707 707 723 723 724 724 708 708 724 724 725 725 709 709 725 725 726 726 710 710 726 726 727 727 711 711 727 727 728 728 729 729 705 705 704 704 704 704 728 728 729 729 705 705 729 729 730 730 706 706 730 730 731 731 716 716 731 731 718 718 718 718 717 717 716 716 731 731 716 716 706 706 730 730 706 706 705 705 728 728 704 704 711 711 727 727 711 711 710 710 726 726 710 710 709 709 725 725 709 709 708 708 724 724 708 708 707 707 723 723 707 707 715 715 722 722 715 715 714 714 721 721 714 714 713 713 720 720 713 713 712 712 719 719 712 712 717 717 732 732 733 733 734 734 735 735 734 734 736 736 737 737 736 736 738 738 739 739 738 738 740 740 741 741 740 740 742 742 743 743 742 742 744 744 745 745 744 744 746 746 747 747 746 746 748 748 749 749 748 748 750 750 751 751 750 750 752 752 752 752 753 753 751 751 753 753 754 754 755 755 756 756 755 755 757 757 758 758 757 757 733 733 759 759 732 732 735 735 760 760 735 735 737 737 761 761 737 737 739 739 762 762 739 739 741 741 763 763 741 741 743 743 764 764 743 743 745 745 765 765 745 745 747 747 766 766 747 747 749 749 767 767 749 749 751 751 768 768 751 751 753 753 769 769 753 753 756 756 770 770 756 756 758 758 771 771 758 758 732 732 772 772 759 759 760 760 773 773 760 760 761 761 774 774 761 761 762 762 775 775 762 762 763 763 776 776 763 763 764 764 777 777 764 764 765 765 778 778 765 765 766 766 779 779 766 766 767 767 780 780 767 767 768 768 781 781 768 768 769 769 782 782 769 769 770 770 783 783 770 770 771 771 784 784 771 771 759 759 718 718 772 772 773 773 719 719 773 773 774 774 720 720 774 774 775 775 721 721 775 775 776 776 722 722 776 776 777 777 723 723 777 777 778 778 724 724 778 778 779 779 725 725 779 779 780 780 726 726 780 780 781 781 781 781 782 782 728 728 782 782 729 729 728 728 729 729 782 782 783 783 730 730 783 783 784 784 731 731 784 784 772 772 772 772 718 718 731 731 784 784 731 731 730 730 783 783 730 730 729 729 728 728 727 727 781 781 781 781 727 727 726 726 780 780 726 726 725 725 779 779 725 725 724 724 778 778 724 724 723 723 777 777 723 723 722 722 776 776 722 722 721 721 775 775 721 721 720 720 774 774 720 720 719 719 773 773 719 719 718 718 759 759 772 772 784 784 771 771 784 784 783 783 770 770 783 783 782 782 769 769 782 782 781 781 768 768 781 781 780 780 767 767 780 780 779 779 766 766 779 779 778 778 765 765 778 778 777 777 764 764 777 777 776 776 763 763 776 776 775 775 762 762 775 775 774 774 761 761 774 774 773 773 760 760 773 773 772 772 732 732 759 759 771 771 758 758 771 771 770 770 756 756 770 770 769 769 753 753 769 769 768 768 751 751 768 768 767 767 749 749 767 767 766 766 747 747 766 766 765 765 745 745 765 765 764 764 743 743 764 764 763 763 741 741 763 763 762 762 739 739 762 762 761 761 737 737 761 761 760 760 735 735 760 760 759 759 733 733 732 732 758 758 757 757 758 758 756 756 755 755 756 756 753 753 752 752 754 754 753 753 750 750 751 751 749 749 748 748 749 749 747 747 746 746 747 747 745 745 744 744 745 745 743 743 742 742 743 743 741 741 740 740 741 741 739 739 738 738 739 739 737 737 736 736 737 737 735 735 734 734 735 735 732 732 755 755 785 785 786 786 785 785 755 755 754 754 754 754 787 787 785 785 788 788 750 750 748 748 750 750 788 788 787 787 733 733 789 789 790 790 733 733 757 757 786 786 786 786 757 757 755 755 787 787 752 752 750 750 791 791 746 746 744 744 792 792 793 793 742 742 794 794 795 795 738 738 736 736 734 734 790 790 786 786 789 789 733 733 748 748 796 796 788 788 744 744 793 793 791 791 740 740 795 795 792 792 790 790 794 794 736 736 754 754 752 752 787 787 791 791 796 796 746 746 740 740 738 738 795 795 790 790 734 734 733 733 744 744 742 742 793 793 738 738 736 736 794 794 742 742 740 740 792 792 796 796 748 748 746 746 793 793 797 797 798 798 791 791 798 798 799 799 799 799 796 796 791 791 798 798 791 791 793 793 800 800 801 801 802 802 800 800 803 803 804 804 801 801 805 805 802 802 798 798 797 797 801 801 798 798 800 800 806 806 804 804 806 806 800 800 801 801 800 800 798 798 804 804 807 807 806 806 806 806 799 799 798 798 802 802 808 808 800 800 795 795 805 805 801 801 792 792 801 801 797 797 797 797 793 793 792 792 801 801 792 792 795 795 790 790 808 808 802 802 794 794 802 802 805 805 805 805 795 795 794 794 802 802 794 794 790 790 786 786 803 803 800 800 789 789 800 800 808 808 808 808 790 790 789 789 800 800 789 789 786 786 787 787 807 807 804 804 785 785 804 804 803 803 803 803 786 786 785 785 804 804 785 785 787 787 796 796 799 799 806 806 788 788 806 806 807 807 807 807 787 787 788 788 806 806 788 788 796 796 809 809 810 810 811 811 811 811 812 812 809 809 812 812 813 813 809 809 813 813 814 814 809 809 814 814 815 815 809 809 815 815 816 816 809 809 816 816 817 817 809 809 817 817 818 818 809 809 818 818 819 819 809 809 819 819 820 820 809 809 820 820 821 821 809 809 821 821 822 822 809 809 822 822 823 823 809 809 823 823 824 824 809 809 824 824 810 810 809 809 825 825 813 813 812 812 826 826 812 812 811 811 827 827 811 811 810 810 828 828 810 810 824 824 824 824 829 829 828 828 829 829 823 823 822 822 830 830 822 822 821 821 831 831 821 821 820 820 832 832 820 820 819 819 833 833 819 819 818 818 834 834 818 818 817 817 816 816 835 835 836 836 836 836 817 817 816 816 835 835 816 816 815 815 837 837 815 815 814 814 838 838 814 814 813 813 813 813 825 825 838 838 814 814 838 838 837 837 815 815 837 837 835 835 836 836 839 839 817 817 817 817 839 839 834 834 818 818 834 834 833 833 819 819 833 833 832 832 820 820 832 832 831 831 821 821 831 831 830 830 822 822 830 830 829 829 824 824 823 823 829 829 810 810 828 828 827 827 811 811 827 827 826 826 812 812 826 826 825 825 832 832 840 840 841 841 831 831 841 841 842 842 830 830 842 842 843 843 829 829 843 843 844 844 828 828 844 844 845 845 827 827 845 845 846 846 846 846 847 847 825 825 847 847 838 838 825 825 838 838 847 847 848 848 837 837 848 848 849 849 836 836 835 835 849 849 836 836 850 850 851 851 851 851 839 839 836 836 839 839 851 851 852 852 834 834 852 852 853 853 833 833 853 853 840 840 840 840 832 832 833 833 853 853 833 833 834 834 852 852 834 834 839 839 849 849 850 850 836 836 849 849 835 835 837 837 848 848 837 837 838 838 825 825 826 826 846 846 846 846 826 826 827 827 845 845 827 827 828 828 844 844 828 828 829 829 843 843 829 829 830 830 842 842 830 830 831 831 841 841 831 831 832 832 854 854 850 850 849 849 855 855 851 851 850 850 850 850 854 854 855 855 856 856 852 852 851 851 857 857 844 844 843 843 858 858 845 845 844 844 859 859 860 860 849 849 851 851 855 855 856 856 844 844 857 857 858 858 858 858 861 861 846 846 849 849 860 860 854 854 862 862 853 853 852 852 863 863 841 841 840 840 863 863 864 864 842 842 865 865 843 843 842 842 846 846 845 845 858 858 866 866 847 847 846 846 866 866 859 859 848 848 852 852 856 856 862 862 862 862 867 867 840 840 842 842 841 841 863 863 843 843 865 865 857 857 848 848 847 847 866 866 840 840 853 853 862 862 842 842 864 864 865 865 849 849 848 848 859 859 846 846 861 861 866 866 840 840 867 867 863 863 867 867 868 868 869 869 863 863 869 869 870 870 864 864 870 870 871 871 865 865 871 871 872 872 857 857 872 872 873 873 858 858 873 873 874 874 861 861 874 874 875 875 866 866 875 875 876 876 859 859 876 876 877 877 860 860 877 877 878 878 879 879 855 855 854 854 854 854 878 878 879 879 855 855 879 879 880 880 856 856 880 880 881 881 862 862 881 881 868 868 868 868 867 867 862 862 881 881 862 862 856 856 880 880 856 856 855 855 878 878 854 854 860 860 877 877 860 860 859 859 876 876 859 859 866 866 875 875 866 866 861 861 874 874 861 861 858 858 873 873 858 858 857 857 872 872 857 857 865 865 871 871 865 865 864 864 870 870 864 864 863 863 869 869 863 863 867 867 882 882 883 883 884 884 885 885 884 884 886 886 887 887 886 886 888 888 889 889 888 888 890 890 891 891 890 890 892 892 893 893 892 892 894 894 895 895 894 894 896 896 897 897 896 896 898 898 899 899 898 898 900 900 901 901 900 900 902 902 902 902 903 903 901 901 903 903 904 904 905 905 906 906 905 905 907 907 908 908 907 907 883 883 909 909 882 882 885 885 910 910 885 885 887 887 911 911 887 887 889 889 912 912 889 889 891 891 913 913 891 891 893 893 914 914 893 893 895 895 915 915 895 895 897 897 916 916 897 897 899 899 917 917 899 899 901 901 918 918 901 901 903 903 919 919 903 903 906 906 920 920 906 906 908 908 921 921 908 908 882 882 922 922 909 909 910 910 923 923 910 910 911 911 924 924 911 911 912 912 925 925 912 912 913 913 926 926 913 913 914 914 927 927 914 914 915 915 928 928 915 915 916 916 929 929 916 916 917 917 930 930 917 917 918 918 931 931 918 918 919 919 932 932 919 919 920 920 933 933 920 920 921 921 934 934 921 921 909 909 868 868 922 922 923 923 869 869 923 923 924 924 870 870 924 924 925 925 871 871 925 925 926 926 872 872 926 926 927 927 873 873 927 927 928 928 874 874 928 928 929 929 875 875 929 929 930 930 876 876 930 930 931 931 931 931 932 932 878 878 932 932 879 879 878 878 879 879 932 932 933 933 880 880 933 933 934 934 881 881 934 934 922 922 922 922 868 868 881 881 934 934 881 881 880 880 933 933 880 880 879 879 878 878 877 877 931 931 931 931 877 877 876 876 930 930 876 876 875 875 929 929 875 875 874 874 928 928 874 874 873 873 927 927 873 873 872 872 926 926 872 872 871 871 925 925 871 871 870 870 924 924 870 870 869 869 923 923 869 869 868 868 909 909 922 922 934 934 921 921 934 934 933 933 920 920 933 933 932 932 919 919 932 932 931 931 918 918 931 931 930 930 917 917 930 930 929 929 916 916 929 929 928 928 915 915 928 928 927 927 914 914 927 927 926 926 913 913 926 926 925 925 912 912 925 925 924 924 911 911 924 924 923 923 910 910 923 923 922 922 882 882 909 909 921 921 908 908 921 921 920 920 906 906 920 920 919 919 903 903 919 919 918 918 901 901 918 918 917 917 899 899 917 917 916 916 897 897 916 916 915 915 895 895 915 915 914 914 893 893 914 914 913 913 891 891 913 913 912 912 889 889 912 912 911 911 887 887 911 911 910 910 885 885 910 910 909 909 883 883 882 882 908 908 907 907 908 908 906 906 905 905 906 906 903 903 902 902 904 904 903 903 900 900 901 901 899 899 898 898 899 899 897 897 896 896 897 897 895 895 894 894 895 895 893 893 892 892 893 893 891 891 890 890 891 891 889 889 888 888 889 889 887 887 886 886 887 887 885 885 884 884 885 885 882 882 935 935 936 936 896 896 937 937 938 938 892 892 905 905 939 939 940 940 939 939 905 905 904 904 894 894 938 938 935 935 890 890 941 941 937 937 942 942 941 941 888 888 886 886 884 884 943 943 883 883 944 944 943 943 883 883 907 907 940 940 904 904 945 945 939 939 896 896 894 894 935 935 890 890 888 888 941 941 943 943 942 942 886 886 940 940 944 944 883 883 940 940 907 907 905 905 946 946 900 900 898 898 900 900 946 946 945 945 894 894 892 892 938 938 888 888 886 886 942 942 904 904 902 902 945 945 945 945 902 902 900 900 892 892 890 890 937 937 898 898 936 936 946 946 943 943 884 884 883 883 936 936 898 898 896 896 938 938 947 947 948 948 935 935 948 948 949 949 949 949 936 936 935 935 948 948 935 935 938 938 950 950 951 951 952 952 953 953 948 948 954 954 948 948 951 951 950 950 951 951 955 955 952 952 951 951 948 948 953 953 948 948 947 947 954 954 952 952 956 956 950 950 954 954 957 957 953 953 953 953 958 958 951 951 950 950 949 949 948 948 941 941 957 957 954 954 937 937 954 954 947 947 947 947 938 938 937 937 954 954 937 937 941 941 943 943 958 958 953 953 942 942 953 953 957 957 957 957 941 941 942 942 953 953 942 942 943 943 940 940 955 955 951 951 944 944 951 951 958 958 958 958 943 943 944 944 951 951 944 944 940 940 945 945 956 956 952 952 939 939 952 952 955 955 955 955 940 940 939 939 952 952 939 939 945 945 936 936 949 949 950 950 946 946 950 950 956 956 956 956 945 945 946 946 950 950 946 946 936 936 959 959 960 960 961 961 962 962 959 959 963 963 964 964 962 962 965 965 966 966 964 964 967 967 968 968 966 966 969 969 970 970 968 968 971 971 972 972 970 970 973 973 974 974 972 972 975 975 976 976 974 974 977 977 978 978 979 979 980 980 981 981 982 982 980 980 980 980 979 979 981 981 983 983 982 982 981 981 984 984 983 983 985 985 960 960 984 984 986 986 986 986 961 961 960 960 985 985 986 986 984 984 981 981 985 985 983 983 980 980 976 976 978 978 977 977 978 978 976 976 975 975 977 977 974 974 973 973 975 975 972 972 971 971 973 973 970 970 969 969 971 971 968 968 967 967 969 969 966 966 965 965 967 967 964 964 963 963 965 965 962 962 961 961 963 963 959 959 987 987 988 988 970 970 988 988 966 966 968 968 988 988 989 989 964 964 987 987 974 974 976 976 970 970 972 972 987 987 964 964 966 966 988 988 989 989 959 959 962 962 989 989 990 990 960 960 990 990 983 983 984 984 990 990 987 987 980 980 972 972 974 974 987 987 962 962 964 964 989 989 984 984 960 960 990 990 980 980 982 982 990 990 968 968 970 970 988 988 982 982 983 983 990 990 960 960 959 959 989 989 976 976 980 980 987 987 991 991 992 992 993 993 994 994 991 991 995 995 995 995 996 996 994 994 997 997 994 994 998 998 998 998 999 999 997 997 987 987 997 997 1000 1000 1000 1000 1001 1001 987 987 1001 1001 988 988 987 987 999 999 1000 1000 997 997 996 996 998 998 994 994 993 993 995 995 991 991 1002 1002 1003 1003 989 989 989 989 988 988 1002 1002 988 988 1001 1001 1002 1002 1002 1002 1001 1001 1000 1000 1004 1004 1000 1000 999 999 999 999 1005 1005 1004 1004 1005 1005 998 998 996 996 996 996 1006 1006 1005 1005 1007 1007 1006 1006 995 995 995 995 993 993 1007 1007 993 993 1008 1008 1007 1007 996 996 995 995 1006 1006 999 999 998 998 1005 1005 1000 1000 1004 1004 1002 1002 1009 1009 1007 1007 1008 1008 1008 1008 1010 1010 1009 1009 992 992 1011 1011 1010 1010 1010 1010 1008 1008 992 992 1011 1011 1012 1012 1010 1010 1008 1008 993 993 992 992 1013 1013 1014 1014 1015 1015 991 991 994 994 997 997 1013 1013 1016 1016 1014 1014 987 987 992 992 991 991 1015 1015 1011 1011 1013 1013 990 990 1017 1017 1013 1013 997 997 987 987 991 991 1013 1013 992 992 990 990 1011 1011 992 992 1013 1013 987 987 990 990 992 992 1013 1013 1018 1018 1019 1019 1013 1013 1020 1020 1018 1018 1016 1016 1019 1019 1021 1021 1014 1014 1021 1021 1022 1022 1015 1015 1022 1022 1012 1012 1012 1012 1011 1011 1015 1015 1022 1022 1015 1015 1014 1014 1021 1021 1014 1014 1016 1016 1019 1019 1016 1016 1013 1013 1023 1023 1009 1009 1012 1012 1009 1009 1010 1010 1012 1012 1023 1023 1022 1022 1021 1021 1024 1024 1021 1021 1019 1019 1025 1025 1019 1019 1018 1018 1018 1018 1026 1026 1025 1025 1019 1019 1025 1025 1024 1024 1021 1021 1024 1024 1023 1023 1012 1012 1022 1022 1023 1023 1026 1026 1020 1020 1027 1027 1026 1026 1018 1018 1020 1020 1027 1027 1028 1028 1026 1026 1017 1017 1029 1029 1030 1030 1030 1030 1013 1013 1017 1017 1017 1017 1031 1031 1029 1029 1030 1030 1032 1032 1013 1013 1020 1020 1033 1033 1034 1034 1017 1017 1035 1035 1031 1031 1020 1020 1036 1036 1033 1033 1013 1013 1037 1037 1038 1038 1032 1032 1039 1039 1013 1013 1027 1027 1040 1040 1041 1041 1020 1020 1038 1038 1036 1036 1039 1039 1037 1037 1013 1013 1041 1041 1017 1017 1027 1027 1027 1027 1034 1034 1042 1042 1038 1038 1020 1020 1013 1013 1042 1042 1040 1040 1027 1027 1041 1041 1035 1035 1017 1017 1034 1034 1027 1027 1020 1020 1043 1043 1044 1044 1041 1041 1045 1045 1043 1043 1040 1040 1046 1046 1045 1045 1042 1042 1047 1047 1046 1046 1034 1034 1048 1048 1047 1047 1033 1033 1049 1049 1048 1048 1036 1036 1050 1050 1049 1049 1038 1038 1051 1051 1050 1050 1037 1037 1052 1052 1051 1051 1039 1039 1053 1053 1052 1052 1032 1032 1053 1053 1030 1030 1029 1029 1029 1029 1054 1054 1053 1053 1055 1055 1054 1054 1029 1029 1056 1056 1055 1055 1031 1031 1044 1044 1056 1056 1035 1035 1035 1035 1041 1041 1044 1044 1031 1031 1035 1035 1056 1056 1029 1029 1031 1031 1055 1055 1032 1032 1030 1030 1053 1053 1039 1039 1032 1032 1052 1052 1037 1037 1039 1039 1051 1051 1038 1038 1037 1037 1050 1050 1036 1036 1038 1038 1049 1049 1033 1033 1036 1036 1048 1048 1034 1034 1033 1033 1047 1047 1042 1042 1034 1034 1046 1046 1040 1040 1042 1042 1045 1045 1041 1041 1040 1040 1043 1043 989 989 1003 1003 1057 1057 1058 1058 1059 1059 990 990 990 990 989 989 1058 1058 1059 1059 1060 1060 1017 1017 1061 1061 1027 1027 1017 1017 1027 1027 1061 1061 1062 1062 1017 1017 990 990 1059 1059 1062 1062 1028 1028 1027 1027 1017 1017 1060 1060 1061 1061 1057 1057 1058 1058 989 989 1057 1057 1003 1003 1002 1002 1062 1062 1063 1063 1026 1026 1063 1063 1064 1064 1007 1007 1002 1002 1064 1064 1057 1057 1063 1063 1025 1025 1026 1026 1064 1064 1006 1006 1007 1007 1002 1002 1004 1004 1064 1064 1063 1063 1024 1024 1025 1025 1007 1007 1009 1009 1063 1063 1004 1004 1005 1005 1064 1064 1063 1063 1023 1023 1024 1024 1005 1005 1006 1006 1064 1064 1009 1009 1023 1023 1063 1063 1026 1026 1028 1028 1062 1062 1063 1063 1062 1062 1061 1061 1061 1061 1065 1065 1063 1063 1063 1063 1065 1065 1066 1066 1067 1067 1066 1066 1068 1068 1069 1069 1068 1068 1070 1070 1070 1070 1071 1071 1069 1069 1068 1068 1069 1069 1067 1067 1066 1066 1067 1067 1063 1063 1064 1064 1072 1072 1058 1058 1058 1058 1057 1057 1064 1064 1073 1073 1074 1074 1075 1075 1076 1076 1075 1075 1077 1077 1078 1078 1077 1077 1072 1072 1072 1072 1064 1064 1078 1078 1077 1077 1078 1078 1076 1076 1075 1075 1076 1076 1073 1073 1079 1079 1080 1080 1071 1071 1071 1071 1070 1070 1079 1079 1070 1070 1048 1048 1049 1049 1047 1047 1048 1048 1068 1068 1061 1061 1046 1046 1047 1047 1050 1050 1081 1081 1079 1079 1049 1049 1079 1079 1070 1070 1068 1068 1066 1066 1047 1047 1061 1061 1045 1045 1046 1046 1061 1061 1060 1060 1044 1044 1082 1082 1083 1083 1084 1084 1050 1050 1085 1085 1081 1081 1066 1066 1065 1065 1047 1047 1061 1061 1043 1043 1045 1045 1060 1060 1056 1056 1044 1044 1060 1060 1082 1082 1052 1052 1051 1051 1084 1084 1085 1085 1082 1082 1086 1086 1083 1083 1070 1070 1068 1068 1048 1048 1044 1044 1043 1043 1061 1061 1060 1060 1053 1053 1054 1054 1082 1082 1051 1051 1052 1052 1084 1084 1051 1051 1082 1082 1047 1047 1065 1065 1061 1061 1054 1054 1055 1055 1060 1060 1085 1085 1050 1050 1051 1051 1055 1055 1056 1056 1060 1060 1079 1079 1049 1049 1050 1050 1052 1052 1053 1053 1060 1060 1079 1079 1081 1081 1087 1087 1081 1081 1085 1085 1088 1088 1085 1085 1084 1084 1089 1089 1084 1084 1083 1083 1090 1090 1090 1090 1089 1089 1084 1084 1089 1089 1088 1088 1085 1085 1088 1088 1087 1087 1081 1081 1087 1087 1080 1080 1079 1079 1091 1091 1071 1071 1080 1080 1080 1080 1092 1092 1091 1091 1090 1090 1093 1093 1094 1094 1094 1094 1089 1089 1090 1090 1088 1088 1089 1089 1095 1095 1087 1087 1088 1088 1096 1096 1080 1080 1087 1087 1097 1097 1097 1097 1092 1092 1080 1080 1096 1096 1097 1097 1087 1087 1095 1095 1096 1096 1088 1088 1094 1094 1095 1095 1089 1089 1098 1098 1090 1090 1083 1083 1083 1083 1086 1086 1098 1098 1099 1099 1100 1100 1086 1086 1086 1086 1082 1082 1099 1099 1100 1100 1101 1101 1098 1098 1098 1098 1086 1086 1100 1100 1102 1102 1100 1100 1099 1099 1099 1099 1103 1103 1102 1102 1101 1101 1100 1100 1102 1102 1102 1102 1104 1104 1101 1101 1105 1105 1106 1106 1107 1107 1108 1108 1107 1107 1109 1109 1110 1110 1109 1109 1102 1102 1102 1102 1103 1103 1110 1110 1109 1109 1110 1110 1108 1108 1107 1107 1108 1108 1105 1105 1106 1106 1111 1111 1112 1112 1107 1107 1112 1112 1113 1113 1109 1109 1113 1113 1104 1104 1104 1104 1102 1102 1109 1109 1113 1113 1109 1109 1107 1107 1112 1112 1107 1107 1106 1106 1105 1105 1114 1114 1115 1115 1115 1115 1106 1106 1105 1105 1116 1116 1111 1111 1106 1106 1106 1106 1115 1115 1116 1116 1117 1117 1118 1118 1119 1119 1120 1120 1119 1119 1121 1121 1122 1122 1121 1121 1115 1115 1115 1115 1114 1114 1122 1122 1121 1121 1122 1122 1120 1120 1119 1119 1120 1120 1117 1117 1118 1118 1123 1123 1124 1124 1119 1119 1124 1124 1125 1125 1121 1121 1125 1125 1116 1116 1116 1116 1115 1115 1121 1121 1125 1125 1121 1121 1119 1119 1124 1124 1119 1119 1118 1118 1117 1117 1126 1126 1127 1127 1127 1127 1118 1118 1117 1117 1127 1127 1126 1126 1128 1128 1128 1128 1129 1129 1127 1127 1123 1123 1118 1118 1127 1127 1127 1127 1130 1130 1123 1123 1129 1129 1131 1131 1130 1130 1130 1130 1127 1127 1129 1129 1059 1059 979 979 978 978 1128 1128 977 977 1132 1132 1059 1059 981 981 979 979 1132 1132 1133 1133 1128 1128 977 977 975 975 1134 1134 1059 1059 985 985 981 981 969 969 1077 1077 1075 1075 1074 1074 1135 1135 973 973 1134 1134 1132 1132 977 977 978 978 1128 1128 1059 1059 1058 1058 963 963 961 961 969 969 1072 1072 1077 1077 971 971 1075 1075 1074 1074 975 975 973 973 1135 1135 978 978 977 977 1128 1128 961 961 1059 1059 1058 1058 973 973 971 971 1074 1074 1135 1135 1136 1136 975 975 1059 1059 986 986 985 985 1058 1058 965 965 963 963 1058 1058 1072 1072 969 969 1136 1136 1134 1134 975 975 961 961 986 986 1059 1059 1075 1075 971 971 969 969 1058 1058 967 967 965 965 1133 1133 1129 1129 1128 1128 969 969 967 967 1058 1058 1137 1137 1131 1131 1129 1129 1129 1129 1133 1133 1137 1137 1133 1133 1132 1132 1138 1138 1132 1132 1134 1134 1139 1139 1134 1134 1136 1136 1140 1140 1136 1136 1135 1135 1141 1141 1141 1141 1140 1140 1136 1136 1140 1140 1139 1139 1134 1134 1139 1139 1138 1138 1132 1132 1138 1138 1137 1137 1133 1133 1141 1141 1135 1135 1074 1074 1074 1074 1073 1073 1141 1141 1141 1141 1073 1073 1142 1142 1142 1142 1143 1143 1141 1141 1069 1069 1071 1071 1091 1091 1091 1091 1144 1144 1069 1069 1067 1067 1069 1069 1145 1145 1145 1145 1146 1146 1067 1067 1146 1146 1147 1147 1067 1067 1064 1064 1148 1148 1149 1149 1063 1063 1150 1150 1148 1148 1063 1063 1067 1067 1151 1151 1151 1151 1150 1150 1063 1063 1148 1148 1064 1064 1063 1063 1078 1078 1152 1152 1153 1153 1078 1078 1154 1154 1152 1152 1078 1078 1149 1149 1154 1154 1076 1076 1155 1155 1142 1142 1076 1076 1153 1153 1155 1155 1142 1142 1073 1073 1076 1076 1153 1153 1076 1076 1078 1078 1149 1149 1078 1078 1064 1064 1147 1147 1151 1151 1067 1067 1144 1144 1145 1145 1069 1069 1156 1156 1151 1151 1147 1147 1156 1156 1150 1150 1151 1151 1157 1157 1092 1092 1097 1097 1158 1158 1091 1091 1092 1092 1157 1157 1147 1147 1158 1158 1158 1158 1147 1147 1146 1146 1158 1158 1145 1145 1144 1144 1144 1144 1091 1091 1158 1158 1146 1146 1145 1145 1158 1158 1092 1092 1157 1157 1158 1158 1159 1159 1097 1097 1096 1096 1160 1160 1095 1095 1094 1094 1160 1160 1096 1096 1095 1095 1094 1094 1161 1161 1160 1160 1096 1096 1160 1160 1159 1159 1097 1097 1159 1159 1157 1157 1147 1147 1157 1157 1156 1156 1162 1162 1148 1148 1150 1150 1150 1150 1156 1156 1162 1162 1162 1162 1163 1163 1154 1154 1154 1154 1149 1149 1162 1162 1164 1164 1165 1165 1166 1166 1166 1166 1167 1167 1164 1164 1168 1168 1164 1164 1169 1169 1170 1170 1142 1142 1155 1155 1170 1170 1153 1153 1152 1152 1152 1152 1154 1154 1170 1170 1170 1170 1163 1163 1143 1143 1143 1143 1142 1142 1170 1170 1170 1170 1154 1154 1163 1163 1163 1163 1168 1168 1171 1171 1171 1171 1143 1143 1163 1163 1155 1155 1153 1153 1170 1170 1169 1169 1171 1171 1168 1168 1167 1167 1169 1169 1164 1164 1149 1149 1148 1148 1162 1162 1141 1141 1143 1143 1171 1171 1140 1140 1171 1171 1169 1169 1139 1139 1169 1169 1167 1167 1137 1137 1138 1138 1166 1166 1138 1138 1167 1167 1166 1166 1166 1166 1172 1172 1137 1137 1167 1167 1138 1138 1139 1139 1169 1169 1139 1139 1140 1140 1171 1171 1140 1140 1141 1141 1173 1173 1161 1161 1093 1093 1161 1161 1094 1094 1093 1093 1093 1093 1174 1174 1173 1173 1175 1175 1176 1176 1172 1172 1172 1172 1165 1165 1175 1175 1172 1172 1166 1166 1165 1165 1174 1174 1177 1177 1178 1178 1178 1178 1173 1173 1174 1174 1179 1179 1180 1180 1178 1178 1178 1178 1177 1177 1179 1179 1181 1181 1182 1182 1183 1183 1184 1184 1181 1181 1185 1185 1179 1179 1184 1184 1186 1186 1186 1186 1180 1180 1179 1179 1185 1185 1186 1186 1184 1184 1183 1183 1185 1185 1181 1181 1187 1187 1183 1183 1182 1182 1182 1182 1188 1188 1187 1187 1111 1111 1116 1116 1188 1188 1181 1181 1113 1113 1112 1112 1113 1113 1181 1181 1184 1184 1188 1188 1182 1182 1111 1111 1130 1130 1189 1189 1190 1190 1184 1184 1104 1104 1113 1113 1116 1116 1191 1191 1188 1188 1192 1192 1125 1125 1124 1124 1125 1125 1192 1192 1191 1191 1190 1190 1123 1123 1130 1130 1176 1176 1189 1189 1130 1130 1090 1090 1098 1098 1174 1174 1174 1174 1098 1098 1101 1101 1101 1101 1104 1104 1179 1179 1182 1182 1181 1181 1111 1111 1191 1191 1116 1116 1125 1125 1130 1130 1131 1131 1176 1176 1137 1137 1172 1172 1176 1176 1101 1101 1177 1177 1174 1174 1104 1104 1184 1184 1179 1179 1124 1124 1123 1123 1192 1192 1176 1176 1131 1131 1137 1137 1179 1179 1177 1177 1101 1101 1190 1190 1192 1192 1123 1123 1112 1112 1111 1111 1181 1181 1174 1174 1093 1093 1090 1090 1193 1193 1194 1194 1190 1190 1190 1190 1189 1189 1193 1193 1192 1192 1190 1190 1194 1194 1191 1191 1192 1192 1195 1195 1188 1188 1191 1191 1196 1196 1196 1196 1187 1187 1188 1188 1195 1195 1196 1196 1191 1191 1194 1194 1195 1195 1192 1192 1189 1189 1176 1176 1175 1175 1175 1175 1193 1193 1189 1189 1197 1197 1198 1198 1199 1199 1200 1200 1201 1201 1202 1202 1199 1199 1203 1203 1197 1197 1200 1200 1204 1204 1201 1201 1203 1203 1205 1205 1197 1197 1200 1200 1206 1206 1204 1204 1207 1207 1198 1198 1208 1208 1165 1165 1209 1209 1206 1206 1164 1164 1210 1210 1211 1211 1198 1198 1212 1212 1199 1199 1213 1213 1173 1173 1214 1214 1215 1215 1216 1216 1217 1217 1215 1215 1156 1156 1218 1218 1219 1219 1220 1220 1193 1193 1175 1175 1165 1165 1200 1200 1198 1198 1207 1207 1221 1221 1208 1208 1202 1202 1207 1207 1165 1165 1211 1211 1209 1209 1211 1211 1165 1165 1164 1164 1159 1159 1222 1222 1223 1223 1161 1161 1173 1173 1224 1224 1214 1214 1197 1197 1213 1213 1214 1214 1173 1173 1178 1178 1156 1156 1225 1225 1226 1226 1217 1217 1221 1221 1227 1227 1156 1156 1228 1228 1218 1218 1194 1194 1193 1193 1220 1220 1200 1200 1219 1219 1175 1175 1202 1202 1208 1208 1200 1200 1164 1164 1168 1168 1210 1210 1223 1223 1157 1157 1159 1159 1161 1161 1229 1229 1222 1222 1173 1173 1213 1213 1224 1224 1178 1178 1230 1230 1214 1214 1231 1231 1185 1185 1183 1183 1183 1183 1187 1187 1232 1232 1156 1156 1215 1215 1225 1225 1218 1218 1216 1216 1215 1215 1193 1193 1175 1175 1219 1219 1206 1206 1200 1200 1165 1165 1163 1163 1162 1162 1233 1233 1223 1223 1228 1228 1156 1156 1222 1222 1160 1160 1161 1161 1205 1205 1213 1213 1197 1197 1198 1198 1217 1217 1234 1234 1231 1231 1186 1186 1185 1185 1187 1187 1235 1235 1232 1232 1195 1195 1194 1194 1236 1236 1235 1235 1187 1187 1196 1196 1217 1217 1227 1227 1215 1215 1221 1221 1217 1217 1198 1198 1210 1210 1168 1168 1163 1163 1159 1159 1160 1160 1222 1222 1234 1234 1212 1212 1198 1198 1178 1178 1180 1180 1237 1237 1231 1231 1237 1237 1180 1180 1232 1232 1238 1238 1183 1183 1196 1196 1195 1195 1235 1235 1220 1220 1236 1236 1194 1194 1162 1162 1226 1226 1233 1233 1224 1224 1229 1229 1161 1161 1180 1180 1186 1186 1231 1231 1236 1236 1235 1235 1195 1195 1233 1233 1210 1210 1163 1163 1237 1237 1230 1230 1178 1178 1226 1226 1162 1162 1156 1156 1183 1183 1238 1238 1231 1231 1156 1156 1157 1157 1223 1223 1239 1239 1110 1110 1103 1103 1240 1240 1241 1241 1242 1242 1243 1243 1242 1242 1241 1241 1244 1244 1245 1245 1246 1246 1120 1120 1247 1247 1248 1248 1249 1249 1250 1250 1251 1251 1252 1252 1253 1253 1245 1245 1128 1128 1254 1254 1255 1255 1256 1256 1257 1257 1126 1126 1258 1258 1239 1239 1259 1259 1239 1239 1108 1108 1110 1110 1260 1260 1099 1099 1082 1082 1241 1241 1256 1256 1243 1243 1245 1245 1253 1253 1246 1246 1248 1248 1256 1256 1120 1120 1251 1251 1060 1060 1249 1249 1250 1250 1249 1249 1252 1252 1128 1128 1261 1261 1254 1254 1257 1257 1261 1261 1128 1128 1126 1126 1117 1117 1256 1256 1259 1259 1244 1244 1258 1258 1239 1239 1105 1105 1108 1108 1260 1260 1103 1103 1099 1099 1060 1060 1262 1262 1263 1263 1246 1246 1240 1240 1244 1244 1120 1120 1264 1264 1247 1247 1245 1245 1250 1250 1252 1252 1060 1060 1059 1059 1265 1265 1255 1255 1059 1059 1128 1128 1117 1117 1120 1120 1256 1256 1239 1239 1266 1266 1267 1267 1259 1259 1268 1268 1244 1244 1082 1082 1269 1269 1260 1260 1082 1082 1263 1263 1270 1270 1060 1060 1271 1271 1262 1262 1248 1248 1243 1243 1256 1256 1265 1265 1249 1249 1060 1060 1059 1059 1272 1272 1273 1273 1128 1128 1126 1126 1257 1257 1244 1244 1268 1268 1274 1274 1258 1258 1266 1266 1239 1239 1270 1270 1269 1269 1082 1082 1060 1060 1275 1275 1271 1271 1251 1251 1275 1275 1060 1060 1255 1255 1272 1272 1059 1059 1264 1264 1122 1122 1114 1114 1105 1105 1276 1276 1277 1277 1105 1105 1267 1267 1278 1278 1267 1267 1105 1105 1239 1239 1263 1263 1082 1082 1060 1060 1273 1273 1265 1265 1059 1059 1264 1264 1120 1120 1122 1122 1105 1105 1279 1279 1276 1276 1274 1274 1245 1245 1244 1244 1242 1242 1244 1244 1240 1240 1114 1114 1277 1277 1280 1280 1278 1278 1279 1279 1105 1105 1114 1114 1280 1280 1264 1264 1103 1103 1260 1260 1239 1239 1277 1277 1114 1114 1105 1105 1214 1214 1230 1230 1267 1267 1197 1197 1214 1214 1266 1266 1198 1198 1197 1197 1258 1258 1208 1208 1198 1198 1244 1244 1200 1200 1208 1208 1242 1242 1219 1219 1200 1200 1243 1243 1220 1220 1219 1219 1248 1248 1236 1236 1220 1220 1247 1247 1235 1235 1236 1236 1264 1264 1232 1232 1235 1235 1280 1280 1232 1232 1277 1277 1276 1276 1276 1276 1238 1238 1232 1232 1231 1231 1238 1238 1276 1276 1237 1237 1231 1231 1279 1279 1230 1230 1237 1237 1278 1278 1278 1278 1267 1267 1230 1230 1279 1279 1278 1278 1237 1237 1276 1276 1279 1279 1231 1231 1280 1280 1277 1277 1232 1232 1264 1264 1280 1280 1235 1235 1247 1247 1264 1264 1236 1236 1248 1248 1247 1247 1220 1220 1243 1243 1248 1248 1219 1219 1242 1242 1243 1243 1200 1200 1244 1244 1242 1242 1208 1208 1258 1258 1244 1244 1198 1198 1266 1266 1258 1258 1197 1197 1267 1267 1266 1266 1214 1214 1222 1222 1229 1229 1263 1263 1223 1223 1222 1222 1262 1262 1228 1228 1223 1223 1271 1271 1218 1218 1228 1228 1275 1275 1216 1216 1218 1218 1251 1251 1217 1217 1216 1216 1250 1250 1234 1234 1217 1217 1245 1245 1212 1212 1234 1234 1274 1274 1199 1199 1212 1212 1268 1268 1203 1203 1199 1199 1259 1259 1203 1203 1239 1239 1260 1260 1260 1260 1205 1205 1203 1203 1213 1213 1205 1205 1260 1260 1224 1224 1213 1213 1269 1269 1229 1229 1224 1224 1270 1270 1270 1270 1263 1263 1229 1229 1269 1269 1270 1270 1224 1224 1260 1260 1269 1269 1213 1213 1259 1259 1239 1239 1203 1203 1268 1268 1259 1259 1199 1199 1274 1274 1268 1268 1212 1212 1245 1245 1274 1274 1234 1234 1250 1250 1245 1245 1217 1217 1251 1251 1250 1250 1216 1216 1275 1275 1251 1251 1218 1218 1271 1271 1275 1275 1228 1228 1262 1262 1271 1271 1223 1223 1263 1263 1262 1262 1222 1222 1215 1215 1227 1227 1253 1253 1225 1225 1215 1215 1252 1252 1226 1226 1225 1225 1249 1249 1233 1233 1226 1226 1265 1265 1210 1210 1233 1233 1273 1273 1211 1211 1210 1210 1272 1272 1209 1209 1211 1211 1255 1255 1206 1206 1209 1209 1254 1254 1204 1204 1206 1206 1261 1261 1201 1201 1204 1204 1257 1257 1201 1201 1256 1256 1241 1241 1241 1241 1202 1202 1201 1201 1207 1207 1202 1202 1241 1241 1221 1221 1207 1207 1240 1240 1227 1227 1221 1221 1246 1246 1246 1246 1253 1253 1227 1227 1240 1240 1246 1246 1221 1221 1241 1241 1240 1240 1207 1207 1257 1257 1256 1256 1201 1201 1261 1261 1257 1257 1204 1204 1254 1254 1261 1261 1206 1206 1255 1255 1254 1254 1209 1209 1272 1272 1255 1255 1211 1211 1273 1273 1272 1272 1210 1210 1265 1265 1273 1273 1233 1233 1249 1249 1265 1265 1226 1226 1252 1252 1249 1249 1225 1225 1253 1253 1252 1252 1215 1215 1281 1281 1282 1282 1283 1283 1283 1283 1284 1284 1281 1281 1284 1284 1285 1285 1281 1281 1285 1285 1286 1286 1281 1281 1286 1286 1287 1287 1281 1281 1287 1287 1288 1288 1281 1281 1288 1288 1289 1289 1281 1281 1289 1289 1290 1290 1281 1281 1290 1290 1291 1291 1281 1281 1291 1291 1292 1292 1281 1281 1292 1292 1293 1293 1281 1281 1293 1293 1294 1294 1281 1281 1294 1294 1295 1295 1281 1281 1295 1295 1296 1296 1281 1281 1296 1296 1282 1282 1281 1281 1297 1297 1285 1285 1284 1284 1298 1298 1284 1284 1283 1283 1299 1299 1283 1283 1282 1282 1300 1300 1282 1282 1296 1296 1296 1296 1301 1301 1300 1300 1301 1301 1295 1295 1294 1294 1302 1302 1294 1294 1293 1293 1303 1303 1293 1293 1292 1292 1304 1304 1292 1292 1291 1291 1305 1305 1291 1291 1290 1290 1306 1306 1290 1290 1289 1289 1288 1288 1307 1307 1308 1308 1308 1308 1289 1289 1288 1288 1307 1307 1288 1288 1287 1287 1309 1309 1287 1287 1286 1286 1310 1310 1286 1286 1285 1285 1285 1285 1297 1297 1310 1310 1286 1286 1310 1310 1309 1309 1287 1287 1309 1309 1307 1307 1308 1308 1311 1311 1289 1289 1289 1289 1311 1311 1306 1306 1290 1290 1306 1306 1305 1305 1291 1291 1305 1305 1304 1304 1292 1292 1304 1304 1303 1303 1293 1293 1303 1303 1302 1302 1294 1294 1302 1302 1301 1301 1296 1296 1295 1295 1301 1301 1282 1282 1300 1300 1299 1299 1283 1283 1299 1299 1298 1298 1284 1284 1298 1298 1297 1297 1304 1304 1312 1312 1313 1313 1303 1303 1313 1313 1314 1314 1302 1302 1314 1314 1315 1315 1301 1301 1315 1315 1316 1316 1300 1300 1316 1316 1317 1317 1299 1299 1317 1317 1318 1318 1319 1319 1310 1310 1297 1297 1297 1297 1318 1318 1319 1319 1310 1310 1319 1319 1320 1320 1309 1309 1320 1320 1321 1321 1308 1308 1307 1307 1321 1321 1308 1308 1322 1322 1323 1323 1323 1323 1311 1311 1308 1308 1311 1311 1323 1323 1324 1324 1306 1306 1324 1324 1325 1325 1305 1305 1325 1325 1312 1312 1312 1312 1304 1304 1305 1305 1325 1325 1305 1305 1306 1306 1324 1324 1306 1306 1311 1311 1321 1321 1322 1322 1308 1308 1321 1321 1307 1307 1309 1309 1320 1320 1309 1309 1310 1310 1297 1297 1298 1298 1318 1318 1318 1318 1298 1298 1299 1299 1317 1317 1299 1299 1300 1300 1316 1316 1300 1300 1301 1301 1315 1315 1301 1301 1302 1302 1314 1314 1302 1302 1303 1303 1313 1313 1303 1303 1304 1304 1326 1326 1322 1322 1321 1321 1326 1326 1327 1327 1323 1323 1323 1323 1322 1322 1326 1326 1327 1327 1328 1328 1324 1324 1329 1329 1319 1319 1318 1318 1330 1330 1320 1320 1319 1319 1330 1330 1331 1331 1321 1321 1324 1324 1323 1323 1327 1327 1332 1332 1317 1317 1316 1316 1333 1333 1318 1318 1317 1317 1319 1319 1329 1329 1330 1330 1321 1321 1331 1331 1326 1326 1334 1334 1325 1325 1324 1324 1334 1334 1335 1335 1312 1312 1336 1336 1337 1337 1314 1314 1337 1337 1338 1338 1315 1315 1339 1339 1316 1316 1315 1315 1317 1317 1332 1332 1333 1333 1321 1321 1320 1320 1330 1330 1312 1312 1325 1325 1334 1334 1336 1336 1313 1313 1312 1312 1315 1315 1314 1314 1337 1337 1316 1316 1339 1339 1332 1332 1324 1324 1328 1328 1334 1334 1314 1314 1313 1313 1336 1336 1318 1318 1333 1333 1329 1329 1315 1315 1338 1338 1339 1339 1312 1312 1335 1335 1336 1336 1335 1335 1340 1340 1341 1341 1336 1336 1341 1341 1342 1342 1337 1337 1342 1342 1343 1343 1338 1338 1343 1343 1344 1344 1339 1339 1344 1344 1345 1345 1332 1332 1345 1345 1346 1346 1333 1333 1346 1346 1347 1347 1329 1329 1347 1347 1348 1348 1330 1330 1348 1348 1349 1349 1331 1331 1349 1349 1350 1350 1351 1351 1327 1327 1326 1326 1326 1326 1350 1350 1351 1351 1327 1327 1351 1351 1352 1352 1328 1328 1352 1352 1353 1353 1334 1334 1353 1353 1340 1340 1340 1340 1335 1335 1334 1334 1353 1353 1334 1334 1328 1328 1352 1352 1328 1328 1327 1327 1350 1350 1326 1326 1331 1331 1349 1349 1331 1331 1330 1330 1348 1348 1330 1330 1329 1329 1347 1347 1329 1329 1333 1333 1346 1346 1333 1333 1332 1332 1345 1345 1332 1332 1339 1339 1344 1344 1339 1339 1338 1338 1343 1343 1338 1338 1337 1337 1342 1342 1337 1337 1336 1336 1341 1341 1336 1336 1335 1335 1354 1354 1355 1355 1356 1356 1357 1357 1356 1356 1358 1358 1359 1359 1358 1358 1360 1360 1361 1361 1360 1360 1362 1362 1363 1363 1362 1362 1364 1364 1365 1365 1364 1364 1366 1366 1367 1367 1366 1366 1368 1368 1369 1369 1368 1368 1370 1370 1371 1371 1370 1370 1372 1372 1373 1373 1372 1372 1374 1374 1374 1374 1375 1375 1373 1373 1375 1375 1376 1376 1377 1377 1378 1378 1377 1377 1379 1379 1380 1380 1379 1379 1355 1355 1381 1381 1354 1354 1357 1357 1382 1382 1357 1357 1359 1359 1383 1383 1359 1359 1361 1361 1384 1384 1361 1361 1363 1363 1385 1385 1363 1363 1365 1365 1386 1386 1365 1365 1367 1367 1387 1387 1367 1367 1369 1369 1388 1388 1369 1369 1371 1371 1389 1389 1371 1371 1373 1373 1390 1390 1373 1373 1375 1375 1391 1391 1375 1375 1378 1378 1392 1392 1378 1378 1380 1380 1393 1393 1380 1380 1354 1354 1394 1394 1381 1381 1382 1382 1395 1395 1382 1382 1383 1383 1396 1396 1383 1383 1384 1384 1397 1397 1384 1384 1385 1385 1398 1398 1385 1385 1386 1386 1399 1399 1386 1386 1387 1387 1400 1400 1387 1387 1388 1388 1401 1401 1388 1388 1389 1389 1402 1402 1389 1389 1390 1390 1403 1403 1390 1390 1391 1391 1404 1404 1391 1391 1392 1392 1405 1405 1392 1392 1393 1393 1406 1406 1393 1393 1381 1381 1340 1340 1394 1394 1395 1395 1341 1341 1395 1395 1396 1396 1342 1342 1396 1396 1397 1397 1343 1343 1397 1397 1398 1398 1344 1344 1398 1398 1399 1399 1345 1345 1399 1399 1400 1400 1346 1346 1400 1400 1401 1401 1347 1347 1401 1401 1402 1402 1348 1348 1402 1402 1403 1403 1403 1403 1404 1404 1350 1350 1404 1404 1351 1351 1350 1350 1351 1351 1404 1404 1405 1405 1352 1352 1405 1405 1406 1406 1353 1353 1406 1406 1394 1394 1394 1394 1340 1340 1353 1353 1406 1406 1353 1353 1352 1352 1405 1405 1352 1352 1351 1351 1350 1350 1349 1349 1403 1403 1403 1403 1349 1349 1348 1348 1402 1402 1348 1348 1347 1347 1401 1401 1347 1347 1346 1346 1400 1400 1346 1346 1345 1345 1399 1399 1345 1345 1344 1344 1398 1398 1344 1344 1343 1343 1397 1397 1343 1343 1342 1342 1396 1396 1342 1342 1341 1341 1395 1395 1341 1341 1340 1340 1381 1381 1394 1394 1406 1406 1393 1393 1406 1406 1405 1405 1392 1392 1405 1405 1404 1404 1391 1391 1404 1404 1403 1403 1390 1390 1403 1403 1402 1402 1389 1389 1402 1402 1401 1401 1388 1388 1401 1401 1400 1400 1387 1387 1400 1400 1399 1399 1386 1386 1399 1399 1398 1398 1385 1385 1398 1398 1397 1397 1384 1384 1397 1397 1396 1396 1383 1383 1396 1396 1395 1395 1382 1382 1395 1395 1394 1394 1354 1354 1381 1381 1393 1393 1380 1380 1393 1393 1392 1392 1378 1378 1392 1392 1391 1391 1375 1375 1391 1391 1390 1390 1373 1373 1390 1390 1389 1389 1371 1371 1389 1389 1388 1388 1369 1369 1388 1388 1387 1387 1367 1367 1387 1387 1386 1386 1365 1365 1386 1386 1385 1385 1363 1363 1385 1385 1384 1384 1361 1361 1384 1384 1383 1383 1359 1359 1383 1383 1382 1382 1357 1357 1382 1382 1381 1381 1355 1355 1354 1354 1380 1380 1379 1379 1380 1380 1378 1378 1377 1377 1378 1378 1375 1375 1374 1374 1376 1376 1375 1375 1372 1372 1373 1373 1371 1371 1370 1370 1371 1371 1369 1369 1368 1368 1369 1369 1367 1367 1366 1366 1367 1367 1365 1365 1364 1364 1365 1365 1363 1363 1362 1362 1363 1363 1361 1361 1360 1360 1361 1361 1359 1359 1358 1358 1359 1359 1357 1357 1356 1356 1357 1357 1354 1354 1377 1377 1407 1407 1408 1408 1407 1407 1377 1377 1376 1376 1409 1409 1410 1410 1364 1364 1355 1355 1411 1411 1412 1412 1355 1355 1379 1379 1408 1408 1376 1376 1413 1413 1407 1407 1414 1414 1415 1415 1368 1368 1362 1362 1416 1416 1409 1409 1417 1417 1416 1416 1360 1360 1358 1358 1356 1356 1412 1412 1408 1408 1411 1411 1355 1355 1408 1408 1379 1379 1377 1377 1418 1418 1372 1372 1370 1370 1372 1372 1418 1418 1413 1413 1366 1366 1410 1410 1414 1414 1362 1362 1360 1360 1416 1416 1412 1412 1417 1417 1358 1358 1376 1376 1374 1374 1413 1413 1413 1413 1374 1374 1372 1372 1368 1368 1366 1366 1414 1414 1360 1360 1358 1358 1417 1417 1370 1370 1415 1415 1418 1418 1366 1366 1364 1364 1410 1410 1412 1412 1356 1356 1355 1355 1364 1364 1362 1362 1409 1409 1415 1415 1370 1370 1368 1368 1410 1410 1419 1419 1420 1420 1414 1414 1420 1420 1421 1421 1421 1421 1415 1415 1414 1414 1420 1420 1414 1414 1410 1410 1422 1422 1423 1423 1424 1424 1425 1425 1420 1420 1426 1426 1420 1420 1423 1423 1422 1422 1423 1423 1427 1427 1424 1424 1423 1423 1420 1420 1425 1425 1420 1420 1419 1419 1426 1426 1424 1424 1428 1428 1422 1422 1426 1426 1429 1429 1425 1425 1425 1425 1430 1430 1423 1423 1422 1422 1421 1421 1420 1420 1416 1416 1429 1429 1426 1426 1409 1409 1426 1426 1419 1419 1419 1419 1410 1410 1409 1409 1426 1426 1409 1409 1416 1416 1412 1412 1430 1430 1425 1425 1417 1417 1425 1425 1429 1429 1429 1429 1416 1416 1417 1417 1425 1425 1417 1417 1412 1412 1408 1408 1427 1427 1423 1423 1411 1411 1423 1423 1430 1430 1430 1430 1412 1412 1411 1411 1423 1423 1411 1411 1408 1408 1413 1413 1428 1428 1424 1424 1407 1407 1424 1424 1427 1427 1427 1427 1408 1408 1407 1407 1424 1424 1407 1407 1413 1413 1415 1415 1421 1421 1422 1422 1418 1418 1422 1422 1428 1428 1428 1428 1413 1413 1418 1418 1422 1422 1418 1418 1415 1415 1431 1431 1432 1432 1433 1433 1432 1432 1431 1431 1434 1434 1435 1435 1436 1436 1437 1437 1435 1435 1438 1438 1439 1439 1433 1433 1440 1440 1431 1431 1434 1434 1441 1441 1432 1432 1439 1439 1436 1436 1435 1435 1441 1441 1442 1442 1432 1432 1440 1440 1435 1435 1431 1431 1437 1437 1431 1431 1435 1435 1443 1443 1444 1444 1445 1445 1439 1439 1438 1438 1443 1443 1445 1445 1439 1439 1443 1443 1437 1437 1436 1436 1446 1446 1431 1431 1437 1437 1447 1447 1437 1437 1448 1448 1447 1447 1434 1434 1431 1431 1449 1449 1441 1441 1434 1434 1450 1450 1442 1442 1441 1441 1451 1451 1432 1432 1442 1442 1452 1452 1433 1433 1432 1432 1453 1453 1440 1440 1433 1433 1454 1454 1435 1435 1440 1440 1455 1455 1446 1446 1439 1439 1445 1445 1446 1446 1436 1436 1439 1439 1456 1456 1445 1445 1444 1444 1457 1457 1458 1458 1444 1444 1459 1459 1457 1457 1443 1443 1443 1443 1438 1438 1459 1459 1438 1438 1435 1435 1459 1459 1444 1444 1443 1443 1457 1457 1444 1444 1458 1458 1456 1456 1445 1445 1456 1456 1446 1446 1455 1455 1459 1459 1435 1435 1454 1454 1455 1455 1440 1440 1453 1453 1454 1454 1433 1433 1452 1452 1453 1453 1432 1432 1451 1451 1452 1452 1442 1442 1450 1450 1451 1451 1441 1441 1449 1449 1450 1450 1434 1434 1447 1447 1449 1449 1431 1431 1446 1446 1448 1448 1437 1437 1459 1459 1455 1455 1460 1460 1455 1455 1461 1461 1460 1460 1462 1462 1457 1457 1459 1459 1463 1463 1464 1464 1455 1455 1455 1455 1464 1464 1461 1461 1465 1465 1466 1466 1467 1467 1465 1465 1468 1468 1469 1469 1470 1470 1471 1471 1472 1472 1460 1460 1462 1462 1459 1459 1468 1468 1465 1465 1473 1473 1469 1469 1466 1466 1465 1465 1472 1472 1474 1474 1470 1470 1475 1475 1476 1476 1470 1470 1477 1477 1478 1478 1479 1479 1480 1480 1446 1446 1456 1456 1456 1456 1462 1462 1481 1481 1463 1463 1473 1473 1464 1464 1467 1467 1482 1482 1465 1465 1467 1467 1472 1472 1471 1471 1470 1470 1483 1483 1475 1475 1477 1477 1484 1484 1476 1476 1478 1478 1485 1485 1479 1479 1481 1481 1486 1486 1456 1456 1481 1481 1462 1462 1487 1487 1485 1485 1478 1478 1488 1488 1463 1463 1453 1453 1452 1452 1473 1473 1463 1463 1468 1468 1462 1462 1456 1456 1458 1458 1474 1474 1483 1483 1470 1470 1479 1479 1484 1484 1477 1477 1487 1487 1489 1489 1481 1481 1485 1485 1490 1490 1489 1489 1488 1488 1491 1491 1485 1485 1452 1452 1492 1492 1463 1463 1458 1458 1457 1457 1462 1462 1476 1476 1475 1475 1477 1477 1480 1480 1448 1448 1446 1446 1491 1491 1490 1490 1485 1485 1493 1493 1494 1494 1495 1495 1450 1450 1496 1496 1497 1497 1496 1496 1450 1450 1449 1449 1463 1463 1454 1454 1453 1453 1471 1471 1482 1482 1467 1467 1489 1489 1487 1487 1485 1485 1478 1478 1498 1498 1499 1499 1493 1493 1498 1498 1478 1478 1493 1493 1500 1500 1494 1494 1449 1449 1501 1501 1496 1496 1455 1455 1454 1454 1463 1463 1499 1499 1488 1488 1478 1478 1478 1478 1502 1502 1493 1493 1495 1495 1503 1503 1504 1504 1495 1495 1501 1501 1505 1505 1506 1506 1501 1501 1448 1448 1497 1497 1507 1507 1450 1450 1450 1450 1507 1507 1492 1492 1456 1456 1486 1486 1480 1480 1495 1495 1504 1504 1493 1493 1501 1501 1506 1506 1505 1505 1501 1501 1447 1447 1448 1448 1492 1492 1451 1451 1450 1450 1502 1502 1500 1500 1493 1493 1448 1448 1480 1480 1506 1506 1452 1452 1451 1451 1492 1492 1449 1449 1447 1447 1501 1501 1505 1505 1503 1503 1495 1495 1478 1478 1508 1508 1509 1509 1478 1478 1510 1510 1508 1508 1502 1502 1511 1511 1512 1512 1502 1502 1509 1509 1513 1513 1513 1513 1511 1511 1502 1502 1500 1500 1514 1514 1515 1515 1515 1515 1494 1494 1500 1500 1500 1500 1512 1512 1516 1516 1516 1516 1514 1514 1500 1500 1495 1495 1494 1494 1517 1517 1494 1494 1518 1518 1517 1517 1517 1517 1519 1519 1495 1495 1515 1515 1518 1518 1494 1494 1512 1512 1500 1500 1502 1502 1509 1509 1502 1502 1478 1478 1520 1520 1501 1501 1495 1495 1495 1495 1519 1519 1520 1520 1496 1496 1501 1501 1520 1520 1497 1497 1496 1496 1521 1521 1521 1521 1522 1522 1497 1497 1507 1507 1523 1523 1524 1524 1507 1507 1497 1497 1525 1525 1525 1525 1523 1523 1507 1507 1492 1492 1507 1507 1526 1526 1526 1526 1527 1527 1492 1492 1524 1524 1526 1526 1507 1507 1522 1522 1525 1525 1497 1497 1520 1520 1521 1521 1496 1496 1528 1528 1529 1529 1530 1530 1529 1529 1531 1531 1530 1530 1532 1532 1533 1533 1534 1534 1520 1520 1519 1519 1534 1534 1534 1534 1533 1533 1520 1520 1534 1534 1528 1528 1532 1532 1530 1530 1532 1532 1528 1528 1535 1535 1536 1536 1537 1537 1537 1537 1538 1538 1535 1535 1528 1528 1539 1539 1540 1540 1539 1539 1541 1541 1540 1540 1512 1512 1511 1511 1542 1542 1543 1543 1516 1516 1512 1512 1534 1534 1519 1519 1517 1517 1517 1517 1544 1544 1534 1534 1517 1517 1518 1518 1544 1544 1538 1538 1545 1545 1546 1546 1547 1547 1548 1548 1545 1545 1545 1545 1538 1538 1547 1547 1538 1538 1549 1549 1550 1550 1550 1550 1547 1547 1538 1538 1539 1539 1536 1536 1535 1535 1541 1541 1535 1535 1551 1551 1535 1535 1546 1546 1551 1551 1544 1544 1539 1539 1528 1528 1515 1515 1516 1516 1543 1543 1544 1544 1543 1543 1536 1536 1552 1552 1553 1553 1509 1509 1553 1553 1513 1513 1509 1509 1543 1543 1542 1542 1537 1537 1553 1553 1542 1542 1511 1511 1542 1542 1553 1553 1549 1549 1553 1553 1552 1552 1550 1550 1508 1508 1510 1510 1554 1554 1552 1552 1554 1554 1555 1555 1555 1555 1550 1550 1552 1552 1554 1554 1552 1552 1508 1508 1550 1550 1549 1549 1553 1553 1549 1549 1537 1537 1542 1542 1511 1511 1513 1513 1553 1553 1537 1537 1536 1536 1543 1543 1509 1509 1508 1508 1552 1552 1536 1536 1539 1539 1544 1544 1543 1543 1544 1544 1515 1515 1515 1515 1514 1514 1516 1516 1528 1528 1534 1534 1544 1544 1551 1551 1540 1540 1541 1541 1535 1535 1541 1541 1539 1539 1550 1550 1555 1555 1547 1547 1546 1546 1535 1535 1538 1538 1518 1518 1515 1515 1544 1544 1542 1542 1543 1543 1512 1512 1540 1540 1529 1529 1528 1528 1537 1537 1549 1549 1538 1538 1547 1547 1556 1556 1557 1557 1555 1555 1558 1558 1556 1556 1554 1554 1559 1559 1558 1558 1510 1510 1560 1560 1559 1559 1559 1559 1554 1554 1510 1510 1558 1558 1555 1555 1554 1554 1556 1556 1547 1547 1555 1555 1557 1557 1548 1548 1547 1547 1561 1561 1562 1562 1563 1563 1564 1564 1565 1565 1566 1566 1567 1567 1568 1568 1525 1525 1568 1568 1569 1569 1525 1525 1570 1570 1527 1527 1526 1526 1526 1526 1571 1571 1570 1570 1563 1563 1562 1562 1572 1572 1561 1561 1532 1532 1530 1530 1530 1530 1531 1531 1573 1573 1573 1573 1562 1562 1530 1530 1574 1574 1566 1566 1565 1565 1565 1565 1563 1563 1575 1575 1564 1564 1576 1576 1563 1563 1577 1577 1578 1578 1579 1579 1571 1571 1524 1524 1523 1523 1523 1523 1569 1569 1571 1571 1571 1571 1577 1577 1580 1580 1569 1569 1568 1568 1577 1577 1568 1568 1581 1581 1578 1578 1578 1578 1564 1564 1582 1582 1581 1581 1576 1576 1564 1564 1533 1533 1583 1583 1521 1521 1576 1576 1581 1581 1567 1567 1567 1567 1561 1561 1576 1576 1567 1567 1583 1583 1561 1561 1522 1522 1521 1521 1583 1583 1583 1583 1533 1533 1532 1532 1532 1532 1561 1561 1583 1583 1583 1583 1567 1567 1522 1522 1581 1581 1568 1568 1567 1567 1521 1521 1520 1520 1533 1533 1564 1564 1578 1578 1581 1581 1582 1582 1579 1579 1578 1578 1578 1578 1577 1577 1568 1568 1577 1577 1571 1571 1569 1569 1580 1580 1570 1570 1571 1571 1523 1523 1525 1525 1569 1569 1579 1579 1580 1580 1577 1577 1563 1563 1565 1565 1564 1564 1565 1565 1575 1575 1574 1574 1573 1573 1572 1572 1562 1562 1530 1530 1562 1562 1561 1561 1572 1572 1575 1575 1563 1563 1526 1526 1524 1524 1571 1571 1525 1525 1522 1522 1567 1567 1566 1566 1582 1582 1564 1564 1563 1563 1576 1576 1561 1561 1566 1566 1574 1574 1584 1584 1582 1582 1566 1566 1585 1585 1586 1586 1587 1587 1579 1579 1587 1587 1580 1580 1579 1579 1587 1587 1588 1588 1570 1570 1588 1588 1527 1527 1570 1570 1570 1570 1580 1580 1587 1587 1579 1579 1582 1582 1586 1586 1585 1585 1586 1586 1582 1582 1584 1584 1585 1585 1566 1566 1483 1483 1589 1589 1590 1590 1475 1475 1591 1591 1592 1592 1475 1475 1590 1590 1591 1591 1592 1592 1477 1477 1475 1475 1590 1590 1475 1475 1483 1483 1474 1474 1593 1593 1589 1589 1474 1474 1594 1594 1595 1595 1595 1595 1593 1593 1474 1474 1474 1474 1596 1596 1597 1597 1474 1474 1472 1472 1598 1598 1598 1598 1596 1596 1474 1474 1597 1597 1594 1594 1474 1474 1589 1589 1483 1483 1474 1474 1469 1469 1468 1468 1599 1599 1468 1468 1463 1463 1600 1600 1600 1600 1601 1601 1468 1468 1601 1601 1599 1599 1468 1468 1599 1599 1602 1602 1469 1469 1466 1466 1603 1603 1604 1604 1466 1466 1469 1469 1602 1602 1602 1602 1603 1603 1466 1466 1466 1466 1605 1605 1606 1606 1466 1466 1607 1607 1608 1608 1608 1608 1605 1605 1466 1466 1606 1606 1467 1467 1466 1466 1604 1604 1607 1607 1466 1466 1609 1609 1610 1610 1611 1611 1611 1611 1612 1612 1609 1609 1613 1613 1609 1609 1614 1614 1614 1614 1615 1615 1613 1613 1616 1616 1613 1613 1617 1617 1590 1590 1616 1616 1618 1618 1616 1616 1590 1590 1589 1589 1589 1589 1593 1593 1616 1616 1613 1613 1616 1616 1595 1595 1595 1595 1619 1619 1613 1613 1613 1613 1620 1620 1621 1621 1613 1613 1619 1619 1620 1620 1609 1609 1622 1622 1623 1623 1609 1609 1621 1621 1622 1622 1623 1623 1610 1610 1609 1609 1621 1621 1609 1609 1613 1613 1595 1595 1594 1594 1619 1619 1593 1593 1595 1595 1616 1616 1618 1618 1591 1591 1590 1590 1617 1617 1618 1618 1616 1616 1615 1615 1617 1617 1613 1613 1612 1612 1614 1614 1609 1609 1624 1624 1625 1625 1623 1623 1623 1623 1622 1622 1624 1624 1626 1626 1624 1624 1621 1621 1621 1621 1620 1620 1626 1626 1626 1626 1619 1619 1597 1597 1619 1619 1594 1594 1597 1597 1627 1627 1596 1596 1598 1598 1627 1627 1597 1597 1596 1596 1598 1598 1628 1628 1627 1627 1597 1597 1627 1627 1626 1626 1620 1620 1619 1619 1626 1626 1622 1622 1621 1621 1624 1624 1617 1617 1629 1629 1630 1630 1630 1630 1618 1618 1617 1617 1629 1629 1615 1615 1614 1614 1614 1614 1631 1631 1629 1629 1631 1631 1612 1612 1611 1611 1632 1632 1631 1631 1633 1633 1632 1632 1634 1634 1629 1629 1634 1634 1635 1635 1630 1630 1591 1591 1630 1630 1635 1635 1630 1630 1629 1629 1634 1634 1629 1629 1631 1631 1632 1632 1633 1633 1636 1636 1632 1632 1611 1611 1633 1633 1631 1631 1614 1614 1612 1612 1631 1631 1617 1617 1615 1615 1629 1629 1618 1618 1630 1630 1591 1591 1637 1637 1610 1610 1623 1623 1637 1637 1611 1611 1610 1610 1623 1623 1625 1625 1637 1637 1638 1638 1639 1639 1640 1640 1641 1641 1640 1640 1625 1625 1642 1642 1638 1638 1641 1641 1643 1643 1641 1641 1624 1624 1644 1644 1642 1642 1643 1643 1645 1645 1643 1643 1626 1626 1628 1628 1645 1645 1627 1627 1628 1628 1644 1644 1645 1645 1626 1626 1627 1627 1645 1645 1643 1643 1645 1645 1644 1644 1624 1624 1626 1626 1643 1643 1641 1641 1643 1643 1642 1642 1625 1625 1624 1624 1641 1641 1640 1640 1641 1641 1638 1638 1472 1472 1646 1646 1628 1628 1472 1472 1467 1467 1647 1647 1472 1472 1648 1648 1646 1646 1467 1467 1649 1649 1647 1647 1467 1467 1606 1606 1650 1650 1647 1647 1648 1648 1472 1472 1650 1650 1651 1651 1467 1467 1651 1651 1649 1649 1467 1467 1628 1628 1598 1598 1472 1472 1628 1628 1646 1646 1652 1652 1644 1644 1652 1652 1653 1653 1642 1642 1653 1653 1654 1654 1638 1638 1654 1654 1655 1655 1655 1655 1639 1639 1638 1638 1654 1654 1638 1638 1642 1642 1653 1653 1642 1642 1644 1644 1652 1652 1644 1644 1628 1628 1625 1625 1640 1640 1656 1656 1657 1657 1656 1656 1640 1640 1640 1640 1639 1639 1657 1657 1656 1656 1637 1637 1625 1625 1611 1611 1637 1637 1658 1658 1633 1633 1658 1658 1659 1659 1659 1659 1636 1636 1633 1633 1658 1658 1633 1633 1611 1611 1660 1660 1632 1632 1636 1636 1661 1661 1634 1634 1632 1632 1662 1662 1635 1635 1634 1634 1635 1635 1662 1662 1592 1592 1592 1592 1591 1591 1635 1635 1634 1634 1661 1661 1662 1662 1632 1632 1660 1660 1661 1661 1636 1636 1663 1663 1660 1660 1664 1664 1660 1660 1663 1663 1665 1665 1661 1661 1660 1660 1666 1666 1662 1662 1661 1661 1667 1667 1592 1592 1662 1662 1662 1662 1666 1666 1667 1667 1661 1661 1665 1665 1666 1666 1660 1660 1664 1664 1665 1665 1663 1663 1668 1668 1664 1664 1669 1669 1670 1670 1671 1671 1672 1672 1671 1671 1673 1673 1674 1674 1673 1673 1675 1675 1676 1676 1675 1675 1655 1655 1677 1677 1669 1669 1672 1672 1678 1678 1672 1672 1674 1674 1679 1679 1674 1674 1676 1676 1680 1680 1676 1676 1654 1654 1681 1681 1677 1677 1678 1678 1682 1682 1678 1678 1679 1679 1683 1683 1679 1679 1680 1680 1684 1684 1680 1680 1653 1653 1651 1651 1681 1681 1682 1682 1649 1649 1682 1682 1683 1683 1647 1647 1683 1683 1684 1684 1648 1648 1684 1684 1652 1652 1652 1652 1646 1646 1648 1648 1684 1684 1648 1648 1647 1647 1683 1683 1647 1647 1649 1649 1682 1682 1649 1649 1651 1651 1653 1653 1652 1652 1684 1684 1680 1680 1684 1684 1683 1683 1679 1679 1683 1683 1682 1682 1678 1678 1682 1682 1681 1681 1654 1654 1653 1653 1680 1680 1676 1676 1680 1680 1679 1679 1674 1674 1679 1679 1678 1678 1672 1672 1678 1678 1677 1677 1655 1655 1654 1654 1676 1676 1675 1675 1676 1676 1674 1674 1673 1673 1674 1674 1672 1672 1671 1671 1672 1672 1669 1669 1655 1655 1685 1685 1657 1657 1657 1657 1639 1639 1655 1655 1686 1686 1659 1659 1658 1658 1637 1637 1656 1656 1687 1687 1687 1687 1658 1658 1637 1637 1658 1658 1687 1687 1686 1686 1657 1657 1687 1687 1656 1656 1657 1657 1686 1686 1687 1687 1688 1688 1659 1659 1686 1686 1686 1686 1657 1657 1689 1689 1657 1657 1685 1685 1689 1689 1689 1689 1690 1690 1686 1686 1686 1686 1690 1690 1688 1688 1691 1691 1692 1692 1693 1693 1692 1692 1691 1691 1694 1694 1694 1694 1695 1695 1692 1692 1693 1693 1696 1696 1691 1691 1697 1697 1698 1698 1699 1699 1691 1691 1696 1696 1700 1700 1700 1700 1701 1701 1691 1691 1688 1688 1690 1690 1691 1691 1691 1691 1701 1701 1688 1688 1697 1697 1702 1702 1703 1703 1703 1703 1698 1698 1697 1697 1698 1698 1704 1704 1705 1705 1705 1705 1696 1696 1698 1698 1690 1690 1689 1689 1694 1694 1694 1694 1689 1689 1706 1706 1706 1706 1707 1707 1694 1694 1689 1689 1685 1685 1706 1706 1708 1708 1709 1709 1699 1699 1696 1696 1710 1710 1708 1708 1708 1708 1698 1698 1696 1696 1711 1711 1699 1699 1712 1712 1699 1699 1709 1709 1712 1712 1712 1712 1713 1713 1711 1711 1699 1699 1698 1698 1708 1708 1707 1707 1695 1695 1694 1694 1694 1694 1691 1691 1690 1690 1703 1703 1704 1704 1698 1698 1696 1696 1705 1705 1700 1700 1699 1699 1711 1711 1697 1697 1693 1693 1710 1710 1696 1696 1673 1673 1709 1709 1708 1708 1673 1673 1671 1671 1712 1712 1712 1712 1709 1709 1673 1673 1673 1673 1695 1695 1707 1707 1673 1673 1710 1710 1693 1693 1693 1693 1692 1692 1673 1673 1692 1692 1695 1695 1673 1673 1675 1675 1706 1706 1685 1685 1675 1675 1707 1707 1706 1706 1671 1671 1670 1670 1713 1713 1713 1713 1712 1712 1671 1671 1685 1685 1655 1655 1675 1675 1707 1707 1675 1675 1673 1673 1708 1708 1710 1710 1673 1673 1670 1670 1714 1714 1715 1715 1715 1715 1713 1713 1670 1670 1702 1702 1697 1697 1716 1716 1716 1716 1697 1697 1711 1711 1711 1711 1715 1715 1716 1716 1711 1711 1713 1713 1715 1715 1716 1716 1717 1717 1702 1702 1651 1651 1650 1650 1718 1718 1681 1681 1718 1718 1719 1719 1677 1677 1719 1719 1720 1720 1669 1669 1720 1720 1714 1714 1714 1714 1670 1670 1669 1669 1720 1720 1669 1669 1677 1677 1719 1719 1677 1677 1681 1681 1718 1718 1681 1681 1651 1651 1721 1721 1722 1722 1723 1723 1724 1724 1723 1723 1714 1714 1725 1725 1721 1721 1724 1724 1726 1726 1724 1724 1720 1720 1727 1727 1725 1725 1726 1726 1728 1728 1726 1726 1719 1719 1650 1650 1728 1728 1718 1718 1650 1650 1727 1727 1728 1728 1719 1719 1718 1718 1728 1728 1726 1726 1728 1728 1727 1727 1720 1720 1719 1719 1726 1726 1724 1724 1726 1726 1725 1725 1714 1714 1720 1720 1724 1724 1723 1723 1724 1724 1721 1721 1727 1727 1650 1650 1606 1606 1606 1606 1605 1605 1727 1727 1725 1725 1727 1727 1608 1608 1608 1608 1729 1729 1725 1725 1725 1725 1730 1730 1731 1731 1725 1725 1729 1729 1730 1730 1721 1721 1732 1732 1733 1733 1721 1721 1731 1731 1732 1732 1733 1733 1722 1722 1721 1721 1731 1731 1721 1721 1725 1725 1608 1608 1607 1607 1729 1729 1605 1605 1608 1608 1727 1727 1722 1722 1734 1734 1735 1735 1715 1715 1714 1714 1723 1723 1723 1723 1735 1735 1715 1715 1735 1735 1723 1723 1722 1722 1736 1736 1737 1737 1738 1738 1736 1736 1739 1739 1737 1737 1740 1740 1741 1741 1739 1739 1740 1740 1742 1742 1741 1741 1743 1743 1742 1742 1740 1740 1601 1601 1743 1743 1744 1744 1736 1736 1745 1745 1733 1733 1733 1733 1732 1732 1736 1736 1740 1740 1736 1736 1731 1731 1731 1731 1730 1730 1740 1740 1740 1740 1729 1729 1604 1604 1729 1729 1607 1607 1604 1604 1744 1744 1603 1603 1602 1602 1744 1744 1604 1604 1603 1603 1602 1602 1599 1599 1744 1744 1604 1604 1744 1744 1740 1740 1730 1730 1729 1729 1740 1740 1732 1732 1731 1731 1736 1736 1744 1744 1599 1599 1601 1601 1740 1740 1744 1744 1743 1743 1739 1739 1736 1736 1740 1740 1738 1738 1745 1745 1736 1736 1734 1734 1722 1722 1733 1733 1733 1733 1745 1745 1734 1734 1745 1745 1738 1738 1734 1734 1734 1734 1738 1738 1746 1746 1747 1747 1746 1746 1748 1748 1748 1748 1717 1717 1747 1747 1746 1746 1747 1747 1734 1734 1734 1734 1747 1747 1749 1749 1716 1716 1749 1749 1747 1747 1747 1747 1717 1717 1716 1716 1749 1749 1735 1735 1734 1734 1715 1715 1749 1749 1716 1716 1715 1715 1735 1735 1749 1749 1750 1750 1751 1751 1752 1752 1753 1753 1754 1754 1751 1751 1753 1753 1748 1748 1746 1746 1754 1754 1746 1746 1738 1738 1751 1751 1754 1754 1739 1739 1754 1754 1737 1737 1739 1739 1742 1742 1743 1743 1752 1752 1751 1751 1741 1741 1742 1742 1601 1601 1752 1752 1743 1743 1752 1752 1751 1751 1742 1742 1739 1739 1741 1741 1751 1751 1738 1738 1737 1737 1754 1754 1746 1746 1754 1754 1753 1753 1751 1751 1750 1750 1753 1753 1752 1752 1755 1755 1750 1750 1755 1755 1752 1752 1601 1601 1756 1756 1757 1757 1748 1748 1758 1758 1756 1756 1753 1753 1759 1759 1758 1758 1750 1750 1755 1755 1601 1601 1600 1600 1600 1600 1759 1759 1755 1755 1750 1750 1755 1755 1759 1759 1753 1753 1750 1750 1758 1758 1748 1748 1753 1753 1756 1756 1757 1757 1702 1702 1717 1717 1717 1717 1748 1748 1757 1757 1760 1760 1703 1703 1702 1702 1663 1663 1636 1636 1659 1659 1760 1760 1704 1704 1703 1703 1688 1688 1668 1668 1663 1663 1760 1760 1705 1705 1704 1704 1668 1668 1700 1700 1705 1705 1659 1659 1688 1688 1663 1663 1705 1705 1760 1760 1668 1668 1688 1688 1701 1701 1668 1668 1701 1701 1700 1700 1668 1668 1757 1757 1760 1760 1702 1702 1664 1664 1668 1668 1761 1761 1665 1665 1664 1664 1762 1762 1666 1666 1665 1665 1763 1763 1667 1667 1666 1666 1764 1764 1762 1762 1765 1765 1766 1766 1762 1762 1761 1761 1765 1765 1763 1763 1762 1762 1767 1767 1764 1764 1763 1763 1768 1768 1769 1769 1764 1764 1770 1770 1767 1767 1766 1766 1771 1771 1768 1768 1767 1767 1772 1772 1770 1770 1768 1768 1773 1773 1774 1774 1770 1770 1775 1775 1772 1772 1771 1771 1776 1776 1773 1773 1772 1772 1777 1777 1775 1775 1773 1773 1778 1778 1779 1779 1775 1775 1780 1780 1780 1780 1781 1781 1779 1779 1778 1778 1780 1780 1775 1775 1777 1777 1778 1778 1773 1773 1776 1776 1777 1777 1772 1772 1775 1775 1779 1779 1774 1774 1773 1773 1775 1775 1770 1770 1772 1772 1773 1773 1768 1768 1771 1771 1772 1772 1767 1767 1770 1770 1774 1774 1769 1769 1768 1768 1770 1770 1764 1764 1767 1767 1768 1768 1763 1763 1766 1766 1767 1767 1762 1762 1764 1764 1769 1769 1667 1667 1763 1763 1764 1764 1666 1666 1762 1762 1763 1763 1665 1665 1761 1761 1762 1762 1664 1664 1478 1478 1782 1782 1560 1560 1478 1478 1781 1781 1782 1782 1478 1478 1779 1779 1781 1781 1477 1477 1774 1774 1779 1779 1477 1477 1769 1769 1774 1774 1779 1779 1478 1478 1477 1477 1477 1477 1592 1592 1667 1667 1667 1667 1769 1769 1477 1477 1560 1560 1510 1510 1478 1478 1783 1783 1760 1760 1757 1757 1784 1784 1783 1783 1756 1756 1785 1785 1784 1784 1758 1758 1786 1786 1785 1785 1759 1759 1759 1759 1600 1600 1786 1786 1758 1758 1759 1759 1785 1785 1756 1756 1758 1758 1784 1784 1757 1757 1756 1756 1783 1783 1787 1787 1765 1765 1761 1761 1761 1761 1760 1760 1787 1787 1787 1787 1788 1788 1765 1765 1789 1789 1766 1766 1765 1765 1789 1789 1771 1771 1766 1766 1765 1765 1788 1788 1789 1789 1776 1776 1771 1771 1790 1790 1790 1790 1791 1791 1776 1776 1789 1789 1790 1790 1771 1771 1761 1761 1668 1668 1760 1760 1781 1781 1780 1780 1792 1792 1780 1780 1778 1778 1793 1793 1778 1778 1777 1777 1794 1794 1794 1794 1777 1777 1776 1776 1776 1776 1795 1795 1794 1794 1794 1794 1793 1793 1778 1778 1793 1793 1792 1792 1780 1780 1792 1792 1782 1782 1781 1781 1796 1796 1797 1797 1798 1798 1799 1799 1796 1796 1800 1800 1801 1801 1799 1799 1802 1802 1782 1782 1801 1801 1803 1803 1803 1803 1560 1560 1782 1782 1802 1802 1803 1803 1801 1801 1800 1800 1802 1802 1799 1799 1798 1798 1800 1800 1796 1796 1804 1804 1805 1805 1791 1791 1806 1806 1807 1807 1805 1805 1808 1808 1809 1809 1807 1807 1810 1810 1811 1811 1809 1809 1812 1812 1804 1804 1790 1790 1806 1806 1804 1804 1812 1812 1808 1808 1806 1806 1813 1813 1814 1814 1810 1810 1808 1808 1815 1815 1812 1812 1789 1789 1789 1789 1788 1788 1815 1815 1813 1813 1812 1812 1815 1815 1816 1816 1813 1813 1817 1817 1818 1818 1814 1814 1816 1816 1783 1783 1815 1815 1787 1787 1784 1784 1817 1817 1815 1815 1785 1785 1819 1819 1817 1817 1786 1786 1818 1818 1819 1819 1819 1819 1785 1785 1786 1786 1817 1817 1784 1784 1785 1785 1815 1815 1783 1783 1784 1784 1787 1787 1760 1760 1783 1783 1816 1816 1819 1819 1818 1818 1817 1817 1819 1819 1816 1816 1815 1815 1817 1817 1813 1813 1788 1788 1787 1787 1815 1815 1808 1808 1816 1816 1814 1814 1813 1813 1816 1816 1808 1808 1812 1812 1813 1813 1806 1806 1790 1790 1789 1789 1812 1812 1809 1809 1808 1808 1810 1810 1807 1807 1806 1806 1808 1808 1805 1805 1804 1804 1806 1806 1791 1791 1790 1790 1804 1804 1463 1463 1818 1818 1786 1786 1463 1463 1492 1492 1810 1810 1810 1810 1814 1814 1463 1463 1814 1814 1818 1818 1463 1463 1492 1492 1527 1527 1588 1588 1588 1588 1820 1820 1492 1492 1820 1820 1811 1811 1492 1492 1811 1811 1810 1810 1492 1492 1786 1786 1600 1600 1463 1463 1811 1811 1820 1820 1821 1821 1809 1809 1821 1821 1822 1822 1807 1807 1822 1822 1823 1823 1823 1823 1824 1824 1791 1791 1791 1791 1805 1805 1823 1823 1823 1823 1805 1805 1807 1807 1822 1822 1807 1807 1809 1809 1821 1821 1809 1809 1811 1811 1825 1825 1826 1826 1827 1827 1828 1828 1825 1825 1829 1829 1830 1830 1828 1828 1831 1831 1588 1588 1830 1830 1832 1832 1832 1832 1820 1820 1588 1588 1831 1831 1832 1832 1830 1830 1829 1829 1831 1831 1828 1828 1827 1827 1829 1829 1825 1825 1833 1833 1557 1557 1556 1556 1556 1556 1558 1558 1834 1834 1558 1558 1559 1559 1835 1835 1802 1802 1834 1834 1835 1835 1800 1800 1836 1836 1834 1834 1798 1798 1833 1833 1836 1836 1836 1836 1800 1800 1798 1798 1834 1834 1802 1802 1800 1800 1835 1835 1803 1803 1802 1802 1803 1803 1835 1835 1560 1560 1560 1560 1835 1835 1559 1559 1835 1835 1834 1834 1558 1558 1834 1834 1836 1836 1556 1556 1556 1556 1836 1836 1833 1833 1837 1837 1557 1557 1833 1833 1838 1838 1833 1833 1798 1798 1798 1798 1839 1839 1838 1838 1833 1833 1838 1838 1837 1837 1796 1796 1840 1840 1841 1841 1796 1796 1799 1799 1842 1842 1799 1799 1801 1801 1843 1843 1793 1793 1842 1842 1843 1843 1794 1794 1840 1840 1842 1842 1795 1795 1841 1841 1840 1840 1840 1840 1794 1794 1795 1795 1842 1842 1793 1793 1794 1794 1843 1843 1792 1792 1793 1793 1792 1792 1843 1843 1782 1782 1782 1782 1843 1843 1801 1801 1843 1843 1842 1842 1799 1799 1842 1842 1840 1840 1796 1796 1841 1841 1797 1797 1796 1796 1839 1839 1798 1798 1797 1797 1797 1797 1844 1844 1839 1839 1844 1844 1797 1797 1841 1841 1845 1845 1841 1841 1795 1795 1795 1795 1846 1846 1845 1845 1841 1841 1845 1845 1844 1844 1844 1844 1847 1847 1848 1848 1847 1847 1849 1849 1848 1848 1850 1850 1851 1851 1849 1849 1849 1849 1847 1847 1850 1850 1848 1848 1839 1839 1844 1844 1852 1852 1848 1848 1849 1849 1853 1853 1837 1837 1838 1838 1839 1839 1848 1848 1852 1852 1852 1852 1838 1838 1839 1839 1838 1838 1852 1852 1853 1853 1849 1849 1851 1851 1852 1852 1851 1851 1853 1853 1852 1852 1854 1854 1837 1837 1853 1853 1853 1853 1851 1851 1855 1855 1851 1851 1856 1856 1855 1855 1855 1855 1857 1857 1853 1853 1853 1853 1857 1857 1854 1854 1844 1844 1845 1845 1858 1858 1859 1859 1858 1858 1845 1845 1845 1845 1846 1846 1859 1859 1858 1858 1847 1847 1844 1844 1850 1850 1858 1858 1859 1859 1850 1850 1847 1847 1858 1858 1856 1856 1851 1851 1850 1850 1850 1850 1860 1860 1856 1856 1861 1861 1862 1862 1863 1863 1863 1863 1862 1862 1864 1864 1864 1864 1865 1865 1863 1863 1866 1866 1867 1867 1868 1868 1862 1862 1861 1861 1869 1869 1854 1854 1857 1857 1862 1862 1862 1862 1870 1870 1854 1854 1866 1866 1871 1871 1872 1872 1873 1873 1861 1861 1867 1867 1867 1867 1872 1872 1873 1873 1873 1873 1869 1869 1861 1861 1857 1857 1855 1855 1864 1864 1855 1855 1856 1856 1874 1874 1874 1874 1864 1864 1855 1855 1875 1875 1876 1876 1868 1868 1861 1861 1877 1877 1875 1875 1875 1875 1867 1867 1861 1861 1878 1878 1868 1868 1876 1876 1876 1876 1879 1879 1878 1878 1868 1868 1867 1867 1875 1875 1874 1874 1865 1865 1864 1864 1864 1864 1862 1862 1857 1857 1872 1872 1867 1867 1866 1866 1869 1869 1870 1870 1862 1862 1868 1868 1878 1878 1866 1866 1863 1863 1877 1877 1861 1861 1854 1854 1546 1546 1545 1545 1854 1854 1870 1870 1529 1529 1548 1548 1557 1557 1837 1837 1854 1854 1551 1551 1546 1546 1871 1871 1574 1574 1575 1575 1574 1574 1871 1871 1880 1880 1871 1871 1573 1573 1531 1531 1529 1529 1540 1540 1854 1854 1545 1545 1548 1548 1854 1854 1880 1880 1584 1584 1574 1574 1871 1871 1572 1572 1573 1573 1837 1837 1854 1854 1548 1548 1531 1531 1872 1872 1871 1871 1531 1531 1529 1529 1869 1869 1540 1540 1551 1551 1854 1854 1531 1531 1873 1873 1872 1872 1870 1870 1869 1869 1529 1529 1869 1869 1873 1873 1531 1531 1575 1575 1572 1572 1871 1871 1586 1586 1881 1881 1882 1882 1585 1585 1883 1883 1881 1881 1884 1884 1883 1883 1585 1585 1826 1826 1825 1825 1883 1883 1825 1825 1828 1828 1881 1881 1828 1828 1830 1830 1882 1882 1588 1588 1882 1882 1830 1830 1882 1882 1881 1881 1828 1828 1881 1881 1883 1883 1825 1825 1883 1883 1884 1884 1826 1826 1585 1585 1584 1584 1884 1884 1881 1881 1586 1586 1585 1585 1882 1882 1587 1587 1586 1586 1587 1587 1882 1882 1588 1588 1885 1885 1886 1886 1859 1859 1859 1859 1886 1886 1887 1887 1887 1887 1850 1850 1859 1859 1887 1887 1860 1860 1850 1850 1859 1859 1846 1846 1885 1885 1874 1874 1856 1856 1860 1860 1860 1860 1888 1888 1874 1874 1877 1877 1889 1889 1890 1890 1877 1877 1891 1891 1889 1889 1865 1865 1874 1874 1892 1892 1891 1891 1877 1877 1863 1863 1863 1863 1865 1865 1891 1891 1892 1892 1891 1891 1865 1865 1875 1875 1893 1893 1894 1894 1894 1894 1876 1876 1875 1875 1877 1877 1895 1895 1893 1893 1876 1876 1894 1894 1896 1896 1896 1896 1879 1879 1876 1876 1875 1875 1877 1877 1893 1893 1890 1890 1895 1895 1877 1877 1888 1888 1892 1892 1874 1874 1871 1871 1866 1866 1897 1897 1897 1897 1866 1866 1878 1878 1878 1878 1898 1898 1897 1897 1878 1878 1879 1879 1898 1898 1897 1897 1880 1880 1871 1871 1584 1584 1880 1880 1899 1899 1884 1884 1899 1899 1900 1900 1900 1900 1826 1826 1884 1884 1899 1899 1884 1884 1584 1584 1886 1886 1885 1885 1901 1901 1901 1901 1902 1902 1886 1886 1902 1902 1903 1903 1904 1904 1904 1904 1905 1905 1902 1902 1906 1906 1905 1905 1907 1907 1907 1907 1908 1908 1906 1906 1909 1909 1910 1910 1906 1906 1906 1906 1908 1908 1909 1909 1889 1889 1891 1891 1911 1911 1902 1902 1905 1905 1890 1890 1890 1890 1889 1889 1902 1902 1905 1905 1895 1895 1890 1890 1912 1912 1896 1896 1894 1894 1905 1905 1906 1906 1893 1893 1893 1893 1906 1906 1913 1913 1913 1913 1894 1894 1893 1893 1910 1910 1912 1912 1913 1913 1911 1911 1892 1892 1888 1888 1911 1911 1891 1891 1892 1892 1888 1888 1887 1887 1911 1911 1886 1886 1902 1902 1911 1911 1911 1911 1887 1887 1886 1886 1888 1888 1860 1860 1887 1887 1913 1913 1906 1906 1910 1910 1893 1893 1895 1895 1905 1905 1894 1894 1913 1913 1912 1912 1911 1911 1902 1902 1889 1889 1905 1905 1904 1904 1907 1907 1901 1901 1903 1903 1902 1902 1776 1776 1885 1885 1846 1846 1776 1776 1901 1901 1885 1885 1776 1776 1903 1903 1901 1901 1791 1791 1824 1824 1914 1914 1776 1776 1904 1904 1903 1903 1791 1791 1907 1907 1904 1904 1914 1914 1909 1909 1791 1791 1904 1904 1776 1776 1791 1791 1909 1909 1908 1908 1791 1791 1908 1908 1907 1907 1791 1791 1846 1846 1795 1795 1776 1776 1831 1831 1915 1915 1916 1916 1829 1829 1917 1917 1915 1915 1829 1829 1827 1827 1918 1918 1824 1824 1823 1823 1917 1917 1823 1823 1822 1822 1915 1915 1822 1822 1821 1821 1916 1916 1820 1820 1916 1916 1821 1821 1916 1916 1915 1915 1822 1822 1915 1915 1917 1917 1823 1823 1917 1917 1918 1918 1824 1824 1918 1918 1917 1917 1829 1829 1915 1915 1831 1831 1829 1829 1916 1916 1832 1832 1831 1831 1832 1832 1916 1916 1820 1820 1900 1900 1919 1919 1827 1827 1827 1827 1826 1826 1900 1900 1879 1879 1896 1896 1920 1920 1920 1920 1898 1898 1879 1879 1921 1921 1898 1898 1922 1922 1900 1900 1899 1899 1921 1921 1897 1897 1921 1921 1899 1899 1899 1899 1880 1880 1897 1897 1921 1921 1923 1923 1900 1900 1898 1898 1921 1921 1897 1897 1922 1922 1923 1923 1921 1921 1909 1909 1914 1914 1924 1924 1924 1924 1920 1920 1912 1912 1920 1920 1896 1896 1912 1912 1912 1912 1910 1910 1924 1924 1924 1924 1910 1910 1909 1909 1919 1919 1900 1900 1923 1923 1923 1923 1925 1925 1919 1919 1920 1920 1925 1925 1922 1922 1922 1922 1898 1898 1920 1920 1923 1923 1922 1922 1925 1925 1827 1827 1919 1919 1926 1926 1918 1918 1926 1926 1914 1914 1914 1914 1824 1824 1918 1918 1926 1926 1918 1918 1827 1827 1924 1924 1914 1914 1926 1926 1919 1919 1925 1925 1927 1927 1927 1927 1926 1926 1919 1919 1926 1926 1927 1927 1924 1924 1920 1920 1927 1927 1925 1925 1920 1920 1924 1924 1927 1927 1928 1928 1929 1929 1499 1499 1930 1930 1928 1928 1498 1498 1931 1931 1930 1930 1493 1493 1932 1932 1931 1931 1503 1503 1931 1931 1504 1504 1503 1503 1933 1933 1934 1934 1489 1489 1935 1935 1933 1933 1490 1490 1936 1936 1935 1935 1491 1491 1929 1929 1936 1936 1488 1488 1489 1489 1934 1934 1937 1937 1937 1937 1481 1481 1489 1489 1481 1481 1938 1938 1939 1939 1939 1939 1940 1940 1480 1480 1506 1506 1480 1480 1940 1940 1505 1505 1506 1506 1941 1941 1506 1506 1942 1942 1941 1941 1941 1941 1932 1932 1505 1505 1940 1940 1942 1942 1506 1506 1480 1480 1486 1486 1939 1939 1939 1939 1486 1486 1481 1481 1937 1937 1938 1938 1481 1481 1488 1488 1499 1499 1929 1929 1491 1491 1488 1488 1936 1936 1490 1490 1491 1491 1935 1935 1489 1489 1490 1490 1933 1933 1503 1503 1505 1505 1932 1932 1493 1493 1504 1504 1931 1931 1498 1498 1493 1493 1930 1930 1499 1499 1498 1498 1928 1928 1934 1934 1928 1928 1930 1930 1929 1929 1934 1934 1933 1933 1934 1934 1929 1929 1928 1928 1933 1933 1935 1935 1929 1929 1934 1934 1932 1932 1941 1941 1935 1935 1936 1936 1929 1929 1934 1934 1931 1931 1932 1932 1941 1941 1937 1937 1934 1934 1930 1930 1931 1931 1934 1934 1943 1943 1942 1942 1940 1940 1943 1943 1939 1939 1938 1938 1938 1938 1937 1937 1943 1943 1941 1941 1942 1942 1943 1943 1943 1943 1937 1937 1941 1941 1940 1940 1939 1939 1943 1943 1476 1476 1484 1484 1944 1944 1944 1944 1945 1945 1476 1476 1470 1470 1476 1476 1946 1946 1946 1946 1947 1947 1470 1470 1471 1471 1470 1470 1948 1948 1948 1948 1949 1949 1471 1471 1949 1949 1950 1950 1471 1471 1482 1482 1471 1471 1951 1951 1471 1471 1952 1952 1951 1951 1482 1482 1953 1953 1954 1954 1482 1482 1955 1955 1953 1953 1465 1465 1956 1956 1957 1957 1465 1465 1954 1954 1956 1956 1473 1473 1958 1958 1959 1959 1473 1473 1957 1957 1958 1958 1464 1464 1960 1960 1961 1961 1464 1464 1959 1959 1960 1960 1461 1461 1962 1962 1963 1963 1461 1461 1961 1961 1962 1962 1462 1462 1460 1460 1964 1964 1965 1965 1487 1487 1462 1462 1460 1460 1963 1963 1964 1964 1485 1485 1487 1487 1965 1965 1965 1965 1966 1966 1485 1485 1479 1479 1485 1485 1967 1967 1967 1967 1968 1968 1479 1479 1484 1484 1479 1479 1969 1969 1969 1969 1970 1970 1484 1484 1970 1970 1971 1971 1484 1484 1971 1971 1944 1944 1484 1484 1968 1968 1969 1969 1479 1479 1966 1966 1967 1967 1485 1485 1964 1964 1965 1965 1462 1462 1963 1963 1460 1460 1461 1461 1961 1961 1461 1461 1464 1464 1959 1959 1464 1464 1473 1473 1957 1957 1473 1473 1465 1465 1954 1954 1465 1465 1482 1482 1951 1951 1955 1955 1482 1482 1950 1950 1952 1952 1471 1471 1947 1947 1948 1948 1470 1470 1945 1945 1946 1946 1476 1476 1956 1956 1954 1954 1972 1972 1972 1972 1945 1945 1944 1944 1972 1972 1947 1947 1946 1946 1970 1970 1957 1957 1956 1956 1946 1946 1945 1945 1972 1972 1970 1970 1958 1958 1957 1957 1970 1970 1960 1960 1959 1959 1944 1944 1971 1971 1972 1972 1959 1959 1958 1958 1970 1970 1972 1972 1970 1970 1956 1956 1971 1971 1970 1970 1972 1972 1973 1973 1968 1968 1967 1967 1967 1967 1966 1966 1973 1973 1973 1973 1969 1969 1968 1968 1966 1966 1965 1965 1973 1973 1973 1973 1962 1962 1961 1961 1973 1973 1963 1963 1962 1962 1973 1973 1964 1964 1963 1963 1961 1961 1960 1960 1973 1973 1970 1970 1969 1969 1973 1973 1973 1973 1960 1960 1970 1970 1965 1965 1964 1964 1973 1973 1972 1972 1952 1952 1950 1950 1950 1950 1949 1949 1972 1972 1949 1949 1948 1948 1972 1972 1972 1972 1954 1954 1953 1953 1953 1953 1955 1955 1972 1972 1955 1955 1951 1951 1972 1972 1951 1951 1952 1952 1972 1972 1948 1948 1947 1947 1972 1972 1974 1974 1975 1975 1976 1976 1977 1977 1974 1974 1978 1978 1979 1979 1977 1977 1980 1980 1981 1981 1982 1982 1983 1983 1983 1983 1982 1982 1979 1979 1979 1979 1984 1984 1983 1983 1985 1985 1981 1981 1986 1986 1987 1987 1985 1985 1988 1988 1989 1989 1987 1987 1990 1990 1991 1991 1989 1989 1992 1992 1993 1993 1991 1991 1994 1994 1995 1995 1993 1993 1996 1996 1997 1997 1995 1995 1998 1998 1999 1999 1997 1997 2000 2000 1975 1975 1999 1999 2001 2001 2001 2001 1976 1976 1975 1975 2000 2000 2001 2001 1999 1999 1998 1998 2000 2000 1997 1997 1996 1996 1998 1998 1995 1995 1994 1994 1996 1996 1993 1993 1992 1992 1994 1994 1991 1991 1990 1990 1992 1992 1989 1989 1988 1988 1990 1990 1987 1987 1986 1986 1988 1988 1985 1985 1983 1983 1986 1986 1981 1981 1980 1980 1984 1984 1979 1979 1978 1978 1980 1980 1977 1977 1976 1976 1978 1978 1974 1974 2002 2002 1986 1986 1983 1983 2003 2003 2004 2004 1984 1984 1983 1983 2004 2004 2002 2002 2003 2003 1980 1980 1978 1978 1983 1983 1984 1984 2004 2004 2005 2005 1988 1988 1986 1986 1978 1978 2006 2006 2003 2003 1986 1986 2002 2002 2005 2005 2007 2007 2008 2008 1994 1994 1984 1984 1980 1980 2003 2003 2009 2009 1990 1990 1988 1988 2007 2007 1992 1992 1990 1990 2008 2008 1996 1996 1994 1994 2010 2010 2006 2006 1976 1976 1988 1988 2005 2005 2009 2009 1994 1994 1992 1992 2007 2007 1976 1976 2001 2001 2010 2010 1990 1990 2009 2009 2007 2007 2010 2010 2000 2000 1998 1998 1978 1978 1976 1976 2006 2006 2001 2001 2000 2000 2010 2010 2008 2008 1998 1998 1996 1996 1998 1998 2008 2008 2010 2010 2011 2011 2012 2012 2008 2008 2008 2008 2007 2007 2011 2011 2011 2011 2007 2007 2009 2009 2013 2013 2009 2009 2005 2005 2014 2014 2005 2005 2002 2002 2015 2015 2002 2002 2004 2004 2016 2016 2004 2004 2003 2003 2003 2003 2017 2017 2016 2016 2004 2004 2016 2016 2015 2015 2002 2002 2015 2015 2014 2014 2005 2005 2014 2014 2013 2013 2009 2009 2013 2013 2011 2011 2003 2003 2006 2006 2018 2018 2018 2018 2017 2017 2003 2003 2017 2017 2019 2019 2020 2020 2016 2016 2020 2020 2021 2021 2015 2015 2021 2021 2022 2022 2014 2014 2022 2022 2023 2023 2013 2013 2023 2023 2024 2024 2024 2024 2011 2011 2013 2013 2023 2023 2013 2013 2014 2014 2022 2022 2014 2014 2015 2015 2021 2021 2015 2015 2016 2016 2020 2020 2016 2016 2017 2017 2018 2018 2025 2025 2019 2019 2019 2019 2017 2017 2018 2018 2026 2026 2019 2019 2025 2025 2025 2025 2027 2027 2026 2026 2019 2019 2026 2026 2028 2028 2020 2020 2028 2028 2029 2029 2021 2021 2029 2029 2030 2030 2022 2022 2030 2030 2031 2031 2023 2023 2031 2031 2032 2032 2032 2032 2024 2024 2023 2023 2031 2031 2023 2023 2022 2022 2030 2030 2022 2022 2021 2021 2029 2029 2021 2021 2020 2020 2028 2028 2020 2020 2019 2019 2033 2033 2034 2034 2024 2024 2024 2024 2032 2032 2033 2033 1995 1995 2035 2035 2036 2036 1995 1995 2037 2037 2035 2035 2038 2038 2039 2039 2040 2040 2036 2036 1993 1993 1995 1995 2038 2038 2041 2041 2039 2039 2042 2042 2043 2043 2044 2044 2042 2042 2045 2045 2046 2046 2047 2047 2048 2048 2046 2046 2049 2049 1991 1991 1993 1993 2026 2026 1977 1977 1979 1979 1995 1995 1997 1997 2037 2037 2040 2040 1999 1999 2038 2038 2044 2044 2038 2038 2042 2042 2046 2046 2045 2045 2047 2047 1993 1993 2036 2036 2049 2049 2032 2032 1989 1989 1991 1991 1979 1979 2028 2028 2026 2026 2026 2026 2027 2027 1974 1974 2027 2027 2038 2038 1999 1999 2040 2040 2037 2037 1999 1999 2046 2046 2043 2043 2042 2042 2050 2050 2051 2051 2048 2048 2033 2033 2052 2052 2051 2051 2033 2033 2032 2032 2053 2053 1991 1991 2053 2053 2032 2032 2032 2032 2031 2031 1987 1987 2031 2031 2030 2030 1985 1985 1974 1974 1977 1977 2026 2026 1999 1999 1975 1975 2027 2027 2044 2044 2041 2041 2038 2038 2051 2051 2050 2050 2033 2033 2049 2049 2053 2053 1991 1991 1985 1985 1987 1987 2031 2031 2030 2030 2029 2029 1981 1981 2029 2029 2028 2028 1982 1982 1975 1975 1974 1974 2027 2027 2048 2048 2047 2047 2050 2050 1987 1987 1989 1989 2032 2032 1982 1982 1981 1981 2029 2029 1997 1997 1999 1999 2037 2037 1981 1981 1985 1985 2030 2030 2053 2053 2052 2052 2033 2033 1979 1979 1982 1982 2028 2028 2034 2034 2033 2033 2050 2050 2054 2054 2050 2050 2047 2047 2055 2055 2047 2047 2045 2045 2056 2056 2045 2045 2042 2042 2042 2042 2057 2057 2056 2056 2045 2045 2056 2056 2055 2055 2047 2047 2055 2055 2054 2054 2050 2050 2054 2054 2034 2034 2042 2042 2038 2038 2058 2058 2058 2058 2057 2057 2042 2042 2059 2059 2034 2034 2054 2054 2060 2060 2054 2054 2055 2055 2061 2061 2055 2055 2056 2056 2062 2062 2056 2056 2057 2057 2057 2057 2063 2063 2062 2062 2056 2056 2062 2062 2061 2061 2055 2055 2061 2061 2060 2060 2054 2054 2060 2060 2059 2059 2064 2064 2063 2063 2057 2057 2057 2057 2058 2058 2064 2064 2063 2063 2064 2064 2065 2065 2065 2065 2066 2066 2063 2063 2040 2040 2039 2039 2067 2067 2037 2037 2040 2040 2068 2068 2035 2035 2037 2037 2069 2069 2049 2049 2036 2036 2070 2070 2035 2035 2071 2071 2070 2070 2070 2070 2036 2036 2035 2035 2053 2053 2049 2049 2072 2072 2052 2052 2053 2053 2073 2073 2051 2051 2052 2052 2074 2074 2048 2048 2051 2051 2075 2075 2046 2046 2048 2048 2076 2076 2043 2043 2046 2046 2077 2077 2044 2044 2043 2043 2078 2078 2041 2041 2044 2044 2079 2079 2039 2039 2041 2041 2080 2080 2080 2080 2067 2067 2039 2039 2079 2079 2080 2080 2041 2041 2078 2078 2079 2079 2044 2044 2077 2077 2078 2078 2043 2043 2076 2076 2077 2077 2046 2046 2075 2075 2076 2076 2048 2048 2074 2074 2075 2075 2051 2051 2073 2073 2074 2074 2052 2052 2072 2072 2073 2073 2053 2053 2070 2070 2072 2072 2049 2049 2069 2069 2071 2071 2035 2035 2068 2068 2069 2069 2037 2037 2067 2067 2068 2068 2040 2040 2063 2063 2066 2066 2081 2081 2062 2062 2081 2081 2082 2082 2061 2061 2082 2082 2083 2083 2060 2060 2083 2083 2084 2084 2084 2084 2059 2059 2060 2060 2083 2083 2060 2060 2061 2061 2082 2082 2061 2061 2062 2062 2081 2081 2062 2062 2063 2063 2085 2085 2059 2059 2084 2084 2084 2084 2086 2086 2085 2085 2059 2059 2087 2087 2012 2012 2085 2085 2088 2088 2087 2087 2024 2024 2034 2034 2012 2012 2087 2087 2059 2059 2085 2085 2012 2012 2034 2034 2059 2059 2012 2012 2011 2011 2024 2024 2085 2085 2086 2086 2089 2089 2090 2090 2089 2089 2091 2091 2092 2092 2091 2091 2093 2093 2094 2094 2093 2093 2095 2095 2096 2096 2095 2095 2097 2097 2097 2097 2098 2098 2096 2096 2095 2095 2096 2096 2094 2094 2093 2093 2094 2094 2092 2092 2091 2091 2092 2092 2090 2090 2089 2089 2090 2090 2085 2085 2099 2099 2100 2100 2070 2070 2100 2100 2072 2072 2070 2070 2065 2065 2099 2099 2068 2068 2070 2070 2071 2071 2099 2099 2093 2093 2101 2101 2102 2102 2065 2065 2067 2067 2080 2080 2099 2099 2069 2069 2068 2068 2086 2086 2084 2084 2103 2103 2100 2100 2073 2073 2072 2072 2084 2084 2074 2074 2073 2073 2097 2097 2104 2104 2105 2105 2097 2097 2095 2095 2106 2106 2102 2102 2095 2095 2093 2093 2066 2066 2065 2065 2079 2079 2068 2068 2067 2067 2065 2065 2084 2084 2100 2100 2103 2103 2073 2073 2100 2100 2084 2084 2107 2107 2108 2108 2109 2109 2105 2105 2107 2107 2097 2097 2102 2102 2106 2106 2095 2095 2091 2091 2110 2110 2101 2101 2089 2089 2111 2111 2110 2110 2086 2086 2112 2112 2111 2111 2080 2080 2079 2079 2065 2065 2071 2071 2069 2069 2099 2099 2105 2105 2108 2108 2107 2107 2101 2101 2093 2093 2091 2091 2111 2111 2089 2089 2086 2086 2103 2103 2112 2112 2086 2086 2084 2084 2083 2083 2075 2075 2083 2083 2082 2082 2076 2076 2082 2082 2081 2081 2077 2077 2066 2066 2078 2078 2077 2077 2106 2106 2104 2104 2097 2097 2079 2079 2078 2078 2066 2066 2076 2076 2075 2075 2083 2083 2077 2077 2081 2081 2066 2066 2110 2110 2091 2091 2089 2089 2077 2077 2076 2076 2082 2082 2065 2065 2109 2109 2113 2113 2075 2075 2074 2074 2084 2084 2109 2109 2065 2065 2107 2107 2113 2113 2099 2099 2065 2065 2097 2097 2107 2107 2114 2114 2114 2114 2098 2098 2097 2097 2115 2115 2116 2116 2098 2098 2098 2098 2114 2114 2115 2115 2098 2098 2116 2116 2117 2117 2096 2096 2117 2117 2118 2118 2094 2094 2118 2118 2119 2119 2092 2092 2119 2119 2120 2120 2090 2090 2120 2120 2088 2088 2088 2088 2085 2085 2090 2090 2120 2120 2090 2090 2092 2092 2119 2119 2092 2092 2094 2094 2118 2118 2094 2094 2096 2096 2117 2117 2096 2096 2098 2098 2088 2088 2121 2121 2122 2122 2122 2122 2087 2087 2088 2088 2123 2123 2124 2124 2125 2125 2126 2126 2122 2122 2127 2127 2121 2121 2128 2128 2129 2129 2121 2121 2130 2130 2131 2131 2132 2132 2133 2133 2134 2134 2133 2133 2135 2135 2136 2136 2124 2124 2137 2137 2125 2125 2126 2126 2138 2138 2137 2137 2122 2122 2139 2139 2127 2127 2131 2131 2128 2128 2121 2121 2130 2130 2132 2132 2140 2140 2136 2136 2134 2134 2133 2133 2137 2137 2124 2124 2126 2126 2127 2127 2141 2141 2126 2126 2129 2129 2122 2122 2121 2121 2134 2134 2140 2140 2132 2132 2123 2123 2142 2142 2143 2143 2141 2141 2138 2138 2126 2126 2140 2140 2131 2131 2130 2130 2143 2143 2135 2135 2123 2123 2129 2129 2139 2139 2122 2122 2125 2125 2142 2142 2123 2123 2143 2143 2136 2136 2135 2135 2116 2116 2123 2123 2135 2135 2117 2117 2135 2135 2133 2133 2118 2118 2133 2133 2132 2132 2119 2119 2132 2132 2130 2130 2120 2120 2130 2130 2121 2121 2121 2121 2088 2088 2120 2120 2130 2130 2120 2120 2119 2119 2132 2132 2119 2119 2118 2118 2133 2133 2118 2118 2117 2117 2135 2135 2117 2117 2116 2116 2123 2123 2116 2116 2115 2115 2115 2115 2124 2124 2123 2123 2125 2125 2137 2137 2108 2108 2142 2142 2125 2125 2105 2105 2143 2143 2142 2142 2104 2104 2106 2106 2102 2102 2136 2136 2136 2136 2102 2102 2101 2101 2101 2101 2134 2134 2136 2136 2140 2140 2134 2134 2101 2101 2131 2131 2140 2140 2110 2110 2128 2128 2131 2131 2111 2111 2129 2129 2128 2128 2112 2112 2139 2139 2129 2129 2103 2103 2127 2127 2139 2139 2100 2100 2141 2141 2127 2127 2099 2099 2138 2138 2141 2141 2113 2113 2137 2137 2138 2138 2109 2109 2109 2109 2108 2108 2137 2137 2113 2113 2109 2109 2138 2138 2099 2099 2113 2113 2141 2141 2100 2100 2099 2099 2127 2127 2103 2103 2100 2100 2139 2139 2112 2112 2103 2103 2129 2129 2111 2111 2112 2112 2128 2128 2110 2110 2111 2111 2131 2131 2101 2101 2110 2110 2140 2140 2136 2136 2143 2143 2106 2106 2104 2104 2106 2106 2143 2143 2105 2105 2104 2104 2142 2142 2108 2108 2105 2105 2125 2125 2008 2008 2122 2122 2126 2126 2008 2008 2087 2087 2122 2122 2126 2126 2010 2010 2008 2008 2008 2008 2012 2012 2087 2087 2038 2038 2010 2010 2144 2144 2027 2027 2025 2025 2018 2018 2124 2124 2115 2115 2114 2114 2065 2065 2064 2064 2145 2145 2038 2038 2027 2027 2010 2010 2018 2018 2006 2006 2027 2027 2107 2107 2126 2126 2124 2124 2145 2145 2126 2126 2065 2065 2058 2058 2144 2144 2145 2145 2006 2006 2010 2010 2027 2027 2126 2126 2107 2107 2065 2065 2144 2144 2058 2058 2038 2038 2145 2145 2064 2064 2058 2058 2114 2114 2107 2107 2124 2124 2146 2146 2147 2147 2148 2148 2146 2146 2149 2149 2150 2150 2146 2146 2151 2151 2147 2147 2149 2149 2152 2152 2150 2150 2149 2149 2126 2126 2153 2153 2145 2145 2146 2146 2154 2154 2150 2150 2151 2151 2146 2146 2153 2153 2155 2155 2149 2149 2126 2126 2145 2145 2156 2156 2154 2154 2157 2157 2145 2145 2155 2155 2152 2152 2149 2149 2126 2126 2158 2158 2159 2159 2145 2145 2160 2160 2156 2156 2157 2157 2161 2161 2145 2145 2159 2159 2153 2153 2126 2126 2161 2161 2160 2160 2145 2145 2156 2156 2158 2158 2126 2126 2148 2148 2154 2154 2146 2146 2158 2158 2156 2156 2162 2162 2159 2159 2158 2158 2163 2163 2153 2153 2159 2159 2164 2164 2155 2155 2153 2153 2165 2165 2152 2152 2155 2155 2166 2166 2150 2150 2152 2152 2167 2167 2151 2151 2150 2150 2168 2168 2147 2147 2151 2151 2169 2169 2148 2148 2147 2147 2170 2170 2171 2171 2172 2172 2157 2157 2171 2171 2154 2154 2148 2148 2148 2148 2173 2173 2171 2171 2161 2161 2157 2157 2172 2172 2160 2160 2161 2161 2174 2174 2156 2156 2160 2160 2175 2175 2175 2175 2162 2162 2156 2156 2174 2174 2175 2175 2160 2160 2172 2172 2174 2174 2161 2161 2157 2157 2154 2154 2171 2171 2170 2170 2173 2173 2148 2148 2169 2169 2170 2170 2147 2147 2168 2168 2169 2169 2151 2151 2167 2167 2168 2168 2150 2150 2166 2166 2167 2167 2152 2152 2165 2165 2166 2166 2155 2155 2164 2164 2165 2165 2153 2153 2163 2163 2164 2164 2159 2159 2162 2162 2163 2163 2158 2158 2144 2144 2172 2172 2171 2171 2171 2171 2176 2176 2144 2144 2144 2144 2174 2174 2172 2172 2171 2171 2173 2173 2176 2176 2144 2144 2175 2175 2174 2174 2010 2010 2163 2163 2162 2162 2176 2176 2169 2169 2168 2168 2173 2173 2170 2170 2176 2176 2162 2162 2144 2144 2010 2010 2177 2177 2166 2166 2165 2165 2168 2168 2177 2177 2176 2176 2162 2162 2175 2175 2144 2144 2177 2177 2167 2167 2166 2166 2170 2170 2169 2169 2176 2176 2168 2168 2167 2167 2177 2177 2010 2010 2165 2165 2164 2164 2164 2164 2163 2163 2010 2010 2165 2165 2010 2010 2177 2177 2149 2149 2178 2178 2179 2179 2180 2180 2181 2181 2182 2182 2179 2179 2183 2183 2149 2149 2182 2182 2184 2184 2180 2180 2183 2183 2185 2185 2149 2149 2010 2010 2126 2126 2149 2149 2180 2180 2177 2177 2181 2181 2149 2149 2181 2181 2010 2010 2185 2185 2181 2181 2149 2149 2177 2177 2010 2010 2181 2181 2186 2186 2176 2176 2187 2187 2188 2188 2189 2189 2190 2190 2187 2187 2191 2191 2186 2186 2188 2188 2192 2192 2189 2189 2144 2144 2186 2186 2188 2188 2186 2186 2144 2144 2176 2176 2190 2190 2146 2146 2188 2188 2191 2191 2193 2193 2186 2186 2188 2188 2145 2145 2144 2144 2146 2146 2145 2145 2188 2188 2188 2188 2186 2186 2181 2181 2181 2181 2185 2185 2188 2188 2188 2188 2185 2185 2183 2183 2192 2192 2183 2183 2179 2179 2189 2189 2179 2179 2178 2178 2190 2190 2178 2178 2149 2149 2149 2149 2146 2146 2190 2190 2178 2178 2190 2190 2189 2189 2179 2179 2189 2189 2192 2192 2183 2183 2192 2192 2188 2188 2181 2181 2186 2186 2193 2193 2182 2182 2193 2193 2191 2191 2184 2184 2191 2191 2187 2187 2180 2180 2187 2187 2176 2176 2176 2176 2177 2177 2180 2180 2187 2187 2180 2180 2184 2184 2191 2191 2184 2184 2182 2182 2193 2193 2182 2182 2181 2181 2194 2194 2195 2195 2196 2196 2194 2194 2197 2197 2195 2195 2194 2194 2198 2198 2197 2197 2194 2194 2199 2199 2200 2200 2194 2194 2201 2201 2202 2202 2202 2202 2203 2203 2194 2194 2203 2203 2199 2199 2194 2194 2200 2200 2204 2204 2194 2194 2204 2204 2205 2205 2194 2194 2194 2194 2205 2205 2206 2206 2206 2206 2207 2207 2194 2194 2194 2194 2208 2208 2209 2209 2209 2209 2210 2210 2194 2194 2194 2194 2211 2211 2212 2212 2212 2212 2208 2208 2194 2194 2210 2210 2198 2198 2194 2194 2207 2207 2211 2211 2194 2194 2196 2196 2201 2201 2194 2194 2213 2213 2214 2214 2209 2209 2209 2209 2208 2208 2213 2213 2215 2215 2213 2213 2212 2212 2216 2216 2215 2215 2211 2211 2217 2217 2216 2216 2207 2207 2218 2218 2217 2217 2206 2206 2219 2219 2218 2218 2205 2205 2205 2205 2204 2204 2219 2219 2219 2219 2199 2199 2203 2203 2219 2219 2200 2200 2199 2199 2220 2220 2203 2203 2202 2202 2221 2221 2202 2202 2201 2201 2222 2222 2201 2201 2196 2196 2223 2223 2196 2196 2195 2195 2224 2224 2197 2197 2198 2198 2224 2224 2195 2195 2197 2197 2214 2214 2225 2225 2210 2210 2225 2225 2198 2198 2210 2210 2210 2210 2209 2209 2214 2214 2198 2198 2225 2225 2224 2224 2195 2195 2224 2224 2223 2223 2196 2196 2223 2223 2222 2222 2201 2201 2222 2222 2221 2221 2202 2202 2221 2221 2220 2220 2203 2203 2220 2220 2219 2219 2204 2204 2200 2200 2219 2219 2206 2206 2205 2205 2218 2218 2207 2207 2206 2206 2217 2217 2211 2211 2207 2207 2216 2216 2212 2212 2211 2211 2215 2215 2208 2208 2212 2212 2213 2213 2226 2226 2223 2223 2224 2224 2227 2227 2222 2222 2223 2223 2228 2228 2221 2221 2222 2222 2228 2228 2229 2229 2220 2220 2223 2223 2226 2226 2227 2227 2220 2220 2221 2221 2228 2228 2222 2222 2227 2227 2228 2228 2229 2229 2230 2230 2219 2219 2231 2231 2224 2224 2225 2225 2219 2219 2220 2220 2229 2229 2232 2232 2217 2217 2218 2218 2232 2232 2233 2233 2216 2216 2224 2224 2231 2231 2226 2226 2230 2230 2234 2234 2218 2218 2216 2216 2217 2217 2232 2232 2235 2235 2215 2215 2216 2216 2236 2236 2213 2213 2215 2215 2236 2236 2237 2237 2214 2214 2218 2218 2219 2219 2230 2230 2216 2216 2233 2233 2235 2235 2214 2214 2213 2213 2236 2236 2238 2238 2225 2225 2214 2214 2218 2218 2234 2234 2232 2232 2214 2214 2237 2237 2238 2238 2215 2215 2235 2235 2236 2236 2225 2225 2238 2238 2231 2231 2236 2236 2239 2239 2240 2240 2236 2236 2241 2241 2239 2239 2238 2238 2237 2237 2242 2242 2237 2237 2240 2240 2242 2242 2231 2231 2238 2238 2243 2243 2243 2243 2244 2244 2231 2231 2226 2226 2231 2231 2245 2245 2246 2246 2247 2247 2245 2245 2245 2245 2231 2231 2246 2246 2226 2226 2248 2248 2249 2249 2250 2250 2228 2228 2251 2251 2227 2227 2249 2249 2251 2251 2251 2251 2228 2228 2227 2227 2229 2229 2228 2228 2250 2250 2230 2230 2229 2229 2252 2252 2252 2252 2253 2253 2230 2230 2230 2230 2254 2254 2255 2255 2230 2230 2256 2256 2254 2254 2234 2234 2255 2255 2257 2257 2233 2233 2232 2232 2258 2258 2257 2257 2259 2259 2258 2258 2258 2258 2232 2232 2257 2257 2233 2233 2260 2260 2261 2261 2241 2241 2236 2236 2262 2262 2235 2235 2261 2261 2262 2262 2262 2262 2236 2236 2235 2235 2262 2262 2263 2263 2241 2241 2261 2261 2235 2235 2233 2233 2258 2258 2260 2260 2233 2233 2257 2257 2232 2232 2234 2234 2255 2255 2234 2234 2230 2230 2253 2253 2256 2256 2230 2230 2250 2250 2252 2252 2229 2229 2251 2251 2264 2264 2250 2250 2249 2249 2227 2227 2226 2226 2245 2245 2248 2248 2226 2226 2244 2244 2246 2246 2231 2231 2242 2242 2243 2243 2238 2238 2240 2240 2237 2237 2236 2236 2265 2265 2245 2245 2247 2247 2266 2266 2265 2265 2267 2267 2268 2268 2266 2266 2269 2269 2269 2269 2270 2270 2268 2268 2267 2267 2269 2269 2266 2266 2247 2247 2267 2267 2265 2265 2270 2270 2271 2271 2272 2272 2272 2272 2268 2268 2270 2270 2272 2272 2273 2273 2274 2274 2272 2272 2271 2271 2273 2273 2275 2275 2274 2274 2276 2276 2277 2277 2276 2276 2278 2278 2279 2279 2278 2278 2280 2280 2280 2280 2281 2281 2279 2279 2278 2278 2279 2279 2277 2277 2276 2276 2277 2277 2275 2275 2274 2274 2275 2275 2272 2272 2282 2282 2283 2283 2284 2284 2285 2285 2284 2284 2286 2286 2287 2287 2286 2286 2263 2263 2263 2263 2262 2262 2287 2287 2286 2286 2287 2287 2285 2285 2284 2284 2285 2285 2282 2282 2283 2283 2282 2282 2288 2288 2288 2288 2289 2289 2283 2283 2290 2290 2291 2291 2292 2292 2293 2293 2290 2290 2294 2294 2295 2295 2293 2293 2296 2296 2288 2288 2295 2295 2297 2297 2297 2297 2298 2298 2288 2288 2298 2298 2289 2289 2288 2288 2296 2296 2297 2297 2295 2295 2294 2294 2296 2296 2293 2293 2292 2292 2294 2294 2290 2290 2299 2299 2298 2298 2300 2300 2300 2300 2298 2298 2297 2297 2300 2300 2296 2296 2294 2294 2294 2294 2292 2292 2300 2300 2297 2297 2296 2296 2300 2300 2299 2299 2289 2289 2298 2298 2299 2299 2286 2286 2284 2284 2299 2299 2263 2263 2286 2286 2284 2284 2283 2283 2299 2299 2283 2283 2289 2289 2299 2299 2299 2299 2241 2241 2263 2263 2301 2301 2239 2239 2241 2241 2301 2301 2240 2240 2239 2239 2241 2241 2299 2299 2301 2301 2301 2301 2242 2242 2240 2240 2302 2302 2243 2243 2242 2242 2302 2302 2303 2303 2246 2246 2246 2246 2244 2244 2302 2302 2303 2303 2270 2270 2269 2269 2269 2269 2267 2267 2303 2303 2303 2303 2271 2271 2270 2270 2304 2304 2280 2280 2278 2278 2304 2304 2276 2276 2274 2274 2274 2274 2273 2273 2304 2304 2303 2303 2280 2280 2304 2304 2304 2304 2273 2273 2303 2303 2278 2278 2276 2276 2304 2304 2273 2273 2271 2271 2303 2303 2267 2267 2247 2247 2303 2303 2247 2247 2246 2246 2303 2303 2244 2244 2243 2243 2302 2302 2242 2242 2301 2301 2302 2302 2300 2300 2292 2292 2299 2299 2305 2305 2302 2302 2301 2301 2301 2301 2306 2306 2305 2305 2303 2303 2307 2307 2281 2281 2308 2308 2309 2309 2281 2281 2281 2281 2307 2307 2308 2308 2307 2307 2303 2303 2302 2302 2302 2302 2305 2305 2307 2307 2281 2281 2280 2280 2303 2303 2310 2310 2306 2306 2301 2301 2311 2311 2310 2310 2291 2291 2299 2299 2292 2292 2291 2291 2291 2291 2310 2310 2299 2299 2291 2291 2312 2312 2311 2311 2301 2301 2299 2299 2310 2310 2313 2313 2314 2314 2315 2315 2316 2316 2313 2313 2317 2317 2251 2251 2316 2316 2318 2318 2318 2318 2264 2264 2251 2251 2317 2317 2318 2318 2316 2316 2315 2315 2317 2317 2313 2313 2249 2249 2268 2268 2272 2272 2275 2275 2319 2319 2320 2320 2249 2249 2266 2266 2268 2268 2266 2266 2249 2249 2248 2248 2249 2249 2320 2320 2314 2314 2279 2279 2281 2281 2309 2309 2277 2277 2321 2321 2319 2319 2272 2272 2320 2320 2249 2249 2248 2248 2245 2245 2265 2265 2314 2314 2313 2313 2249 2249 2322 2322 2277 2277 2279 2279 2277 2277 2322 2322 2321 2321 2248 2248 2265 2265 2266 2266 2313 2313 2316 2316 2249 2249 2319 2319 2275 2275 2277 2277 2316 2316 2251 2251 2249 2249 2320 2320 2272 2272 2275 2275 2309 2309 2322 2322 2279 2279 2314 2314 2320 2320 2323 2323 2323 2323 2324 2324 2314 2314 2324 2324 2325 2325 2314 2314 2325 2325 2315 2315 2314 2314 2321 2321 2322 2322 2326 2326 2319 2319 2321 2321 2327 2327 2327 2327 2328 2328 2319 2319 2320 2320 2319 2319 2329 2329 2329 2329 2330 2330 2320 2320 2330 2330 2331 2331 2320 2320 2331 2331 2323 2323 2320 2320 2328 2328 2329 2329 2319 2319 2326 2326 2327 2327 2321 2321 2308 2308 2332 2332 2322 2322 2333 2333 2326 2326 2322 2322 2322 2322 2332 2332 2333 2333 2322 2322 2309 2309 2308 2308 2334 2334 2335 2335 2336 2336 2337 2337 2338 2338 2339 2339 2337 2337 2336 2336 2338 2338 2340 2340 2339 2339 2333 2333 2333 2333 2332 2332 2340 2340 2339 2339 2340 2340 2337 2337 2336 2336 2337 2337 2334 2334 2258 2258 2259 2259 2341 2341 2342 2342 2341 2341 2343 2343 2344 2344 2343 2343 2345 2345 2345 2345 2346 2346 2344 2344 2343 2343 2344 2344 2342 2342 2341 2341 2342 2342 2258 2258 2260 2260 2347 2347 2288 2288 2260 2260 2344 2344 2346 2346 2285 2285 2287 2287 2261 2261 2288 2288 2282 2282 2260 2260 2295 2295 2288 2288 2347 2347 2260 2260 2342 2342 2344 2344 2261 2261 2260 2260 2285 2285 2347 2347 2348 2348 2295 2295 2260 2260 2258 2258 2342 2342 2282 2282 2285 2285 2260 2260 2293 2293 2295 2295 2348 2348 2287 2287 2262 2262 2261 2261 2348 2348 2349 2349 2293 2293 2290 2290 2350 2350 2312 2312 2349 2349 2350 2350 2293 2293 2312 2312 2291 2291 2290 2290 2290 2290 2293 2293 2350 2350 2346 2346 2347 2347 2260 2260 2346 2346 2351 2351 2352 2352 2346 2346 2353 2353 2354 2354 2346 2346 2345 2345 2351 2351 2352 2352 2353 2353 2346 2346 2354 2354 2347 2347 2346 2346 2347 2347 2354 2354 2355 2355 2348 2348 2356 2356 2357 2357 2348 2348 2355 2355 2356 2356 2349 2349 2358 2358 2359 2359 2349 2349 2357 2357 2358 2358 2359 2359 2350 2350 2349 2349 2357 2357 2349 2349 2348 2348 2355 2355 2348 2348 2347 2347 2360 2360 2361 2361 2350 2350 2311 2311 2312 2312 2350 2350 2350 2350 2361 2361 2311 2311 2350 2350 2359 2359 2360 2360 2362 2362 2363 2363 2364 2364 2365 2365 2364 2364 2366 2366 2367 2367 2366 2366 2335 2335 2335 2335 2334 2334 2367 2367 2366 2366 2367 2367 2365 2365 2364 2364 2365 2365 2362 2362 2368 2368 2325 2325 2324 2324 2369 2369 2323 2323 2331 2331 2323 2323 2369 2369 2370 2370 2370 2370 2324 2324 2323 2323 2369 2369 2328 2328 2327 2327 2369 2369 2330 2330 2329 2329 2329 2329 2328 2328 2369 2369 2326 2326 2333 2333 2371 2371 2371 2371 2333 2333 2339 2339 2369 2369 2371 2371 2338 2338 2338 2338 2336 2336 2369 2369 2370 2370 2369 2369 2335 2335 2335 2335 2366 2366 2370 2370 2366 2366 2364 2364 2370 2370 2372 2372 2368 2368 2363 2363 2368 2368 2370 2370 2363 2363 2363 2363 2373 2373 2372 2372 2364 2364 2363 2363 2370 2370 2336 2336 2335 2335 2369 2369 2339 2339 2338 2338 2371 2371 2371 2371 2327 2327 2326 2326 2327 2327 2371 2371 2369 2369 2331 2331 2330 2330 2369 2369 2324 2324 2370 2370 2368 2368 2374 2374 2361 2361 2360 2360 2375 2375 2374 2374 2376 2376 2376 2376 2377 2377 2375 2375 2378 2378 2375 2375 2379 2379 2379 2379 2380 2380 2378 2378 2377 2377 2379 2379 2375 2375 2360 2360 2376 2376 2374 2374 2381 2381 2378 2378 2380 2380 2382 2382 2381 2381 2383 2383 2384 2384 2382 2382 2385 2385 2385 2385 2386 2386 2384 2384 2383 2383 2385 2385 2382 2382 2380 2380 2383 2383 2381 2381 2387 2387 2388 2388 2386 2386 2386 2386 2389 2389 2387 2387 2390 2390 2383 2383 2380 2380 2390 2390 2385 2385 2383 2383 2390 2390 2386 2386 2385 2385 2391 2391 2379 2379 2377 2377 2391 2391 2380 2380 2379 2379 2392 2392 2377 2377 2376 2376 2359 2359 2358 2358 2392 2392 2392 2392 2360 2360 2359 2359 2391 2391 2392 2392 2357 2357 2357 2357 2356 2356 2391 2391 2391 2391 2354 2354 2353 2353 2391 2391 2355 2355 2354 2354 2390 2390 2353 2353 2352 2352 2352 2352 2389 2389 2390 2390 2352 2352 2351 2351 2389 2389 2353 2353 2390 2390 2391 2391 2356 2356 2355 2355 2391 2391 2358 2358 2357 2357 2392 2392 2376 2376 2360 2360 2392 2392 2377 2377 2392 2392 2391 2391 2380 2380 2391 2391 2390 2390 2386 2386 2390 2390 2389 2389 2393 2393 2394 2394 2395 2395 2396 2396 2397 2397 2398 2398 2399 2399 2398 2398 2397 2397 2400 2400 2399 2399 2401 2401 2402 2402 2403 2403 2404 2404 2388 2388 2387 2387 2405 2405 2394 2394 2406 2406 2407 2407 2394 2394 2408 2408 2409 2409 2409 2409 2406 2406 2394 2394 2407 2407 2410 2410 2394 2394 2410 2410 2395 2395 2394 2394 2405 2405 2403 2403 2388 2388 2403 2403 2405 2405 2404 2404 2404 2404 2400 2400 2402 2402 2401 2401 2402 2402 2400 2400 2397 2397 2401 2401 2399 2399 2398 2398 2393 2393 2396 2396 2395 2395 2396 2396 2393 2393 2411 2411 2408 2408 2394 2394 2412 2412 2393 2393 2398 2398 2399 2399 2413 2413 2414 2414 2399 2399 2400 2400 2415 2415 2416 2416 2415 2415 2400 2400 2417 2417 2416 2416 2405 2405 2405 2405 2387 2387 2417 2417 2416 2416 2404 2404 2405 2405 2400 2400 2404 2404 2416 2416 2415 2415 2413 2413 2399 2399 2414 2414 2398 2398 2399 2399 2398 2398 2414 2414 2412 2412 2412 2412 2394 2394 2393 2393 2394 2394 2412 2412 2411 2411 2368 2368 2318 2318 2317 2317 2368 2368 2264 2264 2318 2318 2317 2317 2315 2315 2368 2368 2368 2368 2250 2250 2264 2264 2368 2368 2252 2252 2250 2250 2418 2418 2253 2253 2368 2368 2253 2253 2252 2252 2368 2368 2418 2418 2256 2256 2253 2253 2417 2417 2254 2254 2256 2256 2417 2417 2387 2387 2389 2389 2389 2389 2254 2254 2417 2417 2389 2389 2255 2255 2254 2254 2256 2256 2418 2418 2417 2417 2368 2368 2372 2372 2418 2418 2389 2389 2345 2345 2343 2343 2343 2343 2341 2341 2389 2389 2389 2389 2351 2351 2345 2345 2341 2341 2259 2259 2389 2389 2259 2259 2257 2257 2389 2389 2257 2257 2255 2255 2389 2389 2315 2315 2325 2325 2368 2368 2419 2419 2411 2411 2412 2412 2420 2420 2412 2412 2414 2414 2415 2415 2421 2421 2422 2422 2423 2423 2414 2414 2413 2413 2413 2413 2422 2422 2423 2423 2421 2421 2415 2415 2416 2416 2424 2424 2416 2416 2417 2417 2417 2417 2418 2418 2424 2424 2416 2416 2424 2424 2421 2421 2422 2422 2413 2413 2415 2415 2414 2414 2423 2423 2420 2420 2412 2412 2420 2420 2419 2419 2419 2419 2420 2420 2425 2425 2420 2420 2423 2423 2426 2426 2427 2427 2426 2426 2423 2423 2427 2427 2422 2422 2421 2421 2424 2424 2428 2428 2429 2429 2418 2418 2372 2372 2430 2430 2430 2430 2424 2424 2418 2418 2430 2430 2428 2428 2424 2424 2429 2429 2421 2421 2424 2424 2421 2421 2429 2429 2427 2427 2423 2423 2422 2422 2427 2427 2426 2426 2431 2431 2420 2420 2431 2431 2425 2425 2420 2420 2425 2425 2432 2432 2419 2419 2372 2372 2373 2373 2433 2433 2430 2430 2433 2433 2434 2434 2428 2428 2434 2434 2435 2435 2429 2429 2435 2435 2436 2436 2437 2437 2431 2431 2426 2426 2438 2438 2425 2425 2431 2431 2439 2439 2432 2432 2425 2425 2425 2425 2438 2438 2439 2439 2431 2431 2437 2437 2438 2438 2426 2426 2436 2436 2437 2437 2436 2436 2426 2426 2427 2427 2436 2436 2427 2427 2429 2429 2435 2435 2429 2429 2428 2428 2434 2434 2428 2428 2430 2430 2433 2433 2430 2430 2372 2372 2440 2440 2441 2441 2442 2442 2443 2443 2444 2444 2445 2445 2411 2411 2419 2419 2444 2444 2444 2444 2443 2443 2411 2411 2445 2445 2442 2442 2443 2443 2442 2442 2445 2445 2440 2440 2446 2446 2447 2447 2448 2448 2449 2449 2448 2448 2450 2450 2451 2451 2446 2446 2449 2449 2452 2452 2449 2449 2453 2453 2451 2451 2454 2454 2455 2455 2451 2451 2456 2456 2454 2454 2455 2455 2446 2446 2451 2451 2447 2447 2409 2409 2408 2408 2408 2408 2443 2443 2447 2447 2446 2446 2457 2457 2458 2458 2458 2458 2409 2409 2446 2446 2409 2409 2447 2447 2446 2446 2447 2447 2443 2443 2442 2442 2450 2450 2459 2459 2460 2460 2460 2460 2453 2453 2450 2450 2453 2453 2461 2461 2462 2462 2462 2462 2463 2463 2453 2453 2463 2463 2464 2464 2465 2465 2452 2452 2463 2463 2466 2466 2463 2463 2467 2467 2466 2466 2451 2451 2452 2452 2468 2468 2452 2452 2469 2469 2468 2468 2451 2451 2470 2470 2471 2471 2470 2470 2472 2472 2471 2471 2471 2471 2456 2456 2451 2451 2468 2468 2470 2470 2451 2451 2466 2466 2469 2469 2452 2452 2465 2465 2467 2467 2463 2463 2462 2462 2464 2464 2463 2463 2460 2460 2461 2461 2453 2453 2459 2459 2450 2450 2441 2441 2442 2442 2441 2441 2447 2447 2408 2408 2411 2411 2443 2443 2455 2455 2457 2457 2446 2446 2453 2453 2463 2463 2452 2452 2449 2449 2452 2452 2451 2451 2450 2450 2453 2453 2449 2449 2448 2448 2449 2449 2446 2446 2450 2450 2448 2448 2441 2441 2448 2448 2447 2447 2441 2441 2458 2458 2410 2410 2407 2407 2407 2407 2406 2406 2458 2458 2401 2401 2397 2397 2458 2458 2402 2402 2401 2401 2457 2457 2458 2458 2395 2395 2410 2410 2457 2457 2455 2455 2402 2402 2473 2473 2474 2474 2475 2475 2473 2473 2476 2476 2477 2477 2384 2384 2478 2478 2479 2479 2458 2458 2396 2396 2395 2395 2458 2458 2457 2457 2401 2401 2480 2480 2471 2471 2472 2472 2475 2475 2481 2481 2473 2473 2477 2477 2482 2482 2473 2473 2384 2384 2483 2483 2478 2478 2397 2397 2396 2396 2458 2458 2480 2480 2388 2388 2403 2403 2388 2388 2480 2480 2484 2484 2480 2480 2456 2456 2471 2471 2477 2477 2485 2485 2486 2486 2473 2473 2487 2487 2488 2488 2482 2482 2474 2474 2473 2473 2384 2384 2489 2489 2483 2483 2384 2384 2386 2386 2490 2490 2455 2455 2403 2403 2402 2402 2484 2484 2386 2386 2388 2388 2480 2480 2454 2454 2456 2456 2472 2472 2486 2486 2491 2491 2477 2477 2476 2476 2485 2485 2481 2481 2487 2487 2473 2473 2490 2490 2489 2489 2384 2384 2403 2403 2455 2455 2480 2480 2480 2480 2455 2455 2454 2454 2486 2486 2472 2472 2477 2477 2492 2492 2479 2479 2473 2473 2386 2386 2493 2493 2490 2490 2472 2472 2494 2494 2480 2480 2488 2488 2492 2492 2473 2473 2386 2386 2484 2484 2493 2493 2491 2491 2494 2494 2472 2472 2406 2406 2409 2409 2458 2458 2479 2479 2492 2492 2384 2384 2495 2495 2496 2496 2497 2497 2498 2498 2497 2497 2499 2499 2500 2500 2495 2495 2498 2498 2501 2501 2498 2498 2502 2502 2503 2503 2500 2500 2501 2501 2504 2504 2501 2501 2505 2505 2506 2506 2503 2503 2504 2504 2507 2507 2504 2504 2508 2508 2503 2503 2506 2506 2492 2492 2492 2492 2488 2488 2503 2503 2500 2500 2503 2503 2487 2487 2487 2487 2481 2481 2500 2500 2495 2495 2500 2500 2475 2475 2496 2496 2495 2495 2474 2474 2474 2474 2482 2482 2496 2496 2482 2482 2477 2477 2496 2496 2475 2475 2474 2474 2495 2495 2481 2481 2475 2475 2500 2500 2488 2488 2487 2487 2503 2503 2508 2508 2509 2509 2507 2507 2504 2504 2507 2507 2506 2506 2505 2505 2508 2508 2504 2504 2501 2501 2504 2504 2503 2503 2502 2502 2505 2505 2501 2501 2498 2498 2501 2501 2500 2500 2499 2499 2502 2502 2498 2498 2497 2497 2498 2498 2495 2495 2491 2491 2486 2486 2510 2510 2494 2494 2491 2491 2511 2511 2480 2480 2494 2494 2512 2512 2484 2484 2480 2480 2513 2513 2493 2493 2484 2484 2514 2514 2490 2490 2493 2493 2515 2515 2489 2489 2490 2490 2516 2516 2483 2483 2489 2489 2517 2517 2478 2478 2483 2483 2518 2518 2519 2519 2473 2473 2479 2479 2478 2478 2520 2520 2521 2521 2521 2521 2479 2479 2478 2478 2476 2476 2473 2473 2519 2519 2485 2485 2476 2476 2522 2522 2486 2486 2485 2485 2523 2523 2523 2523 2510 2510 2486 2486 2522 2522 2523 2523 2485 2485 2519 2519 2522 2522 2476 2476 2479 2479 2521 2521 2519 2519 2518 2518 2520 2520 2478 2478 2517 2517 2518 2518 2483 2483 2516 2516 2517 2517 2489 2489 2515 2515 2516 2516 2490 2490 2514 2514 2515 2515 2493 2493 2513 2513 2514 2514 2484 2484 2512 2512 2513 2513 2480 2480 2511 2511 2512 2512 2494 2494 2510 2510 2511 2511 2491 2491 2524 2524 2525 2525 2516 2516 2526 2526 2517 2517 2516 2516 2527 2527 2528 2528 2521 2521 2516 2516 2525 2525 2526 2526 2529 2529 2518 2518 2517 2517 2528 2528 2519 2519 2521 2521 2530 2530 2522 2522 2519 2519 2531 2531 2510 2510 2523 2523 2532 2532 2524 2524 2515 2515 2517 2517 2526 2526 2529 2529 2527 2527 2520 2520 2518 2518 2519 2519 2528 2528 2530 2530 2533 2533 2523 2523 2522 2522 2523 2523 2533 2533 2531 2531 2534 2534 2532 2532 2514 2514 2516 2516 2515 2515 2524 2524 2521 2521 2520 2520 2527 2527 2531 2531 2535 2535 2510 2510 2536 2536 2537 2537 2512 2512 2537 2537 2534 2534 2513 2513 2515 2515 2514 2514 2532 2532 2522 2522 2530 2530 2533 2533 2535 2535 2536 2536 2511 2511 2513 2513 2512 2512 2537 2537 2518 2518 2529 2529 2527 2527 2512 2512 2511 2511 2536 2536 2511 2511 2510 2510 2535 2535 2514 2514 2513 2513 2534 2534 2538 2538 2539 2539 2467 2467 2539 2539 2466 2466 2467 2467 2465 2465 2540 2540 2541 2541 2541 2541 2542 2542 2465 2465 2542 2542 2538 2538 2465 2465 2469 2469 2466 2466 2543 2543 2544 2544 2468 2468 2469 2469 2466 2466 2539 2539 2543 2543 2543 2543 2544 2544 2469 2469 2477 2477 2545 2545 2546 2546 2477 2477 2547 2547 2545 2545 2477 2477 2531 2531 2547 2547 2472 2472 2535 2535 2531 2531 2531 2531 2477 2477 2472 2472 2470 2470 2468 2468 2548 2548 2549 2549 2472 2472 2470 2470 2548 2548 2549 2549 2470 2470 2549 2549 2550 2550 2472 2472 2550 2550 2535 2535 2472 2472 2496 2496 2551 2551 2552 2552 2552 2552 2497 2497 2496 2496 2496 2496 2546 2546 2551 2551 2499 2499 2553 2553 2554 2554 2499 2499 2555 2555 2553 2553 2499 2499 2497 2497 2556 2556 2556 2556 2555 2555 2499 2499 2554 2554 2557 2557 2499 2499 2552 2552 2556 2556 2497 2497 2546 2546 2496 2496 2477 2477 2544 2544 2548 2548 2468 2468 2467 2467 2465 2465 2538 2538 2536 2536 2535 2535 2550 2550 2537 2537 2536 2536 2549 2549 2549 2549 2548 2548 2537 2537 2534 2534 2537 2537 2544 2544 2532 2532 2534 2534 2543 2543 2543 2543 2539 2539 2532 2532 2524 2524 2532 2532 2538 2538 2538 2538 2542 2542 2524 2524 2525 2525 2524 2524 2540 2540 2524 2524 2541 2541 2540 2540 2526 2526 2525 2525 2558 2558 2526 2526 2559 2559 2557 2557 2557 2557 2529 2529 2526 2526 2529 2529 2553 2553 2555 2555 2529 2529 2554 2554 2553 2553 2527 2527 2556 2556 2552 2552 2527 2527 2555 2555 2556 2556 2528 2528 2552 2552 2551 2551 2530 2530 2546 2546 2545 2545 2530 2530 2551 2551 2546 2546 2533 2533 2545 2545 2547 2547 2547 2547 2531 2531 2533 2533 2545 2545 2533 2533 2530 2530 2551 2551 2530 2530 2528 2528 2552 2552 2528 2528 2527 2527 2555 2555 2527 2527 2529 2529 2557 2557 2554 2554 2529 2529 2558 2558 2559 2559 2526 2526 2540 2540 2558 2558 2525 2525 2542 2542 2541 2541 2524 2524 2539 2539 2538 2538 2532 2532 2544 2544 2543 2543 2534 2534 2548 2548 2544 2544 2537 2537 2550 2550 2549 2549 2536 2536 2560 2560 2558 2558 2540 2540 2559 2559 2558 2558 2560 2560 2560 2560 2561 2561 2559 2559 2562 2562 2499 2499 2557 2557 2559 2559 2561 2561 2562 2562 2557 2557 2559 2559 2562 2562 2560 2560 2563 2563 2561 2561 2540 2540 2465 2465 2560 2560 2564 2564 2565 2565 2563 2563 2566 2566 2567 2567 2565 2565 2566 2566 2568 2568 2569 2569 2568 2568 2570 2570 2571 2571 2560 2560 2465 2465 2464 2464 2464 2464 2564 2564 2560 2560 2564 2564 2462 2462 2461 2461 2461 2461 2566 2566 2564 2564 2566 2566 2460 2460 2459 2459 2459 2459 2441 2441 2570 2570 2570 2570 2568 2568 2459 2459 2459 2459 2568 2568 2566 2566 2461 2461 2460 2460 2566 2566 2464 2464 2462 2462 2564 2564 2571 2571 2569 2569 2568 2568 2569 2569 2567 2567 2566 2566 2565 2565 2564 2564 2566 2566 2563 2563 2560 2560 2564 2564 2502 2502 2499 2499 2562 2562 2572 2572 2562 2562 2561 2561 2505 2505 2502 2502 2572 2572 2573 2573 2572 2572 2574 2574 2508 2508 2505 2505 2573 2573 2575 2575 2573 2573 2576 2576 2509 2509 2508 2508 2575 2575 2577 2577 2575 2575 2578 2578 2578 2578 2579 2579 2577 2577 2575 2575 2577 2577 2509 2509 2576 2576 2578 2578 2575 2575 2573 2573 2575 2575 2508 2508 2574 2574 2576 2576 2573 2573 2572 2572 2573 2573 2505 2505 2561 2561 2574 2574 2572 2572 2562 2562 2572 2572 2502 2502 2580 2580 2581 2581 2582 2582 2561 2561 2583 2583 2581 2581 2561 2561 2563 2563 2583 2583 2581 2581 2580 2580 2561 2561 2582 2582 2584 2584 2580 2580 2574 2574 2561 2561 2580 2580 2576 2576 2574 2574 2585 2585 2578 2578 2576 2576 2586 2586 2579 2579 2578 2578 2587 2587 2585 2585 2580 2580 2584 2584 2584 2584 2588 2588 2585 2585 2586 2586 2585 2585 2589 2589 2589 2589 2590 2590 2586 2586 2586 2586 2591 2591 2592 2592 2586 2586 2590 2590 2593 2593 2593 2593 2591 2591 2586 2586 2587 2587 2594 2594 2595 2595 2587 2587 2592 2592 2594 2594 2595 2595 2596 2596 2587 2587 2592 2592 2587 2587 2586 2586 2589 2589 2597 2597 2590 2590 2588 2588 2589 2589 2585 2585 2587 2587 2596 2596 2579 2579 2586 2586 2587 2587 2578 2578 2585 2585 2586 2586 2576 2576 2580 2580 2585 2585 2574 2574 2598 2598 2599 2599 2600 2600 2601 2601 2600 2600 2602 2602 2603 2603 2598 2598 2601 2601 2604 2604 2601 2601 2605 2605 2606 2606 2605 2605 2607 2607 2605 2605 2608 2608 2607 2607 2609 2609 2610 2610 2611 2611 2606 2606 2611 2611 2612 2612 2612 2612 2604 2604 2606 2606 2604 2604 2613 2613 2614 2614 2614 2614 2603 2603 2604 2604 2603 2603 2615 2615 2616 2616 2598 2598 2603 2603 2617 2617 2603 2603 2618 2618 2617 2617 2599 2599 2598 2598 2619 2619 2598 2598 2620 2620 2619 2619 2602 2602 2440 2440 2445 2445 2605 2605 2602 2602 2439 2439 2602 2602 2444 2444 2432 2432 2444 2444 2419 2419 2432 2432 2432 2432 2439 2439 2602 2602 2439 2439 2608 2608 2605 2605 2445 2445 2444 2444 2602 2602 2440 2440 2599 2599 2621 2621 2619 2619 2621 2621 2599 2599 2617 2617 2620 2620 2598 2598 2616 2616 2618 2618 2603 2603 2614 2614 2615 2615 2603 2603 2612 2612 2613 2613 2604 2604 2611 2611 2606 2606 2609 2609 2607 2607 2609 2609 2606 2606 2605 2605 2606 2606 2604 2604 2601 2601 2604 2604 2603 2603 2602 2602 2605 2605 2601 2601 2600 2600 2601 2601 2598 2598 2602 2602 2600 2600 2440 2440 2600 2600 2599 2599 2440 2440 2622 2622 2623 2623 2610 2610 2622 2622 2436 2436 2435 2435 2363 2363 2362 2362 2624 2624 2362 2362 2625 2625 2626 2626 2627 2627 2626 2626 2625 2625 2627 2627 2628 2628 2629 2629 2627 2627 2630 2630 2631 2631 2627 2627 2632 2632 2633 2633 2622 2622 2607 2607 2608 2608 2610 2610 2609 2609 2622 2622 2634 2634 2434 2434 2433 2433 2435 2435 2634 2634 2635 2635 2624 2624 2636 2636 2363 2363 2625 2625 2632 2632 2627 2627 2627 2627 2637 2637 2628 2628 2633 2633 2630 2630 2627 2627 2609 2609 2607 2607 2622 2622 2433 2433 2373 2373 2634 2634 2435 2435 2635 2635 2622 2622 2362 2362 2638 2638 2624 2624 2626 2626 2639 2639 2362 2362 2631 2631 2637 2637 2627 2627 2610 2610 2640 2640 2641 2641 2608 2608 2437 2437 2436 2436 2435 2435 2434 2434 2634 2634 2639 2639 2638 2638 2362 2362 2629 2629 2641 2641 2642 2642 2610 2610 2643 2643 2640 2640 2608 2608 2438 2438 2437 2437 2636 2636 2634 2634 2363 2363 2641 2641 2629 2629 2610 2610 2608 2608 2439 2439 2438 2438 2629 2629 2642 2642 2627 2627 2608 2608 2436 2436 2622 2622 2623 2623 2643 2643 2610 2610 2373 2373 2363 2363 2634 2634 2644 2644 2645 2645 2646 2646 2647 2647 2646 2646 2648 2648 2649 2649 2644 2644 2647 2647 2650 2650 2647 2647 2651 2651 2652 2652 2649 2649 2650 2650 2653 2653 2650 2650 2654 2654 2655 2655 2652 2652 2653 2653 2656 2656 2653 2653 2657 2657 2648 2648 2628 2628 2637 2637 2648 2648 2629 2629 2628 2628 2651 2651 2631 2631 2630 2630 2651 2651 2637 2637 2631 2631 2654 2654 2633 2633 2632 2632 2654 2654 2630 2630 2633 2633 2657 2657 2632 2632 2625 2625 2625 2625 2658 2658 2657 2657 2632 2632 2657 2657 2654 2654 2630 2630 2654 2654 2651 2651 2637 2637 2651 2651 2648 2648 2657 2657 2658 2658 2656 2656 2653 2653 2656 2656 2655 2655 2654 2654 2657 2657 2653 2653 2650 2650 2653 2653 2652 2652 2651 2651 2654 2654 2650 2650 2647 2647 2650 2650 2649 2649 2648 2648 2651 2651 2647 2647 2646 2646 2647 2647 2644 2644 2308 2308 2659 2659 2660 2660 2659 2659 2308 2308 2307 2307 2660 2660 2332 2332 2308 2308 2384 2384 2506 2506 2507 2507 2509 2509 2381 2381 2382 2382 2311 2311 2361 2361 2577 2577 2660 2660 2655 2655 2332 2332 2655 2655 2362 2362 2365 2365 2362 2362 2655 2655 2656 2656 2384 2384 2492 2492 2506 2506 2509 2509 2378 2378 2381 2381 2361 2361 2509 2509 2577 2577 2579 2579 2596 2596 2310 2310 2661 2661 2307 2307 2305 2305 2655 2655 2340 2340 2332 2332 2365 2365 2367 2367 2655 2655 2656 2656 2658 2658 2362 2362 2382 2382 2384 2384 2509 2509 2310 2310 2311 2311 2579 2579 2307 2307 2661 2661 2659 2659 2658 2658 2625 2625 2362 2362 2509 2509 2375 2375 2378 2378 2577 2577 2579 2579 2311 2311 2596 2596 2595 2595 2306 2306 2655 2655 2337 2337 2340 2340 2367 2367 2334 2334 2655 2655 2509 2509 2374 2374 2375 2375 2306 2306 2310 2310 2596 2596 2662 2662 2305 2305 2306 2306 2334 2334 2337 2337 2655 2655 2361 2361 2374 2374 2509 2509 2305 2305 2662 2662 2661 2661 2306 2306 2595 2595 2662 2662 2507 2507 2509 2509 2384 2384 2663 2663 2664 2664 2665 2665 2666 2666 2665 2665 2645 2645 2667 2667 2663 2663 2666 2666 2668 2668 2666 2666 2644 2644 2669 2669 2667 2667 2668 2668 2670 2670 2668 2668 2649 2649 2659 2659 2669 2669 2670 2670 2660 2660 2670 2670 2652 2652 2652 2652 2655 2655 2660 2660 2670 2670 2660 2660 2659 2659 2649 2649 2652 2652 2670 2670 2668 2668 2670 2670 2669 2669 2644 2644 2649 2649 2668 2668 2666 2666 2668 2668 2667 2667 2645 2645 2644 2644 2666 2666 2665 2665 2666 2666 2663 2663 2671 2671 2672 2672 2618 2618 2672 2672 2617 2617 2618 2618 2672 2672 2673 2673 2620 2620 2673 2673 2619 2619 2620 2620 2673 2673 2674 2674 2621 2621 2621 2621 2674 2674 2675 2675 2672 2672 2671 2671 2676 2676 2673 2673 2672 2672 2677 2677 2673 2673 2678 2678 2679 2679 2674 2674 2679 2679 2680 2680 2680 2680 2675 2675 2674 2674 2679 2679 2674 2674 2673 2673 2677 2677 2678 2678 2673 2673 2676 2676 2677 2677 2672 2672 2675 2675 2440 2440 2621 2621 2621 2621 2619 2619 2673 2673 2620 2620 2617 2617 2672 2672 2618 2618 2616 2616 2671 2671 2440 2440 2675 2675 2570 2570 2570 2570 2675 2675 2680 2680 2681 2681 2682 2682 2683 2683 2681 2681 2680 2680 2682 2682 2683 2683 2684 2684 2681 2681 2681 2681 2571 2571 2680 2680 2680 2680 2571 2571 2570 2570 2570 2570 2441 2441 2440 2440 2636 2636 2624 2624 2685 2685 2634 2634 2636 2636 2686 2686 2635 2635 2634 2634 2687 2687 2623 2623 2622 2622 2688 2688 2688 2688 2622 2622 2635 2635 2635 2635 2689 2689 2688 2688 2643 2643 2623 2623 2690 2690 2640 2640 2643 2643 2691 2691 2641 2641 2640 2640 2692 2692 2642 2642 2641 2641 2693 2693 2627 2627 2642 2642 2694 2694 2626 2626 2627 2627 2695 2695 2639 2639 2626 2626 2696 2696 2638 2638 2639 2639 2697 2697 2624 2624 2638 2638 2698 2698 2698 2698 2685 2685 2624 2624 2697 2697 2698 2698 2638 2638 2696 2696 2697 2697 2639 2639 2695 2695 2696 2696 2626 2626 2694 2694 2695 2695 2627 2627 2693 2693 2694 2694 2642 2642 2692 2692 2693 2693 2641 2641 2691 2691 2692 2692 2640 2640 2690 2690 2691 2691 2643 2643 2688 2688 2690 2690 2623 2623 2687 2687 2689 2689 2635 2635 2686 2686 2687 2687 2634 2634 2685 2685 2686 2686 2636 2636 2645 2645 2699 2699 2700 2700 2645 2645 2701 2701 2702 2702 2702 2702 2703 2703 2645 2645 2703 2703 2699 2699 2645 2645 2648 2648 2646 2646 2704 2704 2646 2646 2700 2700 2704 2704 2704 2704 2705 2705 2648 2648 2611 2611 2706 2706 2707 2707 2707 2707 2612 2612 2611 2611 2610 2610 2708 2708 2706 2706 2610 2610 2709 2709 2708 2708 2610 2610 2629 2629 2710 2710 2710 2710 2709 2709 2610 2610 2629 2629 2648 2648 2711 2711 2711 2711 2712 2712 2629 2629 2712 2712 2713 2713 2629 2629 2713 2713 2710 2710 2629 2629 2613 2613 2714 2714 2715 2715 2715 2715 2614 2614 2613 2613 2613 2613 2612 2612 2714 2714 2612 2612 2707 2707 2714 2714 2616 2616 2716 2716 2717 2717 2616 2616 2718 2718 2716 2716 2718 2718 2616 2616 2615 2615 2615 2615 2719 2719 2718 2718 2615 2615 2614 2614 2719 2719 2717 2717 2720 2720 2616 2616 2715 2715 2719 2719 2614 2614 2611 2611 2610 2610 2706 2706 2705 2705 2711 2711 2648 2648 2700 2700 2646 2646 2645 2645 2721 2721 2722 2722 2690 2690 2723 2723 2721 2721 2689 2689 2690 2690 2688 2688 2721 2721 2688 2688 2689 2689 2721 2721 2722 2722 2724 2724 2691 2691 2725 2725 2698 2698 2697 2697 2726 2726 2685 2685 2698 2698 2727 2727 2728 2728 2686 2686 2691 2691 2690 2690 2722 2722 2724 2724 2709 2709 2692 2692 2709 2709 2710 2710 2693 2693 2729 2729 2694 2694 2693 2693 2698 2698 2725 2725 2726 2726 2685 2685 2726 2726 2727 2727 2728 2728 2723 2723 2687 2687 2692 2692 2691 2691 2724 2724 2693 2693 2710 2710 2729 2729 2730 2730 2695 2695 2694 2694 2686 2686 2685 2685 2727 2727 2689 2689 2687 2687 2723 2723 2694 2694 2729 2729 2730 2730 2731 2731 2696 2696 2695 2695 2687 2687 2686 2686 2728 2728 2695 2695 2730 2730 2731 2731 2732 2732 2697 2697 2696 2696 2693 2693 2692 2692 2709 2709 2697 2697 2732 2732 2725 2725 2696 2696 2731 2731 2732 2732 2729 2729 2710 2710 2713 2713 2730 2730 2729 2729 2712 2712 2712 2712 2711 2711 2730 2730 2731 2731 2730 2730 2705 2705 2732 2732 2731 2731 2704 2704 2704 2704 2700 2700 2732 2732 2725 2725 2732 2732 2699 2699 2699 2699 2703 2703 2725 2725 2726 2726 2725 2725 2701 2701 2725 2725 2702 2702 2701 2701 2727 2727 2726 2726 2733 2733 2727 2727 2734 2734 2720 2720 2720 2720 2728 2728 2727 2727 2728 2728 2716 2716 2718 2718 2728 2728 2717 2717 2716 2716 2723 2723 2719 2719 2715 2715 2723 2723 2718 2718 2719 2719 2721 2721 2715 2715 2714 2714 2722 2722 2707 2707 2706 2706 2722 2722 2714 2714 2707 2707 2724 2724 2706 2706 2708 2708 2708 2708 2709 2709 2724 2724 2706 2706 2724 2724 2722 2722 2714 2714 2722 2722 2721 2721 2715 2715 2721 2721 2723 2723 2718 2718 2723 2723 2728 2728 2720 2720 2717 2717 2728 2728 2733 2733 2734 2734 2727 2727 2701 2701 2733 2733 2726 2726 2703 2703 2702 2702 2725 2725 2700 2700 2699 2699 2732 2732 2705 2705 2704 2704 2731 2731 2711 2711 2705 2705 2730 2730 2713 2713 2712 2712 2729 2729 2665 2665 2733 2733 2701 2701 2701 2701 2645 2645 2665 2665 2733 2733 2664 2664 2671 2671 2664 2664 2676 2676 2671 2671 2671 2671 2616 2616 2720 2720 2720 2720 2734 2734 2671 2671 2671 2671 2734 2734 2733 2733 2665 2665 2664 2664 2733 2733 2735 2735 2736 2736 2664 2664 2737 2737 2735 2735 2663 2663 2738 2738 2737 2737 2667 2667 2661 2661 2738 2738 2669 2669 2738 2738 2739 2739 2740 2740 2738 2738 2661 2661 2662 2662 2662 2662 2739 2739 2738 2738 2737 2737 2738 2738 2741 2741 2741 2741 2742 2742 2737 2737 2737 2737 2743 2743 2744 2744 2743 2743 2745 2745 2744 2744 2735 2735 2746 2746 2747 2747 2735 2735 2744 2744 2746 2746 2747 2747 2736 2736 2735 2735 2744 2744 2735 2735 2737 2737 2742 2742 2743 2743 2737 2737 2740 2740 2741 2741 2738 2738 2669 2669 2659 2659 2661 2661 2667 2667 2669 2669 2738 2738 2663 2663 2667 2667 2737 2737 2664 2664 2663 2663 2735 2735 2736 2736 2747 2747 2748 2748 2664 2664 2736 2736 2749 2749 2749 2749 2750 2750 2664 2664 2750 2750 2676 2676 2664 2664 2748 2748 2749 2749 2736 2736 2751 2751 2752 2752 2753 2753 2751 2751 2754 2754 2752 2752 2753 2753 2755 2755 2751 2751 2743 2743 2590 2590 2754 2754 2590 2590 2597 2597 2754 2754 2754 2754 2756 2756 2743 2743 2593 2593 2742 2742 2741 2741 2741 2741 2591 2591 2593 2593 2590 2590 2743 2743 2742 2742 2739 2739 2594 2594 2592 2592 2739 2739 2662 2662 2595 2595 2595 2595 2594 2594 2739 2739 2591 2591 2741 2741 2740 2740 2740 2740 2739 2739 2591 2591 2592 2592 2591 2591 2739 2739 2593 2593 2590 2590 2742 2742 2756 2756 2745 2745 2743 2743 2751 2751 2756 2756 2754 2754 2757 2757 2588 2588 2584 2584 2757 2757 2597 2597 2589 2589 2589 2589 2588 2588 2757 2757 2757 2757 2752 2752 2754 2754 2757 2757 2758 2758 2753 2753 2753 2753 2752 2752 2757 2757 2754 2754 2597 2597 2757 2757 2584 2584 2582 2582 2757 2757 2758 2758 2759 2759 2760 2760 2758 2758 2761 2761 2755 2755 2755 2755 2753 2753 2758 2758 2760 2760 2761 2761 2758 2758 2762 2762 2746 2746 2744 2744 2762 2762 2748 2748 2747 2747 2747 2747 2746 2746 2762 2762 2762 2762 2751 2751 2755 2755 2762 2762 2745 2745 2756 2756 2756 2756 2751 2751 2762 2762 2755 2755 2761 2761 2762 2762 2744 2744 2745 2745 2762 2762 2763 2763 2567 2567 2569 2569 2581 2581 2583 2583 2764 2764 2763 2763 2765 2765 2764 2764 2764 2764 2567 2567 2763 2763 2565 2565 2764 2764 2583 2583 2681 2681 2684 2684 2766 2766 2569 2569 2571 2571 2681 2681 2763 2763 2766 2766 2767 2767 2768 2768 2765 2765 2763 2763 2769 2769 2581 2581 2765 2765 2765 2765 2768 2768 2769 2769 2769 2769 2770 2770 2581 2581 2770 2770 2582 2582 2581 2581 2763 2763 2771 2771 2768 2768 2767 2767 2771 2771 2763 2763 2767 2767 2766 2766 2684 2684 2766 2766 2569 2569 2681 2681 2583 2583 2563 2563 2565 2565 2764 2764 2565 2565 2567 2567 2764 2764 2765 2765 2581 2581 2569 2569 2766 2766 2763 2763 2757 2757 2582 2582 2772 2772 2582 2582 2770 2770 2772 2772 2757 2757 2773 2773 2759 2759 2759 2759 2758 2758 2757 2757 2772 2772 2773 2773 2757 2757 2684 2684 2774 2774 2775 2775 2773 2773 2772 2772 2776 2776 2777 2777 2776 2776 2775 2775 2772 2772 2769 2769 2768 2768 2772 2772 2770 2770 2769 2769 2776 2776 2768 2768 2771 2771 2771 2771 2775 2775 2776 2776 2774 2774 2684 2684 2778 2778 2777 2777 2774 2774 2779 2779 2774 2774 2780 2780 2779 2779 2773 2773 2777 2777 2781 2781 2781 2781 2759 2759 2773 2773 2779 2779 2781 2781 2777 2777 2778 2778 2780 2780 2774 2774 2771 2771 2767 2767 2775 2775 2768 2768 2776 2776 2772 2772 2775 2775 2774 2774 2777 2777 2776 2776 2777 2777 2773 2773 2775 2775 2767 2767 2684 2684 2782 2782 2678 2678 2783 2783 2678 2678 2677 2677 2783 2783 2680 2680 2679 2679 2784 2784 2749 2749 2785 2785 2783 2783 2677 2677 2676 2676 2750 2750 2782 2782 2784 2784 2679 2679 2786 2786 2787 2787 2785 2785 2749 2749 2748 2748 2786 2786 2788 2788 2789 2789 2782 2782 2785 2785 2787 2787 2788 2788 2782 2782 2789 2789 2790 2790 2791 2791 2683 2683 2682 2682 2784 2784 2790 2790 2791 2791 2682 2682 2784 2784 2791 2791 2790 2790 2784 2784 2782 2782 2782 2782 2785 2785 2788 2788 2785 2785 2749 2749 2786 2786 2679 2679 2678 2678 2782 2782 2750 2750 2783 2783 2677 2677 2783 2783 2750 2750 2749 2749 2784 2784 2682 2682 2680 2680 2783 2783 2785 2785 2782 2782 2792 2792 2778 2778 2684 2684 2792 2792 2780 2780 2778 2778 2779 2779 2780 2780 2792 2792 2781 2781 2779 2779 2793 2793 2794 2794 2759 2759 2781 2781 2793 2793 2794 2794 2781 2781 2794 2794 2760 2760 2759 2759 2792 2792 2793 2793 2779 2779 2684 2684 2683 2683 2792 2792 2786 2786 2748 2748 2762 2762 2761 2761 2760 2760 2795 2795 2795 2795 2762 2762 2761 2761 2795 2795 2796 2796 2762 2762 2762 2762 2796 2796 2786 2786 2683 2683 2797 2797 2798 2798 2796 2796 2795 2795 2799 2799 2800 2800 2799 2799 2798 2798 2795 2795 2760 2760 2794 2794 2798 2798 2799 2799 2793 2793 2799 2799 2794 2794 2793 2793 2797 2797 2683 2683 2791 2791 2800 2800 2797 2797 2789 2789 2797 2797 2790 2790 2789 2789 2796 2796 2800 2800 2787 2787 2800 2800 2788 2788 2787 2787 2787 2787 2786 2786 2796 2796 2789 2789 2788 2788 2800 2800 2791 2791 2790 2790 2797 2797 2793 2793 2792 2792 2798 2798 2794 2794 2799 2799 2795 2795 2798 2798 2797 2797 2800 2800 2799 2799 2800 2800 2796 2796 2798 2798 2792 2792 2683 2683</p>
        </triangles>
      </mesh>
    </geometry>
  </library_geometries>
  <library_materials>
    <material id="4d71de0c7fee41eaacc09dd2118e0732" name="defaultmaterial">
      <instance_effect url="#4bbf5db303d74c83ae310764ddc7881f"/>
    </material>
  </library_materials>
  <library_visual_scenes>
    <visual_scene id="scene">
      <node id="node0" name="node0">
        <instance_geometry url="#9f48e3290d7941838328e88311ed25e6">
          <bind_material>
            <technique_common>
              <instance_material symbol="material0" target="#4d71de0c7fee41eaacc09dd2118e0732"/>
            </technique_common>
          </bind_material>
        </instance_geometry>
      </node>
    </visual_scene>
  </library_visual_scenes>
  <scene>
    <instance_visual_scene url="#scene"/>
  </scene>
</COLLADA>
