<COLLADA xmlns="http://www.collada.org/2005/11/COLLADASchema" version="1.4.1">
  <asset>
    <created>2026-05-22T13:08:30.335687</created>
    <modified>2026-05-22T13:08:30.335691</modified>
    <up_axis>Y_UP</up_axis>
  </asset>
  <library_effects>
    <effect id="06eca42e279348a99904b3f394b5dfc9" name="06eca42e279348a99904b3f394b5dfc9">
      <profile_COMMON>
        <technique sid="common">
          <phong>
            <emission>
              <color>0.0 0.0 0.0 1.0</color>
            </emission>
            <ambient>
              <color>0.0 0.0 0.0 1.0</color>
            </ambient>
            <diffuse>
              <color>0.0 0.0 0.0 1.0</color>
            </diffuse>
            <specular>
              <color>0.0 0.0 0.0 1.0</color>
            </specular>
            <shininess>
              <float>0.0</float>
            </shininess>
            <reflective>
              <color>0.0 0.0 0.0 1.0</color>
            </reflective>
            <reflectivity>
              <float>0.0</float>
            </reflectivity>
            <transparent>
              <color>0.0 0.0 0.0 1.0</color>
            </transparent>
            <transparency>
              <float>1.0</float>
            </transparency>
          </phong>
        </technique>
        <extra>
          <technique profile="GOOGLEEARTH">
            <double_sided>0</double_sided>
          </technique>
        </extra>
      </profile_COMMON>
    </effect>
  </library_effects>
  <library_geometries>
    <geometry id="c48a54f67aed4784a0de719e35af3bd4" name="e7204341c12c4953abb03d7b79ba87ab">
      <mesh>
        <source id="verts-array">
          <float_array count="8646" id="verts-array-array">0.00137391 -0.000601972 9.668372e-18 0.0009367868 -0.001171508 1.718381e-17 0.0009367868 -0.001171508 0.016 0.001496288 0.0001054682 -6.196972e-20 0.00137391 -0.000601972 0.016 0.001275883 0.0007887469 -9.778115e-18 0.001496288 0.0001054682 0.016 0.0007631896 0.001291333 -1.725421e-17 0.001275883 0.0007887469 0.016 7.565835e-05 0.001498091 -2.077758e-17 0.0007631896 0.001291333 0.016 -0.0006292053 0.001361654 -1.954105e-17 7.565835e-05 0.001498091 0.016 -0.001189926 0.0009132781 -1.38279e-17 -0.0006292053 0.001361654 0.016 -0.001478048 0.0002556816 -4.946951e-18 -0.001189926 0.0009132781 0.016 -0.001427568 -0.0004604885 5.067289e-18 -0.001478048 0.0002556816 0.016 -0.001050049 -0.001071166 1.392067e-17 -0.001171508 -0.0009367868 1.193642e-17 -0.001171508 -0.0009367868 0.016 -0.001427568 -0.0004604885 0.016 -0.0004319764 -0.001436453 1.9585e-17 -0.001050049 -0.001071166 0.016 0.0002850567 -0.001472665 2.076264e-17 -0.0004319764 -0.001436453 0.016 0.0002850567 -0.001472665 0.016 -0.004231255 -0.001682043 2.428613e-17 0.008966969 -0.001427183 3.469447e-17 0.00707013 -0.003436354 5.551115e-17 0.01041018 -0.0004048033 2.172628e-17 0.01226371 -1.644361e-05 4.163336e-17 0.01213592 -1.755964e-05 1.795846e-17 0.006358612 -0.004701536 5.561706e-17 -0.00196853 0.00410581 -4.163336e-17 -0.0003814899 0.004517022 -6.465212e-17 0.001387442 0.004235564 -4.510281e-17 0.006324346 -0.006152663 7.577994e-17 -0.00185312 -0.00405351 5.551115e-17 0.006975354 -0.007450019 9.444666e-17 -0.003343913 -0.003060599 5.426267e-17 0.007050556 -0.007534347 1.00614e-16 0.00707013 -0.003436354 -0.0037 0.008966969 -0.001427183 -0.0037 -0.001962353 -0.004332917 0.0003 0.007918987 -0.008183615 0.0002884982 0.00815923 -0.008289887 0.0003 0.00815923 -0.008289887 -0.0037 0.006975354 -0.007450019 -0.0037 0.006324346 -0.006152663 -0.0037 0.006358612 -0.004701536 -0.0037 0.001496674 0.004514971 0.0003 0.01243389 -2.059385e-05 5.809853e-05 0.01387759 -0.0003252712 0.0003 0.01041018 -0.0004048033 -0.0037 0.01387759 -0.0003252712 -0.0037 0.01213592 -1.755964e-05 -0.0037 0.009185112 -0.001633129 -0.004 0.007288272 -0.0036423 -0.004 0.006647906 -0.004780964 -0.004 0.006617067 -0.006086979 -0.004 0.007202974 -0.007254599 -0.004 0.008268463 -0.00801048 -0.004 0.03552476 -0.01898827 -0.0037 0.03563399 -0.01870886 -0.004 0.01376836 -0.0006046782 -0.004 0.0121428 -0.0003174808 -0.004 0.01053211 -0.0006789082 -0.004 0.03898378 -0.01014038 -0.0037 0.03887455 -0.01041979 -0.004 0.0358267 -0.01502481 -0.004 0.03608276 -0.01550111 -0.004 0.03577622 -0.01430864 -0.004 0.03620422 -0.01563549 -0.004 0.04165544 -0.01522173 -0.004 0.04093435 -0.01706623 -0.004 0.03862818 -0.01516629 -0.004 0.03948437 -0.01841518 -0.004 0.03819105 -0.01573583 -0.004 0.04051234 -0.01153324 -0.004 0.03853015 -0.01377557 -0.004 0.03801746 -0.01327299 -0.004 0.04150483 -0.01324703 -0.004 0.03875056 -0.01445885 -0.004 0.03759269 -0.01900144 -0.004 0.03753933 -0.01603699 -0.004 0.03682229 -0.01600078 -0.004 0.03606434 -0.01365104 -0.004 0.03732993 -0.01306623 -0.004 0.03662506 -0.01320267 -0.004 0.03761551 -0.01930057 -0.0037 0.03963471 -0.01867479 -0.0037 0.04118244 -0.01723489 -0.0037 0.04195215 -0.01526605 -0.0037 0.04179138 -0.01315823 -0.0037 0.04073199 -0.01132889 -0.0037 0.03552476 -0.01898827 -0.001 0.03761551 -0.01930057 -0.001 0.03963471 -0.01867479 -0.001 0.04118244 -0.01723489 -0.001 0.04195215 -0.01526605 -0.001 0.04179138 -0.01315823 -0.001 0.04073199 -0.01132889 -0.001 0.03898378 -0.01014038 -0.001 0.03819105 -0.01573583 -0.001 0.03862818 -0.01516629 -0.001 0.03875056 -0.01445885 -0.001 0.03853015 -0.01377557 -0.001 0.03801746 -0.01327299 -0.001 0.03732993 -0.01306623 -0.001 0.03662506 -0.01320267 -0.001 0.03606434 -0.01365104 -0.001 0.03577622 -0.01430864 -0.001 0.0358267 -0.01502481 -0.001 0.03608276 -0.01550111 -0.001 0.03620422 -0.01563549 -0.001 0.03682229 -0.01600078 -0.001 0.03753933 -0.01603699 -0.001 -0.004510354 -0.001792059 0.0003 -0.003559631 -0.003269084 0.0003 -0.004805153 0.0002679847 0.0004751832 -0.004609795 0.0001916145 0.0001842265 -0.001962353 -0.004332917 0.0025 -0.003166701 -0.00363012 0.0025 -0.004568393 -0.001636467 0.0025 -0.004798659 -0.0006174516 0.0025 -0.003559631 -0.003269084 0.0025 -0.004280628 -0.002285183 0.0025 -0.004805167 0.0002679962 0.0025 -0.004983046 -0.0006370507 0.003538351 -0.004443669 -0.002373503 0.003538351 -0.005053233 -0.002703703 0.00462132 -0.007781853 -0.0009345445 0.0055 -0.007666477 0.001386607 0.0055 -0.006709285 0.001012399 0.005324477 -0.005672416 -0.0007103259 0.00462132 -0.006749319 -0.0008247932 0.005314574 -0.005860084 0.0006804093 0.004819131 -0.00521476 0.0004281237 0.004037584 -0.00565152 0.0005988725 0.004621536 -0.004860531 0.0002896403 0.003082705 -0.004984945 0.0003382792 0.003539197 -0.003283842 -0.003773858 0.003538351 -0.003090136 -0.003866158 0.00340409 -0.003245771 -0.003797998 0.003524728 -0.002180423 -0.004246848 0.002676511 -0.004666551 -0.003151095 0.004521593 -0.004668535 -0.00315017 0.004522805 -0.003304495 -0.003772099 0.003569875 -0.0041145 -0.00340669 0.004162567 -0.003300336 -0.003773937 0.003566685 -0.004521082 -0.003218811 0.004431208 -0.004633923 -0.0031663 0.004501593 -0.004659118 -0.00315456 0.004517051 -0.003289547 -0.003778701 0.003558405 -0.00535276 -0.002832515 0.004903775 -0.006313322 -0.002390361 0.005291552 -0.007640286 -0.001791054 0.0055 -0.004680128 -0.003270312 0.004779808 -0.004930795 -0.003172302 0.004934866 -0.004614322 -0.003296118 0.004737294 -0.004600985 -0.003301352 0.004728592 -0.004596849 -0.003302976 0.004725886 -0.004595718 -0.00330342 0.004725146 -0.006004548 -0.00275262 0.005459256 -0.007749518 -0.002070461 0.0058 -0.003236822 -0.003834672 0.00367693 -0.003238719 -0.003833929 0.003678578 -0.003245029 -0.00383146 0.003684056 -0.003391666 -0.003774113 0.003810133 -0.00327016 -0.003821628 0.003705832 -0.003835123 -0.003600637 0.004173649 -0.02142377 0.003597513 0.0055 -0.021533 0.003318106 0.0058 -0.008322773 0.001643182 0.004399714 -0.005808546 0.0006602608 0.001100287 -0.009288758 0.002020828 0.005211009 -0.01048526 0.002488594 0.0055 -0.00484256 0.0002826148 0.000288991 -0.007230448 0.004437252 0.004399714 -0.004716222 0.003454331 0.001100287 -0.009392939 0.005282664 0.0055 -0.008196434 0.004814898 0.005211009 -0.003750236 0.003076685 0.000288991 -0.003517457 0.002985675 0.0001842266 -0.0003986097 0.004816533 0.0003 -0.00209901 0.004375949 0.0003 -0.003712824 0.003062065 0.0004751832 -0.004311677 0.003296176 0.00432738 -0.003868354 0.003122862 0.0034685 -0.004559099 0.003392905 0.004621434 -0.005590576 0.003796154 0.005314371 -0.005004284 0.003566947 0.005002034 -0.005889244 0.003912917 0.005411328 -0.003712843 0.003062066 0.0025 -0.006574153 0.004180677 0.0055 0.0001349998 0.004815344 0.0025 -0.0003986097 0.004816533 0.0025 -0.001595744 0.004582514 0.0025 -0.002247188 0.004300975 0.0025 -0.003107524 0.003708324 0.0025 0.001496674 0.004514971 0.0025 -0.001655655 0.004757995 0.003538351 -0.003229728 0.003847783 0.003538351 -0.003686615 0.00436918 0.00462132 0.0001464061 0.005000419 0.003538351 -0.004400343 0.005183683 0.005314574 -0.005084665 0.005964629 0.0055 -0.004399724 0.006498021 0.0055 -0.003035657 0.006044146 0.00529662 -0.002231138 0.005782641 0.005003703 -0.001879642 0.005414067 0.00462132 -0.001474929 0.005539136 0.004625876 0.0001284596 0.005013673 0.003571045 0.0001299664 0.005013158 0.003569927 -0.001294269 0.005481282 0.00452288 -0.0003287742 0.005167626 0.003901316 -0.001297744 0.005482394 0.004524904 4.191022e-05 0.00504317 0.003634974 0.0001044682 0.005021868 0.003588828 0.0001250686 0.005014832 0.003573562 -0.001350129 0.005499168 0.004555216 -0.001305395 0.005484844 0.004529355 0.0001737295 0.004998179 0.003537417 -0.004290492 0.006777428 0.0058 -0.001928472 0.005853945 0.00518612 -0.001136692 0.005544469 0.004725146 -0.001002025 0.005491805 0.004634867 -0.0005677408 0.005321913 0.004321704 -0.001098458 0.005529521 0.004699861 -0.001127506 0.005540878 0.004719095 -0.001134179 0.005543486 0.004723492 0.0002222454 0.005013201 0.003676892 0.0002378234 0.005007111 0.003663319 0.0002758597 0.004992236 0.003630034 0.0002259849 0.005011739 0.003673637 0.0002232678 0.005012801 0.003676003 0.0004324325 0.004930915 0.003490746 0.00124964 0.004611509 0.002733625 -0.01408624 0.0102849 0.0055 -0.01397701 0.01056431 0.0058 -0.0232513 0.004882765 0.0055 -0.02427785 0.006867194 0.0055 -0.02261703 0.007033854 0.0055 -0.01667185 0.008184632 0.0055 -0.01692069 0.006746171 0.0055 -0.02184941 0.005792142 0.0055 -0.02209637 0.00606538 0.0055 -0.02427093 0.009101405 0.0055 -0.02271967 0.008490066 0.0055 -0.0178095 0.005588115 0.0055 -0.02059266 0.005049393 0.0055 -0.01913469 0.004975761 0.0055 -0.01918022 0.01263465 0.0055 -0.01708473 0.01185963 0.0055 -0.01816249 0.01059589 0.0055 -0.01712001 0.009573965 0.0055 -0.02323212 0.01107944 0.0055 -0.02213382 0.009827179 0.0055 -0.02139666 0.01235335 0.0055 -0.02099369 0.01073888 0.0055 -0.01956047 0.0110163 0.0055 -0.0169167 0.01210816 0.0058 -0.01914609 0.0129327 0.0058 -0.02150416 0.01263343 0.0058 -0.0234569 0.01127812 0.0058 -0.02456209 0.009173688 0.0058 -0.02456945 0.006796714 0.0058 -0.02347731 0.004685484 0.0058 -0.0169167 0.01210816 0.0102 -0.01397701 0.01056431 0.0102 -0.01914609 0.0129327 0.0102 -0.02150416 0.01263343 0.0102 -0.0234569 0.01127812 0.0102 -0.02456209 0.009173688 0.0102 -0.02456945 0.006796714 0.0102 -0.02347731 0.004685484 0.0102 -0.021533 0.003318106 0.0102 -0.0178095 0.005588115 0.0105 -0.01692069 0.006746171 0.0105 -0.01667185 0.008184632 0.0105 -0.01712001 0.009573965 0.0105 -0.01816249 0.01059589 0.0105 -0.01956047 0.0110163 0.0105 -0.02099369 0.01073888 0.0105 -0.02213382 0.009827179 0.0105 -0.02271967 0.008490066 0.0105 -0.02261703 0.007033854 0.0105 -0.02184941 0.005792142 0.0105 -0.02209637 0.00606538 0.0105 -0.02059266 0.005049393 0.0105 -0.01913469 0.004975761 0.0105 -0.01708473 0.01185963 0.0105 -0.01408624 0.0102849 0.0105 -0.004399724 0.006498021 0.0105 -0.004290492 0.006777428 0.0102 -0.02142377 0.003597513 0.0105 -0.0232513 0.004882765 0.0105 -0.02427785 0.006867194 0.0105 -0.02427093 0.009101405 0.0105 -0.02323212 0.01107944 0.0105 -0.02139666 0.01235335 0.0105 -0.01918022 0.01263465 0.0105 -0.007749518 -0.002070461 0.0102 -0.007640286 -0.001791054 0.0105 -0.001294139 0.00548124 0.0114772 -0.001221175 0.00557739 0.01122019 -0.00147185 0.005675376 0.01106513 -0.001155315 0.005551721 0.01126271 -0.001141965 0.005546522 0.01127141 -0.001137823 0.00554491 0.01127411 -0.001136691 0.005544469 0.01127485 -0.002545539 0.006095223 0.01054074 -0.003018137 0.006038436 0.01070845 -0.002012386 0.005711872 0.01109623 0.0002222048 0.005013217 0.01232307 0.0003513517 0.004936869 0.01259591 0.00127805 0.004599625 0.01332349 0.0001343393 0.005011663 0.01243331 0.0001454991 0.005007847 0.0124416 0.0001300363 0.005013134 0.01243012 0.0002203068 0.005013959 0.01232142 0.0002139951 0.005016424 0.01231594 0.0001907554 0.004992337 0.01247527 -0.0007130273 0.005293982 0.01183743 6.734469e-05 0.005073735 0.01218987 0.0001888598 0.005026243 0.01229417 -0.0003761865 0.005247022 0.01182635 -0.001139229 0.005431674 0.01156879 -0.001292054 0.005480574 0.01147841 -0.001284242 0.005478079 0.01148295 -0.001257764 0.005469618 0.01149841 0.001496674 0.004514971 0.0135 -0.004668658 -0.003150113 0.01147712 -0.00446104 -0.003356054 0.01136513 -0.00402668 -0.003525753 0.0116783 -0.004557484 -0.003318367 0.01130014 -0.004586532 -0.003307011 0.0112809 -0.004593205 -0.003304402 0.01127651 -0.004595718 -0.003303419 0.01127485 -0.003236781 -0.003834687 0.01232311 -0.003389626 -0.003734402 0.01236503 -0.003746433 -0.003574449 0.01209868 -0.003304563 -0.003772069 0.01243007 -0.00330602 -0.003771426 0.01242895 -0.003221203 -0.003840777 0.01233668 -0.003183163 -0.003855644 0.01236997 -0.003262244 -0.003790743 0.01246258 -0.003233041 -0.003836149 0.01232636 -0.003235759 -0.003835087 0.012324 -0.003309298 -0.003769978 0.01242644 -0.003329208 -0.003761176 0.01241117 -0.003026516 -0.003916774 0.01250925 -0.00220936 -0.004236313 0.01326638 -0.001962353 -0.004332917 0.0135 -0.005387454 -0.00299383 0.01081388 -0.006330069 -0.002382674 0.01070338 -0.004840655 -0.003070098 0.01137412 -0.004671966 -0.003148574 0.0114751 -0.00467925 -0.003145185 0.01147065 -0.004721839 -0.003125371 0.01144478 -0.005561507 -0.002736154 0.0109963 -0.005672416 -0.0007103259 0.01137868 -0.005053233 -0.002703703 0.01137868 -0.004443669 -0.002373503 0.01246165 -0.003283842 -0.003773858 0.01246165 -0.003559631 -0.003269084 0.0135 -0.003166701 -0.00363012 0.0135 -0.004983046 -0.0006370507 0.01246165 -0.004568393 -0.001636467 0.0135 -0.004280628 -0.002285183 0.0135 -0.004798659 -0.0006174516 0.0135 -0.004805167 0.0002679962 0.0135 -0.004960678 0.0003287923 0.0125315 -0.005404001 0.0005021064 0.01167262 -0.006749319 -0.0008247932 0.01068543 -0.005651423 0.0005988345 0.01137857 -0.006096608 0.0007728768 0.01099797 -0.007781853 -0.0009345445 0.0105 -0.0066829 0.001002084 0.01068563 -0.006981568 0.001118847 0.01058867 -0.007666477 0.001386607 0.0105 -0.01048526 0.002488594 0.0105 -0.009392939 0.005282664 0.0105 -0.005084665 0.005964629 0.0105 -0.006574153 0.004180677 0.0105 -0.009288758 0.002020828 0.01078899 -0.008322773 0.001643182 0.01160029 -0.007230448 0.004437252 0.01160029 -0.008196434 0.004814898 0.01078899 -0.005808546 0.0006602608 0.01489971 -0.004716222 0.003454331 0.01489971 -0.004805152 0.0002679841 0.01552482 -0.004609776 0.0001916161 0.01581577 -0.00484256 0.0002826148 0.01571101 -0.003750236 0.003076685 0.01571101 -0.00196853 0.00410581 0.016 -0.003517469 0.002985689 0.01581577 -0.004231255 -0.001682043 0.016 -0.00476776 0.003474479 0.01118087 -0.005616961 0.003806469 0.01067552 -0.003892621 0.003132349 0.0124608 -0.004122435 0.003222194 0.01196242 -0.003712843 0.003062066 0.0135 -0.003768207 0.003083711 0.0129173 -0.004559196 0.003392943 0.01137846 -0.003712825 0.003062065 0.01552482 -0.001879642 0.005414067 0.01137868 -0.003686615 0.00436918 0.01137868 -0.003229728 0.003847783 0.01246165 -0.004400343 0.005183683 0.01068543 -0.003107524 0.003708324 0.0135 -0.002247188 0.004300975 0.0135 -0.001655655 0.004757995 0.01246165 -0.001595744 0.004582514 0.0135 -0.0003986097 0.004816533 0.0135 0.0001464061 0.005000419 0.01246165 0.0001349998 0.004815344 0.0135 -0.001962353 -0.004332917 0.0157 -0.003559631 -0.003269084 0.0157 -0.004510354 -0.001792059 0.0157 0.001496674 0.004514971 0.0157 -0.0003986097 0.004816533 0.0157 -0.00209901 0.004375949 0.0157 -0.00185312 -0.00405351 0.016 -0.003343913 -0.003060599 0.016 0.007305513 -0.007778998 0.01586497 0.007050556 -0.007534347 0.016 0.00815923 -0.008289887 0.0157 -0.0003814899 0.004517022 0.016 0.001387442 0.004235564 0.016 0.01226371 -1.644361e-05 0.016 0.01380474 -0.000297515 0.01570068 0.01387759 -0.0003252712 0.0157 0.006324346 -0.006152663 0.016 0.006358612 -0.004701536 0.016 0.00707013 -0.003436354 0.016 0.008966969 -0.001427183 0.016 0.006975354 -0.007450019 0.016 0.01041018 -0.0004048033 0.016 0.01213592 -1.755964e-05 0.016 0.01387759 -0.0003252712 0.0197 0.01213592 -1.755964e-05 0.0197 0.01041018 -0.0004048033 0.0197 0.008966969 -0.001427183 0.0197 0.00707013 -0.003436354 0.0197 0.006358612 -0.004701536 0.0197 0.006324346 -0.006152663 0.0197 0.00815923 -0.008289887 0.0197 0.006975354 -0.007450019 0.0197 0.007288272 -0.0036423 0.02 0.009185112 -0.001633129 0.02 0.008268463 -0.00801048 0.02 0.007202974 -0.007254599 0.02 0.006617067 -0.006086979 0.02 0.006647906 -0.004780964 0.02 0.03552476 -0.01898827 0.0197 0.03563399 -0.01870886 0.02 0.01053211 -0.0006789082 0.02 0.0121428 -0.0003174808 0.02 0.01376836 -0.0006046782 0.02 0.03887455 -0.01041979 0.02 0.03898378 -0.01014038 0.0197 0.03608276 -0.01550111 0.02 0.04150483 -0.01324703 0.02 0.04051234 -0.01153324 0.02 0.03853015 -0.01377557 0.02 0.03801746 -0.01327299 0.02 0.03662506 -0.01320267 0.02 0.03577622 -0.01430864 0.02 0.03606434 -0.01365104 0.02 0.03620422 -0.01563549 0.02 0.04165544 -0.01522173 0.02 0.03875056 -0.01445885 0.02 0.03862818 -0.01516629 0.02 0.03732993 -0.01306623 0.02 0.03682229 -0.01600078 0.02 0.03948437 -0.01841518 0.02 0.03819105 -0.01573583 0.02 0.03753933 -0.01603699 0.02 0.04093435 -0.01706623 0.02 0.0358267 -0.01502481 0.02 0.03759269 -0.01900144 0.02 0.04073199 -0.01132889 0.0197 0.04179138 -0.01315823 0.0197 0.04195215 -0.01526605 0.0197 0.04118244 -0.01723489 0.0197 0.03963471 -0.01867479 0.0197 0.03761551 -0.01930057 0.0197 0.03552476 -0.01898827 0.017 0.03761551 -0.01930057 0.017 0.03963471 -0.01867479 0.017 0.04118244 -0.01723489 0.017 0.04195215 -0.01526605 0.017 0.04179138 -0.01315823 0.017 0.04073199 -0.01132889 0.017 0.03898378 -0.01014038 0.017 0.03862818 -0.01516629 0.017 0.03819105 -0.01573583 0.017 0.03875056 -0.01445885 0.017 0.03853015 -0.01377557 0.017 0.03801746 -0.01327299 0.017 0.03732993 -0.01306623 0.017 0.03662506 -0.01320267 0.017 0.03606434 -0.01365104 0.017 0.03577622 -0.01430864 0.017 0.0358267 -0.01502481 0.017 0.03620422 -0.01563549 0.017 0.03608276 -0.01550111 0.017 0.03682229 -0.01600078 0.017 0.03753933 -0.01603699 0.017 0.03445101 -0.008368319 0.001 0.0345928 -0.00842375 0.01576537 0.03445101 -0.008368319 0.015 0.0345928 -0.00842375 0.0002346331 0.03560089 -0.008817858 -0.0008477591 0.03499658 -0.008581609 -0.0004142136 0.03631372 -0.009096535 -0.001 0.03499658 -0.008581609 0.01641421 0.03560089 -0.008817858 0.01684776 0.03631372 -0.009096535 0.017 0.03390485 -0.009765354 0.015 0.03390485 -0.009765354 0.001 0.03505473 -0.01021489 -0.0008477591 0.03576756 -0.01049357 -0.001 0.03445042 -0.009978643 -0.0004142136 0.03404664 -0.009820785 0.0002346331 0.03576756 -0.01049357 0.017 0.03505473 -0.01021489 0.01684776 0.03445042 -0.009978643 0.01641421 0.03404664 -0.009820785 0.01576537 0.02853958 -0.01625746 0.017 0.03145244 -0.008806602 0.017 0.02853958 -0.01625746 -0.001 0.03145244 -0.008806602 -0.001 0.02958973 -0.008078386 0.015 0.02958973 -0.008078386 0.001 0.03073961 -0.008527926 0.01684776 0.02973152 -0.008133818 0.01576537 0.03073961 -0.008527926 -0.0008477591 0.03013531 -0.008291676 0.01641421 0.03013531 -0.008291676 -0.0004142136 0.02973152 -0.008133818 0.0002346331 0.02667687 -0.01552924 0.015 0.02667687 -0.01552924 0.001 0.02782675 -0.01597878 0.01684776 0.02722244 -0.01574253 0.01641421 0.02681866 -0.01558467 0.01576537 0.02782675 -0.01597878 -0.0008477591 0.02722244 -0.01574253 -0.0004142136 0.02681866 -0.01558467 0.0002346331 0.002228753 -0.005971404 0.0035 0.008198311 -0.008305165 0.0145 0.008618267 -0.008469344 0.01460743 0.008618267 -0.008469344 0.00139257 0.008198311 -0.008305165 0.0015 0.002228753 -0.005971404 0.0125 0.004091466 -0.00669962 0.0145 0.004091466 -0.00669962 0.0015 0.0109533 -0.009382211 0.017 0.02341712 -0.01425486 0.017 0.02341712 -0.01425486 -0.001 0.003378637 -0.006420943 0.01434776 0.02473425 -0.01476979 0.01641421 0.02412995 -0.01453354 -0.0008477591 0.00911664 -0.008664181 0.0006666667 0.008947992 -0.008598248 0.001093363 0.003378637 -0.006420943 0.001652241 0.002774329 -0.006184693 0.01391421 0.02513804 -0.01492765 0.01576537 0.01011339 -0.009053852 0.01678514 0.0109533 -0.009382211 -0.001 0.02527983 -0.01498308 0.015 0.02527983 -0.01498308 0.001 0.02513804 -0.01492765 0.0002346331 0.009453938 -0.008796045 -0.0001867267 0.002370543 -0.006026836 0.002734633 0.002774329 -0.006184693 0.002085787 0.002370543 -0.006026836 0.01326537 0.02412995 -0.01453354 0.01684776 0.00911664 -0.008664181 0.01533333 0.009453938 -0.008796045 0.01618673 0.01011339 -0.009053852 -0.0007851405 0.02473425 -0.01476979 -0.0004142136 0.008947992 -0.008598248 0.01490664 0.02614793 -0.007269687 -0.001 0.01368411 -0.002397035 -0.001 0.004959563 0.001013772 0.0125 0.006109447 0.0005642319 0.01434776 0.005505139 0.0008004822 0.01391421 0.004959563 0.001013772 0.0035 0.005101354 0.0009583396 0.002734633 0.005505139 0.0008004822 0.002085787 0.006822276 0.0002855556 0.0015 0.006822276 0.0002855556 0.0145 0.02801064 -0.007997903 0.001 0.02686076 -0.007548363 -0.0008477591 0.02746507 -0.007784613 -0.0004142136 0.01184745 -0.001679005 0.0006666667 0.01218475 -0.001810869 -0.0001867267 0.006109447 0.0005642319 0.001652241 0.005101354 0.0009583396 0.01326537 0.0128442 -0.002068677 -0.0007851405 0.0116788 -0.001613073 0.001093363 0.02801064 -0.007997903 0.015 0.02786885 -0.007942471 0.01576537 0.01092912 -0.001319989 0.0015 0.01092912 -0.001319989 0.0145 0.02746507 -0.007784613 0.01641421 0.01368411 -0.002397035 0.017 0.01184745 -0.001679005 0.01533333 0.0116788 -0.001613073 0.01490664 0.0128442 -0.002068677 0.01678514 0.01218475 -0.001810869 0.01618673 0.02786885 -0.007942471 0.0002346331 0.02614793 -0.007269687 0.017 0.01134908 -0.001484169 0.00139257 0.02686076 -0.007548363 0.01684776 0.01134908 -0.001484169 0.01460743 0.03874267 -0.02671646 0.0035 0.03826912 -0.02733346 0.0035 0.03826912 -0.02733346 0.0115 0.03887525 -0.02595006 0.0035 0.03874267 -0.02671646 0.0115 0.03863648 -0.02520985 0.0035 0.03887525 -0.02595006 0.0115 0.03808106 -0.02466538 0.0035 0.03863648 -0.02520985 0.0115 0.03733623 -0.02444139 0.0035 0.03808106 -0.02466538 0.0115 0.03657263 -0.0245892 0.0035 0.03733623 -0.02444139 0.0115 0.03596518 -0.02507494 0.0035 0.03657263 -0.0245892 0.0115 0.03565305 -0.02578733 0.0035 0.03596518 -0.02507494 0.0115 0.03570774 -0.02656318 0.0035 0.03565305 -0.02578733 0.0115 0.03611672 -0.02722475 0.0035 0.03598513 -0.02707917 0.0035 0.03598513 -0.02707917 0.0115 0.03570774 -0.02656318 0.0115 0.0367863 -0.02762048 0.0035 0.03611672 -0.02722475 0.0115 0.03756308 -0.02765971 0.0035 0.0367863 -0.02762048 0.0115 0.03756308 -0.02765971 0.0115 0.001014852 -0.01276913 0.0035 0.03572502 -0.02997602 0.0035 0.001488403 -0.01215214 0.0035 0.001529254 -0.007588302 0.0035 0.0008267887 -0.01010106 0.0035 8.19632e-05 -0.009877068 0.0035 0.001382207 -0.01064552 0.0035 0.03757368 -0.03025216 0.0035 0.001620978 -0.01138574 0.0035 -0.004011763 -0.01274328 0.0035 -0.001546532 -0.01199886 0.0035 -0.001269133 -0.01251485 0.0035 -0.001529254 -0.0154117 0.0035 0.0003088115 -0.01309539 0.0035 -0.003075032 -0.0143608 0.0035 -0.001137553 -0.01266043 0.0035 0.04126603 -0.02482104 0.0035 0.0407276 -0.02842567 0.0035 0.03935908 -0.02969884 0.0035 -0.0003194122 -0.007312163 0.0035 -0.0004679745 -0.01305616 0.0035 -0.004153915 -0.01087952 0.0035 -0.001601219 -0.01122301 0.0035 0.0403293 -0.02320352 0.0035 0.03878352 -0.02215262 0.0035 -0.003473333 -0.009138653 0.0035 -0.001289086 -0.01051062 0.0035 -0.002104815 -0.007865477 0.0035 -0.0006816391 -0.01002488 0.0035 0.04140818 -0.0266848 0.0035 0.001014852 -0.01276913 0.0115 0.001488403 -0.01215214 0.0115 0.001620978 -0.01138574 0.0115 0.001382207 -0.01064552 0.0115 0.0008267887 -0.01010106 0.0115 8.19632e-05 -0.009877068 0.0115 -0.0006816391 -0.01002488 0.0115 -0.001289086 -0.01051062 0.0115 -0.001601219 -0.01122301 0.0115 -0.001269133 -0.01251485 0.0115 -0.001546532 -0.01199886 0.0115 -0.001137553 -0.01266043 0.0115 -0.0004679745 -0.01305616 0.0115 0.0003088115 -0.01309539 0.0115 0.001638486 -0.007308895 0.0038 0.03889275 -0.02187322 0.0038 -0.0003422273 -0.007013032 0.0038 -0.002255158 -0.007605868 0.0038 -0.003721428 -0.008969985 0.0038 -0.004450623 -0.0108352 0.0038 -0.004298317 -0.01283209 0.0038 -0.003294677 -0.01456514 0.0038 -0.001638486 -0.01569111 0.0038 0.03561578 -0.03025543 0.0038 0.03759649 -0.03055129 0.0038 0.03950943 -0.02995845 0.0038 0.0409757 -0.02859434 0.0038 0.04170489 -0.02672912 0.0038 0.04155258 -0.02473223 0.0038 0.04054895 -0.02299918 0.0038 0.001638486 -0.007308895 0.0112 0.03889275 -0.02187322 0.0112 -0.0003422273 -0.007013032 0.0112 -0.002255158 -0.007605868 0.0112 -0.003721428 -0.008969985 0.0112 -0.004450623 -0.0108352 0.0112 -0.004298317 -0.01283209 0.0112 -0.003294677 -0.01456514 0.0112 -0.001638486 -0.01569111 0.0112 0.03561578 -0.03025543 0.0112 -0.001529254 -0.0154117 0.0115 -0.003075032 -0.0143608 0.0115 -0.004011763 -0.01274328 0.0115 -0.004153915 -0.01087952 0.0115 -0.003473333 -0.009138653 0.0115 -0.002104815 -0.007865477 0.0115 -0.0003194122 -0.007312163 0.0115 0.001529254 -0.007588302 0.0115 0.03572502 -0.02997602 0.0115 0.03757368 -0.03025216 0.0115 0.04126603 -0.02482104 0.0115 0.0403293 -0.02320352 0.0115 0.03878352 -0.02215262 0.0115 0.04140818 -0.0266848 0.0115 0.03935908 -0.02969884 0.0115 0.0407276 -0.02842567 0.0115 0.03759649 -0.03055129 0.0112 0.03950943 -0.02995845 0.0112 0.0409757 -0.02859434 0.0112 0.04170489 -0.02672912 0.0112 0.04155258 -0.02473223 0.0112 0.04054895 -0.02299918 0.0112 0.054848 -0.002694 0.0042 0.05496854 -0.002694 0.005192709 0.05541606 -0.002694 0.005022984 0.05573346 -0.002694 0.004664723 0.055848 -0.002694 0.0042 0.05573346 -0.002694 0.003735277 0.05541606 -0.002694 0.003377016 0.05496854 -0.002694 0.003207291 0.05449339 -0.002694 0.003264984 0.05409949 -0.002694 0.003536877 0.05387706 -0.002694 0.003960684 0.053848 -0.002694 0.0042 0.05387706 -0.002694 0.004439315 0.05409949 -0.002694 0.004863123 0.05449339 -0.002694 0.005135016 0.054848 -0.002694 0.0052 0.053598 -0.002944 0.0042 0.05363432 -0.002944 0.003900855 0.05391236 -0.002944 0.003371097 0.054848 -0.002944 0.00295 0.05499867 -0.002944 0.002959114 0.05555808 -0.002944 0.00317127 0.05595482 -0.002944 0.003619096 0.056098 -0.002944 0.0042 0.05595482 -0.002944 0.004780904 0.05555808 -0.002944 0.00522873 0.05440474 -0.002944 0.00536877 0.05499867 -0.002944 0.005440886 0.05391236 -0.002944 0.005028903 0.05363432 -0.002944 0.004499145 0.05440474 -0.002944 0.00303123 0.056098 -0.010694 0.0042 0.05595482 -0.010694 0.003619096 0.05555808 -0.010694 0.00317127 0.05499867 -0.010694 0.002959114 0.054848 -0.010694 0.00295 0.05440474 -0.010694 0.00303123 0.05391236 -0.010694 0.003371097 0.05363432 -0.010694 0.003900855 0.05363432 -0.010694 0.004499145 0.05391236 -0.010694 0.005028903 0.05440474 -0.010694 0.00536877 0.05499867 -0.010694 0.005440886 0.05555808 -0.010694 0.00522873 0.05595482 -0.010694 0.004780904 0.05510113 -0.010694 0.002115311 0.054848 -0.010694 0.0021 0.05410333 -0.010694 0.002236466 0.05327613 -0.010694 0.005592558 0.05410333 -0.010694 0.006163534 0.05510113 -0.010694 0.006284689 0.05604094 -0.010694 0.005928266 0.05327613 -0.010694 0.002807442 0.05280902 -0.010694 0.003697437 0.05280902 -0.010694 0.004702563 0.05670746 -0.010694 0.005175919 0.056948 -0.010694 0.0042 0.05670746 -0.010694 0.003224082 0.05604094 -0.010694 0.002471734 0.056948 -0.011544 0.0042 0.05670746 -0.011544 0.003224082 0.05604094 -0.011544 0.002471734 0.05510113 -0.011544 0.002115311 0.054848 -0.011544 0.0021 0.05410333 -0.011544 0.002236466 0.05327613 -0.011544 0.002807442 0.05280902 -0.011544 0.003697437 0.05280902 -0.011544 0.004702563 0.05327613 -0.011544 0.005592558 0.05410333 -0.011544 0.006163534 0.05510113 -0.011544 0.006284689 0.05604094 -0.011544 0.005928266 0.05670746 -0.011544 0.005175919 0.05648501 -0.01223691 0.0042 0.056198 -0.012294 0.0042 0.05604337 -0.012294 0.003572624 0.0562975 -0.01223691 0.003439242 0.05561489 -0.012294 0.003088972 0.05577793 -0.01223691 0.002852765 0.05501073 -0.012294 0.002859843 0.05426751 -0.01223691 0.002669367 0.05504532 -0.01223691 0.002574923 0.054848 -0.012294 0.00285 0.05436928 -0.012294 0.002937728 0.05383751 -0.012294 0.003304784 0.05362268 -0.01223691 0.00311446 0.05353723 -0.012294 0.003876924 0.05325856 -0.01223691 0.003808237 0.05353723 -0.012294 0.004523076 0.05325856 -0.01223691 0.004591763 0.05383751 -0.012294 0.005095216 0.05362268 -0.01223691 0.00528554 0.05436928 -0.012294 0.005462272 0.05426751 -0.01223691 0.005730633 0.05501073 -0.012294 0.005540157 0.05504532 -0.01223691 0.005825077 0.05561489 -0.012294 0.005311028 0.05577793 -0.01223691 0.005547235 0.05604337 -0.012294 0.004827376 0.0562975 -0.01223691 0.004960758 0.05672833 -0.01207433 0.0042 0.05651295 -0.01207433 0.003326167 0.05591615 -0.01207433 0.002652519 0.05507465 -0.01207433 0.00233338 0.05418123 -0.01207433 0.002441861 0.05344055 -0.01207433 0.00295311 0.05302231 -0.01207433 0.003750008 0.05302231 -0.01207433 0.004649992 0.05344055 -0.01207433 0.00544689 0.05418123 -0.01207433 0.005958139 0.05507465 -0.01207433 0.006066621 0.05591615 -0.01207433 0.005747481 0.05651295 -0.01207433 0.005073833 0.05689091 -0.01183101 0.0042 0.05665691 -0.01183101 0.003250613 0.05600851 -0.01183101 0.002518718 0.05509425 -0.01183101 0.002171986 0.05412357 -0.01183101 0.002289846 0.05331886 -0.01183101 0.0028453 0.05286445 -0.01183101 0.0037111 0.05286445 -0.01183101 0.0046889 0.05331886 -0.01183101 0.0055547 0.05412357 -0.01183101 0.006110154 0.05509425 -0.01183101 0.006228015 0.05600851 -0.01183101 0.005881282 0.05665691 -0.01183101 0.005149387 0.05393867 -0.012294 0.0042 0.05530266 -0.012294 0.0034125 0.054848 -0.012294 0.003 0.05588723 -0.012294 0.0036 0.05439334 -0.012294 0.0049875 0.05380877 -0.012294 0.0036 0.05439334 -0.012294 0.0034125 0.05530266 -0.012294 0.0049875 0.05588723 -0.012294 0.0048 0.05380877 -0.012294 0.0048 0.054848 -0.012294 0.0054 0.05575733 -0.012294 0.0042 0.05380877 -0.010794 0.0036 0.05393867 -0.010794 0.0042 0.05380877 -0.010794 0.0048 0.05439334 -0.010794 0.0034125 0.054848 -0.010794 0.003 0.05530266 -0.010794 0.0034125 0.05530266 -0.010794 0.0049875 0.054848 -0.010794 0.0054 0.05439334 -0.010794 0.0049875 0.05575733 -0.010794 0.0042 0.05588723 -0.010794 0.0048 0.05588723 -0.010794 0.0036 0.054848 -0.002694 0.0112 0.05496854 -0.002694 0.01219271 0.05541606 -0.002694 0.01202298 0.05573346 -0.002694 0.01166472 0.055848 -0.002694 0.0112 0.05573346 -0.002694 0.01073528 0.05541606 -0.002694 0.01037702 0.05496854 -0.002694 0.01020729 0.05449339 -0.002694 0.01026498 0.05409949 -0.002694 0.01053688 0.05387706 -0.002694 0.01096068 0.053848 -0.002694 0.0112 0.05387706 -0.002694 0.01143932 0.05409949 -0.002694 0.01186312 0.05449339 -0.002694 0.01213502 0.054848 -0.002694 0.0122 0.053598 -0.002944 0.0112 0.05363432 -0.002944 0.01090086 0.05391236 -0.002944 0.0103711 0.054848 -0.002944 0.00995 0.05499867 -0.002944 0.009959114 0.05555808 -0.002944 0.01017127 0.05595482 -0.002944 0.0106191 0.056098 -0.002944 0.0112 0.05595482 -0.002944 0.0117809 0.05555808 -0.002944 0.01222873 0.05440474 -0.002944 0.01236877 0.05499867 -0.002944 0.01244089 0.05391236 -0.002944 0.0120289 0.05363432 -0.002944 0.01149914 0.05440474 -0.002944 0.01003123 0.056098 -0.010694 0.0112 0.05595482 -0.010694 0.0106191 0.05555808 -0.010694 0.01017127 0.05499867 -0.010694 0.009959114 0.054848 -0.010694 0.00995 0.05440474 -0.010694 0.01003123 0.05391236 -0.010694 0.0103711 0.05363432 -0.010694 0.01090086 0.05363432 -0.010694 0.01149914 0.05391236 -0.010694 0.0120289 0.05440474 -0.010694 0.01236877 0.05499867 -0.010694 0.01244089 0.05555808 -0.010694 0.01222873 0.05595482 -0.010694 0.0117809 0.054848 -0.010694 0.0091 0.05410333 -0.010694 0.009236466 0.05510113 -0.010694 0.009115311 0.05327613 -0.010694 0.009807442 0.05327613 -0.010694 0.01259256 0.05410333 -0.010694 0.01316353 0.05670746 -0.010694 0.01217592 0.056948 -0.010694 0.0112 0.05604094 -0.010694 0.009471734 0.05510113 -0.010694 0.01328469 0.05604094 -0.010694 0.01292827 0.05670746 -0.010694 0.01022408 0.05280902 -0.010694 0.01069744 0.05280902 -0.010694 0.01170256 0.056948 -0.011544 0.0112 0.05670746 -0.011544 0.01022408 0.05604094 -0.011544 0.009471734 0.05510113 -0.011544 0.009115311 0.054848 -0.011544 0.0091 0.05410333 -0.011544 0.009236466 0.05327613 -0.011544 0.009807442 0.05280902 -0.011544 0.01069744 0.05280902 -0.011544 0.01170256 0.05327613 -0.011544 0.01259256 0.05410333 -0.011544 0.01316353 0.05510113 -0.011544 0.01328469 0.05604094 -0.011544 0.01292827 0.05670746 -0.011544 0.01217592 0.05648501 -0.01223691 0.0112 0.056198 -0.012294 0.0112 0.05604337 -0.012294 0.01057262 0.0562975 -0.01223691 0.01043924 0.05561489 -0.012294 0.01008897 0.05577793 -0.01223691 0.009852765 0.05501073 -0.012294 0.009859843 0.05426751 -0.01223691 0.009669366 0.05504532 -0.01223691 0.009574923 0.054848 -0.012294 0.00985 0.05436928 -0.012294 0.009937728 0.05383751 -0.012294 0.01030478 0.05362268 -0.01223691 0.01011446 0.05353723 -0.012294 0.01087692 0.05325856 -0.01223691 0.01080824 0.05353723 -0.012294 0.01152308 0.05325856 -0.01223691 0.01159176 0.05383751 -0.012294 0.01209522 0.05362268 -0.01223691 0.01228554 0.05436928 -0.012294 0.01246227 0.05426751 -0.01223691 0.01273063 0.05501073 -0.012294 0.01254016 0.05504532 -0.01223691 0.01282508 0.05561489 -0.012294 0.01231103 0.05577793 -0.01223691 0.01254724 0.05604337 -0.012294 0.01182738 0.0562975 -0.01223691 0.01196076 0.05672833 -0.01207433 0.0112 0.05651295 -0.01207433 0.01032617 0.05591615 -0.01207433 0.009652519 0.05507465 -0.01207433 0.00933338 0.05418123 -0.01207433 0.009441861 0.05344055 -0.01207433 0.009953111 0.05302231 -0.01207433 0.01075001 0.05302231 -0.01207433 0.01164999 0.05344055 -0.01207433 0.01244689 0.05418123 -0.01207433 0.01295814 0.05507465 -0.01207433 0.01306662 0.05591615 -0.01207433 0.01274748 0.05651295 -0.01207433 0.01207383 0.05689091 -0.01183101 0.0112 0.05665691 -0.01183101 0.01025061 0.05600851 -0.01183101 0.009518719 0.05509425 -0.01183101 0.009171985 0.05412357 -0.01183101 0.009289846 0.05331886 -0.01183101 0.009845301 0.05286445 -0.01183101 0.0107111 0.05286445 -0.01183101 0.0116889 0.05331886 -0.01183101 0.0125547 0.05412357 -0.01183101 0.01311015 0.05509425 -0.01183101 0.01322801 0.05600851 -0.01183101 0.01288128 0.05665691 -0.01183101 0.01214939 0.05393867 -0.012294 0.0112 0.05530266 -0.012294 0.0104125 0.054848 -0.012294 0.01 0.05588723 -0.012294 0.0106 0.05439334 -0.012294 0.0119875 0.05380877 -0.012294 0.0106 0.05439334 -0.012294 0.0104125 0.05530266 -0.012294 0.0119875 0.05588723 -0.012294 0.0118 0.05380877 -0.012294 0.0118 0.054848 -0.012294 0.0124 0.05575733 -0.012294 0.0112 0.05380877 -0.010794 0.0106 0.05393867 -0.010794 0.0112 0.05380877 -0.010794 0.0118 0.05439334 -0.010794 0.0104125 0.054848 -0.010794 0.01 0.05530266 -0.010794 0.0104125 0.05530266 -0.010794 0.0119875 0.054848 -0.010794 0.0124 0.05439334 -0.010794 0.0119875 0.05575733 -0.010794 0.0112 0.05588723 -0.010794 0.0118 0.05588723 -0.010794 0.0106 0.0555277 -0.002944 0.01196722 0.0546027 -0.002944 0.01219522 0.0541683 -0.002944 0.01196722 0.05388961 -0.002944 0.01156347 0.05586553 -0.002944 0.01107645 0.05580639 -0.002944 0.01156347 0.0550933 -0.002944 0.01219522 0.05569156 -0.002944 0.01061773 0.05400444 -0.002944 0.01061773 0.05415732 -0.002944 0.01044264 0.05383047 -0.002944 0.01107645 0.05553868 -0.002944 0.01044264 0.05532434 -0.002955349 0.01029241 0.05437166 -0.002955349 0.01029241 0.054848 -0.002980481 0.010175 0.05569156 -0.008194 0.01061773 0.05586553 -0.008194 0.01107645 0.05580639 -0.008194 0.01156347 0.0555277 -0.008194 0.01196722 0.0550933 -0.008194 0.01219522 0.0546027 -0.008194 0.01219522 0.0541683 -0.008194 0.01196722 0.05388961 -0.008194 0.01156347 0.053823 -0.008194 0.0112 0.05383047 -0.008194 0.01107645 0.05532434 -0.008194 0.01029241 0.05437166 -0.008194 0.01029241 0.054848 -0.008194 0.010175 0.05400444 -0.008194 0.01061773 0.04657612 -0.008194 -0.004920317 0.053823 -0.008194 0.0042 0.05388961 -0.008194 0.00456347 0.05383047 -0.008194 0.00407645 0.05400444 -0.008194 0.003617733 0.063823 -0.008194 0.0077 0.06388961 -0.008194 0.00806347 0.0546027 -0.008194 0.005195216 0.0550933 -0.008194 0.005195216 0.06383047 -0.008194 0.00757645 0.0555277 -0.008194 0.004967224 0.0541683 -0.008194 0.004967224 0.04838265 -0.008194 -0.005149449 0.043098 -0.008194 0.01555756 0.043098 -0.008194 -0.0001575578 0.06400444 -0.008194 0.007117734 0.05580639 -0.008194 0.00456347 0.05437166 -0.008194 0.003292408 0.0641683 -0.008194 0.008467224 0.05586553 -0.008194 0.00407645 0.05569156 -0.008194 0.003617733 0.06785475 -0.008194 -0.001937796 0.04342961 -0.008194 0.01734812 0.04657612 -0.008194 0.02032032 0.04466458 -0.008194 0.01919234 0.06437166 -0.008194 0.006792408 0.07351307 -0.008194 0.002160227 0.064848 -0.008194 0.006675 0.0646027 -0.008194 0.008695215 0.05532434 -0.008194 0.003292408 0.07105343 -0.008194 -0.0003989989 0.0655277 -0.008194 0.008467224 0.07376244 -0.008194 0.01271056 0.07351307 -0.008194 0.01323977 0.06580639 -0.008194 0.00806347 0.073848 -0.008194 0.01213182 0.07105343 -0.008194 0.015799 0.06785475 -0.008194 0.0173378 0.0650933 -0.008194 0.008695215 0.04342961 -0.008194 -0.00194812 0.04466458 -0.008194 -0.003792339 0.06569156 -0.008194 0.007117734 0.06532434 -0.008194 0.006792408 0.07376244 -0.008194 0.002689444 0.073848 -0.008194 0.003268182 0.054848 -0.008194 0.003175 0.04838265 -0.008194 0.02054945 0.06586553 -0.008194 0.00757645 0.043098 -0.007078937 -0.0001575578 0.04319844 -0.007016662 -0.001137642 0.04400415 -0.006517123 -0.003021974 0.04466458 -0.006107656 -0.003792339 0.04351282 -0.00682175 -0.002135562 0.04343995 -0.006866927 -0.001957607 0.04581483 -0.005394499 -0.004599969 0.04638424 -0.005041467 -0.004847914 0.0446812 -0.006097355 -0.003807958 0.04658664 -0.004915983 -0.004917144 0.04736855 -0.004431195 -0.005100502 0.04838265 -0.003802451 -0.005149449 0.043098 -0.007078937 0.01555756 0.04838265 -0.003802451 0.02054945 0.04684184 -0.004757754 0.02039135 0.04486832 -0.005981339 0.01937401 0.04459904 -0.006148294 0.01912922 0.04638424 -0.005041467 0.02024791 0.04400527 -0.00651643 0.01842359 0.04347729 -0.006843778 0.01745116 0.04311213 -0.006960911 0.01555756 0.04311213 -0.006960911 -0.0001575578 0.04315538 -0.006846371 0.01555756 0.04315538 -0.006846371 -0.0001575578 0.04322517 -0.006745776 0.01555756 0.04331435 -0.006667183 -0.0001575578 0.04331435 -0.006667183 0.01555756 0.04466443 -0.005761835 -0.003540297 0.04624573 -0.004681203 -0.004533492 0.04539003 -0.005355265 -0.004244083 0.04625698 -0.004777992 -0.004679837 0.04363843 -0.006443925 -0.001819108 0.0435492 -0.006583195 -0.00204952 0.0446326 -0.005981419 -0.003734137 0.0454143 -0.005479079 -0.004345259 0.04351669 -0.006699905 -0.002098086 0.04809843 -0.003415702 -0.004837377 0.04703015 -0.004107407 -0.004584879 0.04513937 -0.005409947 -0.003774413 0.04719702 -0.00415288 -0.004940747 0.04817076 -0.003506479 -0.005009082 0.04360853 -0.006483647 -0.001994199 0.04459599 -0.005784271 -0.003302466 0.04463182 -0.005860664 -0.003646895 0.04727385 -0.004287244 -0.005053663 0.0463071 -0.004906265 -0.004789865 0.0482746 -0.003648109 -0.005119135 0.04807054 -0.003390698 -0.004650259 0.05149409 -0.001032246 -0.004391095 0.05152734 -0.001054613 -0.004579968 0.05160576 -0.001144757 -0.004752862 0.05171457 -0.00128777 -0.004861841 0.05182475 -0.001444 -0.004888881 0.0435492 -0.006583195 0.01744952 0.04463182 -0.005860664 0.0190469 0.04466443 -0.005761835 0.0189403 0.04625698 -0.004777992 0.02007984 0.04817076 -0.003506479 0.02040908 0.04809843 -0.003415702 0.02023738 0.04399404 -0.006392343 0.01837312 0.0446326 -0.005981419 0.01913414 0.0483298 -0.003726197 0.02054381 0.04634339 -0.004974575 0.0202256 0.04568961 -0.005030891 0.01951936 0.04407528 -0.006142988 0.01805486 0.04360853 -0.006483647 0.0173942 0.04339211 -0.006613614 0.01637563 0.04807054 -0.003390698 0.02005026 0.04624573 -0.004681203 0.01993349 0.0463071 -0.004906265 0.02018986 0.0482746 -0.003648109 0.02051913 0.04822034 -0.003573083 0.0204739 0.04464514 -0.006044908 0.01916716 0.04627766 -0.00483963 0.02014081 0.04462797 -0.005919276 0.01909371 0.04351669 -0.006699905 0.01749809 0.05152734 -0.001054613 0.01997997 0.05149409 -0.001032246 0.01979109 0.05160576 -0.001144757 0.02015286 0.05171457 -0.00128777 0.02026184 0.05182475 -0.001444 0.02028888 0.07153826 -0.0009439999 -2.470183e-05 0.06785475 -0.001253056 -0.001937796 0.06839695 -0.0009439999 -0.001771061 0.07351307 -0.0009439999 0.002160227 0.0735181 -0.0009399179 0.002167838 0.07371229 -0.0007540967 0.002544014 0.07384798 -0.0009399999 0.003260181 0.073848 -0.0009439999 0.003268182 0.07377156 -0.0006782945 0.002720525 0.07381063 -0.0007543295 0.002883357 0.07351307 -0.0009439999 0.01323977 0.07153826 -0.0009439999 0.0154247 0.06839695 -0.0009439999 0.01717106 0.06785475 -0.001253056 0.0173378 0.07384798 -0.0009399999 0.01213982 0.07381063 -0.0007543295 0.01251664 0.073848 -0.0009439999 0.01213182 0.0735181 -0.0009399179 0.01323216 0.07377156 -0.0006782945 0.01267948 0.07371229 -0.0007540967 0.01285599 0.07134224 -0.0004820602 0.0002137275 0.06827782 -0.000460867 -0.001419469 0.06823649 -0.0004439998 -0.001297508 0.0682979 -0.0004820602 -0.001478729 0.07144526 -0.0005904466 8.842377e-05 0.06833953 -0.0005606955 -0.001601583 0.06834995 -0.0005904466 -0.00163236 0.06838474 -0.0007526587 -0.001735014 0.07151409 -0.0007526587 4.69857e-06 0.07122073 -0.0004439998 0.0003615332 0.073348 -0.0004439998 0.002835819 0.07335402 -0.0004440361 0.00283416 0.07351319 -0.0004720755 0.002790532 0.07365907 -0.0005525455 0.002750883 0.07370139 -0.0005902882 0.002739438 0.07370155 -0.0005904466 0.005492893 0.07353934 -0.0004820602 0.005492893 0.07380994 -0.0007526587 0.005492893 0.073848 -0.0009439999 0.005492893 0.073348 -0.0004439998 0.005492893 0.06824622 -0.000573571 -0.001633198 0.06816021 -0.0004770962 -0.001459318 0.0683304 -0.0007395969 -0.00174405 0.06816159 -0.0006122041 -0.001663979 0.06804882 -0.0005224628 -0.00149009 0.06797925 -0.0005152534 -0.001297508 0.06810303 -0.0004621429 -0.001297508 0.06828964 -0.0007696395 -0.001763098 0.06823649 -0.0004439998 0.005492893 0.073348 -0.0004820602 0.005684235 0.07353934 -0.0005172232 0.00566967 0.073348 -0.0005904466 0.005846447 0.07370155 -0.000617359 0.005628192 0.07353934 -0.000617359 0.005819534 0.07380994 -0.0007672237 0.005566117 0.07370155 -0.0006940003 0.005742893 0.07380994 -0.0008087011 0.005628192 0.073848 -0.002444 0.008407107 0.073848 -0.0009439999 0.009907107 0.073848 -0.002660773 0.008082683 0.073848 -0.002736894 0.0077 0.073848 -0.002444 0.006992893 0.073848 -0.002660773 0.007317317 0.073348 -0.002090447 0.007346447 0.07353934 -0.002117359 0.007319534 0.07370155 -0.002194 0.007242893 0.07380994 -0.002308701 0.007128192 0.06823649 -0.0005904466 0.005846447 0.06823649 -0.0004698505 0.005651584 0.06797925 -0.0005152534 0.005492893 0.06810303 -0.0004621429 0.005492893 0.06752429 -0.0008357895 -0.001648359 0.06746415 -0.00082431 -0.001455906 0.06762708 -0.0009266689 -0.00182275 0.06774844 -0.001081827 -0.001924893 0.06340789 -0.0033045 -0.002683934 0.06335525 -0.003289651 -0.002492034 0.06350268 -0.003396256 -0.002858321 0.06361848 -0.003549624 -0.00296265 0.06372359 -0.003718398 -0.002979535 0.073348 -0.002198833 0.007508658 0.07353934 -0.002233996 0.007494093 0.073348 -0.002236894 0.0077 0.07353934 -0.002274953 0.0077 0.073348 -0.002198833 0.007891341 0.07353934 -0.002233996 0.007905907 0.073348 -0.002090447 0.008053553 0.07370155 -0.002334132 0.007452616 0.07370155 -0.002383339 0.0077 0.07370155 -0.002334132 0.007947385 0.07353934 -0.002117359 0.008080466 0.07380994 -0.002483996 0.00739054 0.07380994 -0.002545552 0.0077 0.07380994 -0.002483996 0.00800946 0.07370155 -0.002194 0.008157107 0.07380994 -0.002308701 0.008271808 0.06573649 -0.002090447 0.007346447 0.06815962 -0.0004795121 0.005661245 0.06809217 -0.000507313 0.005689046 0.06559297 -0.002007545 0.007190145 0.06566376 -0.00203889 0.007276788 0.06547924 -0.002015254 0.006992893 0.06529868 -0.002221791 0.007579688 0.06537671 -0.00219838 0.007508997 0.06530896 -0.002187231 0.007466933 0.0652417 -0.002189018 0.007419819 0.06511487 -0.002255036 0.0077 0.06525363 -0.002235304 0.007661038 0.06524893 -0.002236716 0.007712999 0.06559297 -0.002007545 0.008209855 0.06566376 -0.00203889 0.008123213 0.06530896 -0.002187231 0.007933066 0.06511947 -0.00223112 0.007317994 0.06500398 -0.002300413 0.007578299 0.06500164 -0.002301815 0.007810095 0.0652417 -0.002189018 0.007980181 0.06521502 -0.002173789 0.008198939 0.0650932 -0.002246877 0.008041535 0.06547924 -0.002015254 0.008407107 0.06541614 -0.002186552 0.007482551 0.06552452 -0.002154038 0.007424911 0.06527185 -0.002229838 0.007782255 0.06535757 -0.002204122 0.007876512 0.06573649 -0.002090447 0.008053553 0.06541447 -0.002187053 0.007916404 0.06823649 -0.0005904466 0.009553554 0.073348 -0.0005904466 0.009553554 0.06809217 -0.000507313 0.009710955 0.06797925 -0.0005152534 0.009907107 0.07353934 -0.000617359 0.009580466 0.07370155 -0.0006940003 0.009657107 0.07380994 -0.0008087011 0.009771808 0.073348 -0.0004820602 0.009715765 0.07353934 -0.0005172232 0.00973033 0.073348 -0.0004439998 0.009907107 0.07370155 -0.000617359 0.009771808 0.07353934 -0.0004820602 0.009907107 0.07380994 -0.0007672237 0.009833884 0.07370155 -0.0005904466 0.009907107 0.07380994 -0.0007526587 0.009907107 0.073348 -0.0004439998 0.01256418 0.07335402 -0.0004440361 0.01256584 0.07351319 -0.0004720755 0.01260947 0.07365907 -0.0005525455 0.01264912 0.07370139 -0.0005902882 0.01266056 0.06823649 -0.0004698505 0.009748416 0.06823649 -0.0004439998 0.009907107 0.07134224 -0.0004820602 0.01518627 0.07122073 -0.0004439998 0.01503847 0.06823649 -0.0004439998 0.01669751 0.06827782 -0.000460867 0.01681947 0.07144526 -0.0005904466 0.01531158 0.0682979 -0.0004820602 0.01687873 0.06833953 -0.0005606955 0.01700158 0.07151409 -0.0007526587 0.0153953 0.06834995 -0.0005904466 0.01703236 0.06838474 -0.0007526587 0.01713501 0.06797925 -0.0005152534 0.01669751 0.06810303 -0.0004621429 0.01669751 0.06810303 -0.0004621429 0.009907107 0.06815962 -0.0004795121 0.009738755 0.06804882 -0.0005224628 0.01689009 0.06816159 -0.0006122041 0.01706398 0.06824622 -0.000573571 0.0170332 0.06828964 -0.0007696395 0.0171631 0.0683304 -0.0007395969 0.01714405 0.06816021 -0.0004770962 0.01685932 0.06752429 -0.0008357895 0.01704836 0.06762708 -0.0009266689 0.01722275 0.06774844 -0.001081827 0.01732489 0.06746415 -0.00082431 0.0168559 0.06335525 -0.003289651 0.01789203 0.06299094 -0.003383411 -0.00284085 0.06285188 -0.003332255 -0.002890273 0.06284075 -0.003289651 -0.002720363 0.06299595 -0.003492215 -0.003002499 0.06282714 -0.003430458 -0.003048591 0.06297628 -0.003651547 -0.003112942 0.06276798 -0.003569342 -0.003160536 0.0629385 -0.003823593 -0.0031548 0.06268903 -0.003718397 -0.0032091 0.06313649 -0.003394567 -0.002787639 0.06296481 -0.00334225 -0.002666355 0.06317273 -0.003505554 -0.002953225 0.06319717 -0.003674846 -0.003061833 0.06320573 -0.003858831 -0.003095855 0.0632789 -0.003367631 -0.002734103 0.06309771 -0.003359868 -0.002607728 0.06319628 -0.003350381 -0.002563797 0.06334588 -0.003472801 -0.002903992 0.06341633 -0.003640487 -0.003010549 0.06347326 -0.003823851 -0.003036141 0.06323076 -0.003342379 -0.002548335 0.05887784 -0.001444 -0.003948933 0.06340789 -0.0033045 0.01808393 0.06350268 -0.003396256 0.01825832 0.06361848 -0.003549625 0.01836265 0.06372359 -0.003718398 0.01837954 0.06284075 -0.003289651 0.01812036 0.06296542 -0.003342424 0.01806609 0.06309853 -0.003359856 0.01800737 0.06319627 -0.003350355 0.0179638 0.06323138 -0.003342185 0.01794806 0.05896024 -0.001293346 -0.003902619 0.05902491 -0.001153277 -0.003790314 0.05905578 -0.001055554 -0.003629345 0.05905009 -0.001015254 -0.003456211 0.05179574 -0.0009820603 -0.00458159 0.05177775 -0.0009439999 -0.004391095 0.05879284 -0.0009439999 -0.003456211 0.05181099 -0.001090447 -0.004743083 0.05882537 -0.0009820603 -0.003644767 0.05182117 -0.001252658 -0.004850989 0.05885294 -0.001090447 -0.003804618 0.05887137 -0.001252658 -0.003911427 0.06327955 -0.003367406 0.01813386 0.06334666 -0.003472533 0.01830377 0.06341734 -0.003640166 0.01841031 0.06317379 -0.003505523 0.01835293 0.06319851 -0.003674826 0.01846152 0.06347451 -0.003823466 0.01843586 0.06313737 -0.003394537 0.01818731 0.06299676 -0.00349243 0.01840228 0.06297729 -0.003651831 0.01851271 0.06320738 -0.003858807 0.01849549 0.06299161 -0.003383586 0.01824061 0.06285188 -0.003332255 0.01829027 0.06282714 -0.003430459 0.01844859 0.06293971 -0.003823943 0.01855453 0.06276798 -0.003569343 0.01856054 0.06268903 -0.003718398 0.0186091 0.05887784 -0.001444 0.01934893 0.05896024 -0.001293346 0.01930262 0.05902491 -0.001153277 0.01919031 0.05905578 -0.001055554 0.01902935 0.05905009 -0.001015254 0.01885621 0.05882537 -0.0009820603 0.01904477 0.05879284 -0.0009439999 0.01885621 0.05177775 -0.0009439999 0.01979109 0.05885294 -0.001090447 0.01920462 0.05179574 -0.0009820603 0.01998159 0.05887137 -0.001252658 0.01931143 0.05181099 -0.001090447 0.02014308 0.05182117 -0.001252658 0.02025099 0.05165418 -0.0009948706 -0.00457279 0.05170185 -0.001096008 -0.004742009 0.051762 -0.001254406 -0.004853487 0.05162922 -0.0009665714 -0.004391095 0.05177775 -0.0009439999 0.005992893 0.05162922 -0.0009665714 0.005992893 0.05149409 -0.001032246 0.005992893 0.05894596 -0.0009973293 -0.003620646 0.05894555 -0.00110152 -0.003786948 0.05892161 -0.001258469 -0.003902301 0.05892631 -0.000962143 -0.003456211 0.05879284 -0.0009439999 0.005992893 0.05905009 -0.001015254 0.005992893 0.05892631 -0.000962143 0.005992893 0.05879284 -0.001090447 0.006346447 0.05879284 -0.0009698506 0.006151584 0.05177775 -0.0009820603 0.006184235 0.05177775 -0.0009675195 0.006144439 0.05177775 -0.001090447 0.006346447 0.05169121 -0.0009794842 0.006156403 0.05161741 -0.001013615 0.006190535 0.05016668 -0.002013795 0.007191638 0.05024526 -0.002041376 0.007278118 0.05004248 -0.002032247 0.006992893 0.05032613 -0.002090447 0.007346447 0.05893716 -0.001007313 0.006189046 0.05886971 -0.0009795122 0.006161245 0.06045951 -0.002090447 0.007346447 0.04992 -0.002230337 0.007620714 0.05000949 -0.002199512 0.007511756 0.04993715 -0.002188692 0.00746774 0.04975244 -0.002259464 0.0077 0.04990097 -0.002236894 0.0077 0.04986235 -0.002193912 0.007420701 0.05016668 -0.002013795 0.008208363 0.05024526 -0.002041376 0.008121882 0.04993715 -0.002188692 0.00793226 0.04972913 -0.002248113 0.007317994 0.04962563 -0.002319412 0.007595307 0.04963484 -0.002313069 0.00785213 0.04977233 -0.002218351 0.008147359 0.04986235 -0.002193912 0.007979299 0.05004248 -0.002032247 0.008407107 0.05002292 -0.002194886 0.00750076 0.0499187 -0.002230785 0.007776525 0.04999483 -0.002204562 0.007875346 0.05032613 -0.002090447 0.008053553 0.05149409 -0.001032246 0.009407107 0.05170185 -0.001096008 0.02014201 0.051762 -0.001254406 0.02025349 0.05165418 -0.0009948706 0.01997279 0.05162922 -0.0009665714 0.01979109 0.06053224 -0.00203889 0.007276788 0.06071676 -0.002015254 0.006992893 0.06060303 -0.002007545 0.007190145 0.06045951 -0.002090447 0.008053553 0.06083843 -0.002204122 0.007876512 0.06092414 -0.002229838 0.007782255 0.06081929 -0.00219838 0.007508997 0.06077986 -0.002186552 0.007482551 0.06094707 -0.002236716 0.007712999 0.06094237 -0.002235304 0.007661038 0.06089732 -0.002221791 0.007579688 0.06067148 -0.002154038 0.007424911 0.05161741 -0.001013615 0.009209464 0.05177775 -0.001090447 0.009053554 0.05177775 -0.0009439999 0.009407107 0.05162922 -0.0009665714 0.009407107 0.0609543 -0.002189018 0.007419819 0.06108113 -0.002255036 0.0077 0.06119436 -0.002301815 0.007589905 0.06098098 -0.002173789 0.007201061 0.0611028 -0.002246877 0.007358466 0.06071676 -0.002015254 0.008407107 0.06107653 -0.00223112 0.008082006 0.0609543 -0.002189018 0.007980181 0.06119202 -0.002300413 0.007821702 0.06088704 -0.002187231 0.007466933 0.06053224 -0.00203889 0.008123213 0.06088704 -0.002187231 0.007933066 0.06060303 -0.002007545 0.008209855 0.05905009 -0.001015254 0.009407107 0.05894555 -0.00110152 0.01918695 0.05892161 -0.001258469 0.0193023 0.05894596 -0.0009973293 0.01902065 0.05892631 -0.000962143 0.01885621 0.05879284 -0.0009439999 0.009407107 0.05879284 -0.001090447 0.009053554 0.05169121 -0.0009794842 0.009243597 0.05177775 -0.0009675195 0.009255561 0.05177775 -0.0009820603 0.009215765 0.05893716 -0.001007313 0.009210955 0.05879284 -0.0009698506 0.009248416 0.05892631 -0.000962143 0.009407107 0.05886971 -0.0009795122 0.009238755 0.05532434 -0.002944 0.003292408 0.054848 -0.002944 0.003175 0.05569156 -0.002944 0.003617733 0.05586553 -0.002944 0.00407645 0.05580639 -0.002944 0.00456347 0.05388961 -0.002944 0.00456347 0.05383047 -0.002944 0.00407645 0.05400444 -0.002944 0.003617733 0.05437166 -0.002944 0.003292408 0.05415732 -0.002944 0.004957359 0.0541683 -0.002944049 0.004967224 0.0546027 -0.0029727 0.005195216 0.0550933 -0.0029727 0.005195216 0.05553868 -0.002944 0.004957359 0.0555277 -0.002944049 0.004967224 0.05485349 -0.002944012 0.004962291 0.06511762 -0.004564606 0.006711098 0.06484799 -0.004726389 0.006675 0.06532106 -0.004442544 0.006790694 0.06438424 -0.005004637 0.006785915 0.06437166 -0.005012135 0.006792408 0.06458268 -0.004885574 0.006709935 0.06417297 -0.005117989 0.00692866 0.06400444 -0.00519079 0.007117734 0.06389004 -0.005232121 0.007335381 0.06383047 -0.005251194 0.00757645 0.06383048 -0.005251191 0.007823621 0.06388961 -0.005232266 0.00806347 0.06400631 -0.005190063 0.00828496 0.0641683 -0.00512021 0.008467224 0.06438424 -0.005004637 0.008614085 0.06460464 -0.004872398 0.008695691 0.06491294 -0.004687417 0.008722941 0.06509136 -0.004580364 0.008695691 0.06538005 -0.004407152 0.008576099 0.06555793 -0.00430042 0.008439337 0.06573308 -0.004232874 0.008216965 0.06580613 -0.004228374 0.008064151 0.06587252 -0.004238771 0.007731263 0.06571814 -0.004235625 0.007158265 0.06569072 -0.004242193 0.007116526 0.06583645 -0.004231247 0.007428739 0.06586552 -0.004236938 0.007576402 0.06555793 -0.00430042 0.006960663 0.06542726 -0.004378822 0.007656722 0.06437795 -0.005008396 0.007703246 0.06494932 -0.01750381 0.00716521 0.06670418 -0.01652267 0.006417851 0.06641987 -0.01668484 0.006007442 0.0669441 -0.01638484 0.007527896 0.06688698 -0.01641774 0.006897438 0.06688604 -0.01641828 0.007906337 0.06459487 -0.0176963 0.005315311 0.06365506 -0.01819762 0.005671734 0.06559267 -0.01714958 0.005436466 0.06298854 -0.01854528 0.006424081 0.06298854 -0.01854528 0.008375919 0.06365506 -0.01819762 0.009128266 0.06280993 -0.01863735 0.007906227 0.06281021 -0.01863721 0.006892634 0.062748 -0.01866916 0.0074 0.06459487 -0.0176963 0.009484689 0.06559267 -0.01714958 0.009363534 0.06641987 -0.01668484 0.008792558 0.06670454 -0.01652247 0.008381464 0.06641987 -0.010894 0.008792558 0.06688698 -0.010894 0.007902563 0.06559267 -0.010894 0.009363534 0.06459487 -0.010894 0.009484689 0.06365506 -0.010894 0.009128266 0.06298854 -0.010894 0.008375919 0.062748 -0.010894 0.0074 0.06298854 -0.010894 0.006424081 0.06365506 -0.010894 0.005671734 0.06459487 -0.010894 0.005315311 0.06559267 -0.010894 0.005436466 0.06641987 -0.010894 0.006007442 0.06688698 -0.010894 0.006897438 0.06728066 -0.010894 0.009555149 0.06800356 -0.010894 0.008177776 0.06800356 -0.010894 0.006622224 0.06197027 -0.010894 0.008910351 0.06300179 -0.010894 0.0100747 0.06728066 -0.010894 0.005244851 0.06600047 -0.010894 0.004361197 0.06445626 -0.010894 0.004173696 0.06300179 -0.010894 0.004725302 0.06197027 -0.010894 0.00588965 0.061598 -0.010894 0.0074 0.06445626 -0.010894 0.0106263 0.06600047 -0.010894 0.0104388 0.0677202 -0.01593278 0.008920836 0.06800356 -0.01576536 0.008177776 0.06728066 -0.01618997 0.009555149 0.068098 -0.01570927 0.007398641 0.06800356 -0.01576536 0.006622224 0.0677199 -0.01593297 0.00587858 0.06655853 -0.013394 0.00463656 0.06728066 -0.01618997 0.005244851 0.06655853 -0.01660591 0.00463656 0.06600047 -0.013394 0.004361197 0.06445626 -0.013394 0.004173696 0.06300179 -0.01853844 0.004725302 0.06313747 -0.013394 0.00463656 0.06197027 -0.01906399 0.00588965 0.06169349 -0.01920241 0.006617978 0.0616935 -0.0192024 0.008182084 0.06197027 -0.01906399 0.008910351 0.061598 -0.01924991 0.0074 0.06300179 -0.01853844 0.0100747 0.06313747 -0.013394 0.01016344 0.06313747 -0.01846816 0.01016344 0.06445626 -0.013394 0.0106263 0.06600047 -0.013394 0.0104388 0.06655853 -0.013394 0.01016344 0.06655853 -0.01660591 0.01016344 0.06313747 -0.01846816 0.00463656 0.065848 -0.013394 0.01143887 0.065848 -0.01700725 0.01143887 0.06593329 -0.01695948 0.01094028 0.06593329 -0.013394 0.01094028 0.06617946 -0.01682099 0.01049838 0.06617946 -0.013394 0.01049838 0.065848 -0.013394 0.01353052 0.065848 -0.01700725 0.01353052 0.06714076 -0.013394 0.01501614 0.06784652 -0.013394 0.01494526 0.06784652 -0.01585831 0.01494526 0.06648133 -0.013394 0.01475481 0.06714076 -0.01627119 0.01501614 0.06601571 -0.013394 0.01421972 0.06648133 -0.01664989 0.01475481 0.06601571 -0.01691322 0.01421972 0.06589124 -0.01698305 0.01388808 0.06617946 -0.013394 0.004301619 0.06593329 -0.013394 0.003859723 0.06617946 -0.01682099 0.004301619 0.065848 -0.013394 0.003361127 0.06593329 -0.01695948 0.003859723 0.065848 -0.01700725 0.003361127 0.065848 -0.01700725 0.001269478 0.065848 -0.013394 0.001269478 0.06589113 -0.01698311 0.000912382 0.06601571 -0.01691322 0.000580275 0.06601571 -0.013394 0.000580275 0.06648133 -0.01664989 4.518607e-05 0.06648133 -0.013394 4.518607e-05 0.06714076 -0.01627119 -0.0002161365 0.06714076 -0.013394 -0.0002161365 0.06784652 -0.01585831 -0.0001452581 0.06784652 -0.013394 -0.0001452581 0.06988029 -0.01462364 0.0138792 0.06687211 -0.01642629 0.01441667 0.071848 -0.01336345 0.01183182 0.071848 -0.01336345 0.002968182 0.06988029 -0.01462364 0.0009208009 0.06687205 -0.01642632 0.0003835619 0.071848 -0.008194 0.01183182 0.071848 -0.008194 0.002968182 0.06988029 -0.008194 0.0138792 0.06732135 -0.008194 0.01511024 0.06732135 -0.013394 0.01511024 0.06988029 -0.008194 0.0009208009 0.06732135 -0.008194 -0.0003102364 0.06732135 -0.013394 -0.0003102364 0.06351654 -0.01827042 0.01049838 0.06351654 -0.013394 0.01049838 0.06376271 -0.01814086 0.01094028 0.06376271 -0.013394 0.01094028 0.063848 -0.01809577 0.01143887 0.063848 -0.013394 0.01143887 0.063848 -0.013394 0.01480113 0.0637123 -0.013394 0.01542458 0.06267125 -0.013394 0.01626589 0.06325081 -0.013394 0.01599902 0.063848 -0.01798485 0.01400773 0.063848 -0.0175906 0.01480113 0.063848 -0.01809577 0.01324266 0.06384268 -0.01749366 0.01493043 0.06370903 -0.01705296 0.0154377 0.06349382 -0.01667705 0.01577275 0.06324573 -0.01633572 0.01600423 0.06267125 -0.01566517 0.01626587 0.05377435 -0.01963236 0.01777038 0.05377432 -0.008194 0.01777033 0.05321114 -0.008194 0.01772999 0.05263245 -0.008194 0.01742865 0.05322383 -0.0206637 0.01773336 0.05288347 -0.02129272 0.01760056 0.05227648 -0.008194 0.01699037 0.05264979 -0.02172991 0.01744632 0.05227657 -0.02249334 0.01699055 0.06376271 -0.013394 0.003859723 0.063848 -0.013394 0.003361127 0.063848 -0.01809577 0.003361127 0.06351654 -0.013394 0.004301619 0.06376271 -0.01814086 0.003859723 0.06351654 -0.01827042 0.004301619 0.0637123 -0.013394 -0.0006245781 0.063848 -0.013394 -1.131044e-06 0.06325081 -0.013394 -0.00119902 0.06267125 -0.013394 -0.001465886 0.063848 -0.0175906 -1.12988e-06 0.063848 -0.01794953 0.0006829636 0.063848 -0.01809577 0.001557341 0.06267125 -0.01566517 -0.00146587 0.06293401 -0.01596011 -0.001382063 0.06324567 -0.01633564 -0.001204279 0.06362036 -0.01688221 -0.0008005912 0.06371083 -0.01705681 -0.0006338116 0.06378898 -0.01725249 -0.0004239489 0.05343237 -0.008194 -0.003010152 0.05343241 -0.01976462 -0.003010228 0.0519476 -0.008194 0.01657543 0.05148559 -0.008194 0.01629699 0.05190134 -0.02301326 0.01653624 0.05095496 -0.008194 0.0162 0.05147434 -0.02332159 0.01629279 0.05095504 -0.02356765 0.01620009 0.05508419 -0.02197993 0.01580037 0.05495095 -0.0213534 0.01678958 0.0546573 -0.02043063 0.01746124 0.05504601 -0.022211 0.01473177 0.04583553 -0.02544955 0.01537978 0.04582365 -0.02533376 0.0162 0.05192985 -0.008194 -0.002209947 0.05192994 -0.0226344 -0.002210136 0.05229702 -0.02187848 -0.00267209 0.05228326 -0.008194 -0.002656839 0.05266882 -0.02118632 -0.002897963 0.05289049 -0.02077708 -0.00297332 0.05286432 -0.008194 -0.002966299 0.050598 -0.008194 -0.0014 0.05059808 -0.02370533 -0.001400084 0.05111222 -0.0234671 -0.001490894 0.05113557 -0.008194 -0.001499637 0.05157458 -0.02313529 -0.00176145 0.05160173 -0.008194 -0.001785311 0.05504601 -0.022211 6.823212e-05 0.05495095 -0.0213534 -0.001989582 0.05508419 -0.02197993 -0.001000369 0.0546573 -0.02043063 -0.002661241 0.04583553 -0.02544955 -0.0005797835 0.04582365 -0.02533376 -0.0014 0.04577799 -0.02535443 -0.001399931 0.04578985 -0.02546959 -0.000581602 0.0457454 -0.0253797 -0.001399962 0.04569502 -0.02545768 -0.001399899 0.04571065 -0.02555803 -0.0005853162 0.04574558 -0.02550555 -0.0005835373 0.04568323 -0.02551234 -0.0014 0.04569343 -0.02562232 -0.0005865945 0.04568506 -0.02556199 -0.001400109 0.04571859 -0.02564813 -0.001400016 0.0457227 -0.02574686 -0.000586865 0.04569826 -0.02568872 -0.0005871183 0.04574742 -0.02568251 -0.001400057 0.04575942 -0.02579053 -0.0005860277 0.04577935 -0.0257076 -0.001400013 0.04579289 -0.02571548 -0.001400002 0.0457632 -0.02569619 -0.001400042 0.04577125 -0.02570217 -0.001400027 0.04580051 -0.02581885 -0.0005848761 0.04579827 -0.02581951 -0.0004575579 0.04572723 -0.02575777 -0.0004575579 0.0456923 -0.02567038 -0.0004575579 0.04569116 -0.025623 -0.0004575579 0.0457012 -0.02557668 -0.0004575579 0.04575198 -0.02549743 -0.0004575579 0.04583339 -0.02545018 -0.0004575579 0.04583339 -0.02545018 0.01525756 0.04575198 -0.02549743 0.01525756 0.0456923 -0.02567038 0.01525756 0.04569116 -0.025623 0.01525756 0.0457012 -0.02557668 0.01525756 0.04572723 -0.02575777 0.01525756 0.04579827 -0.02581951 0.01525756 0.04580051 -0.02581885 0.01538488 0.04575942 -0.02579053 0.01538603 0.0457227 -0.02574686 0.01538686 0.04569826 -0.02568872 0.01538712 0.04569343 -0.02562232 0.01538659 0.04571065 -0.02555803 0.01538532 0.04578985 -0.02546959 0.0153816 0.04574558 -0.02550555 0.01538354 0.04579289 -0.02571548 0.0162 0.04573818 -0.02567307 0.0162 0.04570048 -0.02561508 0.0162 0.04568325 -0.02554651 0.0162 0.04568963 -0.02547492 0.0162 0.04571954 -0.02541002 0.0162 0.04576845 -0.02536071 0.0162 0.04734351 -0.02632253 -0.0004575579 0.04734351 -0.02632253 0.01525756 0.04771206 -0.02636486 -0.0004575579 0.04771206 -0.02636486 0.01525756 0.04968698 -0.02612057 -0.0004575579 0.04968698 -0.02612057 0.01525756 0.04784065 -0.02453448 -0.00432817 0.04884666 -0.02581871 -0.002633656 0.04802035 -0.02609567 -0.002117187 0.04637089 -0.0250271 -0.003409529 0.04748675 -0.02627451 -0.001274848 0.0468916 -0.02255209 -0.00516609 0.04510366 -0.02315136 -0.00404858 0.0454218 -0.02534521 -0.001911266 0.0439491 -0.02353834 -0.002225968 0.04486646 -0.02507694 -0.0014 0.04408537 -0.02421008 -0.0014 0.04531711 -0.02542681 -0.0014 0.04372519 -0.02361369 -0.0014 0.04327973 -0.02232641 -0.0014 0.04339952 -0.02137978 -0.002167621 0.04417579 -0.02137978 -0.003558572 0.04456774 -0.02137978 -0.003998362 0.04604817 -0.02137978 -0.005018062 0.04649199 -0.02137978 -0.005192611 0.04838265 -0.02137978 -0.005449449 0.04894032 -0.0231076 -0.005073305 0.04858262 -0.02198531 -0.005397039 0.04941104 -0.02470211 -0.003955853 0.04923075 -0.02406856 -0.004518019 0.04555258 -0.0255789 -0.0014 0.04962819 -0.02555676 -0.002740392 0.04318762 -0.02137978 -0.0014 0.04591117 -0.0136553 -0.0014 0.04321552 -0.008530778 -0.0014 0.04318762 -0.008694 -0.0014 0.04341985 -0.008274548 -0.0014 0.04329575 -0.008385975 -0.0014 0.04322641 -0.008502595 -0.0014 0.04350244 -0.008232003 -0.0014 0.04369779 -0.008194 -0.0014 0.046098 -0.013644 -0.0014 0.04357608 -0.00820839 -0.0014 0.0452175 -0.01391837 -0.0014 0.04664764 -0.01664328 -0.0014 0.04664764 -0.01374472 -0.0014 0.04591117 -0.0167327 -0.0014 0.04472554 -0.01447368 -0.0014 0.044548 -0.015194 -0.0014 0.04760296 -0.01482306 -0.0014 0.04760296 -0.01556494 -0.0014 0.04725819 -0.01416616 -0.0014 0.0452175 -0.01646962 -0.0014 0.04472554 -0.01591432 -0.0014 0.04725819 -0.01622184 -0.0014 0.04838049 -0.008502658 -0.00541145 0.04838265 -0.008694 -0.005449449 0.04603506 -0.008694 -0.005012147 0.04605076 -0.008502658 -0.004977477 0.04415802 -0.008694 -0.003535958 0.04837432 -0.008340446 -0.005303239 0.04609548 -0.008340446 -0.004878746 0.04418801 -0.008502658 -0.003512525 0.04836508 -0.00823206 -0.005141291 0.04616241 -0.00823206 -0.004730985 0.04427342 -0.008340446 -0.003445793 0.04835419 -0.008194 -0.00495026 0.04624135 -0.008194 -0.004556688 0.04440124 -0.00823206 -0.003345923 0.04455202 -0.008194 -0.003228118 0.044548 -0.015194 -0.0021 0.04472554 -0.01447368 -0.0021 0.0452175 -0.01391837 -0.0021 0.04591117 -0.0136553 -0.0021 0.046098 -0.013644 -0.0021 0.04664764 -0.01374472 -0.0021 0.04725819 -0.01416616 -0.0021 0.04760296 -0.01482306 -0.0021 0.04760296 -0.01556494 -0.0021 0.04725819 -0.01622184 -0.0021 0.04664764 -0.01664328 -0.0021 0.04591117 -0.0167327 -0.0021 0.0452175 -0.01646962 -0.0021 0.04472554 -0.01591432 -0.0021 0.0471766 -0.01266435 -0.0021 0.04820016 -0.01342103 -0.0021 0.04877334 -0.01455756 -0.0021 0.04877334 -0.01583044 -0.0021 0.04820016 -0.01696697 -0.0021 0.04592196 -0.01793836 -0.0021 0.04470503 -0.01756511 -0.0021 0.0471766 -0.01772365 -0.0021 0.04337546 -0.01480635 -0.0021 0.04378654 -0.01370415 -0.0021 0.04378654 -0.01668385 -0.0021 0.04337546 -0.01558165 -0.0021 0.04470503 -0.01282289 -0.0021 0.04592196 -0.01244964 -0.0021 0.0471766 -0.01266435 -0.005371928 0.04604817 -0.01244445 -0.005018062 0.04838265 -0.01366336 -0.005449449 0.04820013 -0.01342099 -0.005456515 0.0477305 -0.01298098 -0.005444034 0.04592196 -0.01244964 -0.004959208 0.04470503 -0.01282289 -0.004130129 0.04378654 -0.01668385 -0.00298962 0.04415863 -0.0171437 -0.003536734 0.04353363 -0.01618722 -0.00249876 0.04417579 -0.01322737 -0.003558572 0.04378994 -0.01369888 -0.002995402 0.04353354 -0.01420101 -0.002498558 0.04470503 -0.01756511 -0.004130129 0.04592196 -0.01793836 -0.004959208 0.04773037 -0.01740711 -0.005444025 0.04820016 -0.01696697 -0.005456514 0.0471766 -0.01772365 -0.005371928 0.04604817 -0.01794355 -0.005018062 0.04838265 -0.01672464 -0.005449449 0.04877334 -0.01455756 -0.005426344 0.04877334 -0.01583044 -0.005426344 0.05820429 -0.008694 -0.004362572 0.06785475 -0.008694 -0.002237796 0.0584246 -0.01761768 -0.004328031 0.06785475 -0.01292383 -0.002237796 0.05909321 -0.01922922 -0.003888411 0.05959399 -0.0207246 -0.002769509 0.0597958 -0.02175536 -0.00114612 0.05968809 -0.02216047 0.0006034555 0.06859038 -0.0143968 -0.001725758 0.06910287 -0.01577316 -0.000615233 0.06926525 -0.01676312 0.0009287522 0.06907988 -0.01721957 0.002581102 0.0678446 -0.008502658 -0.002201114 0.0581981 -0.008502658 -0.004325019 0.06781569 -0.008340446 -0.002096653 0.05818046 -0.008340446 -0.004218078 0.06777243 -0.00823206 -0.001940317 0.05815406 -0.00823206 -0.004058028 0.0677214 -0.008194 -0.001755906 0.05812293 -0.008194 -0.003869237 0.07131795 -0.008694 -0.0005006711 0.07099476 -0.01196801 -0.000741178 0.06948485 -0.0124328 -0.001630299 0.07351307 -0.008694 0.001860227 0.07351307 -0.01117087 0.001860227 0.07129462 -0.008502658 -0.000470601 0.07122817 -0.008340446 -0.0003849684 0.07112873 -0.00823206 -0.0002568103 0.07101144 -0.008194 -0.0001056375 0.073348 -0.008194 0.002535819 0.07335402 -0.008194036 0.00253416 0.07353924 -0.008232017 0.002483429 0.07365907 -0.008302546 0.002450883 0.07351319 -0.008222076 0.002490532 0.07370139 -0.008340288 0.002439438 0.07371229 -0.008504097 0.002244014 0.07377156 -0.008428295 0.002420525 0.0735181 -0.008689917 0.001867838 0.0454218 -0.02534521 0.01671127 0.04748675 -0.02627451 0.01607485 0.04802035 -0.02609567 0.01691719 0.04637089 -0.0250271 0.01820953 0.04884666 -0.02581871 0.01743366 0.0439491 -0.02353834 0.01702597 0.04510366 -0.02315136 0.01884858 0.04784065 -0.02453448 0.01912817 0.04962819 -0.02555676 0.01754039 0.04941104 -0.02470211 0.01875585 0.04923075 -0.02406856 0.01931802 0.04894032 -0.0231076 0.0198733 0.0468916 -0.02255209 0.01996609 0.04858262 -0.02198531 0.02019704 0.04838265 -0.02137978 0.02024945 0.04604817 -0.02137978 0.01981806 0.04649199 -0.02137978 0.01999261 0.04417579 -0.02137978 0.01835857 0.04456774 -0.02137978 0.01879836 0.04371526 -0.02359415 0.0162 0.04339952 -0.02137978 0.01696762 0.04500029 -0.02518976 0.0162 0.045273 -0.02539614 0.0162 0.04318762 -0.02137978 0.0162 0.046098 -0.016744 0.0162 0.04628483 -0.0167327 0.0162 0.04554836 -0.01664328 0.0162 0.04747046 -0.01591432 0.0162 0.047648 -0.015194 0.0162 0.0469785 -0.01646962 0.0162 0.04554836 -0.01374472 0.0162 0.04333692 -0.008340358 0.0162 0.04337379 -0.008307577 0.0162 0.04322642 -0.008502574 0.0162 0.04326017 -0.008436801 0.0162 0.04493781 -0.01416616 0.0162 0.04318762 -0.008694 0.0162 0.04319798 -0.008593648 0.0162 0.0469785 -0.01391837 0.0162 0.04628483 -0.0136553 0.0162 0.04493781 -0.01622184 0.0162 0.04459304 -0.01482306 0.0162 0.04747046 -0.01447368 0.0162 0.04459304 -0.01556494 0.0162 0.04352612 -0.008223072 0.0162 0.04369779 -0.008194 0.0162 0.04418801 -0.008502658 0.01831253 0.04415802 -0.008694 0.01833596 0.04603506 -0.008694 0.01981215 0.04605076 -0.008502658 0.01977748 0.04838265 -0.008694 0.02024945 0.04427342 -0.008340446 0.01824579 0.04609548 -0.008340446 0.01967875 0.04838049 -0.008502658 0.02021145 0.04440124 -0.00823206 0.01814592 0.04616241 -0.00823206 0.01953098 0.04837432 -0.008340446 0.02010324 0.04455202 -0.008194 0.01802812 0.04624135 -0.008194 0.01935669 0.04836508 -0.00823206 0.01994129 0.04835419 -0.008194 0.01975026 0.05812293 -0.008194 0.01866924 0.0677214 -0.008194 0.01655591 0.07101144 -0.008194 0.01490564 0.073348 -0.008194 0.01226418 0.05820429 -0.008694 0.01916257 0.0581981 -0.008502658 0.01912502 0.06785475 -0.008694 0.0170378 0.05818046 -0.008340446 0.01901808 0.0678446 -0.008502658 0.01700111 0.05815406 -0.00823206 0.01885803 0.06781569 -0.008340446 0.01689665 0.06777243 -0.00823206 0.01674032 0.05909321 -0.01922922 0.01868841 0.06859038 -0.0143968 0.01652576 0.06785475 -0.01292383 0.0170378 0.05959399 -0.0207246 0.01756951 0.06910287 -0.01577316 0.01541523 0.0597958 -0.02175536 0.01594612 0.06926525 -0.01676312 0.01387125 0.05968809 -0.02216047 0.01419654 0.06907988 -0.01721957 0.0122189 0.0584246 -0.01761768 0.01912803 0.0693963 -0.0170303 0.0026743 0.07152909 -0.01571265 0.00399375 0.07152909 -0.01571265 0.01080625 0.07152773 -0.01571347 0.01080766 0.047648 -0.015194 0.0169 0.04747046 -0.01447368 0.0169 0.0469785 -0.01391837 0.0169 0.04628483 -0.0136553 0.0169 0.04554836 -0.01374472 0.0169 0.04493781 -0.01416616 0.0169 0.04459304 -0.01482306 0.0169 0.04459304 -0.01556494 0.0169 0.04493781 -0.01622184 0.0169 0.04628483 -0.0167327 0.0169 0.04554836 -0.01664328 0.0169 0.046098 -0.016744 0.0169 0.0469785 -0.01646962 0.0169 0.04747046 -0.01591432 0.0169 0.0471766 -0.01772365 0.02017193 0.04604817 -0.01794355 0.01981806 0.04838265 -0.01672464 0.02024945 0.04820013 -0.01696701 0.02025651 0.0477305 -0.01740702 0.02024403 0.04592196 -0.01793836 0.01975921 0.04470503 -0.01756511 0.01893013 0.04378654 -0.01370415 0.01778962 0.04415863 -0.0132443 0.01833673 0.04353363 -0.01420077 0.01729876 0.04337546 -0.01480635 0.0169 0.04337546 -0.01558165 0.0169 0.04417579 -0.01716063 0.01835857 0.04378994 -0.01668912 0.0177954 0.04353354 -0.01618699 0.01729856 0.04470503 -0.01282289 0.01893013 0.04592196 -0.01244964 0.01975921 0.04773037 -0.01298089 0.02024402 0.04820016 -0.01342103 0.02025651 0.0471766 -0.01266435 0.02017193 0.04604817 -0.01244445 0.01981806 0.04838265 -0.01366336 0.02024945 0.04877334 -0.01583044 0.0169 0.04470503 -0.01756511 0.0169 0.04592196 -0.01793836 0.0169 0.0471766 -0.01772365 0.0169 0.04820016 -0.01696697 0.0169 0.0471766 -0.01266435 0.0169 0.04592196 -0.01244964 0.0169 0.04470503 -0.01282289 0.0169 0.04378654 -0.01370415 0.0169 0.04378654 -0.01668385 0.0169 0.04877334 -0.01455756 0.0169 0.04820016 -0.01342103 0.0169 0.04877334 -0.01583044 0.02022634 0.04877334 -0.01455756 0.02022634 0.07131795 -0.008694 0.01530067 0.07129462 -0.008502658 0.0152706 0.07122817 -0.008340446 0.01518497 0.07112873 -0.00823206 0.01505681 0.07365907 -0.008302546 0.01234912 0.07353924 -0.008232017 0.01231657 0.07370139 -0.008340283 0.01236056 0.07335402 -0.008194036 0.01226584 0.07351319 -0.008222076 0.01230947 0.07351307 -0.008694 0.01293977 0.0735181 -0.008689917 0.01293216 0.07371229 -0.008504097 0.01255599 0.07377156 -0.008428295 0.01237948 0.06948485 -0.0124328 0.0164303 0.07099476 -0.01196801 0.01554118 0.07351307 -0.01117087 0.01293977 0.07384798 -0.00869 0.01183982 0.073848 -0.008694 0.01183182 0.073848 -0.008694 0.002968182 0.07384798 -0.00869 0.002960181 0.07381063 -0.008504329 0.002583357 0.07381063 -0.008504329 0.01221664 0.07376244 -0.01117087 0.002389444 0.073848 -0.01117087 0.002968182 0.073848 -0.01117087 0.01183182 0.073848 -0.01149225 0.01180191 0.073848 -0.01149225 0.002998092 0.07376244 -0.01117087 0.01241056 0.07152107 -0.0145941 0.0008114729 0.07127334 -0.01560207 0.00203794 0.07141462 -0.01331495 -0.0001549829 0.07006943 -0.013838 -0.00105949 0.07353153 -0.01200855 0.002017406 0.07349272 -0.01247799 0.002150011 0.07353279 -0.0116938 0.001939382 0.07314558 -0.01376446 0.00262928 0.07295775 -0.01415534 0.002818611 0.07376758 -0.01159725 0.002446561 0.07366798 -0.01164734 0.00218346 0.07359731 -0.01286874 0.002725809 0.073516 -0.01290816 0.002507597 0.0731291 -0.01402106 0.003087704 0.07307129 -0.0140502 0.002929667 0.07368171 -0.01276526 0.003176223 0.07333968 -0.01368796 0.003352277 0.07271201 -0.01466477 0.003599984 0.07186053 -0.01548251 0.003888528 0.07152107 -0.0145941 0.01398853 0.07141462 -0.01331495 0.01495498 0.07006943 -0.013838 0.01585949 0.07127334 -0.01560207 0.01276206 0.0718224 -0.01550619 0.01103091 0.07246055 -0.01488904 0.01154098 0.07341095 -0.01293824 0.01249977 0.07311808 -0.01382802 0.01214164 0.07353279 -0.0116938 0.01286062 0.0734927 -0.01247821 0.01264992 0.07317006 -0.01400625 0.0113753 0.07359448 -0.01305976 0.01157244 0.07383876 -0.01179246 0.01176586 0.07376758 -0.01159725 0.01235344 0.073828 -0.01154502 0.01207908 0.07317476 -0.01398419 0.01155192 0.07359731 -0.01286874 0.01207419 0.07365284 -0.01282074 0.01184971 0.0731291 -0.01402106 0.0117123 0.064848 -0.002694 0.0077 0.06496854 -0.002694 0.008692709 0.06541606 -0.002694 0.008522984 0.06573346 -0.002694 0.008164724 0.065848 -0.002694 0.0077 0.06573346 -0.002694 0.007235277 0.06541606 -0.002694 0.006877016 0.06496854 -0.002694 0.006707291 0.0644934 -0.002694 0.006764984 0.06409949 -0.002694 0.007036877 0.06387706 -0.002694 0.007460685 0.063848 -0.002694 0.0077 0.06387706 -0.002694 0.007939316 0.06409949 -0.002694 0.008363122 0.0644934 -0.002694 0.008635016 0.064848 -0.002694 0.0087 0.063598 -0.002944 0.0077 0.06363432 -0.002944 0.007400856 0.06391236 -0.002944 0.006871097 0.064848 -0.002944 0.00645 0.06499867 -0.002944 0.006459114 0.06555808 -0.002944 0.00667127 0.06595482 -0.002944 0.007119096 0.066098 -0.002944 0.0077 0.06595482 -0.002944 0.008280904 0.06555808 -0.002944 0.00872873 0.06440474 -0.002944 0.00886877 0.06499867 -0.002944 0.008940886 0.06391236 -0.002944 0.008528903 0.06363432 -0.002944 0.007999145 0.06440474 -0.002944 0.00653123 0.066098 -0.010694 0.0077 0.06595482 -0.010694 0.007119096 0.06555808 -0.010694 0.00667127 0.06499867 -0.010694 0.006459114 0.064848 -0.010694 0.00645 0.06440474 -0.010694 0.00653123 0.06391236 -0.010694 0.006871097 0.06363432 -0.010694 0.007400856 0.06363432 -0.010694 0.007999145 0.06391236 -0.010694 0.008528903 0.06440474 -0.010694 0.00886877 0.06499867 -0.010694 0.008940886 0.06555808 -0.010694 0.00872873 0.06595482 -0.010694 0.008280904 0.064848 -0.010694 0.0056 0.06410333 -0.010694 0.005736466 0.06510113 -0.010694 0.005615311 0.06327613 -0.010694 0.009092557 0.06410333 -0.010694 0.009663535 0.06670746 -0.010694 0.008675919 0.066948 -0.010694 0.0077 0.06327613 -0.010694 0.006307442 0.06280902 -0.010694 0.007197437 0.06280902 -0.010694 0.008202563 0.06510113 -0.010694 0.009784688 0.06604094 -0.010694 0.009428266 0.06670746 -0.010694 0.006724081 0.06604094 -0.010694 0.005971734 0.066948 -0.011544 0.0077 0.06670746 -0.011544 0.006724081 0.06604094 -0.011544 0.005971734 0.06510113 -0.011544 0.005615311 0.064848 -0.011544 0.0056 0.06410333 -0.011544 0.005736466 0.06327613 -0.011544 0.006307442 0.06280902 -0.011544 0.007197437 0.06280902 -0.011544 0.008202563 0.06327613 -0.011544 0.009092557 0.06410333 -0.011544 0.009663535 0.06510113 -0.011544 0.009784688 0.06604094 -0.011544 0.009428266 0.06670746 -0.011544 0.008675919 0.06648501 -0.01223691 0.0077 0.066198 -0.012294 0.0077 0.06604337 -0.012294 0.007072624 0.0662975 -0.01223691 0.006939243 0.06561489 -0.012294 0.006588972 0.06577793 -0.01223691 0.006352765 0.06501073 -0.012294 0.006359843 0.06426751 -0.01223691 0.006169367 0.06504532 -0.01223691 0.006074923 0.064848 -0.012294 0.00635 0.06436928 -0.012294 0.006437728 0.06383751 -0.012294 0.006804784 0.06362268 -0.01223691 0.00661446 0.06353723 -0.012294 0.007376923 0.06325856 -0.01223691 0.007308237 0.06353723 -0.012294 0.008023076 0.06325856 -0.01223691 0.008091763 0.06383751 -0.012294 0.008595215 0.06362268 -0.01223691 0.00878554 0.06436928 -0.012294 0.008962272 0.06426751 -0.01223691 0.009230633 0.06501073 -0.012294 0.009040157 0.06504532 -0.01223691 0.009325077 0.06561489 -0.012294 0.008811028 0.06577793 -0.01223691 0.009047235 0.06604337 -0.012294 0.008327376 0.0662975 -0.01223691 0.008460757 0.06672833 -0.01207433 0.0077 0.06651295 -0.01207433 0.006826167 0.06591615 -0.01207433 0.006152519 0.06507465 -0.01207433 0.00583338 0.06418123 -0.01207433 0.005941861 0.06344055 -0.01207433 0.006453111 0.06302231 -0.01207433 0.007250007 0.06302231 -0.01207433 0.008149993 0.06344055 -0.01207433 0.008946889 0.06418123 -0.01207433 0.009458139 0.06507465 -0.01207433 0.00956662 0.06591615 -0.01207433 0.009247481 0.06651295 -0.01207433 0.008573833 0.06689091 -0.01183101 0.0077 0.06665691 -0.01183101 0.006750613 0.0660085 -0.01183101 0.006018718 0.06509425 -0.01183101 0.005671986 0.06412358 -0.01183101 0.005789846 0.06331886 -0.01183101 0.0063453 0.06286445 -0.01183101 0.0072111 0.06286445 -0.01183101 0.008188901 0.06331886 -0.01183101 0.0090547 0.06412358 -0.01183101 0.009610154 0.06509425 -0.01183101 0.009728015 0.0660085 -0.01183101 0.009381281 0.06665691 -0.01183101 0.008649388 0.06530266 -0.012294 0.0069125 0.064848 -0.012294 0.0065 0.06588723 -0.012294 0.0071 0.06393867 -0.012294 0.0077 0.06380877 -0.012294 0.0083 0.06575733 -0.012294 0.0077 0.06588723 -0.012294 0.0083 0.06439334 -0.012294 0.0084875 0.06380877 -0.012294 0.0071 0.06439334 -0.012294 0.0069125 0.06530266 -0.012294 0.0084875 0.064848 -0.012294 0.0089 0.06380877 -0.010794 0.0071 0.06393867 -0.010794 0.0077 0.06380877 -0.010794 0.0083 0.06530266 -0.010794 0.0069125 0.06439334 -0.010794 0.0069125 0.06575733 -0.010794 0.0077 0.06588723 -0.010794 0.0083 0.06530266 -0.010794 0.0084875 0.06439334 -0.010794 0.0084875 0.064848 -0.010794 0.0065 0.064848 -0.010794 0.0089 0.06588723 -0.010794 0.0071 0.04472554 -0.01447368 0.0028 0.044548 -0.015194 0.0028 0.044548 -0.015194 -0.0009 0.0452175 -0.01391837 0.0028 0.04472554 -0.01447368 -0.0009 0.04591117 -0.0136553 0.0028 0.0452175 -0.01391837 -0.0009 0.04591117 -0.0136553 -0.0009 0.046098 -0.013644 -0.0009 0.046098 -0.013644 0.0028 0.04664764 -0.01374472 0.0028 0.04664764 -0.01374472 -0.0009 0.04725819 -0.01416616 0.0028 0.04760296 -0.01482306 0.0028 0.04725819 -0.01416616 -0.0009 0.04760296 -0.01556494 0.0028 0.04760296 -0.01482306 -0.0009 0.04725819 -0.01622184 0.0028 0.04760296 -0.01556494 -0.0009 0.04664764 -0.01664328 0.0028 0.04725819 -0.01622184 -0.0009 0.04591117 -0.0167327 0.0028 0.04664764 -0.01664328 -0.0009 0.0452175 -0.01646962 0.0028 0.04591117 -0.0167327 -0.0009 0.04472554 -0.01591432 0.0028 0.0452175 -0.01646962 -0.0009 0.04472554 -0.01591432 -0.0009 0.043098 -0.010194 0.0028 0.048598 -0.010194 0.0028 0.048598 -0.02349137 0.0028 0.043098 -0.0266668 0.0028 0.04864759 -0.02346179 0.00280082 0.04917628 -0.02309035 0.002915951 0.04917202 -0.010194 0.002914181 0.0495902 -0.02278436 0.003175034 0.04965717 -0.02273292 0.003237857 0.04965866 -0.010194 0.00323934 0.04987586 -0.02256019 0.003514452 0.05004019 -0.02241624 0.003887596 0.04998382 -0.010194 0.003725975 0.050098 -0.02234062 0.0043 0.050098 -0.010194 0.0043 0.048748 -0.02363571 0.0026 0.043098 -0.02689774 0.0026 0.050548 -0.02259648 0.0044 0.050098 -0.02233667 0.0044 0.05002079 -0.02290086 0.003127208 0.05041024 -0.02267601 0.003711774 0.04943623 -0.02323836 0.002737756 0.050548 -0.02259648 0.011 0.050098 -0.02233667 0.011 0.050098 -0.010194 0.0111 0.050098 -0.02234062 0.0111 0.048598 -0.010194 0.0126 0.04998382 -0.010194 0.01167403 0.04965866 -0.010194 0.01216066 0.04917202 -0.010194 0.01248582 0.043098 -0.010194 0.0126 0.04998959 -0.02246361 0.0116599 0.04974183 -0.02266708 0.01207039 0.04924057 -0.023044 0.0124554 0.04864759 -0.02346179 0.01259918 0.048598 -0.02349137 0.0126 0.04943623 -0.02323836 0.01266224 0.048748 -0.02363571 0.0128 0.05002079 -0.02290086 0.01227279 0.05041024 -0.02267601 0.01168823 0.043098 -0.02689774 0.0128 0.043098 -0.0266668 0.0126 0.04725819 -0.01416616 0.0126 0.04664764 -0.01374472 0.0126 0.04760296 -0.01556494 0.0126 0.04472554 -0.01591432 0.0126 0.0452175 -0.01646962 0.0126 0.044548 -0.015194 0.0126 0.046098 -0.013644 0.0126 0.04760296 -0.01482306 0.0126 0.04725819 -0.01622184 0.0126 0.04591117 -0.0167327 0.0126 0.04591117 -0.0136553 0.0126 0.04664764 -0.01664328 0.0126 0.04472554 -0.01447368 0.0126 0.0452175 -0.01391837 0.0126 0.04472554 -0.01447368 0.0163 0.044548 -0.015194 0.0163 0.0452175 -0.01391837 0.0163 0.04591117 -0.0136553 0.0163 0.04664764 -0.01374472 0.0163 0.046098 -0.013644 0.0163 0.04725819 -0.01416616 0.0163 0.04760296 -0.01482306 0.0163 0.04760296 -0.01556494 0.0163 0.04725819 -0.01622184 0.0163 0.04664764 -0.01664328 0.0163 0.04591117 -0.0167327 0.0163 0.0452175 -0.01646962 0.0163 0.04472554 -0.01591432 0.0163 0.043098 -0.02689774 0.016 0.043098 -0.02655133 0.0163 0.043098 -0.008194 0.0163 0.043098 -0.008194 -0.0009 0.043098 -0.02655133 -0.0009 0.043098 -0.02689774 -0.0006 0.051598 -0.02199026 -0.0006 0.051598 -0.02199026 0.016 0.051448 -0.02173045 0.0163 0.052598 -0.02025821 0.016 0.052298 -0.02025821 0.0163 0.05219548 -0.02083964 0.0163 0.05247739 -0.02094225 0.016 0.05190028 -0.02135095 0.0163 0.05213009 -0.02154379 0.016 0.051448 -0.02173045 -0.0009 0.05190028 -0.02135095 -0.0009 0.05213009 -0.02154379 -0.0006 0.05219548 -0.02083964 -0.0009 0.05247739 -0.02094225 -0.0006 0.052298 -0.02025821 -0.0009 0.052598 -0.02025821 -0.0006 0.052298 -0.015194 0.0163 0.052598 -0.015194 0.016 0.05247308 -0.01431383 0.0163 0.06337586 -0.008194 0.0163 0.05371783 -0.01306908 0.0163 0.05297165 -0.01356765 0.0163 0.054598 -0.012894 0.0163 0.06337586 -0.012894 0.0163 0.05383263 -0.01334624 0.016 0.05318379 -0.01377979 0.016 0.05275024 -0.01442863 0.016 0.054598 -0.013194 0.016 0.052598 -0.015194 0.01362288 0.052598 -0.02025821 0.01362288 0.05268379 -0.01461453 0.01371421 0.05318379 -0.01377979 0.01407882 0.05383263 -0.01334624 0.01428232 0.054098 -0.01325751 0.0143 0.054598 -0.013194 0.0143 0.06337586 -0.013194 0.016 0.06427029 -0.012894 0.01608885 0.06427029 -0.008194 0.01608885 0.06413613 -0.013194 0.01582053 0.07074243 -0.008194 0.01285279 0.07074243 -0.012894 0.01285279 0.07060826 -0.013194 0.01258446 0.0713275 -0.012894 0.0124097 0.0713275 -0.008194 0.0124097 0.07171334 -0.012894 0.01178539 0.07171334 -0.008194 0.01178539 0.071848 -0.012894 0.01106393 0.071848 -0.008194 0.01106393 0.07110557 -0.013194 0.01220783 0.07143354 -0.013194 0.01167717 0.071548 -0.013194 0.01106393 0.071848 -0.012894 0.004336068 0.071848 -0.008194 0.004336068 0.071548 -0.013194 0.004336068 0.07171334 -0.012894 0.00361461 0.07171334 -0.008194 0.00361461 0.0713275 -0.012894 0.002990302 0.0713275 -0.008194 0.002990302 0.07074243 -0.012894 0.002547214 0.07074243 -0.008194 0.002547214 0.07143354 -0.013194 0.003722829 0.07110557 -0.013194 0.003192167 0.07060826 -0.013194 0.002815542 0.06427029 -0.012894 -0.0006888544 0.06427029 -0.008194 -0.0006888544 0.06337586 -0.012894 -0.0009 0.06337586 -0.008194 -0.0009 0.06413613 -0.013194 -0.0004205262 0.06337586 -0.013194 -0.0006 0.054598 -0.012894 -0.0009 0.05371783 -0.01306908 -0.0009 0.05297165 -0.01356765 -0.0009 0.05247308 -0.01431383 -0.0009 0.052298 -0.015194 -0.0009 0.054598 -0.013194 -0.0006 0.05275024 -0.01442863 -0.0006 0.05318379 -0.01377979 -0.0006 0.05383263 -0.01334624 -0.0006 0.052598 -0.015194 -0.0006 0.052598 -0.02025821 0.001777124 0.052598 -0.015194 0.001777124 0.05256617 -0.02061363 0.001814121 0.05247739 -0.02094225 0.00192799 0.05236584 -0.02119348 0.002100186 0.05225024 -0.0213852 0.002334633 0.052098 -0.02158109 0.0123 0.05213009 -0.02154379 0.01265683 0.052098 -0.02158109 0.0031 0.05213009 -0.02154379 0.002743173 0.05236577 -0.02119362 0.01329969 0.05247739 -0.02094225 0.01347201 0.05225024 -0.0213852 0.01306537 0.05256613 -0.0206138 0.01358584 0.05333263 -0.010694 0.01414776 0.054098 -0.010694 0.0143 0.05268379 -0.010694 0.01371421 0.05240107 -0.0208217 0.0133585 0.05225024 -0.010694 0.01306537 0.052098 -0.010694 0.0123 0.052098 -0.010694 0.0031 0.05268379 -0.010694 0.001685786 0.05268379 -0.01461453 0.001685786 0.05318379 -0.01377979 0.001321176 0.05333263 -0.010694 0.001252241 0.05383263 -0.01334624 0.001117683 0.054098 -0.01325751 0.0011 0.05225024 -0.010694 0.002334633 0.05240107 -0.0208217 0.0020415 0.054098 -0.010694 0.0011 0.054598 -0.013194 0.0011 0.06290373 -0.010694 0.0143 0.06290373 -0.013194 0.0143 0.06290373 -0.010694 0.0011 0.06290373 -0.013194 0.0011 0.06379816 -0.013194 0.01408885 0.06379816 -0.010694 0.01408885 0.06874243 -0.013194 0.01161672 0.06874243 -0.010694 0.01161672 0.0693275 -0.013194 0.01117363 0.06971334 -0.013194 0.01054932 0.0693275 -0.010694 0.01117363 0.069848 -0.013194 0.009827864 0.06971334 -0.010694 0.01054932 0.069848 -0.010694 0.009827864 0.069848 -0.010694 0.005572136 0.069848 -0.013194 0.005572136 0.06971334 -0.013194 0.004850678 0.0693275 -0.013194 0.00422637 0.06874243 -0.013194 0.003783282 0.06379816 -0.013194 0.001311146 0.06379816 -0.010694 0.001311146 0.06874243 -0.010694 0.003783282 0.06971334 -0.010694 0.004850678 0.0693275 -0.010694 0.00422637 0.05595903 -0.010694 0.004966887 0.05618816 -0.010694 0.004362724 0.06358573 -0.010694 0.007221284 0.06395278 -0.010694 0.00668951 0.056198 -0.010694 0.0042 0.06350784 -0.010694 0.007862725 0.05452492 -0.010694 0.009889228 0.05547538 -0.010694 0.005395366 0.05422062 -0.010694 0.005395366 0.054848 -0.010694 0.00555 0.05452492 -0.010694 0.002889228 0.06373697 -0.010694 0.008466887 0.056198 -0.010694 0.0112 0.05611027 -0.010694 0.01072128 0.05395278 -0.010694 0.01018951 0.05358573 -0.010694 0.01072128 0.06517108 -0.010694 0.006389228 0.06452492 -0.010694 0.006389228 0.05395278 -0.010694 0.00318951 0.05611027 -0.010694 0.003721283 0.05373697 -0.010694 0.01196689 0.06574322 -0.010694 0.00668951 0.05358573 -0.010694 0.003721283 0.05517108 -0.010694 0.002889228 0.05574322 -0.010694 0.00318951 0.06422062 -0.010694 0.008895366 0.064848 -0.010694 0.00905 0.05574322 -0.010694 0.01018951 0.05618816 -0.010694 0.01136272 0.054848 -0.010694 0.01255 0.05547538 -0.010694 0.01239537 0.05422062 -0.010694 0.01239537 0.05350784 -0.010694 0.004362724 0.05595903 -0.010694 0.01196689 0.05373697 -0.010694 0.004966887 0.05350784 -0.010694 0.01136272 0.06618816 -0.010694 0.007862725 0.066198 -0.010694 0.0077 0.06595903 -0.010694 0.008466887 0.06547538 -0.010694 0.008895366 0.05517108 -0.010694 0.009889228 0.06611027 -0.010694 0.007221284 0.06373697 -0.008194 0.008466887 0.06350784 -0.008194 0.007862725 0.05611027 -0.008194 0.01072128 0.056198 -0.008194 0.0112 0.05618816 -0.008194 0.01136272 0.06395278 -0.008194 0.00668951 0.056198 -0.008194 0.0042 0.05618816 -0.008194 0.004362724 0.05574322 -0.008194 0.01018951 0.05595903 -0.008194 0.01196689 0.06422062 -0.008194 0.008895366 0.05611027 -0.008194 0.003721283 0.06517108 -0.008194 0.006389228 0.06452492 -0.008194 0.006389228 0.05595903 -0.008194 0.004966887 0.05547538 -0.008194 0.005395366 0.05574322 -0.008194 0.00318951 0.06358573 -0.008194 0.007221284 0.05452492 -0.008194 0.002889228 0.05547538 -0.008194 0.01239537 0.064848 -0.008194 0.00905 0.05422062 -0.008194 0.005395366 0.05395278 -0.008194 0.01018951 0.05452492 -0.008194 0.009889228 0.05373697 -0.008194 0.004966887 0.05358573 -0.008194 0.01072128 0.05395278 -0.008194 0.00318951 0.054848 -0.008194 0.01255 0.06595903 -0.008194 0.008466887 0.066198 -0.008194 0.0077 0.054848 -0.008194 0.00555 0.05350784 -0.008194 0.01136272 0.05517108 -0.008194 0.002889228 0.05350784 -0.008194 0.004362724 0.05358573 -0.008194 0.003721283 0.05422062 -0.008194 0.01239537 0.05517108 -0.008194 0.009889228 0.06611027 -0.008194 0.007221284 0.06574322 -0.008194 0.00668951 0.05373697 -0.008194 0.01196689 0.06547538 -0.008194 0.008895366 0.06618816 -0.008194 0.007862725 0.03917618 -0.02374692 -0.001 0.039348 -0.024444 -0.001 0.039348 -0.024444 0.0028 0.0387001 -0.02320952 -0.001 0.03917618 -0.02374692 0.0028 0.03802881 -0.02295494 -0.001 0.0387001 -0.02320952 0.0028 0.03731609 -0.02304148 -0.001 0.03802881 -0.02295494 0.0028 0.03672523 -0.02344932 -0.001 0.03731609 -0.02304148 0.0028 0.03639159 -0.02408503 -0.001 0.03672523 -0.02344932 0.0028 0.03639159 -0.02480297 -0.001 0.03639159 -0.02408503 0.0028 0.03672523 -0.02543868 -0.001 0.03639159 -0.02480297 0.0028 0.03731609 -0.02584652 -0.001 0.03672523 -0.02543868 0.0028 0.03731609 -0.02584652 0.0028 0.037848 -0.025944 0.0028 0.03802881 -0.02593306 0.0028 0.03802881 -0.02593306 -0.001 0.037848 -0.025944 -0.001 0.0387001 -0.02567848 -0.001 0.03917618 -0.02514108 -0.001 0.0387001 -0.02567848 0.0028 0.03917618 -0.02514108 0.0028 0.040073 -0.02829781 0.0028 0.03831315 -0.02886962 0.0028 0.043098 -0.02655133 0.0028 0.043098 -0.02147065 0.0028 0.033398 -0.024444 0.0028 0.03378272 -0.02625398 0.0028 0.03487037 -0.02775099 0.0028 0.033398 -0.01587035 0.0028 0.03647287 -0.0286762 0.0028 0.033098 -0.024444 0.0025 0.033098 -0.01569714 0.0025 0.040223 -0.02855762 0.0025 0.03834451 -0.02916798 0.0025 0.03638017 -0.02896152 0.0025 0.03466963 -0.02797394 0.0025 0.03350866 -0.026376 0.0025 0.043098 -0.02689774 0.0025 0.033098 -0.024444 -0.0007 0.03350866 -0.026376 -0.0007 0.03466963 -0.02797394 -0.0007 0.03638017 -0.02896152 -0.0007 0.03834451 -0.02916798 -0.0007 0.040223 -0.02855762 -0.0007 0.043098 -0.02689774 -0.0007 0.040073 -0.02829781 -0.001 0.043098 -0.02655133 -0.001 0.033398 -0.024444 -0.001 0.03378272 -0.02625398 -0.001 0.03487037 -0.02775099 -0.001 0.03647287 -0.0286762 -0.001 0.03831315 -0.02886962 -0.001 0.033398 -0.012944 -0.001 0.033098 -0.012944 -0.0007 0.037848 -0.014569 -0.001 0.03727177 -0.0144634 -0.001 0.043098 -0.008494 -0.001 0.03928687 -0.01369918 -0.001 0.03804387 -0.01455715 -0.001 0.039473 -0.012944 -0.001 0.03928687 -0.01218882 -0.001 0.03877111 -0.01428135 -0.001 0.03663167 -0.01402157 -0.001 0.03627022 -0.01333289 -0.001 0.037848 -0.008494 -0.001 0.03877111 -0.01160665 -0.001 0.03373674 -0.01124106 -0.001 0.03627022 -0.01255511 -0.001 0.03470137 -0.009797375 -0.001 0.03663167 -0.01186643 -0.001 0.03614506 -0.008832736 -0.001 0.03727177 -0.0114246 -0.001 0.03804387 -0.01133085 -0.001 0.037848 -0.008194 -0.0007 0.03603025 -0.008555572 -0.0007 0.03448924 -0.009585243 -0.0007 0.03345957 -0.01112625 -0.0007 0.043098 -0.008194 -0.0007 0.037848 -0.008194 0.0159 0.03603025 -0.008555572 0.0159 0.03448924 -0.009585243 0.0159 0.03345957 -0.01112625 0.0159 0.033098 -0.012944 0.0159 0.043098 -0.008194 0.0159 0.037848 -0.008494 0.0162 0.043098 -0.008494 0.0162 0.039473 -0.012944 0.0162 0.03928687 -0.01218882 0.0162 0.03877111 -0.01160665 0.0162 0.03804387 -0.01133085 0.0162 0.03727177 -0.0114246 0.0162 0.03663167 -0.01186643 0.0162 0.03627022 -0.01255511 0.0162 0.03627022 -0.01333289 0.0162 0.03663167 -0.01402157 0.0162 0.03804387 -0.01455715 0.0162 0.03727177 -0.0144634 0.0162 0.037848 -0.014569 0.0162 0.03877111 -0.01428135 0.0162 0.03928687 -0.01369918 0.0162 0.033398 -0.012944 0.0162 0.03373674 -0.01124106 0.0162 0.03470137 -0.009797375 0.0162 0.03614506 -0.008832736 0.0162 0.033098 -0.024444 0.0159 0.033398 -0.024444 0.0162 0.033098 -0.01569714 0.0127 0.033098 -0.024444 0.0127 0.040223 -0.02855762 0.0159 0.040073 -0.02829781 0.0162 0.03831315 -0.02886962 0.0162 0.03834451 -0.02916798 0.0159 0.03647287 -0.0286762 0.0162 0.03638017 -0.02896152 0.0159 0.03487037 -0.02775099 0.0162 0.03466963 -0.02797394 0.0159 0.03378272 -0.02625398 0.0162 0.03350866 -0.026376 0.0159 0.03802881 -0.02295494 0.0162 0.043098 -0.02655133 0.0162 0.0387001 -0.02567848 0.0162 0.03802881 -0.02593306 0.0162 0.0387001 -0.02320952 0.0162 0.03917618 -0.02374692 0.0162 0.03672523 -0.02344932 0.0162 0.03731609 -0.02304148 0.0162 0.03917618 -0.02514108 0.0162 0.03639159 -0.02408503 0.0162 0.03639159 -0.02480297 0.0162 0.03672523 -0.02543868 0.0162 0.039348 -0.024444 0.0162 0.03731609 -0.02584652 0.0162 0.037848 -0.025944 0.0162 0.043098 -0.02689774 0.0159 0.043098 -0.02689774 0.0127 0.040223 -0.02855762 0.0127 0.03350866 -0.026376 0.0127 0.03466963 -0.02797394 0.0127 0.03638017 -0.02896152 0.0127 0.03834451 -0.02916798 0.0127 0.033398 -0.01587035 0.0124 0.033398 -0.024444 0.0124 0.03647287 -0.0286762 0.0124 0.03731609 -0.02584652 0.0124 0.037848 -0.025944 0.0124 0.040073 -0.02829781 0.0124 0.03831315 -0.02886962 0.0124 0.03802881 -0.02593306 0.0124 0.03487037 -0.02775099 0.0124 0.03672523 -0.02543868 0.0124 0.043098 -0.02147065 0.0124 0.043098 -0.02655133 0.0124 0.039348 -0.024444 0.0124 0.0387001 -0.02567848 0.0124 0.03917618 -0.02514108 0.0124 0.03378272 -0.02625398 0.0124 0.03639159 -0.02480297 0.0124 0.03639159 -0.02408503 0.0124 0.0387001 -0.02320952 0.0124 0.03802881 -0.02295494 0.0124 0.03917618 -0.02374692 0.0124 0.03672523 -0.02344932 0.0124 0.03731609 -0.02304148 0.0124 0.043098 -0.010294 0.0028 0.043098 -0.010294 0.0124 0.04597445 -0.01417647 0.0124 0.046098 -0.014169 0.0124 0.048598 -0.010294 0.0124 0.04551573 -0.01435044 0.0124 0.04646147 -0.01423561 0.0124 0.04709321 -0.0149487 0.0124 0.04709321 -0.0154393 0.0124 0.04686522 -0.0145143 0.0124 0.048598 -0.02147065 0.0124 0.04519041 -0.01471766 0.0124 0.04519041 -0.01567034 0.0124 0.045073 -0.015194 0.0124 0.04646147 -0.01615239 0.0124 0.04597445 -0.01621153 0.0124 0.04686522 -0.0158737 0.0124 0.04551573 -0.01603756 0.0124 0.045073 -0.015194 0.0028 0.04519041 -0.01471766 0.0028 0.04551573 -0.01435044 0.0028 0.04597445 -0.01417647 0.0028 0.046098 -0.014169 0.0028 0.04646147 -0.01423561 0.0028 0.04686522 -0.0145143 0.0028 0.04709321 -0.0149487 0.0028 0.04709321 -0.0154393 0.0028 0.04686522 -0.0158737 0.0028 0.04646147 -0.01615239 0.0028 0.04597445 -0.01621153 0.0028 0.04551573 -0.01603756 0.0028 0.04519041 -0.01567034 0.0028 0.048598 -0.010294 0.0028 0.048598 -0.02147065 0.0028 0.04998382 -0.02147065 0.003725975 0.04917202 -0.02147065 0.002914181 0.050098 -0.02147065 0.0109 0.04965866 -0.02147065 0.01196066 0.04917202 -0.02147065 0.01228582 0.04965866 -0.02147065 0.00323934 0.04998382 -0.02147065 0.01147403 0.050098 -0.02147065 0.0043 0.04965866 -0.010294 0.01196066 0.04998382 -0.010294 0.01147403 0.050098 -0.010294 0.0043 0.04965866 -0.010294 0.00323934 0.04917202 -0.010294 0.002914181 0.04917202 -0.010294 0.01228582 0.04998382 -0.010294 0.003725975 0.050098 -0.010294 0.0109</float_array>
          <technique_common>
            <accessor count="2882" source="#verts-array-array" stride="3">
              <param type="float" name="X"/>
              <param type="float" name="Y"/>
              <param type="float" name="Z"/>
            </accessor>
          </technique_common>
        </source>
        <source id="normals-array">
          <float_array count="8646" id="normals-array-array">-0.5897346 0.2583893 -0.7651458 -0.4021045 0.5028557 -0.7651458 -0.4021045 0.5028557 0.7651458 -0.6422636 -0.04527097 -0.7651458 -0.5897346 0.2583893 0.7651458 -0.5476577 -0.3385602 -0.7651458 -0.6422636 -0.04527097 0.7651458 -0.32759 -0.5542894 -0.7651458 -0.5476577 -0.3385602 0.7651458 -0.03247547 -0.6430376 -0.7651458 -0.32759 -0.5542894 0.7651458 0.2700788 -0.5844736 -0.7651458 -0.03247547 -0.6430376 0.7651458 0.5107614 -0.3920137 -0.7651458 0.2700788 -0.5844736 0.7651458 0.6344346 -0.1097483 -0.7651458 0.5107614 -0.3920137 0.7651458 0.6270376 0.181546 -0.7575387 0.6344346 -0.1097483 0.7651458 0.4236344 0.5187369 -0.7425941 0.5539362 0.3905529 -0.7352708 0.5539362 0.3905529 0.7352708 0.6270376 0.181546 0.7575387 0.1854207 0.6165802 -0.7651458 0.4236344 0.5187369 0.7425941 -0.1223572 0.6321239 -0.7651458 0.1854207 0.6165802 0.7651458 -0.1223572 0.6321239 0.7651458 -0.4057248 -0.1327766 -0.9042996 -0.448192 0.5159381 -0.7300218 -0.545585 0.4015452 -0.735594 -0.2669115 0.6000391 -0.7541295 0.1416725 0.9017395 -0.4084052 -0.07803318 0.6771293 -0.731715 -0.6201003 0.1702535 -0.765826 -0.2080965 0.3727451 -0.9042991 -0.0198636 0.4233144 -0.9057651 0.1042669 0.3924929 -0.9138259 -0.6274452 -0.1407946 -0.765826 -0.1895794 -0.3591404 -0.9138259 -0.5583225 -0.3792473 -0.7378669 -0.3017008 -0.2976006 -0.9057651 -0.5106045 -0.7489283 -0.4223618 -0.7465028 0.5522942 -0.3710858 -0.6095285 0.6993018 -0.3734327 -0.4207445 -0.8246162 -0.3781298 -0.3974853 -0.8163395 -0.4190409 -0.3739909 -0.9274062 -0.006967375 -0.4374898 -0.8182393 -0.3729437 -0.7072259 -0.6055512 -0.3648827 -0.9090725 -0.2039899 -0.3632841 -0.8984308 0.2466714 -0.363284 0.2500943 0.8913309 -0.3781298 0.2090391 0.8805093 -0.4254481 0.3294488 0.9438146 -0.02602849 -0.3781124 0.8500278 -0.3667203 0.2532643 0.8917897 -0.3749244 -0.02245094 0.9294843 -0.3681778 -0.2636075 0.3063486 -0.9146921 -0.3315814 0.2403394 -0.9122997 -0.4157171 0.1141385 -0.9023035 -0.420641 -0.09438915 -0.9023036 -0.3270912 -0.2808198 -0.9023035 -0.1970996 -0.3589717 -0.9122999 -0.2409491 -0.8963739 -0.3720986 -0.102469 -0.3940988 -0.913338 0.1074393 0.3896092 -0.914692 -0.00968283 0.4221513 -0.9064737 -0.1716193 0.385814 -0.9064736 0.430885 0.8221198 -0.3720982 0.1919901 0.3591018 -0.9133377 0.6270385 0.1815456 -0.757538 0.553936 0.390552 -0.7352714 0.6344348 -0.1097473 -0.7651457 0.4236339 0.5187375 -0.7425939 0.4226472 -0.06313139 -0.9040928 0.353399 -0.2402588 -0.9040934 -0.5897339 0.2583892 -0.7651463 0.2141585 -0.3698008 -0.9040927 -0.4021048 0.5028564 -0.7651452 0.3128736 0.2910768 -0.9040931 -0.5476579 -0.3385595 -0.7651459 -0.32759 -0.5542892 -0.7651459 0.4081821 0.1264995 -0.9040936 -0.6422641 -0.04527112 -0.7651453 0.0324997 -0.4261 -0.9040921 -0.1223581 0.6321236 -0.7651459 0.1854203 0.6165802 -0.7651459 0.5107608 -0.3920135 -0.7651463 -0.03247523 -0.6430376 -0.7651457 0.2700785 -0.5844741 -0.7651455 0.07081132 -0.9284126 -0.3647406 0.4666212 -0.805747 -0.3647416 0.7700116 -0.523493 -0.3647427 0.9208919 -0.1375552 -0.3647418 0.8893776 0.2756265 -0.3647431 0.6817114 0.6342181 -0.3647423 -0.1881711 -0.7060028 0.682753 0.05711518 -0.7488416 0.6602833 0.3763688 -0.6499019 0.6602833 0.6210788 -0.4222408 0.6602831 0.7427759 -0.1109498 0.6602834 0.7173575 0.2223159 0.6602831 0.549857 0.5115499 0.6602832 0.3405535 0.6464299 0.6827531 -0.4021048 0.5028564 0.7651452 -0.5897339 0.2583892 0.7651463 -0.6422641 -0.04527112 0.7651453 -0.5476579 -0.3385595 0.7651459 -0.32759 -0.5542892 0.7651459 -0.03247523 -0.6430376 0.7651457 0.2700785 -0.5844741 0.7651455 0.5107608 -0.3920135 0.7651463 0.6344348 -0.1097473 0.7651457 0.6270385 0.1815456 0.757538 0.553936 0.390552 0.7352714 0.4236339 0.5187375 0.7425939 0.1854203 0.6165802 0.7651459 -0.1223581 0.6321236 0.7651459 -0.8663221 -0.3189413 -0.3843989 -0.6604781 -0.6482566 -0.3788562 -0.7237791 -0.6775834 -0.1304783 -0.484185 -0.04700019 -0.8737024 -0.4147828 -0.9096751 -0.02112814 -0.591626 -0.8005701 -0.09521631 -0.9479528 -0.3101643 -0.07199674 -0.9900241 -0.1073872 -0.09121595 -0.7447182 -0.6633585 -0.07314611 -0.8610759 -0.5001325 -0.0917376 -0.8315081 -0.5547298 -0.02948153 -0.9268449 -0.111479 -0.358512 -0.8210476 -0.4433604 -0.3596004 -0.6763715 -0.3110323 -0.667668 -0.08218223 -0.004891959 -0.9966053 -0.298546 -0.6312778 -0.7157924 -0.4532462 -0.5833591 -0.6739882 -0.6878597 -0.08097351 -0.7213129 -0.3429259 -0.02902071 -0.9389141 -0.6173301 -0.56458 -0.5478621 -0.7694108 -0.5386238 -0.3433531 -0.7014938 -0.5599527 -0.440862 -0.8348473 -0.5380565 -0.1162979 -0.8066676 -0.5484325 -0.220248 -0.6843879 -0.6910472 -0.2325232 -0.4979682 -0.8499741 -0.1719641 -0.5309976 -0.8290363 -0.1753293 -0.4452518 -0.8881499 -0.1137564 -0.6069032 -0.550682 -0.5730776 -0.6217941 -0.5935662 -0.5109318 -0.5700561 -0.7538582 -0.3267014 -0.5958087 -0.6743326 -0.4362195 -0.7022924 -0.5816646 -0.4104287 -0.6012331 -0.6481092 -0.4674111 -0.600626 -0.6221836 -0.5021315 -0.6072439 -0.5504341 -0.5729548 0 0 0 -0.5617814 -0.4851598 -0.6700908 -0.4212721 -0.4157576 -0.8060244 -0.2344026 -0.349854 -0.9070047 -0.4605977 -0.8664193 -0.1927881 -0.4671586 -0.8595743 -0.2071107 -0.4351983 -0.8904731 -0.1328913 -0.3655454 -0.9307935 -0.0002055089 -0.365577 -0.9307811 -0.0002102156 -0.4489867 -0.8836393 -0.1326369 -0.4438883 -0.8543372 -0.2703167 -0.3701384 -0.8556304 -0.3617931 -0.3986448 -0.9161819 -0.04114711 -0.3644786 -0.9312118 -0.0001201944 -0.3644763 -0.9312126 -0.0001194148 -0.4433294 -0.8907189 -0.1003935 -0.4149608 -0.9071386 -0.07005077 -0.457486 -0.8776016 -0.1432551 -0.1960426 -0.3590038 -0.912515 -0.4372957 -0.8190924 -0.3712952 -0.7099895 -0.5092676 -0.4863757 -0.7243947 -0.4502268 -0.5220615 -0.535934 -0.6064944 -0.5873152 -0.06417652 -0.01287201 -0.9978555 -0.5931516 -0.4964482 -0.6338063 -0.1763362 0.8557711 -0.4863757 -0.2269651 0.8221549 -0.5220614 -0.03843001 0.05298543 -0.9978555 0.01751073 0.809169 -0.587315 -0.0991542 0.7671037 -0.6338142 -0.3239141 0.3629113 -0.8737134 -0.04568633 0.9243272 -0.3788561 -0.4203034 0.8219378 -0.3843999 -0.07230446 0.9888097 -0.1304894 -0.1855454 0.909028 -0.37315 -0.246437 0.9471344 -0.2054393 -0.1182851 0.8620687 -0.4927943 0.04631135 0.7553717 -0.6536581 -0.0757462 0.8181975 -0.5699257 0.1193197 0.7074244 -0.6966445 -0.2453743 0.9679381 -0.05373393 0.2229953 0.6639403 -0.7137622 0.1091958 0.9895328 -0.09434611 -0.09734776 0.9925588 -0.07314609 -0.2935578 0.9515293 -0.09173765 -0.4862413 0.8708535 -0.07199672 -0.6477995 0.7553935 -0.0986734 0.3108588 0.9502362 -0.0204457 -0.3031764 0.8821403 -0.3604338 -0.5976882 0.7193453 -0.3539931 -0.4413536 0.5285496 -0.7251499 -0.04031302 0.9724289 -0.2296885 -0.2331124 0.2562979 -0.9380672 -0.05761658 0.05861864 -0.9966164 0.06569456 0.4158908 -0.9070386 -0.07429973 0.5042024 -0.8603833 -0.07794153 0.72654 -0.6826894 -0.2739189 0.6823656 -0.6777504 -0.04755448 0.8076921 -0.5876836 0 0 0 -0.1206968 0.8972001 -0.4248108 0.01229674 0.8900566 -0.4556841 0.03011134 0.9123064 -0.4083997 -0.07208199 0.8162426 -0.5731948 0.04726356 0.929605 -0.3655143 0.005905804 0.9111718 -0.4119843 -0.1102476 0.8377047 -0.5348796 -0.02934862 0.8752841 -0.4827178 -0.01515029 0.8637571 -0.5036806 0.1588708 0.9714559 -0.176163 0.3072298 0.8802502 -0.3616206 0.2400101 0.9412567 -0.2375522 0.2882948 0.9489487 -0.1279938 0.2423557 0.9524678 -0.1845776 0.2549777 0.9566372 -0.1408246 0.2801222 0.9503128 -0.1357831 0.3640954 0.9313617 4.349354e-06 0.3641058 0.9313576 7.240041e-07 0.3157034 0.9471693 -0.05658406 0.3641766 0.9313299 -1.01559e-05 0.3151433 0.9469823 -0.06252361 0.3641216 0.9313514 -2.023807e-06 0.3640606 0.9313752 7.076433e-06 0.2939906 0.9520123 -0.08510022 0.2994928 0.9510372 -0.07636917 0.1537295 0.3380549 -0.9284859 0.3832982 0.8385646 -0.3871588 -0.3241943 -0.2829865 -0.902672 -0.4182849 -0.1010974 -0.9026722 0.6270376 0.1815459 -0.7575387 -0.6422634 -0.04527098 -0.7651459 -0.5897347 0.2583894 -0.7651457 0.4236343 0.518737 -0.742594 0.553936 0.390553 -0.7352709 -0.4176517 0.1036859 -0.9026717 0.6344348 -0.1097482 -0.7651457 -0.4021046 0.5028556 -0.7651458 0.1854207 0.6165801 -0.7651458 -0.1223573 0.6321239 -0.7651458 0.04895321 0.4275364 -0.9026717 0.1607013 0.3661346 -0.9165809 -0.3275899 -0.5542894 -0.7651458 -0.5476577 -0.3385604 -0.7651457 -0.3224366 0.2849889 -0.9026716 0.5107612 -0.3920136 -0.7651459 -0.1542022 0.4017535 -0.9026715 0.2700789 -0.5844737 -0.7651456 -0.03247524 -0.6430376 -0.7651458 0.3789549 0.8465036 -0.3739315 0.1059722 0.9255151 -0.3635818 -0.3338102 0.8697007 -0.3635815 -0.6979982 0.6169335 -0.3635817 -0.9041171 0.2244557 -0.363582 -0.9054895 -0.2188523 -0.3635827 -0.7018048 -0.6125993 -0.3635824 0.3789548 0.8465035 0.3739319 0.3832981 0.8385644 0.3871592 0.1059722 0.925515 0.3635821 -0.3338101 0.8697006 0.3635818 -0.6979981 0.6169334 0.363582 -0.904117 0.2244557 0.3635822 -0.9054894 -0.2188523 0.363583 -0.7018048 -0.6125991 0.3635827 -0.4372956 -0.8190923 0.3712955 -0.4021046 0.5028556 0.7651458 -0.5897347 0.2583894 0.7651457 -0.6422634 -0.04527098 0.7651459 -0.5476577 -0.3385604 0.7651457 -0.3275899 -0.5542894 0.7651458 -0.03247524 -0.6430376 0.7651458 0.2700789 -0.5844737 0.7651456 0.5107612 -0.3920136 0.7651459 0.6344348 -0.1097482 0.7651457 0.6270376 0.1815459 0.7575387 0.4236343 0.518737 0.742594 0.553936 0.390553 0.7352709 0.1854207 0.6165801 0.7651458 -0.1223573 0.6321239 0.7651458 0.1607012 0.3661343 0.916581 0.1537294 0.3380546 0.9284861 0.06502986 0.4160689 0.9070049 0.3083168 0.879799 0.3617934 -0.1960424 -0.3590034 0.9125152 -0.324194 -0.2829862 0.9026722 -0.4182845 -0.1010974 0.9026724 -0.4176513 0.1036859 0.9026719 -0.3224362 0.2849886 0.9026718 -0.1542019 0.4017532 0.9026717 0.04895315 0.4275361 0.9026719 -0.3712431 -0.8552245 0.3616209 -0.2337934 -0.3501733 0.9070387 -0.0543522 0.8579013 0.5109318 0.2491605 0.9490793 0.1927886 0.2396961 0.9484993 0.2071108 0.2841421 0.949528 0.1328905 0.3626566 0.9319228 0.0002075282 0.3626186 0.9319376 0.000213193 0.2693716 0.9538587 0.1326369 0.2532446 0.9288681 0.270317 -0.02759319 0.5912385 0.8060246 -0.08377632 0.7375361 0.670091 0.3284333 0.9436304 0.04114932 0.210544 0.9623407 0.1719639 0.2751767 0.95464 0.1137553 -0.1215785 0.9037541 0.4104233 0 0 0 0.09238208 0.9406014 0.3267025 0.3637252 0.9315063 0.0001244624 0.3637287 0.9315049 0.0001232373 0.1720721 0.9693558 0.1753299 0.01952178 0.8996286 0.4362193 0.2783307 0.9552241 0.1003941 0.3103105 0.9480507 0.0700523 0.2590312 0.9551864 0.1432544 -0.002251198 0.8840371 0.4674112 -0.07250511 0.8162896 0.5730744 -0.07291507 0.8163375 0.5729541 -0.01938418 0.8645736 0.5021323 0.3121646 0.9497931 0.02112759 -0.5946261 -0.6623985 0.4556842 -0.4679147 -0.8642783 0.1846047 -0.4614316 -0.8759255 0.140838 -0.4386997 -0.8883145 0.135794 -0.3641056 -0.9313577 1.072885e-06 -0.3641298 -0.9313482 -7.469943e-06 -0.4317882 -0.892849 0.1279833 -0.4103746 -0.9101609 0.05656696 -0.595752 -0.7151765 0.3655161 -0.5966255 -0.6908314 0.4083994 -0.6972071 -0.5774527 0.4247948 0 0 0 -0.3640726 -0.9313706 2.524193e-05 -0.4107782 -0.9095842 0.06259203 -0.5421217 -0.8216269 0.1761625 -0.3641019 -0.9313591 4.466068e-06 -0.3641212 -0.9313516 -9.322912e-06 -0.6491834 -0.540824 0.5348554 -0.6136464 -0.6735841 0.4119739 -0.4296268 -0.8989839 0.08513985 -0.4249184 -0.9020065 0.07634595 -0.4160443 -0.9091147 0.02043676 -0.4620162 -0.8544647 0.2375524 -0.3965636 -0.3201213 0.8603835 -0.5827457 -0.5612801 0.5876837 -0.6065699 -0.5509276 0.5731943 -0.5969576 -0.6244577 0.5036806 -0.6152093 -0.6232981 0.4827183 -0.5500358 -0.4810357 0.6826897 -0.6828066 -0.08906626 0.7251499 -0.66409 -0.3156568 0.6777501 -0.8210826 -0.4426185 0.3604335 -0.6891535 -0.6872501 0.2296838 -0.7447182 -0.6633585 0.07314613 -0.5908872 -0.8012185 0.0943462 -0.9270925 -0.1232419 0.353993 -0.9479528 -0.3101643 0.07199675 -0.8610759 -0.5001325 0.09173763 -0.9883656 -0.115745 0.09867347 -0.8367971 -0.5448699 0.0537339 -0.8234684 -0.5288615 0.2054395 -0.7528773 -0.5421576 0.3731499 -0.3451316 -0.03023698 0.9380671 -0.671602 -0.5532671 0.4927944 -0.6105876 -0.5498797 0.5699255 -0.08209661 -0.003998658 0.9966164 -0.4782828 -0.5864946 0.6536587 -0.392113 -0.6007781 0.6966441 -0.2864352 -0.6391386 0.7137624 -0.06417663 -0.01287204 0.9978555 -0.03843007 0.05298553 0.9978555 -0.05707391 0.05933337 0.9966053 0.208764 0.6663775 0.7157923 -0.5359341 -0.6064944 0.5873152 -0.7099895 -0.5092676 0.4863757 -0.1763361 0.8557711 0.4863757 0.01751061 0.809169 0.587315 -0.7243949 -0.4502267 0.5220613 -0.2269651 0.822155 0.5220613 -0.7237725 -0.6775883 0.1304892 -0.4841659 -0.04699804 0.8737131 -0.5931355 -0.4964575 0.633814 -0.09917259 0.7671078 0.6338063 -0.2080946 0.3727462 0.9042991 -0.323927 0.3629268 0.8737021 -0.4057275 -0.1327753 0.9042986 -0.07073061 0.8335731 0.5478622 0.0625827 0.7360867 0.673988 -0.2208174 0.9501214 0.2202478 -0.200092 0.9176447 0.3433531 -0.2348004 0.9715964 0.0294815 -0.2485626 0.9616088 0.1162979 -0.1357168 0.8872549 0.4408625 -0.07231298 0.9888105 0.1304782 -0.2860812 0.6872972 0.6676677 -0.4505555 0.5260298 0.7213129 -0.6054845 0.7105335 0.3585119 -0.2323166 0.2539083 0.938914 -0.6546868 0.7503765 0.09121595 -0.4862414 0.8708535 0.07199673 -0.3026476 0.8826619 0.3596004 -0.2935578 0.9515293 0.09173768 -0.09734776 0.9925588 0.07314611 -0.03423272 0.9719886 0.2325217 0.108213 0.9895574 0.09521632 -0.4207447 -0.8246166 0.3781288 -0.6604784 -0.6482569 0.3788552 -0.8663226 -0.3189398 0.3843989 0.2500944 0.8913313 0.3781288 -0.04568632 0.9243276 0.3788551 -0.4203023 0.8219393 0.384398 -0.1895799 -0.3591414 0.9138254 -0.3017016 -0.2976014 0.9057646 -0.4484198 -0.7849001 0.4276113 -0.5400751 -0.7314202 0.4163453 -0.3983672 -0.9168482 0.02632441 -0.01986361 0.4233155 0.9057646 0.1042672 0.3924939 0.9138254 0.1796846 0.8916233 0.4155976 0.2870481 0.8655459 0.4104067 0.362101 0.9321378 0.001378652 -0.6274452 -0.1407946 0.765826 -0.6201003 0.1702535 0.765826 -0.545585 0.4015452 0.735594 -0.448192 0.5159381 0.7300218 -0.5583225 -0.3792473 0.7378669 -0.2669115 0.6000391 0.7541295 -0.07803318 0.6771293 0.731715 0.2531944 0.8918971 0.3747162 -0.02245095 0.9294841 0.3681783 -0.3781123 0.8500276 0.3667208 -0.6095284 0.6993017 0.3734332 -0.7465027 0.5522941 0.3710863 -0.8984306 0.2466713 0.3632845 -0.9090723 -0.2039899 0.3632846 -0.4373916 -0.8182268 0.3730865 -0.7072258 -0.605551 0.3648831 -0.3315809 0.2403391 0.9123 -0.2636072 0.3063481 0.9146924 -0.1970993 -0.3589712 0.9123001 -0.3270908 -0.2808194 0.9023038 -0.4206404 -0.0943891 0.9023039 -0.4157165 0.1141383 0.9023038 -0.2409488 -0.8963737 0.3720992 -0.1024687 -0.3940984 0.9133382 -0.171619 0.3858135 0.9064739 -0.009682843 0.4221507 0.9064739 0.1074392 0.3896086 0.9146923 0.1919898 0.3591013 0.9133379 0.4308849 0.8221197 0.3720987 0.553936 0.390552 0.7352714 0.4081814 0.1264996 0.9040939 0.3128733 0.2910764 0.9040934 -0.5476579 -0.3385595 0.7651459 -0.32759 -0.5542892 0.7651459 0.2700785 -0.5844741 0.7651455 0.6344348 -0.1097473 0.7651457 0.5107608 -0.3920135 0.7651463 0.4236339 0.5187375 0.7425939 0.4226465 -0.06313171 0.9040931 -0.6422641 -0.04527112 0.7651453 -0.5897339 0.2583892 0.7651463 -0.03247523 -0.6430376 0.7651457 0.1854203 0.6165802 0.7651459 0.2141581 -0.3698001 0.904093 -0.4021048 0.5028564 0.7651452 -0.1223581 0.6321236 0.7651459 0.3533987 -0.2402582 0.9040937 0.6270385 0.1815456 0.757538 0.03249917 -0.4260995 0.9040924 0.6817113 0.6342179 0.3647428 0.8893774 0.2756266 0.3647436 0.9208917 -0.1375555 0.3647423 0.7700116 -0.5234926 0.3647431 0.4666211 -0.8057469 0.3647419 0.07081099 -0.9284125 0.3647411 -0.1881711 -0.7060028 -0.682753 0.05711518 -0.7488416 -0.6602833 0.3763688 -0.6499019 -0.6602833 0.6210788 -0.4222408 -0.6602831 0.7427759 -0.1109498 -0.6602834 0.7173575 0.2223159 -0.6602831 0.549857 0.5115499 -0.6602832 0.3405535 0.6464299 -0.6827531 -0.5897339 0.2583892 -0.7651463 -0.4021048 0.5028564 -0.7651452 -0.6422641 -0.04527112 -0.7651453 -0.5476579 -0.3385595 -0.7651459 -0.32759 -0.5542892 -0.7651459 -0.03247523 -0.6430376 -0.7651457 0.2700785 -0.5844741 -0.7651455 0.5107608 -0.3920135 -0.7651463 0.6344348 -0.1097473 -0.7651457 0.6270385 0.1815456 -0.757538 0.4236339 0.5187375 -0.7425939 0.553936 0.390552 -0.7352714 0.1854203 0.6165802 -0.7651459 -0.1223581 0.6321236 -0.7651459 0.8993613 0.4320409 0.06700633 0.8398974 0.4809701 -0.251476 0.8993618 0.43204 -0.06700625 0.8398978 0.480969 0.2514767 0.5086678 0.6104613 0.6071195 0.7072251 0.5328362 0.4646701 0.3281508 0.6553507 0.680318 0.7072257 0.5328364 -0.4646688 0.5086639 0.6104709 -0.6071131 0.3281511 0.6553507 -0.6803178 0.3678748 -0.9274581 -0.06700439 0.3678744 -0.9274582 0.06700486 -0.04023786 -0.7935914 0.6071192 0.03415277 -0.04700993 0.9983104 0.1583203 -0.8712152 0.4646706 0.2909908 -0.9230842 0.2514756 0.0341529 -0.04701017 -0.9983104 -0.04023783 -0.7935912 -0.6071194 0.1583206 -0.8712154 -0.4646701 0.2909906 -0.9230841 -0.2514763 -0.2033377 -0.7041469 -0.6803168 -0.1832192 -0.6646055 -0.7243827 -0.2033378 -0.7041467 0.6803169 -0.1832194 -0.6646055 0.7243826 0.4249909 -0.9023816 -0.07134534 0.4249909 -0.9023816 0.0713454 0.02356429 -0.7239963 -0.6894013 0.3996852 -0.8710382 -0.2855594 0.02356414 -0.7239962 0.6894014 0.2490318 -0.8121417 -0.5276448 0.2490318 -0.8121417 0.5276448 0.3996852 -0.8710382 0.2855595 0.3678739 -0.9274584 -0.06700473 0.3678741 -0.9274584 0.06700495 -0.04023722 -0.7935908 -0.6071199 0.1583206 -0.8712154 -0.4646702 0.2909919 -0.9230835 -0.2514766 -0.04023744 -0.7935908 0.6071199 0.1583206 -0.8712154 0.4646702 0.2909921 -0.9230835 0.2514766 0.3678736 -0.9274585 0.06700585 -0.1687354 -0.6660454 -0.7265755 0.0763074 -0.7368345 -0.6717531 0.07630729 -0.7368344 0.6717531 -0.1687355 -0.6660454 0.7265755 0.3678739 -0.9274584 -0.06700522 -0.203338 -0.7041466 -0.680317 -0.2033379 -0.7041467 0.6803169 -0.1936141 -0.712767 -0.674149 -0.3281498 -0.6553523 -0.6803169 -0.3281496 -0.6553523 0.680317 -0.04023818 -0.793591 -0.6071196 -0.7072255 -0.5328366 -0.464669 -0.5086679 -0.6104617 0.607119 0.3487738 -0.8955737 0.2762329 0.3244597 -0.8338478 0.4465689 -0.04023795 -0.793591 0.6071196 0.1583199 -0.871216 -0.4646691 -0.8398973 -0.4809696 -0.2514772 -0.006510801 -0.8168842 -0.576765 -0.1936141 -0.7127669 0.674149 -0.8993617 -0.4320403 -0.06700518 -0.8993618 -0.4320401 0.06700538 -0.8398973 -0.4809696 0.2514772 0.206552 -0.9001798 0.3834222 0.290992 -0.9230834 0.2514769 0.1583199 -0.871216 0.4646692 0.290992 -0.9230834 -0.2514769 -0.5086681 -0.6104615 -0.607119 0.3487739 -0.8955737 -0.2762329 0.206552 -0.9001798 -0.3834222 -0.006510953 -0.8168842 0.576765 -0.7072254 -0.5328366 0.464669 0.3244597 -0.8338478 -0.4465688 -0.3161156 -0.6126506 0.7243826 -0.1687356 -0.6660452 0.7265756 0.424991 -0.9023816 -0.07134548 0.0235638 -0.7239962 -0.6894014 0.2490321 -0.8121415 -0.5276449 0.424991 -0.9023816 0.07134544 0.399685 -0.8710383 0.2855594 0.249032 -0.8121415 0.5276449 -0.1832195 -0.6646054 0.7243827 -0.1832197 -0.6646054 -0.7243826 -0.9243263 -0.3748744 0.07134521 -0.5083512 -0.5160474 0.6894012 -0.7338191 -0.4279025 0.5276448 0.3487746 -0.8955736 0.2762323 0.3244598 -0.8338479 0.4465686 0.02356395 -0.7239963 0.6894012 0.3996849 -0.8710383 -0.2855594 0.07630674 -0.7368343 0.6717533 0.2065517 -0.90018 0.383422 -0.9243263 -0.3748743 -0.07134506 -0.8844723 -0.369005 -0.2855593 -0.1936142 -0.7127669 0.674149 -0.1936141 -0.7127669 -0.674149 -0.7338192 -0.4279021 -0.5276449 -0.1687355 -0.6660452 -0.7265756 0.3487747 -0.8955735 -0.2762323 0.2065518 -0.9001799 -0.3834221 0.07630684 -0.7368344 -0.6717532 0.3244599 -0.8338479 -0.4465685 -0.8844722 -0.3690053 0.2855593 -0.3161157 -0.6126504 -0.7243828 -0.006510938 -0.816884 0.5767652 -0.5083514 -0.5160472 -0.6894013 -0.00651057 -0.816884 -0.5767652 -0.5897344 0.2583897 -0.7651458 -0.4021039 0.502856 -0.7651459 -0.4021039 0.502856 0.7651459 -0.6422632 -0.04527121 -0.765146 -0.5897344 0.2583897 0.7651458 -0.5476574 -0.3385609 -0.7651457 -0.6422632 -0.04527121 0.765146 -0.3275895 -0.5542897 -0.7651458 -0.5476574 -0.3385609 0.7651457 -0.03247525 -0.6430378 -0.7651456 -0.3275895 -0.5542897 0.7651458 0.270079 -0.5844732 -0.765146 -0.03247525 -0.6430378 0.7651456 0.510762 -0.3920129 -0.7651458 0.270079 -0.5844732 0.765146 0.6344349 -0.1097477 -0.7651456 0.510762 -0.3920129 0.7651458 0.6270385 0.1815451 -0.7575382 0.6344349 -0.1097477 0.7651456 0.423634 0.5187366 -0.7425944 0.5539369 0.3905514 -0.7352711 0.5539369 0.3905514 0.7352711 0.6270385 0.1815451 0.7575382 0.1854199 0.6165805 -0.7651457 0.423634 0.5187366 0.7425944 -0.1223571 0.6321244 -0.7651454 0.1854199 0.6165805 0.7651457 -0.1223571 0.6321244 0.7651454 -0.4021045 0.5028556 -0.7651459 -0.1024689 -0.3940987 -0.913338 -0.5897347 0.2583892 -0.7651457 0.102469 0.3940995 -0.9133377 -0.3275903 -0.5542893 -0.7651457 -0.0324754 -0.6430374 -0.7651459 -0.5476578 -0.3385603 -0.7651457 0.03249933 -0.4260983 -0.9040929 -0.6422635 -0.04527104 -0.7651458 -0.4081835 -0.1265001 -0.9040929 0.6270375 0.1815462 -0.7575388 0.5539362 0.3905531 -0.7352707 -0.1919903 -0.3591017 -0.9133377 -0.1223571 0.632124 -0.7651457 -0.3128744 -0.2910771 -0.9040928 0.4236345 0.5187368 -0.7425941 0.4081842 0.1265005 -0.9040925 0.3533986 -0.2402589 -0.9040935 0.2141576 -0.3698007 -0.9040929 -0.03249916 0.4260986 -0.9040928 0.1854208 0.6165801 -0.7651458 -0.422647 0.06313151 -0.9040929 0.6344347 -0.1097482 -0.7651457 0.3128735 0.291076 -0.9040934 0.1919902 0.3591022 -0.9133375 -0.3534 0.2402591 -0.9040929 0.5107612 -0.3920137 -0.7651459 -0.2141578 0.3698005 -0.9040929 0.270079 -0.5844737 -0.7651456 0.4226471 -0.06313146 -0.9040928 -0.4021045 0.5028556 0.7651459 -0.5897347 0.2583892 0.7651457 -0.6422635 -0.04527104 0.7651458 -0.5476578 -0.3385603 0.7651457 -0.3275903 -0.5542893 0.7651457 -0.0324754 -0.6430374 0.7651459 0.270079 -0.5844737 0.7651456 0.5107612 -0.3920137 0.7651459 0.6344347 -0.1097482 0.7651457 0.5539362 0.3905531 0.7352707 0.6270375 0.1815462 0.7575388 0.4236345 0.5187368 0.7425941 0.1854208 0.6165801 0.7651458 -0.1223571 0.632124 0.7651457 0.2409491 0.8963741 -0.3720981 0.430885 0.82212 -0.3720978 -0.0708113 0.9284122 -0.3647417 -0.4666216 0.8057466 -0.3647419 -0.7700119 0.5234931 -0.3647419 -0.920892 0.1375552 -0.3647418 -0.8893779 -0.2756271 -0.3647418 -0.6817118 -0.634218 -0.3647416 -0.4308853 -0.8221197 -0.3720982 -0.2409491 -0.8963738 -0.3720989 0.0708111 -0.9284121 -0.3647419 0.4666216 -0.8057466 -0.3647419 0.7700113 -0.5234933 -0.3647429 0.9208921 -0.1375548 -0.3647417 0.889378 0.2756277 -0.3647413 0.6817116 0.6342176 -0.3647428 0.2409491 0.8963742 0.3720978 0.4308852 0.8221201 0.3720975 -0.07081128 0.9284123 0.3647414 -0.4666217 0.8057467 0.3647416 -0.770012 0.5234932 0.3647415 -0.9208921 0.1375552 0.3647415 -0.8893781 -0.2756271 0.3647415 -0.681712 -0.6342181 0.3647413 -0.4308853 -0.8221199 0.3720978 -0.2409491 -0.8963739 0.3720986 -0.1919904 -0.3591021 0.9133375 -0.3128748 -0.2910773 0.9040926 -0.4081839 -0.1265002 0.9040927 -0.4226474 0.06313157 0.9040927 -0.3534003 0.2402593 0.9040927 -0.214158 0.3698008 0.9040928 -0.03249914 0.426099 0.9040926 0.1024691 0.3940999 0.9133375 -0.1024689 -0.3940991 0.9133379 0.03249932 -0.4260987 0.9040927 0.4081846 0.1265002 0.9040924 0.3128734 0.2910766 0.9040933 0.1919906 0.3591025 0.9133373 0.4226477 -0.06313161 0.9040926 0.2141576 -0.369801 0.9040927 0.3533991 -0.2402589 0.9040933 0.07081108 -0.9284123 0.3647416 0.4666216 -0.8057468 0.3647416 0.7700115 -0.5234932 0.3647426 0.9208921 -0.1375549 0.3647415 0.8893782 0.2756275 0.3647409 0.6817115 0.6342179 0.3647424 0 1 0 0.08972137 0.9101197 0.4045148 0.244607 0.9025442 0.3543745 0.3812745 0.9025445 0.2001079 0.4305962 0.9025447 -1.016491e-07 0.3812745 0.9025445 -0.200108 0.2446071 0.9025443 -0.3543742 0.06197703 0.9071953 -0.4161197 -0.1588635 0.9051367 -0.3943221 -0.3223057 0.9025448 -0.2855379 -0.3999047 0.9077068 -0.127061 -0.407238 0.9133221 4.211027e-08 -0.3999046 0.907707 0.1270607 -0.3223056 0.9025447 0.2855382 -0.1639469 0.9051872 0.3921193 -0.02909841 0.9077138 0.4185798 -0.9279846 0.3726184 1.060085e-08 -0.8883406 0.3676363 -0.2751265 -0.6973144 0.3634791 -0.6177666 -0.05617947 0.3788661 -0.9237448 0.1930027 0.3695115 -0.9089616 0.5292103 0.3634787 -0.766694 0.824893 0.3634789 -0.4329372 0.9316024 0.363479 -5.535485e-08 0.824893 0.3634787 0.4329374 0.5292103 0.3634784 0.7666941 -0.3355386 0.3588493 0.871 0.1187347 0.3559211 0.9269424 -0.6973143 0.3634792 0.6177667 -0.8883406 0.3676363 0.2751265 -0.3553405 0.3656182 -0.8602653 0.6438573 0.7651456 7.323298e-18 0.570107 0.7651459 -0.2992153 0.3657524 0.7651457 -0.5298842 0.1405664 0.742594 -0.6548246 -0.04092272 0.7352709 -0.6765368 -0.249812 0.7575386 -0.6030997 -0.4819338 0.7651458 -0.4269563 -0.6257753 0.7644009 -0.1552304 -0.6257753 0.7644009 0.1552304 -0.4819338 0.7651458 0.4269563 -0.228315 0.7651457 0.6020169 0.07760844 0.7651459 0.6391625 0.3657525 0.7651455 0.5298843 0.5701068 0.765146 0.2992154 0.1549006 0.6747566 -0.7216019 -0.04421671 0.6809564 -0.7309878 -0.2865598 0.6627768 -0.6918168 -0.5642955 0.6569992 0.4999226 -0.2673335 0.6569993 0.7049005 0.09087152 0.6569991 0.7483946 0.4282592 0.6569992 0.6204403 -0.5642955 0.6569992 -0.4999225 -0.7319846 0.6569991 -0.1804182 -0.7319846 0.6569992 0.1804182 0.6675377 0.6569992 0.3503506 0.7538912 0.6569993 6.859869e-18 0.6675377 0.6569992 -0.3503505 0.4282592 0.6569992 -0.6204403 0.9953242 -0.09659082 8.270355e-08 0.8813159 -0.09659029 -0.46255 0.5654086 -0.09659097 -0.8191357 0.2081102 -0.09674377 -0.9733092 -0.06744141 -0.1392514 -0.9879579 -0.3805481 -0.09672249 -0.919689 -0.7450106 -0.09659131 -0.6600222 -0.9664017 -0.09659143 -0.238197 -0.9664017 -0.09659145 0.238197 -0.7450106 -0.0965916 0.6600222 -0.3529464 -0.0965903 0.9306445 0.1199728 -0.09659136 0.9880671 0.5654087 -0.09659066 0.8191357 0.881316 -0.09659032 0.46255 0.4076783 -0.9131256 -2.16768e-07 0.1129034 -0.993606 1.492191e-07 0.09997159 -0.9936059 -0.05246915 0.3609804 -0.913126 -0.1894573 0.06413669 -0.9936059 -0.09291797 0.2315871 -0.9131259 -0.3355122 0.02367901 -0.994166 -0.1052297 -0.1464156 -0.9124937 -0.3819918 0.05165558 -0.9118914 -0.4071681 -0.008944867 -0.9934972 -0.1135049 -0.04302552 -0.9938075 -0.1024469 -0.08450954 -0.9936059 -0.07486901 -0.3051517 -0.9131255 -0.2703408 -0.1096233 -0.9936059 -0.02701969 -0.3958318 -0.9131257 -0.09756379 -0.1096233 -0.9936059 0.02701978 -0.3958317 -0.9131257 0.09756371 -0.08450965 -0.9936059 0.07486893 -0.3051517 -0.9131256 0.2703408 -0.04003627 -0.9936059 0.1055668 -0.1445647 -0.9131256 0.381186 0.0136091 -0.9936059 0.1120805 0.0491401 -0.9131257 0.4047057 0.06413665 -0.9936059 0.09291797 0.2315871 -0.9131259 0.3355123 0.09997174 -0.9936059 0.05246902 0.3609802 -0.9131261 0.1894574 0.7214356 -0.6924815 -8.840754e-08 0.6387992 -0.692482 -0.3352673 0.4098219 -0.6924822 -0.5937293 0.08695947 -0.692482 -0.716175 -0.2558238 -0.6924825 -0.6745533 -0.5400023 -0.6924817 -0.4784 -0.7004712 -0.6924824 -0.1726507 -0.7004712 -0.6924824 0.1726506 -0.5400022 -0.6924815 0.4784005 -0.2558242 -0.6924824 0.6745533 0.08695954 -0.692482 0.7161751 0.4098218 -0.6924823 0.5937292 0.6387993 -0.6924819 0.3352673 0.9280139 -0.3725455 1.425775e-07 0.8217158 -0.3725449 -0.4312695 0.5271721 -0.3725461 -0.7637402 0.1330063 -0.392457 -0.9101026 -0.3396425 -0.3809439 -0.8599562 -0.6946282 -0.3725461 -0.6153869 -0.901047 -0.3725469 -0.2220883 -0.901047 -0.3725468 0.2220882 -0.6946281 -0.3725466 0.6153867 -0.3290787 -0.3725462 0.8677076 0.11186 -0.3725464 0.9212473 0.5271721 -0.3725458 0.7637403 0.821716 -0.3725448 0.4312693 0.7491183 -0.6624362 1.354341e-17 -0.3745597 -0.6624358 0.6487557 -4.709831e-07 -0.8929446 0.4501665 -0.3898558 -0.8929445 0.2250838 0.3745589 -0.662436 -0.6487559 0.3898558 -0.8929445 0.2250838 0.3745589 -0.662436 0.6487559 -0.3745597 -0.6624358 -0.6487557 -0.3898558 -0.8929445 -0.2250838 0.3898558 -0.8929445 -0.2250838 -4.709831e-07 -0.8929446 -0.4501665 -0.7491183 -0.6624362 -1.354341e-17 0.7038493 -0.5826328 0.4063684 0.6522782 -0.7579797 -8.844468e-18 0.7038493 -0.5826328 -0.4063684 0.3261386 -0.75798 0.5648893 -8.503182e-07 -0.5826327 0.8127356 -0.3261391 -0.7579802 0.5648887 -0.3261391 -0.7579802 -0.5648887 -8.503182e-07 -0.5826327 -0.8127356 0.3261386 -0.75798 -0.5648893 -0.6522782 -0.7579797 8.844468e-18 -0.7038493 -0.5826328 -0.4063684 -0.7038493 -0.5826328 0.4063684 0 1 0 0.08972142 0.9101199 0.4045144 0.244607 0.9025442 0.3543746 0.3812746 0.9025444 0.2001082 0.4305962 0.9025447 -1.743532e-07 0.3812744 0.9025445 -0.200108 0.2446075 0.9025441 -0.3543745 0.0619771 0.907195 -0.4161202 -0.1588636 0.9051366 -0.3943224 -0.3223056 0.902545 -0.2855375 -0.3999046 0.9077069 -0.1270609 -0.407238 0.9133221 -7.712452e-09 -0.3999046 0.907707 0.1270607 -0.3223059 0.9025446 0.2855384 -0.1639465 0.9051875 0.3921189 -0.02909837 0.907714 0.4185793 -0.9279846 0.3726184 -4.844174e-09 -0.8883405 0.3676364 -0.2751265 -0.6973142 0.3634792 -0.6177667 -0.05617948 0.3788657 -0.9237449 0.1930027 0.3695111 -0.9089618 0.5292103 0.3634785 -0.7666941 0.8248928 0.363479 -0.4329375 0.9316024 0.363479 -7.580192e-08 0.824893 0.3634786 0.4329374 0.5292105 0.3634785 0.766694 -0.3355387 0.3588495 0.8709999 0.118735 0.3559215 0.9269422 -0.6973146 0.363479 0.6177665 -0.8883406 0.3676363 0.2751265 -0.3553403 0.3656178 -0.8602656 0.6438573 0.7651456 7.323298e-18 0.5701068 0.765146 -0.2992154 0.3657523 0.7651456 -0.5298843 0.1405664 0.742594 -0.6548246 -0.04092272 0.7352709 -0.6765368 -0.2498118 0.7575385 -0.6030998 -0.4819336 0.7651459 -0.4269564 -0.6257753 0.7644009 -0.1552304 -0.6257753 0.7644009 0.1552304 -0.4819341 0.7651457 0.4269562 -0.2283151 0.7651458 0.6020168 0.07760867 0.765146 0.6391623 0.3657528 0.7651455 0.5298843 0.5701068 0.765146 0.2992154 -0.04421617 0.680956 -0.7309883 -0.28656 0.6627769 -0.6918165 0.1549016 0.6747569 -0.7216015 -0.5642954 0.6569992 -0.4999227 -0.5642956 0.6569992 0.4999226 -0.2673335 0.6569993 0.7049005 0.6675377 0.6569992 0.3503506 0.7538912 0.6569993 -8.099041e-08 0.4282592 0.6569992 -0.6204403 0.09087152 0.6569991 0.7483946 0.4282592 0.6569992 0.6204403 0.6675376 0.6569992 -0.3503506 -0.7319846 0.6569991 -0.1804182 -0.7319846 0.6569992 0.1804181 0.9953242 -0.0965908 -2.682539e-09 0.8813159 -0.09658997 -0.4625501 0.5654088 -0.09659063 -0.8191356 0.2081117 -0.09674302 -0.973309 -0.06744071 -0.1392512 -0.9879579 -0.3805487 -0.09672159 -0.9196889 -0.7450104 -0.09659181 -0.6600224 -0.9664017 -0.09659161 -0.2381972 -0.9664018 -0.0965913 0.2381968 -0.7450106 -0.09659165 0.6600221 -0.3529464 -0.09659101 0.9306444 0.1199727 -0.09659204 0.9880671 0.5654087 -0.0965907 0.8191356 0.8813159 -0.09659065 0.46255 0.4076784 -0.9131256 -2.577269e-07 0.1129034 -0.993606 1.412638e-07 0.09997164 -0.9936059 -0.05246926 0.3609803 -0.913126 -0.1894572 0.06413668 -0.9936059 -0.09291798 0.2315871 -0.9131259 -0.3355122 0.02367901 -0.994166 -0.1052295 -0.1464157 -0.9124935 -0.3819922 0.05165565 -0.9118913 -0.4071682 -0.008944834 -0.9934972 -0.1135047 -0.04302552 -0.9938075 -0.102447 -0.08450948 -0.993606 -0.07486892 -0.3051518 -0.9131254 -0.270341 -0.1096233 -0.9936059 -0.02701964 -0.3958319 -0.9131256 -0.09756391 -0.1096234 -0.9936059 0.02701983 -0.3958317 -0.9131257 0.09756359 -0.0845097 -0.9936059 0.07486908 -0.3051515 -0.9131257 0.2703406 -0.0400363 -0.9936059 0.1055668 -0.1445646 -0.9131257 0.3811856 0.01360911 -0.9936059 0.1120806 0.04913995 -0.9131259 0.4047053 0.06413667 -0.9936059 0.092918 0.2315871 -0.9131259 0.3355123 0.09997168 -0.9936059 0.05246895 0.3609803 -0.913126 0.1894575 0.7214356 -0.6924815 -1.016231e-07 0.6387991 -0.6924821 -0.3352674 0.4098219 -0.6924822 -0.5937293 0.08695953 -0.6924821 -0.7161749 -0.2558238 -0.6924827 -0.6745531 -0.5400026 -0.6924814 -0.4784001 -0.7004713 -0.6924823 -0.1726507 -0.7004711 -0.6924825 0.1726506 -0.540002 -0.6924816 0.4784004 -0.2558241 -0.6924822 0.6745535 0.0869595 -0.6924817 0.7161753 0.4098218 -0.6924822 0.5937293 0.6387995 -0.6924818 0.3352672 0.9280139 -0.3725456 1.181044e-07 0.8217158 -0.3725446 -0.4312698 0.5271722 -0.3725458 -0.7637402 0.1330068 -0.3924569 -0.9101026 -0.3396429 -0.3809435 -0.8599563 -0.6946282 -0.3725463 -0.6153868 -0.9010469 -0.372547 -0.2220882 -0.901047 -0.3725466 0.2220884 -0.6946281 -0.3725466 0.6153868 -0.3290786 -0.3725463 0.8677076 0.1118599 -0.3725466 0.9212472 0.5271721 -0.3725458 0.7637403 0.8217159 -0.3725451 0.4312691 0.7491183 -0.6624362 1.354341e-17 -0.3745597 -0.6624356 0.6487558 -4.528683e-07 -0.8929448 0.4501662 -0.3898555 -0.8929445 0.2250838 0.3745589 -0.6624361 -0.6487558 0.3898555 -0.8929445 0.2250838 0.3745589 -0.6624358 0.648756 -0.3745597 -0.6624359 -0.6487555 -0.389856 -0.8929444 -0.2250837 0.389856 -0.8929444 -0.2250837 -4.709832e-07 -0.8929445 -0.4501667 -0.7491183 -0.6624362 -1.354341e-17 0.7038491 -0.5826327 0.4063686 0.6522782 -0.7579797 -8.844468e-18 0.7038494 -0.5826328 -0.4063681 0.3261385 -0.7579801 0.5648892 -8.176142e-07 -0.5826326 0.8127356 -0.3261389 -0.7579804 0.5648886 -0.3261392 -0.7579801 -0.5648889 -8.503177e-07 -0.5826327 -0.8127356 0.3261388 -0.7579798 -0.5648895 -0.6522782 -0.7579797 8.844468e-18 -0.7038494 -0.5826328 -0.4063681 -0.7038491 -0.5826327 0.4063686 -0.4999226 -0.6569993 -0.5642954 0.1804183 -0.6569991 -0.7319845 0.4999226 -0.6569993 -0.5642954 0.7039097 -0.6577707 -0.2680463 -0.7483946 -0.6569992 0.09087096 -0.7049005 -0.6569993 -0.2673337 -0.1804183 -0.6569991 -0.7319845 -0.6371325 -0.6694109 0.3820357 0.6371323 -0.6694118 0.3820344 0.4839342 -0.6799519 0.5508839 0.747579 -0.6577982 0.09179992 -0.4839322 -0.6799526 0.5508848 -0.3026364 -0.6398438 0.7064072 0.3026362 -0.6398437 0.7064074 -3.255209e-07 -0.5729231 0.8196091 -0.5299322 -0.7650994 0.3657797 -0.6391628 -0.7651457 0.0776079 -0.6020169 -0.7651457 -0.228315 -0.4269565 -0.7651457 -0.4819338 -0.1540853 -0.7651459 -0.6251476 0.1540853 -0.7651459 -0.6251476 0.4269565 -0.7651457 -0.4819338 0.6030996 -0.7575387 -0.2498118 0.6764942 -0.73531 -0.04092285 0.6548238 -0.7425949 0.1405655 -0.2992151 -0.7651457 0.5701074 0.2992153 -0.7651461 0.5701067 -2.914999e-07 -0.7651456 0.6438573 0.5299328 -0.7650986 0.3657805 -0.2377033 -0.6679485 -0.7052248 0.6764942 -0.73531 -0.04092285 0.6032607 -0.7574368 -0.249732 0.6548239 -0.7425948 0.1405653 0.529884 -0.7651455 0.3657531 0.6774881 -0.7344515 -0.03988448 0.6035466 -0.7567442 -0.251137 0.1540851 -0.7651458 -0.6251478 -0.1540851 -0.7651458 -0.6251478 0.6548239 -0.7425948 0.1405653 -0.4269394 -0.7650399 -0.4821168 0.4269394 -0.7650399 -0.4821168 -7.158789e-05 -0.683845 -0.7296273 -0.7235245 -0.6870946 0.06643262 -0.7182374 -0.6937802 -0.05295369 0.5300119 -0.7649982 0.3658758 -0.6021762 -0.7650449 -0.2282327 0.2992154 -0.7651458 0.5701071 0.4270491 -0.7650016 -0.4820804 -0.6391629 -0.7651456 0.0776077 -0.5298834 -0.7651463 0.3657523 0.2350096 -0.6840623 -0.6905282 -0.6944553 -0.663897 0.2774394 -0.24219 -0.6684026 0.7032652 -0.5041864 -0.6656858 0.5501441 0.2992692 -0.7650069 0.5702652 0.6099476 -0.6741213 -0.4165627 -2.328405e-05 -0.7650218 0.6440043 0.1541343 -0.7649922 -0.6253235 -0.2992151 -0.7651454 0.5701077 0.4325418 -0.6712955 -0.6018887 -0.4269339 -0.7647073 -0.4826492 0.7056627 -0.675673 0.2133214 0.6099476 -0.6741213 0.4165627 -0.6032876 -0.7637286 -0.2297011 0.720938 -0.6909696 0.05300491 0.4325418 -0.6712955 0.6018887 0.2350089 -0.6840622 0.6905286 -0.1541836 -0.7650439 -0.6252482 -0.6801082 -0.675381 -0.2851547 -0.5041598 -0.6680308 -0.5473187 -0.5299098 -0.7651091 0.3657919 -0.2993068 -0.7650825 0.5701441 0.7056628 -0.675673 -0.2133214 0.720938 -0.6909696 -0.05300489 -2.914999e-07 -0.7651459 0.643857 0.001947618 -0.6841635 0.7293261 -0.6402953 -0.7640461 0.07909132 -0.9970991 0.0581764 -0.04907955 -0.9583049 0.2354879 -0.1618557 -0.8160627 0.4515645 -0.3607371 -0.7572447 0.03343487 -0.6522749 -0.8899999 0.07095543 -0.450406 -0.9478845 0.1095018 -0.2992061 -0.5106111 0.08979582 -0.8551099 -0.3914265 0.06882672 -0.9176318 -0.6190295 0.03972477 -0.7843624 -0.3143928 0.09846607 -0.9441724 -0.1739119 0.066721 -0.9824983 -0.01988894 0.06872472 -0.9974374 -0.9939837 0.05894656 0.0923135 -0.01119321 0.02195815 0.9996962 -0.3352088 0.2922018 0.8956859 -0.6466685 0.1857762 0.739802 -0.7137639 0.02748562 0.6998468 -0.3963829 0.02174044 0.9178278 -0.8364919 0.03305651 0.5469813 -0.9391896 0.06935963 0.3363214 -0.9692561 0.231632 0.08300123 -0.9676377 0.245299 -0.05920855 -0.8874699 0.4567385 0.06153912 -0.8617381 0.5043536 -0.0550893 -0.7543982 0.6557266 0.03010024 -0.6688981 0.7431694 -0.01656924 -0.6170373 0.7869253 0.003685854 -0.7000813 0.6763737 -0.2289207 -0.6126312 0.7311253 -0.3002313 -0.6784503 0.5586208 -0.4771247 -0.5869434 0.5293634 -0.6125943 -0.6783197 0.7339093 -0.0354898 -0.8580659 0.4658242 -0.2161728 -0.7806213 0.2324211 -0.5801818 -0.6145296 0.1565889 -0.7731968 -0.8991723 0.2729534 -0.3420315 -0.5205367 0.7610455 -0.3871064 -0.5769836 0.7955052 -0.1850982 -0.6219486 0.7686925 -0.1493046 -0.5074076 0.6003674 -0.6181395 -0.3844109 0.5758334 -0.7215568 -0.7713348 0.631132 -0.08194509 -0.6252059 0.7775884 -0.06688658 -0.7731323 0.4717306 -0.4239537 -0.3347362 0.2968597 -0.8943299 -0.4967532 0.2856134 -0.8195494 -0.187785 0.2959532 -0.9365621 -0.5641923 0.8196395 -0.09938864 -0.5007097 0.8607367 -0.09177195 -0.4446608 0.8118549 -0.3783759 -0.3076179 0.6284131 -0.7144706 -0.1117145 0.3298012 -0.9374172 0.07823467 0.09598174 -0.9923038 -0.8616876 0.4615213 0.2109324 -0.7395036 0.5255309 0.4206563 -0.6850686 0.6950424 0.2181676 -0.5972443 0.5512616 0.582589 -0.4288278 0.586051 0.6874962 -0.5312787 0.7506067 0.3928518 -0.8385511 0.3614114 0.4076934 -0.7195838 0.2750518 0.6376093 -0.1076236 0.1214595 0.9867445 -0.4504431 0.1426104 0.8813418 -0.6244367 0.7641198 0.1618631 -0.7371247 0.6453009 0.200584 -0.7336895 0.6698554 0.1139894 -0.9223584 0.3597524 0.1408301 -0.5670416 0.8174198 0.1014329 -0.6121794 0.7272731 0.310339 -0.4938241 0.2707451 0.8263383 -0.2186458 0.2667523 0.9386358 -0.3201507 0.418985 0.8496794 -0.6701492 0.1556863 0.7257147 -0.5498187 0.403125 0.7315665 -0.7409777 0.3862545 0.5493264 -0.9194781 0.2384001 0.3126106 -0.4446605 0.8118547 0.3783766 -0.5007097 0.8607368 0.09177141 -0.3072998 0.6289261 0.714156 -0.1108349 0.3303115 0.9373419 0.07875574 0.09599506 0.9922613 0.62099 0.09909393 -0.7775293 0.2422177 0.07276884 -0.9674892 0.360276 0.09540927 -0.9279538 0.7715166 0.1276767 -0.6232662 0.7986367 0.2252494 -0.55807 0.8217939 0.321175 -0.4706393 0.9961685 0.08158293 -0.0315057 0.9999194 0.01257781 0.001708335 0.8809635 0.4072617 -0.2409177 0.9595159 0.2671273 -0.08928762 0.7715185 0.1276901 0.6232612 0.6209896 0.0990967 0.7775293 0.3602766 0.09540978 0.9279535 0.2422174 0.07276921 0.9674892 0.9961685 0.08158293 0.0315057 0.9595159 0.2671274 0.08928749 0.9999194 0.01257781 -0.001708335 0.798638 0.2252516 0.5580673 0.8809627 0.4072625 0.2409192 0.8217936 0.3211754 0.4706396 0.2544239 0.9158438 -0.3106422 0.05132728 0.9795822 -0.1943815 -0.04844222 0.9958326 -0.07727069 0.1274012 0.8914419 -0.4348567 0.4530974 0.6969709 -0.5558185 0.2177742 0.8165149 -0.5346755 0.2834094 0.6235834 -0.7285759 0.3449954 0.3624936 -0.8657809 0.5795954 0.3783036 -0.7217725 0.06877774 0.9940516 -0.08444543 0.006941586 0.9999733 -0.002281062 0.09530277 0.9947441 -0.03743856 0.3323395 0.934384 -0.1283627 0.5441335 0.8134897 -0.2053125 0.6897828 0.6858362 -0.2320093 0.6992808 0.7114312 0.06980049 0.3774372 0.9217 0.08950067 0.9188697 0.3925514 0.03977312 0.9933753 0.1061681 0.04397618 0.09725223 0.9905406 0.09680577 -0.01866041 0.744371 -0.6675055 -0.1776899 0.9225244 -0.3426004 0.1714224 0.4358413 -0.8835478 -0.1208189 0.685402 -0.7180717 -0.3272631 0.8640606 -0.3824893 -0.4472167 0.8902746 -0.08607161 -0.2713766 0.9589134 -0.08270271 0.1184128 0.3595618 -0.9255775 -0.06507841 0.9948434 0.0777906 0.09711719 0.9194443 0.3810387 0.3743681 0.8566954 0.3548542 0.09698267 0.7690022 0.6318465 0.6951574 0.6641379 0.2750947 0.3770726 0.7154927 0.5881211 0.9151608 0.3724057 0.1542554 0.6995023 0.5526054 0.4531267 0.918877 0.3057056 0.2494175 0.9957292 0.07104182 -0.05896116 0.9933753 0.1061681 -0.04397618 0.9963081 0.07931531 -0.03285344 0.9963081 0.08585015 -9.989716e-09 0.9957292 0.07104182 0.05896109 0.9963081 0.07931524 0.03285348 0.09814246 0.7696603 0.6308654 0.3855061 0.7138842 0.5845977 0.7116281 0.5432872 0.4454487 0.9275972 0.2884208 0.2374381 -0.0452914 0.7896138 0.6119303 -0.03849923 0.9393999 0.3406546 -0.439708 0.8942854 0.0831292 -0.2718813 0.9584734 0.08607685 -0.3885451 0.8319545 -0.3960865 -0.4911559 0.8653035 -0.1000787 -0.1866134 0.6523903 -0.734549 0.05001646 0.3507498 -0.9351326 -0.338648 0.8615262 -0.3782726 -0.4244855 0.9014044 -0.08533529 -0.1618961 0.670977 -0.7235879 0.04393711 0.3564523 -0.9332799 0.1904623 0.08283984 -0.9781931 0.09944317 0.9193527 0.3806595 0.3915328 0.8501209 0.3521314 0.09963551 0.995024 4.810065e-06 0.391532 0.9201645 -3.003752e-07 0.09943741 0.9193518 -0.3806633 0.3915336 0.8501207 -0.3521311 0.09814293 0.7696608 -0.6308647 0.7194625 0.6416636 0.2657848 0.719463 0.6945307 4.741309e-07 0.7194625 0.6416632 -0.2657857 0.3855058 0.7138843 -0.5845976 0.932371 0.3339853 0.1383409 0.9323713 0.361502 1.649478e-07 0.932371 0.3339852 -0.1383411 0.711628 0.5432875 -0.4454484 0.9275973 0.2884206 -0.2374379 -0.02239113 0.7721872 0.6350005 -0.1529102 0.925878 0.3454974 -0.2646471 0.8879386 0.3762007 -0.2907008 0.9000974 0.324527 -0.1093831 0.8289861 0.5484682 -0.4607667 0.8832166 0.08730701 0.01817778 0.9803512 0.1964205 -0.003384633 0.9434521 0.3314916 -0.2060304 0.8986532 0.3872646 -0.3236738 0.9316016 0.1653898 -0.3134978 0.9495744 0.005262124 -0.02601937 0.9908758 0.1322431 -2.72982e-05 0.999529 -0.03068738 -0.2993035 0.8977795 -0.3231244 -0.1066698 0.8339448 -0.5414403 -0.1932517 0.9262948 -0.3234682 -0.4667377 0.8832513 0.04497728 -0.4642756 0.8855876 0.01351504 -0.4640449 0.8857281 -0.01216916 -0.3139347 0.9349039 -0.1655284 -0.4622036 0.8847978 -0.05916556 -0.4606813 0.886715 -0.038848 -0.4632324 0.8811047 -0.0952375 -0.004267193 0.9090707 0.4166201 -0.002481351 0.8272296 0.5618585 -0.03258452 0.9833675 -0.1786801 -0.002503327 0.9567348 -0.2909505 -0.01674115 0.7917096 -0.6106682 -0.03505981 0.8833814 -0.4673415 -0.04529153 0.7896135 -0.6119307 0.09698254 0.7690017 -0.6318472 -0.264648 0.8879383 -0.3762007 -0.439708 0.8942854 -0.0831292 0.3770725 0.7154924 -0.5881216 0.6995019 0.5526061 -0.4531265 0.9188773 0.3057052 -0.2494172 0.09711694 0.9194441 -0.3810391 0.3743686 0.856695 -0.3548547 0.09725211 0.9905406 -0.09680542 0.6951574 0.664138 -0.2750944 0.3774373 0.9217 -0.08950027 0.9151609 0.3724056 -0.154255 0.6992809 0.7114311 -0.06980038 0.9188697 0.3925514 -0.03977314 0.006941655 0.9999733 0.002280505 0.09530278 0.994744 0.03743889 0.3323394 0.9343841 0.1283624 0.5441342 0.8134888 0.2053143 0.6897835 0.6858359 0.2320085 -0.03849922 0.9393998 -0.3406549 -0.06507842 0.9948434 -0.07779037 0.2544237 0.915844 0.3106419 0.06877755 0.9940516 0.08444513 -0.04844256 0.9958326 0.07727031 0.05132761 0.9795819 0.1943832 0.453098 0.6969696 0.5558198 0.127402 0.8914414 0.4348575 0.217772 0.8165173 0.5346726 0.5795955 0.3783046 0.7217719 0.2834073 0.6235849 0.7285754 0.3450069 0.3624937 0.8657763 -0.4472168 0.8902746 0.08607129 -0.2713765 0.9589135 0.08270257 -0.2718814 0.9584734 -0.08607676 -0.152911 0.9258776 -0.3454981 -0.3272619 0.864061 0.3824895 -0.1208168 0.6854031 0.718071 -0.0186598 0.7443737 0.6675025 0.118409 0.3595588 0.9255791 0.1714284 0.435839 0.8835478 -0.1776884 0.9225251 0.3425992 -0.3885448 0.8319542 0.3960872 -0.1866137 0.65239 0.7345492 0.05001539 0.3507507 0.9351323 -0.4911561 0.8653035 0.1000782 -0.4247057 0.9012986 0.08535713 0.3213488 0.8750893 -0.3618753 0.4782457 0.7994939 -0.3634426 0.4715872 0.8770123 -0.09195043 0.3301428 0.6533819 -0.6812473 0.4399461 0.5963259 -0.6714483 0.289808 0.3356015 -0.8963163 0.341429 0.3117663 -0.886695 0.2126786 0.03365339 -0.9765425 0.2203831 0.02631835 -0.9750583 0.08703723 0.9246478 -0.3707438 0.29585 0.9517023 -0.0820702 0.1586089 0.698086 -0.6982257 0.2041415 0.3603216 -0.9102168 0.2150204 0.06856521 -0.9741997 -0.1572731 0.9082983 -0.387633 0.04738258 0.9958349 -0.07789634 -0.1098958 0.9931072 -0.04075603 -0.02303139 0.6951171 -0.7185275 0.1125344 0.35995 -0.9261598 0.1990492 0.07407426 -0.977186 -0.3074242 0.9492433 -0.06654007 0.1783793 0.06761385 -0.981636 -0.3389017 0.8614049 0.3783217 -0.1621118 0.6708922 0.7236183 0.04382365 0.3564335 0.9332924 0.1904375 0.08284814 0.9781972 0.4713562 0.8771333 0.09198119 0.2948961 0.9519935 0.08212583 0.04603628 0.9958984 0.07789125 -0.1107451 0.9930145 0.04071609 -0.3079138 0.9490858 0.06652279 0.3505896 0.2977517 -0.8879363 0.4328175 0.6042766 -0.6689684 0.4795495 0.7995444 -0.3616089 0.4641163 0.8812431 -0.08948032 -0.02221829 0.9212666 -0.3882964 -0.06518764 0.9929532 -0.09896733 0.07005394 0.9936021 -0.08858495 0.02845892 0.7062168 -0.7074234 0.1154714 0.9216211 -0.3705143 0.07506249 0.3822379 -0.9210102 0.1504167 0.7148328 -0.6829267 0.1221485 0.3807717 -0.9165657 -0.1612675 0.9049834 0.3936978 -0.0319724 0.6944612 0.7188195 0.1092424 0.3616237 0.9259019 0.1570082 0.700765 0.6959001 0.2031219 0.3649654 0.9085933 0.1989707 0.07412912 0.9771978 0.09080105 0.9202514 0.3806476 0.3367526 0.6525846 0.6787717 0.2917897 0.3373214 0.8950268 0.2149374 0.06864445 0.9742124 0.3281897 0.8707809 0.366104 0.478067 0.7995836 0.3634805 0.4398167 0.5963869 0.6714789 0.2126138 0.03366335 0.9765563 0.3413547 0.3117856 0.8867168 0.2203712 0.0262599 0.9750625 0.1783783 0.06761223 0.9816363 0.3505891 0.2977508 0.8879368 0.4328172 0.6042778 0.6689676 0.4795484 0.7995446 0.36161 0.4641162 0.8812431 0.08948037 0.1154712 0.9216216 0.3705132 0.07005395 0.9936021 0.08858548 -0.06518761 0.9929532 0.09896717 0.1504204 0.7148334 0.6829253 -0.02221768 0.9212669 0.3882959 0.1221486 0.3807695 0.9165666 0.0284615 0.7062175 0.7074226 0.07506249 0.3822388 0.9210098 -0.2496544 0.8971313 -0.3644559 -0.1604218 0.7051677 -0.6906543 -0.04255864 0.401255 -0.9149772 -0.2973434 0.9504897 -0.09031168 -0.07227348 0.9946812 0.07338901 -0.3033005 0.949203 0.08380015 -0.487525 0.8692409 0.08209528 0.3013792 0.8940687 -0.3313784 0.3024476 0.6966422 -0.6505499 0.267726 0.5437541 -0.7953956 0.2619526 0.9615055 -0.0829937 0.06511792 0.9948429 0.07776412 0.4397081 0.8942854 0.08312919 0.2718805 0.9584737 0.08607674 0.0446269 0.7897104 0.6118545 0.03845562 0.9393728 0.3407344 -0.05678264 0.8695277 0.4906092 -0.04090537 0.975651 0.2154805 -0.05689584 0.7834031 0.6189043 -0.1979859 0.9234943 0.3285724 -0.2953837 0.8783092 0.3759275 -0.3259518 0.88823 0.3237327 -0.121255 0.8349212 0.5368461 -0.5104811 0.855463 0.08713285 -0.01807238 0.7967798 0.6039994 0.2644566 0.8882021 0.3757124 0.1529094 0.9258781 0.3454973 0.02207147 0.7716835 0.6356237 -0.05768936 0.984963 0.162849 -0.004823665 0.9576685 0.287833 -0.1786201 0.9299915 0.3212641 -0.3207332 0.9471694 -0.0006273499 -0.08712097 0.996197 0.001241263 -0.3488299 0.9201995 0.177625 -0.3338758 0.88557 -0.3229439 -0.1201751 0.8372965 -0.5333784 -0.1876788 0.9288254 -0.3194684 -0.5157888 0.855512 0.04539946 -0.5125786 0.8585552 0.01208741 -0.5127961 0.8583459 -0.0168045 -0.510663 0.8581851 -0.05236107 -0.3461345 0.9230929 -0.1676021 -0.5120062 0.8538357 -0.09388427 -0.04407533 0.8902768 0.453282 -0.05582652 0.9856522 -0.1592893 -0.03747678 0.9395909 -0.3402418 -0.01579797 0.8043217 -0.5939841 -0.4875251 0.8692409 -0.08209512 -0.1604221 0.705166 0.690656 -0.0425593 0.4012556 0.9149769 -0.2496534 0.8971321 0.3644547 -0.2973433 0.9504898 0.09031135 0.1093376 0.8290138 0.5484354 0.4632438 0.8810989 0.09523609 0.2993025 0.8977758 0.3231356 0.01283094 0.8040579 -0.5944125 0.05171364 0.930468 -0.3627052 0.03226845 0.9833914 -0.1786061 0.001653622 0.9432415 0.3321035 3.515467e-05 0.9059281 0.4234315 1.999947e-05 0.9995294 -0.03067401 0.02599145 0.9908787 0.1322264 -0.01835852 0.980341 0.1964549 0.002374728 0.8271801 0.5619319 -0.2953836 0.8783091 -0.3759277 -0.05689566 0.7834026 -0.6189048 -0.07227349 0.9946812 -0.07338879 -0.3033005 0.949203 -0.08379993 0.3229862 0.9335293 0.1555728 0.3134982 0.9495756 0.005006119 0.464045 0.885728 0.01216918 0.4622035 0.8847979 0.05916559 0.4606813 0.886715 0.03884806 0.4607785 0.8832106 -0.08730503 0.4667377 0.8832514 -0.04497729 0.3145302 0.9331049 -0.1743159 0.4642759 0.8855875 -0.01351504 0.2060304 0.8986532 0.3872646 0.1045102 0.8375624 -0.5362525 0.1985058 0.9266513 -0.319238 0.290698 0.9000935 -0.3245401 0.4397081 0.8942854 -0.08312919 0.3024498 0.6966438 0.6505471 0.2677307 0.5437568 0.7953922 0.3013777 0.8940691 0.3313787 0.2619525 0.9615055 0.08299411 0.06511793 0.9948429 -0.0777639 0.04462703 0.7897102 -0.6118548 -0.1979859 0.9234943 -0.3285726 -0.04090539 0.9756511 -0.2154802 -0.05678278 0.8695272 -0.4906099 0.2644575 0.8882018 -0.3757124 0.0384556 0.9393727 -0.3407347 0.2718806 0.9584737 -0.08607665 0.1529102 0.9258777 -0.3454981 -0.3503502 -0.6569995 0.6675376 -3.413168e-07 -0.6569991 0.7538913 -0.6204405 -0.6569988 0.4282594 -0.7483946 -0.6569993 0.0908707 -0.705302 -0.6576802 -0.264586 0.7043137 -0.6584508 -0.2653013 0.7475789 -0.6577983 0.09179966 0.6204399 -0.6569994 0.4282594 0.3503508 -0.6569992 0.6675376 0.6183798 -0.5711422 -0.5398176 0.5569048 -0.1554991 -0.8158904 0.1748684 -0.6098733 -0.7729655 -0.1748688 -0.6098819 -0.7729585 -0.6183798 -0.5711422 -0.5398176 -0.5568998 -0.1555354 -0.8158868 9.210625e-06 -0.9924487 -0.1226603 0.1575928 -0.6366044 0.7549168 0.3161388 -0.5903363 0.7426704 -0.02433218 -0.6866779 0.7265545 0.58412 -0.5326887 0.6124105 0.6244906 -0.524574 0.5786481 0.4806099 -0.5527226 0.6808171 0.6880653 -0.5173379 0.5088493 0.7566543 -0.5203106 0.395918 0.8196016 -0.517853 0.2451152 0.8520698 -0.5155559 0.09043902 0.8502231 -0.5193958 -0.08572401 0.8170758 -0.5179862 -0.2531351 0.7605688 -0.5203287 -0.3883209 0.6826115 -0.5166067 -0.5168743 0.5945588 -0.5245308 -0.6093991 0.4548353 -0.5556272 -0.6959909 0.3069713 -0.5969362 -0.7412393 0.1374912 -0.6411757 -0.7549768 -0.03843373 -0.6913891 -0.7214596 -0.2318857 -0.7617534 -0.6049469 -0.4440941 -0.7966598 -0.4100166 -0.5951563 -0.7797154 -0.1945068 -0.6346996 -0.7717643 -0.0391948 -0.4981728 -0.7950604 0.3459808 -0.3714466 -0.7949816 0.4796162 -0.5931555 -0.7850677 0.1784246 -0.6155686 -0.7862134 0.05425673 -0.2001435 -0.751175 0.62903 0.4311063 -0.9022972 -0.002648177 0.4655605 -0.885016 -1.597135e-05 -0.4787122 0.8779718 -0.000268806 -0.8240389 0.4820375 0.2976572 -0.7224486 0.4967051 0.4809907 -0.8812751 0.4721978 -0.01957987 -0.8711987 0.4671506 0.1509407 -0.8636751 0.4756685 -0.1667478 -0.1803889 0.6167051 0.7662471 0.1682518 0.7085623 0.6852961 -0.5011552 0.5374162 0.6782531 0.4161031 0.7851664 0.4586633 0.4165314 0.7849441 -0.458655 0.1683388 0.7082972 -0.6855487 0.5157184 0.8259319 -0.2277523 0.5154007 0.8260317 0.228109 0.546176 0.8376704 0.0002165515 -0.1804478 0.6166396 -0.766286 -0.5010428 0.5373935 -0.6783542 -0.7225009 0.4963902 -0.4812371 -0.8240967 0.4818 -0.2978817 -0.4820617 0.76495 -0.4271628 -0.6265432 0.763493 -0.1565954 -0.2283149 0.7651457 -0.6020169 0.07760835 0.7651459 -0.6391626 0.3657526 0.7651458 -0.5298839 0.5701072 0.7651458 -0.2992151 0.6440737 0.7649634 2.493158e-08 0.5701072 0.7651458 0.2992152 0.3657525 0.7651458 0.529884 0.07760837 0.7651457 0.6391627 -0.2283148 0.7651458 0.6020168 -0.4820639 0.7649726 0.4271198 -0.6264563 0.7635627 0.1566029 0.5657249 0.6628953 0.4904337 0.7280387 0.6603143 0.1842406 0.7280374 0.6603158 -0.1842405 -0.6675375 0.6569992 0.3503508 -0.429737 0.6595434 0.6167079 0.565725 0.6628953 -0.4904335 0.2576153 0.6627099 -0.7031713 -0.08766586 0.6587058 -0.747276 -0.429737 0.6595434 -0.6167079 -0.6675375 0.6569992 -0.3503508 -0.753381 0.6575842 -5.321242e-08 -0.08766585 0.6587057 0.747276 0.2576153 0.66271 0.7031713 0.3048248 0.8490399 0.4315241 0.397465 0.8825939 0.2510969 0.1491847 0.7891448 0.5958141 0.4459745 0.8950456 -0.0002151915 0.3974523 0.8825347 -0.2513249 0.3047727 0.8490164 -0.4316072 0.601296 0.04590434 -0.7977067 0.1491724 0.7891273 -0.5958403 0.1343114 0.7497014 -0.6480033 0.1898744 0.7469415 -0.6372018 -0.07003348 0.7619947 -0.6437852 -0.689335 0.5963597 -0.4113057 -0.5258465 0.06321029 -0.8482275 -0.7593419 0.5997964 -0.2522777 -0.792467 0.5952935 -0.1327468 -0.7924663 0.5952933 0.132752 -0.7593418 0.5997957 0.2522801 -0.8022375 0.597005 2.964511e-06 -0.689335 0.5963596 0.4113058 -0.5258467 0.06321035 0.8482274 -0.6592268 0.5577173 0.5043525 -0.07003347 0.7619948 0.6437851 0.1898745 0.7469414 0.6372018 0.601296 0.04590444 0.7977067 0.1343117 0.7497014 0.6480033 -0.6592267 0.5577174 -0.5043525 0.684538 0.726656 0.05812678 0.5142108 0.8538202 0.0811069 0.4766342 0.8232139 0.3084456 0.6269149 0.7471011 0.2209473 0.3110471 0.7713051 0.555282 0.5178253 0.7471014 0.4167692 0.673595 0.7346789 -0.080726 0.5095304 0.8584656 -0.05844321 0.08907975 0.7643963 -0.6385633 -0.3361643 0.03163355 -0.9412719 -0.4863981 0.5481461 -0.6804063 0.3725205 0.7643961 -0.5262386 -0.1859638 0.6129528 -0.7679234 0.5726607 0.764396 -0.2962407 0.1575783 0.7085402 -0.6878517 0.4050931 0.7894329 -0.461189 0.4980625 0.8361611 -0.2297137 0.5178251 0.7471015 -0.4167693 0.6269149 0.7471011 -0.2209473 0.311047 0.771305 -0.5552822 0.684538 0.726656 -0.05812678 0.4766342 0.8232139 -0.3084456 0.5142108 0.8538202 -0.0811069 0.5095164 0.858479 0.05836848 0.6735949 0.7346789 0.08072604 0.4981011 0.8361803 0.2295601 0.4051468 0.7894394 0.4611306 0.5726608 0.7643959 0.2962407 0.1575784 0.7085395 0.6878524 0.3725202 0.7643963 0.5262386 -0.1859641 0.6129528 0.7679233 0.08907977 0.764396 0.6385637 -0.4863973 0.5481449 0.6804079 -0.3361641 0.03163377 0.941272 -0.6760783 0.5026986 -0.5387135 -0.5037237 0.8636837 0.01768942 -0.8711906 0.4014295 -0.282633 -0.8711906 0.4014295 0.282633 -0.6760785 0.5026984 0.5387134 -0.5037245 0.8636833 -0.01768629 -0.554612 0.8015853 -0.2233082 -0.554612 0.8015853 0.2233082 -0.392146 0.7474042 -0.5362915 -0.2201955 0.7301275 -0.64686 -0.1931367 0.7003299 -0.6871945 -0.392146 0.7474042 0.5362915 -0.2198502 0.7301945 0.6469018 -0.1931367 0.7003299 0.6871945 -0.7493236 0.5168772 0.413947 -0.5178253 0.7471014 0.4167692 -0.8407924 0.4962778 0.2162786 -0.626915 0.7471006 0.2209486 -0.8568858 0.5129934 0.05083867 -0.6845374 0.7266565 0.05812792 -0.6774908 0.7319109 -0.07288842 -0.5841462 0.7622241 -0.2789043 -0.2482174 0.01698568 -0.9685554 -0.3981101 0.7625292 -0.5099584 -0.826892 0.5374376 -0.1655609 -0.833846 0.4622054 -0.3017731 -0.8348975 0.5491972 -0.03645021 -0.8255761 0.3879375 -0.409791 -0.7492016 0.3113604 -0.5845953 -0.6115652 0.2273197 -0.757835 -0.4815583 0.1401866 -0.8651297 -0.2864176 0.04962417 -0.9568189 -0.08702702 0.05471383 -0.9947023 -0.03548278 0.7353863 -0.6767186 0.178369 0.7557827 -0.6300611 0.413954 0.7557968 -0.5073591 0.05534284 0.1374823 -0.9889569 0.1290985 0.2453403 -0.9608027 0.5504276 0.7084791 -0.4416863 0.267646 0.3390506 -0.9018926 0.2547595 0.4928844 -0.8319631 -0.626915 0.7471006 -0.2209486 -0.6845374 0.7266565 -0.0581279 -0.8568859 0.5129933 -0.05083826 -0.5178251 0.7471015 -0.4167693 -0.8407924 0.4962778 -0.2162786 -0.7493234 0.5168772 -0.4139473 -0.5840592 0.7622697 0.278962 -0.6775915 0.7318236 0.0728288 -0.3984124 0.7622205 0.5101837 -0.2471497 0.01636776 0.9688391 -0.8297319 0.4478908 0.3330746 -0.82492 0.5351738 0.181923 -0.8335649 0.5508058 0.04222068 -0.2446557 0.0207541 0.9693879 -0.3487497 0.08182752 0.9336369 -0.5185871 0.1675998 0.8384376 -0.6486767 0.2512162 0.7184072 -0.735096 0.3028378 0.6065667 -0.7986055 0.3572901 0.4843274 -0.03285805 0.735804 0.6763969 -0.08240474 0.05228064 0.9952267 0.4908956 0.669239 -0.5577999 0.26284 0.6689317 -0.6953025 0.09088546 0.5734099 -0.8142118 0.06553314 0.6873664 -0.7233484 -0.08416454 0.608783 -0.7888597 -0.1996586 0.6669403 -0.7178628 -0.4077423 0.8393052 -0.3596011 -0.3718291 0.63013 -0.6816739 -0.2808114 0.3221003 -0.9040997 -0.3767471 0.9250608 -0.04820865 -0.3544218 0.9310021 -0.08729392 -0.2450505 0.5941319 -0.7661315 0.5560639 0.7083887 0.4347164 0.2668762 0.4971696 0.8255904 0.2722302 0.339056 0.9005175 0.4191645 0.7562929 0.5023167 0.1149697 0.2294577 0.9665046 0.04187282 0.1263996 0.9910953 0.1829147 0.7562916 0.6281443 0.0664162 0.6871296 0.7234928 -0.1996874 0.6700028 0.7149973 -0.08316234 0.6205018 0.779783 0.2665288 0.6684233 0.6943866 0.09936892 0.580083 0.8084736 0.4966582 0.6687089 0.5533164 -0.3769305 0.9249677 0.04856032 -0.3704733 0.630219 0.6823295 -0.4091892 0.8380699 0.3608367 -0.2749216 0.3198373 0.9067096 -0.3532314 0.9314369 0.08748054 -0.2362029 0.6007152 0.7637732 -0.3230329 0.5419502 0.7758478 -0.5184488 0.8478885 0.1108866 -0.4562794 0.4278954 0.7802016 -0.5854761 0.2507719 0.7709288 -0.9026964 0.4265369 0.05661715 -0.7436911 0.6607899 0.1013917 -0.79506 0.07847002 0.6014333 -0.9963183 0.08208452 0.02473732 -0.8531032 -0.1621902 0.4958924 -0.8489396 -0.4904262 0.1969356 -0.8456992 -0.5302716 -0.06004107 -0.9628197 -0.2696855 -0.015745 -0.7141469 -0.6951982 -0.08181485 -0.6616818 -0.746831 -0.066488 -0.5005282 -0.859941 -0.09986453 -0.3661155 -0.8943191 -0.2572019 -0.6523959 -0.7524868 -0.09023931 0 0 0 -0.39051 -0.9173871 -0.07682962 -0.4822505 -0.876028 0.003076298 -0.8103998 -0.5858155 0.008505533 -0.966844 -0.2553489 0.003104007 -0.995511 0.09464596 0 -0.9015642 0.4326143 0.005178797 -0.6861378 0.7273607 0.01270112 -0.4200212 0.9075115 0.00225285 -0.4200213 0.9075115 -0.002252811 -0.6861378 0.7273607 -0.01270107 -0.966844 -0.2553488 -0.003104016 -0.995511 0.09464596 0 -0.9015642 0.4326143 -0.005178777 -0.8103997 -0.5858156 -0.008505517 -0.4822505 -0.876028 -0.003076261 -0.3905082 -0.9173879 0.07682943 -0.6609515 -0.7474884 0.06636462 -0.8452568 -0.5312625 0.05745615 -0.96313 -0.2687125 0.01320062 -0.9960974 0.08585382 -0.02047155 -0.903481 0.4257312 -0.04974963 -0.5199753 0.8475044 -0.1065931 -0.7435236 0.6619768 -0.09465398 -0.4016851 -0.8798508 0.2539914 -0.7413123 -0.6680104 -0.06494699 -0.6286075 -0.2645873 -0.7313318 -0.6612102 -0.03964118 -0.7491526 -0.6183614 0.1737637 -0.7664433 -0.5111018 0.3627727 -0.7792117 -0.3569213 0.5049449 -0.7858994 -0.2155149 -0.9754032 -0.04627991 -0.2155149 -0.9754032 0.04627993 0.01419007 -0.9982128 -0.05804986 0.01419008 -0.9982128 0.05804988 0.2637252 -0.9587188 -0.1063357 0.2637252 -0.9587188 0.1063357 -0.09973937 -0.6307263 -0.7695689 0.121545 -0.8904193 -0.4386117 -0.03657233 -0.9358398 -0.3505229 -0.3572341 -0.7173534 -0.5981538 -0.1283317 -0.9696369 -0.2081714 -0.2473412 -0.2916598 -0.9239897 -0.5870697 -0.39104 -0.7088279 -0.5109054 -0.7619124 -0.3980769 -0.7932048 -0.4265427 -0.4346118 -0.5960834 -0.5929249 0.5414099 -0.6543929 -0.5233157 0.5458119 -0.4617039 -0.6483774 0.6053398 -0.7394058 -0.3446709 0.5783434 -0.819844 -0.185247 0.5417927 -0.9187733 -0.079783 -0.3866397 -0.8095352 -0.1104444 -0.5765889 -0.666686 -0.09059167 -0.7398128 -0.4672191 -0.08990591 -0.8795585 -0.2664072 -0.06183042 -0.9618754 -0.008885593 -0.04666935 -0.9988709 0.1027665 -0.3624025 -0.9263387 0.04898902 -0.1680845 -0.9845546 0.2206194 -0.7019791 -0.677165 0.1848795 -0.5369292 -0.82312 -0.4383233 -0.734992 0.5173581 0.3032132 -0.8512273 -0.4283384 -0.8065062 -0.02949077 0.5904896 0.1405661 -0.6548245 0.7425941 -0.8231409 0.2248054 0.5214419 -0.8493404 0.07455209 0.5225541 -0.479179 0.6603981 0.5781538 -0.662695 0.5175448 0.5412788 -0.7652278 0.3594602 0.534055 -0.3176124 0.7192712 0.6178764 -0.0564649 0.7315089 0.6794898 -0.04092292 -0.6765369 0.7352708 -0.1798876 0.7428846 0.6447968 0.3657525 -0.5298841 0.7651457 -0.2283112 0.6020153 0.7651481 -0.2498121 -0.6030996 0.7575387 0.0776084 0.6391628 0.7651457 0.5701071 -0.2992154 0.7651458 0.6438571 -9.881352e-09 0.7651458 -0.6251478 -0.1540851 0.7651458 -0.6251428 0.1540822 0.7651504 -0.481934 -0.4269562 0.7651457 0.3657524 0.5298841 0.7651458 0.5701071 0.2992153 0.7651458 -0.4819296 0.4269532 0.7651502 -0.03332153 0.375163 -0.9263597 -0.03488687 0.1003272 -0.9943427 -0.4095924 0.09871624 -0.9069119 -0.3828836 0.3725673 -0.8453365 -0.7838453 0.09982784 -0.6128792 -0.02715761 0.6966624 -0.7168849 -0.2976434 0.6925126 -0.6571413 -0.7294121 0.3719914 -0.5740909 -0.01661043 0.9167133 -0.3992002 -0.1681807 0.9131499 -0.3713119 -0.5658172 0.6928212 -0.4470456 -0.005049419 0.994188 -0.1075398 -0.04656873 0.9936098 -0.1028152 -0.3193028 0.9133251 -0.2527508 -0.08796365 0.9936615 -0.0699947 0.6438571 -9.881352e-09 -0.7651458 0.5701071 -0.2992154 -0.7651458 0.3657525 -0.5298841 -0.7651457 0.1405661 -0.6548245 -0.7425941 -0.04092292 -0.6765369 -0.7352708 -0.2498121 -0.6030996 -0.7575387 -0.481934 -0.4269562 -0.7651457 -0.6251478 -0.1540851 -0.7651458 -0.6251478 0.1540851 -0.7651458 -0.4819341 0.4269562 -0.7651457 -0.2283149 0.6020167 -0.7651458 0.0776084 0.6391627 -0.7651457 0.3657524 0.5298841 -0.7651458 0.5701071 0.2992153 -0.7651458 -0.2952135 -0.6917969 -0.6589887 -0.5703808 -0.4855927 -0.6624692 -0.7308867 -0.1700281 -0.6609804 -0.7308867 0.1700281 -0.6609804 -0.5703809 0.4855927 -0.6624692 0.04817389 0.7510054 -0.6585364 0.3747543 0.6474958 -0.6635574 -0.2952135 0.6917969 -0.6589886 -0.6168756 -0.03811232 -0.7861374 0.6051713 -0.4279257 -0.6713026 0.6050749 0.428388 -0.6710946 -0.6168704 0.03802023 -0.7861459 0.374641 -0.6475073 -0.6636102 0.04817389 -0.7510054 -0.6585364 -0.3910096 -0.5470793 -0.7401457 -0.3063191 -0.6293357 -0.7142164 -0.5406616 -0.3515677 -0.7642547 -0.4950807 -0.4590746 -0.7376623 -0.4253434 -0.5203646 -0.7404753 -0.3376341 -0.6557161 -0.6753071 -0.2812689 -0.7010066 -0.6553454 -0.1829393 0.7504009 -0.6351627 -0.1944762 0.7342715 -0.6504032 -0.06036334 0.6104954 -0.7897162 -0.2167869 -0.7355112 -0.6418931 -0.1829069 -0.7389855 -0.6484176 -0.06013931 -0.6110982 -0.7892669 -0.2841846 0.7082286 -0.6462595 -0.3265338 0.6604391 -0.6761626 -0.4254237 0.5200615 -0.7406421 -0.4950903 0.4590453 -0.737674 -0.3745619 0.5644057 -0.7356287 -0.3214495 0.6404883 -0.6974561 -0.5382524 0.3527975 -0.7653876 -0.5885604 -0.1367521 -0.7968033 -0.5929559 0.134634 -0.7938999 0.1795008 0.02935508 -0.9833198 0.3225554 0.102281 -0.9410083 0.1893372 -0.05581266 -0.9803246 0.3016523 -0.07200271 -0.9506953 0.3014384 -0.330679 -0.8943077 0.3996167 -0.6216947 -0.6736484 0.4363092 -0.8261242 -0.3565854 0.4231082 -0.9012591 -0.09333578 0.4139149 -0.2999442 -0.8594812 0.5221689 -0.5690643 -0.6352208 0.5444442 -0.7645271 -0.3450779 0.503187 -0.8596242 -0.08859456 0.3090522 0.3766464 -0.8732836 0.1505056 0.3803659 -0.9125075 0.2394664 0.6986764 -0.6741714 0.1156058 0.7038155 -0.700913 0.1335775 0.9180318 -0.3733292 0.06319091 0.9215332 -0.3831233 0.03604085 0.9943684 -0.09966196 0.01648614 0.9948554 -0.09995456 0.6006136 0.09851881 -0.7934465 0.6085038 -0.04452101 -0.7923011 0.449651 -0.0474749 -0.8919417 0.7690963 0.1333822 -0.62506 0.8198077 -0.02347004 -0.5721578 0.5590616 0.3777269 -0.7380871 0.437642 0.6961146 -0.5691168 0.2463571 0.9152179 -0.3188798 0.0668879 0.9939557 -0.0870517 0.003624169 0.9999762 -0.005871591 0.09641171 0.9944555 -0.04198901 0.4059516 0.8995585 -0.1612385 0.551891 0.8060273 -0.2138604 0.2596379 0.9597683 -0.1069253 0.6878516 0.686762 -0.2349855 0.8183572 0.3244186 -0.4743882 0.8809858 0.407246 -0.2408624 0.7942437 0.231336 -0.5618369 -0.5139106 -0.7614209 0.3951382 -0.1283317 -0.9696369 0.2081712 -0.03657228 -0.9358397 0.3505231 -0.357234 -0.7173535 0.5981537 0.121545 -0.8904193 0.4386118 -0.8041223 -0.4298681 0.4106101 -0.5870697 -0.3910401 0.7088278 -0.09973949 -0.6307264 0.7695689 0.3032133 -0.8512273 0.4283384 0.2206195 -0.7019793 0.6771648 0.1848794 -0.5369291 0.8231202 0.1027665 -0.3624026 0.9263387 -0.2473412 -0.2916597 0.9239897 0.04898898 -0.1680847 0.9845545 -0.008885883 -0.04666898 0.9988709 -0.4672184 -0.08990581 0.8795589 -0.2664065 -0.06182993 0.9618756 -0.8096537 -0.1102061 0.5764681 -0.6666863 -0.09059192 0.7398125 -0.7488079 -0.3624488 -0.5549033 -0.9237867 -0.09975081 0.3696864 -0.5897436 -0.5891033 -0.5524127 -0.4537579 -0.6565748 -0.6025058 -0.8133863 -0.08415446 -0.5756046 0.04092271 0.6765368 -0.7352709 -0.1405631 0.6548231 -0.7425959 0.249812 0.6030996 -0.7575386 -0.5701006 0.2992136 -0.7651513 -0.6438521 -3.397887e-06 -0.76515 -0.3657496 0.5298799 -0.76515 0.2283149 -0.6020169 -0.7651458 -0.6100958 0.5585711 -0.5619443 -0.48544 0.6536682 -0.5805738 -0.7877368 0.3124868 -0.5308697 -0.7116026 0.447353 -0.5417537 0.4819339 -0.4269562 -0.7651458 -0.8467367 0.04732028 -0.5299035 -0.8370788 0.1699232 -0.5200242 -0.3657525 -0.5298839 -0.7651458 -0.07760836 -0.6391626 -0.7651458 0.481934 0.4269562 -0.7651458 0.6251478 -0.1540851 -0.7651458 -0.5701072 -0.2992155 -0.7651457 0.6251478 0.1540851 -0.7651458 -0.2951331 0.7390285 -0.6055851 -0.07962 0.7380795 -0.6699995 -0.729632 0.3723994 0.5735467 -0.7836563 0.1001836 0.6130628 -0.4095926 0.09871532 0.9069119 -0.3828836 0.372567 0.8453366 -0.034887 0.1003261 0.9943428 -0.5666459 0.6927497 0.4461056 -0.2976431 0.6925136 0.6571404 -0.03332154 0.3751645 0.9263592 -0.3200164 0.9131907 0.2523336 -0.1681807 0.9131498 0.371312 -0.02715752 0.6966638 0.7168836 -0.08796375 0.9936615 0.06999485 -0.04656899 0.9936097 0.1028158 -0.01661061 0.9167127 0.3992016 -0.005049426 0.994188 0.1075398 0.01648607 0.9948555 0.09995409 0.03604088 0.9943684 0.09966199 0.06688801 0.9939557 0.08705191 0.003624549 0.9999762 0.005872211 0.1795007 0.0293547 0.9833198 0.1505058 0.3803627 0.9125087 0.3225554 0.1022837 0.941008 0.1156061 0.7038138 0.7009147 0.3090524 0.3766462 0.8732836 0.06319075 0.9215336 0.3831223 0.2394666 0.6986751 0.6741727 0.133577 0.9180324 0.3733279 0.3014384 -0.3306789 0.8943077 0.4139148 -0.2999443 0.8594812 0.3016522 -0.0720028 0.9506953 0.3996167 -0.6216947 0.6736484 0.5221689 -0.5690644 0.6352207 0.4363092 -0.8261242 0.3565854 0.5449021 -0.7646247 0.3441377 0.4231082 -0.9012591 0.09333577 0.512151 -0.8543309 0.0884311 0.1893372 -0.05581272 0.9803246 0.5405342 -0.8370909 -0.08427096 0.5854486 -0.8084549 -0.06042048 0.6334681 -0.7730325 -0.03374744 0.5314211 -0.8455865 0.0507452 -0.6438569 -9.881351e-09 0.7651459 -0.5701072 -0.2992155 0.7651457 -0.3657525 -0.5298839 0.7651458 -0.07760836 -0.6391626 0.7651458 0.2283149 -0.6020169 0.7651458 0.4819339 -0.4269562 0.7651458 0.6251478 -0.1540851 0.7651458 0.6251478 0.1540851 0.7651458 0.481934 0.4269562 0.7651458 -0.1405663 0.6548246 0.742594 0.249812 0.6030996 0.7575386 0.04092271 0.6765368 0.7352709 -0.3657525 0.5298839 0.7651458 -0.5701072 0.2992155 0.7651457 -0.3745636 0.5644005 0.7356318 -0.3214493 0.6404882 0.6974562 -0.5382503 0.3527988 0.7653886 -0.4950982 0.459046 0.7376683 -0.4254312 0.5200568 0.7406411 -0.3265336 0.6604391 0.6761626 -0.2833548 0.7084486 0.6463827 -0.1818372 -0.7392558 0.6484104 -0.2156789 -0.7348904 0.6429764 -0.05992675 -0.6109752 0.7893783 -0.6168768 -0.03811528 0.7861363 -0.6168689 0.03801743 0.7861472 -0.1954927 0.7348805 0.64941 -0.1840214 0.7502584 0.6350184 -0.06057598 0.6106163 0.7896064 -0.2821166 -0.7007796 0.6552237 -0.337634 -0.655716 0.6753072 -0.4253346 -0.5203693 0.740477 -0.4950773 -0.4590735 0.7376653 -0.3910084 -0.5470848 0.7401423 -0.3063191 -0.6293357 0.7142165 -0.5406643 -0.3515654 0.7642538 -0.7308867 0.1700281 0.6609804 0.374641 0.6475073 0.6636102 0.04817389 0.7510054 0.6585364 -0.2952135 0.6917969 0.6589886 -0.5703808 0.4855927 0.6624692 -0.2952135 -0.6917969 0.6589887 0.04817389 -0.7510054 0.6585364 0.3747543 -0.6474958 0.6635574 0.6050749 -0.428388 0.6710947 0.6051714 0.4279257 0.6713026 -0.7308867 -0.1700281 0.6609804 -0.5703808 -0.4855927 0.6624692 -0.5929558 0.1346338 0.7939 -0.5885603 -0.1367519 0.7968034 0.6006134 0.09851963 0.7934465 0.559062 0.3777259 0.7380873 0.4375119 0.6959492 0.569419 0.245859 0.9153105 0.3189984 0.5518817 0.8060343 0.2138581 0.4080214 0.8987029 0.1607846 0.6878462 0.6867682 0.2349831 0.0965399 0.9944495 0.04183506 0.2585878 0.9604609 0.1031848 0.7690976 0.1333961 0.6250554 0.7942449 0.2313394 0.5618337 0.8183573 0.3244179 0.4743884 0.8809856 0.4072454 0.2408641 0.4496512 -0.04747481 0.8919417 0.6072723 -0.04391712 0.7932791 0.8223465 -0.02805526 0.5682949 0.9965829 0.07545182 0.03360983 0.999921 -0.007179954 0.01031806 0.999921 -0.007179953 -0.01031806 0.9965829 0.07545182 -0.03360983 0.9599232 0.2657752 -0.08894389 0.9599231 0.2657757 0.08894358 0.9578148 -0.005033301 -0.2873421 0.997141 -0.003611849 -0.07547645 0.9977138 0.006171758 0.06729908 0.9992512 -0.01805508 0.03422015 0.9954687 -0.06712157 -0.06735534 0.9541277 -0.006531351 0.2993286 0.6821898 -0.5184976 -0.515536 0.6387096 -0.723351 -0.2623231 0.6856401 -0.2589782 -0.6803146 0.552728 -0.2974495 -0.77847 0.8353904 -0.1754921 -0.520889 0.8516546 -0.2623144 -0.4537352 0.8081312 -0.1028319 -0.5799565 0.8237334 -0.4501365 -0.3447323 0.7354682 -0.6337359 -0.2397195 0.9670471 -0.09675636 -0.2354956 0.9145996 -0.09666479 -0.3926366 0.9335758 -0.2930962 -0.2062302 0.8583765 -0.3441375 -0.3804723 0.8187146 -0.5569832 -0.1395569 0.792887 -0.5767239 -0.1967733 0.9682419 -0.2426511 -0.06023434 0.895908 -0.4398512 -0.06228753 0.6978428 -0.68491 -0.2095563 0.4616608 -0.7740288 -0.4332999 0.6829574 -0.5214077 0.5115694 0.6833745 -0.2610706 0.6817928 0.5527281 -0.2974495 0.7784699 0.6344062 -0.7227682 0.2741075 0.7083 -0.6604194 -0.2493138 0.7625829 -0.6468528 0.006979119 0.8267732 -0.3553269 0.4361065 0.7956068 -0.5032104 0.3373265 0.8344355 -0.1107597 0.5398608 0.8531883 -0.2330633 0.4666382 0.8212407 -0.5698557 0.02877916 0.94292 -0.327932 0.0579861 0.9909776 -0.1185057 0.06260847 0.950227 -0.09905925 0.295391 0.9872665 -0.05968187 0.1474549 0.8344266 -0.5454184 0.07906369 0.9203778 -0.3086936 0.2400268 0.9614708 -0.2591266 0.09180062 0.8065777 -0.5673773 0.1658775 0 1 0 0.08972133 0.9101195 0.4045152 0.244607 0.9025442 0.3543746 0.3812745 0.9025444 0.2001085 0.4305984 0.9025437 4.959029e-07 0.381274 0.9025445 -0.2001089 0.244607 0.9025444 -0.3543742 0.06197696 0.9071952 -0.4161197 -0.1588631 0.905137 -0.3943216 -0.3223069 0.9025439 -0.2855396 -0.3999056 0.9077064 -0.1270616 -0.4072385 0.9133218 6.052494e-07 -0.3999062 0.9077062 0.1270612 -0.3223065 0.9025443 0.2855386 -0.1639462 0.9051875 0.392119 -0.02909853 0.9077135 0.4185803 -0.927985 0.3726176 3.961057e-07 -0.8883402 0.367635 -0.2751293 -0.6973148 0.3634781 -0.6177667 -0.05617954 0.3788661 -0.9237447 0.1930027 0.3695115 -0.9089616 0.5292102 0.3634786 -0.7666941 0.824893 0.3634784 -0.4329376 0.9316029 0.3634777 2.723826e-07 0.824893 0.3634786 0.4329374 0.5292101 0.3634783 0.7666943 -0.3355392 0.3588492 0.8709998 0.1187344 0.3559208 0.9269426 -0.6973147 0.3634783 0.6177668 -0.8883402 0.3676354 0.2751289 -0.3553414 0.3656187 -0.8602648 0.6438573 0.7651456 7.323298e-18 0.570107 0.7651459 -0.2992153 0.3657524 0.7651457 -0.5298842 0.1405664 0.742594 -0.6548246 -0.04092272 0.7352709 -0.6765368 -0.2498124 0.7575388 -0.6030992 -0.4819344 0.7651456 -0.4269561 -0.6257753 0.7644009 -0.1552305 -0.6257753 0.7644009 0.1552305 -0.4819342 0.7651456 0.4269562 -0.2283152 0.7651458 0.6020166 0.07760822 0.7651458 0.6391626 0.3657523 0.7651456 0.5298843 0.5701068 0.765146 0.2992154 -0.04421638 0.6809563 -0.730988 -0.2865598 0.6627768 -0.6918168 0.1549009 0.6747567 -0.7216018 -0.5642958 0.6569992 0.4999222 -0.2673335 0.6569991 0.7049007 0.6675372 0.6569993 0.3503513 0.7538915 0.6569989 0 -0.5642958 0.6569992 -0.4999223 -0.7319846 0.6569992 -0.1804179 -0.7319846 0.6569992 0.1804179 0.09087186 0.6569992 0.7483945 0.428259 0.6569993 0.6204403 0.6675372 0.6569993 -0.3503512 0.4282591 0.6569992 -0.6204403 0.9953239 -0.09659357 4.040484e-07 0.8813154 -0.09659058 -0.462551 0.5654086 -0.09659069 -0.8191358 0.2081107 -0.09674376 -0.9733091 -0.06744112 -0.1392517 -0.9879578 -0.3805481 -0.0967238 -0.9196889 -0.7450108 -0.09659115 -0.660022 -0.966402 -0.09658979 -0.2381965 -0.9664019 -0.09658989 0.2381968 -0.7450109 -0.09659093 0.6600219 -0.3529469 -0.0965919 0.9306441 0.1199733 -0.09659069 0.9880671 0.5654085 -0.0965907 0.8191358 0.8813155 -0.09659092 0.4625508 0.4076784 -0.9131256 -2.375252e-07 0.1129034 -0.993606 1.571744e-07 0.09997164 -0.9936059 -0.05246922 0.3609804 -0.9131261 -0.1894567 0.0641365 -0.993606 -0.0929177 0.2315879 -0.9131256 -0.3355127 0.02367896 -0.994166 -0.1052297 -0.1464156 -0.9124937 -0.3819917 0.05165554 -0.9118914 -0.4071679 -0.008944863 -0.9934972 -0.1135049 -0.04302528 -0.9938076 -0.1024469 -0.08450968 -0.9936059 -0.07486896 -0.3051515 -0.9131256 -0.2703409 -0.1096224 -0.993606 -0.02701957 -0.3958319 -0.9131256 -0.09756374 -0.1096223 -0.993606 0.02701936 -0.3958319 -0.9131256 0.09756376 -0.08450951 -0.993606 0.07486891 -0.3051516 -0.9131255 0.2703411 -0.04003603 -0.993606 0.1055667 -0.1445648 -0.9131255 0.3811862 0.01360909 -0.993606 0.1120803 0.04914006 -0.9131256 0.404706 0.06413628 -0.993606 0.09291773 0.2315882 -0.9131255 0.3355126 0.09997179 -0.9936059 0.05246898 0.3609801 -0.9131261 0.1894573 0.7214356 -0.6924815 -1.016231e-07 0.6387993 -0.692482 -0.3352672 0.409822 -0.6924816 -0.5937298 0.08695943 -0.6924819 -0.7161752 -0.2558246 -0.6924817 -0.6745538 -0.5400021 -0.6924817 -0.4784003 -0.7004716 -0.6924819 -0.172651 -0.7004716 -0.6924819 0.1726509 -0.540002 -0.6924819 0.4784001 -0.2558245 -0.692482 0.6745535 0.08695946 -0.6924822 0.7161749 0.409822 -0.6924818 0.5937296 0.6387991 -0.6924821 0.3352674 0.9280128 -0.3725483 5.213117e-07 0.8217155 -0.3725455 -0.4312696 0.527172 -0.3725458 -0.7637403 0.1330064 -0.3924568 -0.9101027 -0.3396413 -0.3809447 -0.8599563 -0.6946278 -0.3725465 -0.6153872 -0.9010476 -0.3725454 -0.2220883 -0.9010476 -0.3725452 0.2220885 -0.6946278 -0.3725461 0.6153874 -0.3290777 -0.3725474 0.8677075 0.1118603 -0.3725463 0.9212473 0.527172 -0.3725457 0.7637404 0.8217158 -0.3725451 0.4312694 -0.3745599 -0.6624358 0.6487555 -4.709831e-07 -0.8929446 0.4501665 -0.389856 -0.8929444 0.2250837 0.7491189 -0.6624356 0 0.3898557 -0.8929447 -0.2250828 -0.7491183 -0.6624362 -1.354341e-17 -0.389856 -0.8929444 -0.2250837 0.3745589 -0.6624361 -0.6487558 0.3898557 -0.8929447 0.2250828 0.3745591 -0.662436 0.6487557 -0.3745597 -0.6624359 -0.6487555 -4.709832e-07 -0.8929445 -0.4501667 0.7038501 -0.5826326 0.4063671 0.6522773 -0.7579804 0 0.7038501 -0.5826326 -0.4063671 -0.3261393 -0.7579801 0.5648887 0.3261389 -0.7579799 0.5648893 -0.6522782 -0.7579797 5.896312e-18 -0.7038494 -0.5826328 -0.4063681 -0.3261392 -0.7579801 -0.5648889 0.3261388 -0.7579798 -0.5648895 -8.503182e-07 -0.5826327 0.8127356 -8.503177e-07 -0.5826327 -0.8127356 -0.7038494 -0.5826328 0.4063681 0.5701071 -0.2992154 0.7651458 0.6438571 -9.881352e-09 0.7651458 0.6438571 -9.881352e-09 -0.7651458 0.3657525 -0.5298841 0.7651457 0.5701071 -0.2992154 -0.7651458 0.1405661 -0.6548245 0.7425941 0.3657525 -0.5298841 -0.7651457 0.1405661 -0.6548245 -0.7425941 -0.04092292 -0.6765369 -0.7352708 -0.04092292 -0.6765369 0.7352708 -0.2498121 -0.6030996 0.7575387 -0.2498121 -0.6030996 -0.7575387 -0.481934 -0.4269562 0.7651457 -0.6251478 -0.1540851 0.7651458 -0.481934 -0.4269562 -0.7651457 -0.6251478 0.1540851 0.7651458 -0.6251478 -0.1540851 -0.7651458 -0.4819341 0.4269562 0.7651457 -0.6251478 0.1540851 -0.7651458 -0.2283149 0.6020167 0.7651458 -0.4819341 0.4269562 -0.7651457 0.0776084 0.6391627 0.7651457 -0.2283149 0.6020167 -0.7651458 0.3657524 0.5298841 0.7651458 0.0776084 0.6391627 -0.7651457 0.5701071 0.2992153 0.7651458 0.3657524 0.5298841 -0.7651458 0.5701071 0.2992153 -0.7651458 -0.904534 -0.3015113 0.3015113 -0.07136237 -0.6856878 0.7243891 0.1895569 -0.3334106 0.9235289 -0.5390631 -0.3725099 0.7554121 0.1422676 -0.3562709 0.9234885 -0.08220371 -0.3705531 0.9251665 -0.2855362 -0.6657194 0.6894104 -0.3622759 -0.3885083 0.8472411 -0.4825293 -0.4207795 0.7681862 -0.5286129 -0.6651243 0.527426 -0.6507779 -0.4478885 0.6130938 -0.8027945 -0.4805367 0.352995 -0.6896212 -0.6650636 0.2865537 -0.8694734 -0.4782917 0.1235034 -0.7243826 -0.6856965 0.07134515 0.4456256 -0.8143078 0.3719149 -0.4335367 -0.8363118 0.3356016 0.02872581 -0.9983611 0.04949649 -0.8687278 -0.4951944 0.009723835 0.2087555 -0.920537 0.3302011 0.09980455 -0.9765303 0.19086 0.3487378 -0.8583223 0.3763837 0.02660833 -0.9985296 -0.04723038 -0.8687278 -0.4951944 -0.009723879 -0.7243826 -0.6856966 -0.0713451 -0.8615259 -0.4874973 -0.141843 -0.07166123 -0.6854756 -0.7245605 -0.6894163 -0.6656734 -0.2856294 -0.5275961 -0.6652453 -0.5282907 -0.2860074 -0.6650676 -0.6898441 -0.904534 -0.3015113 -0.3015113 -0.7458211 -0.4671605 -0.474881 -0.5058842 -0.4271805 -0.7493984 -0.1400782 -0.3794039 -0.9145659 0.1216828 -0.3589024 -0.9254093 0.1895528 -0.3334121 -0.9235292 0.3552509 -0.8624258 -0.360581 0.4393091 -0.8212517 -0.3640785 0.2268336 -0.9208212 -0.3172298 0.108744 -0.9748448 -0.1945569 -0.4335367 -0.8363117 -0.335602 -0.5390633 -0.3725093 -0.7554122 -0.481934 -0.4269562 -0.7651457 -0.2498121 -0.6030996 -0.7575387 -0.6251478 0.1540851 -0.7651458 0.5701071 0.2992153 -0.7651458 0.3657524 0.5298841 -0.7651458 0.6438571 -9.881352e-09 -0.7651458 -0.04092292 -0.6765369 -0.7352708 -0.6251478 -0.1540851 -0.7651458 -0.4819341 0.4269562 -0.7651457 0.0776084 0.6391627 -0.7651457 0.1405661 -0.6548245 -0.7425941 -0.2283149 0.6020167 -0.7651458 0.5701071 -0.2992154 -0.7651458 0.3657525 -0.5298841 -0.7651457 0.5701071 -0.2992154 0.7651458 0.6438571 -9.881352e-09 0.7651458 0.3657525 -0.5298841 0.7651457 0.1405661 -0.6548245 0.7425941 -0.2498121 -0.6030996 0.7575387 -0.04092292 -0.6765369 0.7352708 -0.481934 -0.4269562 0.7651457 -0.6251478 -0.1540851 0.7651458 -0.6251478 0.1540851 0.7651458 -0.4819341 0.4269562 0.7651457 -0.2283149 0.6020167 0.7651458 0.0776084 0.6391627 0.7651457 0.3657524 0.5298841 0.7651458 0.5701071 0.2992153 0.7651458 -0.4335367 -0.8363117 0.3356021 -0.5390633 -0.3725093 0.7554122 -0.5773503 0.5773503 0.5773503 -0.5773503 0.5773503 -0.5773503 -0.5390631 -0.3725097 -0.7554121 -0.4335367 -0.8363118 -0.3356018 0.5307958 -0.7601926 -0.3746505 0.5307957 -0.7601926 0.3746508 0.2314936 -0.3280657 0.9158513 0.923769 -0.07959807 0.3745863 0.3998594 -0.03644623 0.9158516 0.3925778 -0.1428868 0.9085516 0.8733361 -0.3179636 0.3690301 0.3200321 -0.2685386 0.9085519 0.7119284 -0.5974829 0.3690149 0.2314941 -0.328066 -0.9158511 0.3200323 -0.2685391 -0.9085517 0.7119284 -0.5974832 -0.3690147 0.3925784 -0.1428866 -0.9085514 0.8733363 -0.3179635 -0.3690298 0.3998599 -0.03644644 -0.9158514 0.9237691 -0.07959819 -0.374586 0.3612879 -0.03410102 0.9318306 0.9173915 -0.09008359 0.3876569 0.3145293 -0.1302823 0.9402648 0.08458503 0.6819789 0.7264642 0.1302821 -0.3145289 0.9402649 0.2407302 -0.2407301 0.9402649 0.03410098 -0.3612882 0.9318304 0.105284 -0.3717222 0.9223545 0.3544866 -0.8469539 0.3962428 0.647892 -0.6478923 0.400589 0.8463183 -0.3529486 0.3989645 0.08883638 -0.9181302 0.3861929 0.9503091 -0.03694035 -0.3091084 0.9545481 -0.03072651 -0.2964688 0.9087774 -0.1531021 -0.3881795 0.7529235 -0.3821049 -0.535819 0.4402412 -0.6032092 -0.6650762 0.1917551 -0.675362 -0.7121209 0.04370439 -0.6909339 -0.7215956 0.04983801 -0.9129533 0.4050091 0.3183208 -0.3717231 0.872063 0.2492296 0.6819789 0.6875968 0.1365492 -0.9129539 0.384538 0.3834966 0.6869459 0.6172809 0.4882494 -0.3740929 0.7884587 0.213872 -0.9153569 0.341146 0.6879193 -0.3677228 0.6257371 0.5504619 0.668047 0.5007044 0.867323 -0.3677229 0.3354559 0.6940172 0.6680474 0.2684265 0.9235704 -0.3740932 0.0840954 0.7236178 0.6869457 0.06695427 0.3104779 -0.9076597 0.2824133 0.3914491 -0.9076594 0.1514004 0.400777 -0.9153567 0.03872882 0.9235706 -0.3740928 -0.08409492 0.7236178 0.6869457 -0.06695427 0.4007765 -0.9153569 -0.03872806 0.8673229 -0.3677225 -0.3354566 0.6940172 0.6680474 -0.2684266 0.6879191 -0.3677232 -0.6257371 0.5504618 0.6680471 -0.5007043 0.4882498 -0.3740932 -0.7884583 0.3834968 0.6869459 -0.6172808 0.3914484 -0.9076595 -0.1514012 0.3104778 -0.9076596 -0.2824138 0.2138726 -0.9153568 -0.3411458 0.3183208 -0.3717226 -0.8720632 0.2492295 0.6819789 -0.6875969 0.1052837 -0.3717225 -0.9223545 0.08458499 0.6819789 -0.7264642 0.1365492 -0.9129537 -0.3845386 0.04983752 -0.9129536 -0.4050086 0.034101 -0.3612886 -0.9318303 0.1302823 -0.3145292 -0.9402648 0.2407303 -0.2407304 -0.9402648 0.3145297 -0.1302825 -0.9402646 0.3612884 -0.03410096 -0.9318304 0.08883636 -0.9181304 -0.3861926 0.8463183 -0.3529489 -0.3989642 0.6478921 -0.6478925 -0.4005885 0.3544868 -0.846954 -0.3962423 0.9173916 -0.09008345 -0.3876566 0.9545475 -0.03071499 0.2964721 0.9503092 -0.03694038 0.3091081 0.9552071 -0.1096131 0.2748898 0.9393938 -0.2146075 0.2673629 0.9343388 -0.2855406 0.2132549 0.9256056 -0.3432175 0.1595491 0.8971311 -0.4412026 -0.02227393 0.902815 -0.422772 -0.07866946 0.8971311 -0.4412026 0.02227396 0.902815 -0.422772 0.07866949 0.9343351 -0.2855709 -0.2132305 0.9393901 -0.2146251 -0.2673616 0.9256052 -0.3432177 -0.1595511 0.9552035 -0.1096448 -0.2748897 0.283277 -0.6674636 -0.6886555 0.07134573 -0.6856964 -0.7243827 0.5281628 -0.6670511 -0.5254397 0.8555566 -0.005325253 -0.5176818 0.6892736 -0.6658877 -0.2854742 0.7243533 -0.685728 -0.07134022 0.7243533 -0.685728 0.07134026 0.5281629 -0.6670512 0.5254395 0.908777 -0.1531023 0.3881804 0.7529236 -0.3821048 0.535819 0.2832772 -0.6674634 0.6886556 0.4402415 -0.6032089 0.6650763 0.1917553 -0.675362 0.7121208 0.6892735 -0.6658877 0.2854743 0.8555569 -0.005327725 0.5176813 0.07134551 -0.6856964 0.7243826 0.04370439 -0.6909339 0.7215956 -0.08458503 -0.6819789 -0.7264642 -0.07853432 -0.7340884 -0.6744972 -0.08458503 -0.6819789 0.7264642 -0.07853432 -0.7340884 0.6744972 -0.2314012 -0.7340884 -0.6384102 -0.2492296 -0.6819789 -0.6875968 -0.3615415 -0.728444 -0.5819426 -0.3834961 -0.6869461 -0.617281 -0.4886003 -0.7508308 -0.4444354 -0.6160241 -0.7508302 -0.238261 -0.5504616 -0.6680469 -0.5007049 -0.6821909 -0.7284444 -0.06312115 -0.6940172 -0.6680474 -0.2684265 -0.7236178 -0.6869457 -0.06695427 -0.7236179 -0.6869456 0.06695432 -0.6821909 -0.7284445 0.06312119 -0.6160241 -0.7508302 0.2382611 -0.4886004 -0.7508307 0.4444354 -0.3615416 -0.728444 0.5819424 -0.2314012 -0.7340884 0.6384103 -0.2492296 -0.6819789 0.6875968 -0.3834962 -0.686946 0.617281 -0.6940172 -0.6680474 0.2684267 -0.5504615 -0.668047 0.5007048 -0.5298843 -0.7651455 -0.3657527 -0.654824 -0.7425948 -0.1405647 0.6020175 -0.7651452 0.2283151 0.4269566 -0.765146 0.4819332 -0.6765378 -0.7352699 0.04092382 0.6391622 -0.7651462 -0.07760798 0.154085 -0.7651457 0.6251479 -0.2992157 -0.7651459 -0.5701068 0.2992154 -0.765146 -0.5701068 -2.223304e-07 -0.7651457 -0.6438571 0.1540851 -0.7651458 0.6251478 0.5298837 -0.7651457 -0.365753 -0.6765378 -0.7352699 0.04092382 -0.6030995 -0.757539 0.2498112 0.4269561 -0.7651458 0.481934 0.6020168 -0.7651459 0.2283147 -0.1540852 -0.7651458 0.6251477 0.1540852 -0.7651458 0.6251477 0.4269562 -0.7651457 0.481934 -0.6030995 -0.757539 0.2498112 0.5298843 -0.7651455 -0.3657527 -0.4269563 -0.7651457 0.481934 0.6020168 -0.7651459 0.2283147 -0.1540851 -0.7651458 0.6251478 -0.4269562 -0.7651457 0.481934 0.299215 -0.7651457 -0.5701073 -8.787957e-18 -0.7651456 -0.6438572 -0.4269561 -0.7651458 0.481934 -0.654824 -0.7425948 -0.1405647 -2.223304e-07 -0.7651459 -0.6438569 -0.2992159 -0.7651458 -0.5701068 0.2992157 -0.7651459 -0.5701068 0.6391625 -0.7651458 -0.07760895 -0.5298843 -0.7651455 -0.3657527 0.5298843 -0.7651455 -0.3657527 0.6391625 -0.7651458 -0.07760895 -0.654824 -0.7425948 -0.1405647 -0.6765378 -0.7352699 0.04092382 -0.5298843 -0.7651455 -0.3657527 -0.2992154 -0.765146 -0.5701068 -0.154085 -0.7651457 0.6251479 -0.6030995 -0.757539 0.2498112 0.5298837 0.7651457 -0.365753 0.6391622 0.7651462 -0.07760798 -0.6030995 0.757539 0.2498112 -0.6765378 0.7352699 0.04092382 -0.654824 0.7425948 -0.1405647 0.4269566 0.765146 0.4819332 -0.6765378 0.7352699 0.04092382 -0.654824 0.7425948 -0.1405647 -0.4269561 0.7651458 0.481934 -0.5298843 0.7651455 -0.3657527 0.299215 0.7651457 -0.5701073 -0.6030995 0.757539 0.2498112 -0.1540852 0.7651458 0.6251477 0.1540852 0.7651458 0.6251477 -0.5298843 0.7651455 -0.3657527 -0.2992157 0.7651459 -0.5701068 -0.4269562 0.7651457 0.481934 0.6020175 0.7651452 0.2283151 0.1540851 0.7651458 0.6251478 -0.2992159 0.7651458 -0.5701068 1.171728e-17 0.7651456 -0.6438572 0.2992154 0.765146 -0.5701068 0.4269561 0.7651458 0.481934 0.154085 0.7651457 0.6251479 0.5298843 0.7651455 -0.3657527 0.6020168 0.7651459 0.2283147 0.4269562 0.7651457 0.481934 -2.223304e-07 0.7651459 -0.6438569 -0.5298843 0.7651455 -0.3657527 -0.6765378 0.7352699 0.04092382 -2.223304e-07 0.7651457 -0.6438571 0.6391625 0.7651458 -0.07760895 -0.1540851 0.7651458 0.6251478 0.6391625 0.7651458 -0.07760895 0.6020168 0.7651459 0.2283147 0.2992157 0.7651459 -0.5701068 -0.154085 0.7651457 0.6251479 -0.6030995 0.757539 0.2498112 -0.4269563 0.7651457 0.481934 0.5298843 0.7651455 -0.3657527 -0.2992154 0.765146 -0.5701068 -0.654824 0.7425948 -0.1405647 -0.5701071 -0.2992154 -0.7651458 -0.6438571 -1.481309e-14 -0.7651458 -0.6438571 -1.171728e-17 0.7651458 -0.3657528 -0.529884 -0.7651456 -0.5701071 -0.2992154 0.7651458 -0.07760844 -0.6391624 -0.765146 -0.3657528 -0.529884 0.7651456 0.228315 -0.6020169 -0.7651456 -0.07760844 -0.6391624 0.765146 0.4819338 -0.4269562 -0.7651458 0.228315 -0.6020169 0.7651456 0.6251478 -0.1540851 -0.7651458 0.4819338 -0.4269562 0.7651458 0.6251478 0.1540851 -0.7651458 0.6251478 -0.1540851 0.7651458 0.4819338 0.4269562 -0.7651458 0.6251478 0.1540851 0.7651458 0.2498122 0.6030997 -0.7575385 0.4819338 0.4269562 0.7651458 0.2498122 0.6030997 0.7575385 0.04092345 0.6765369 0.7352708 -0.1405661 0.6548243 0.7425943 -0.1405661 0.6548243 -0.7425943 0.04092345 0.6765369 -0.7352708 -0.3657528 0.529884 -0.7651456 -0.5701071 0.2992154 -0.7651458 -0.3657528 0.529884 0.7651456 -0.5701071 0.2992154 0.7651458 0.1629627 -0.3712917 0.9141037 0.04437112 -0.422164 0.9054329 0.6859428 -0.1746213 0.7063922 0.6205364 -0.7719579 0.137897 -0.4030298 -0.04451601 0.9141035 -0.3877902 -0.1726554 0.905433 -0.2840389 -0.315457 0.9054329 -0.625609 -0.6305858 0.45932 -0.1311741 -0.4037127 0.9054333 -0.922987 -0.09527401 0.372851 -0.9829422 -0.1220537 0.1375771 0.3789835 -0.8469672 0.3728514 0.09728185 -0.9255755 0.3658501 -0.2875937 -0.8851233 0.3658507 -0.6227424 -0.6916254 0.3658501 -0.8502128 -0.3785391 0.3658501 0.7909839 -0.5381299 0.2911369 -0.922987 -0.09527404 -0.372851 -0.8502128 -0.378539 -0.3658501 -0.6227423 -0.6916254 -0.3658501 -0.2875938 -0.8851232 -0.3658506 0.09728197 -0.9255755 -0.36585 0.3789835 -0.8469672 -0.3728514 0.7909839 -0.5381299 -0.2911369 0.1629627 -0.3712918 -0.9141037 0.6859428 -0.1746214 -0.7063922 -0.4030299 -0.04451606 -0.9141035 -0.3877903 -0.1726553 -0.905433 -0.2840389 -0.3154571 -0.9054329 -0.1311743 -0.4037127 -0.9054333 0.04437128 -0.422164 -0.9054329 -0.401853 0.04145762 -0.9147652 -0.9233096 0.08940507 -0.3735052 0.04092278 0.6765368 -0.7352709 0.249812 0.6030996 -0.7575387 0.6302625 0.2971086 -0.7172836 -0.5701072 0.2992153 -0.7651457 -0.1405663 0.6548246 -0.742594 -0.6438571 -1.336099e-14 -0.7651458 -0.5701072 -0.2992153 -0.7651457 -0.3657525 0.529884 -0.7651458 0.481934 0.4269562 -0.7651458 0.6251478 0.1540851 -0.7651458 -0.04145763 0.401853 -0.9147652 -0.3657525 -0.529884 -0.7651458 -0.3898614 0.1614859 -0.9066038 0.6251478 -0.1540851 -0.7651458 -0.298387 0.298387 -0.9066037 0.481934 -0.4269562 -0.7651458 -0.1614859 0.3898614 -0.9066038 0.2283148 -0.6020168 -0.7651458 -0.0776084 -0.6391627 -0.7651457 -0.08940507 0.9233096 -0.3735052 -0.3560058 0.859474 -0.36683 -0.657813 0.657813 -0.3668299 -0.859474 0.3560058 -0.36683 0.6302625 0.7172836 -0.2971085 -0.08940511 0.92331 0.3735042 -0.356006 0.8594744 0.366829 -0.6578132 0.6578132 0.366829 -0.8594744 0.3560059 0.366829 -0.92331 0.08940511 0.3735042 0.6302627 0.7172838 0.2971077 -0.04145772 0.401854 0.9147648 0.6302623 0.2971095 0.7172834 -0.6438571 -1.734157e-15 0.7651458 -0.5701072 -0.2992153 0.7651457 -0.3657525 -0.529884 0.7651458 -0.0776084 -0.6391627 0.7651457 0.2283148 -0.6020168 0.7651458 0.481934 -0.4269562 0.7651458 0.6251478 -0.1540851 0.7651458 0.6251478 0.1540851 0.7651458 0.481934 0.4269562 0.7651458 -0.1405663 0.6548246 0.742594 0.249812 0.6030996 0.7575387 0.04092278 0.6765368 0.7352709 -0.3657525 0.529884 0.7651458 -0.5701072 0.2992153 0.7651457 -0.4018541 0.04145774 0.9147648 -0.3898624 0.1614863 0.9066033 -0.2983878 0.2983878 0.9066032 -0.1614863 0.3898624 0.9066033 -0.9229874 -0.09527405 0.37285 -0.4030309 -0.04451612 0.914103 -0.9829423 -0.1220536 -0.137577 -0.9229871 -0.09527405 -0.3728507 0.3789836 -0.8469675 0.3728504 0.1629631 -0.3712927 0.9141032 0.04437123 -0.4221651 0.9054324 0.09728189 -0.9255759 0.3658491 -0.1311744 -0.4037138 0.9054327 -0.2875938 -0.8851236 0.3658497 -0.2840397 -0.3154578 0.9054324 -0.6227427 -0.6916257 0.3658491 -0.3877912 -0.1726558 0.9054325 -0.8502132 -0.3785392 0.3658492 -0.07760844 -0.6391624 0.765146 0.6859427 -0.1746219 0.7063921 -0.3657528 0.529884 0.7651456 -0.1405661 0.6548243 0.7425943 -0.3657528 -0.529884 0.7651456 -0.5701071 -0.2992154 0.7651458 0.4819338 -0.4269562 0.7651458 0.228315 -0.6020169 0.7651456 -0.5701071 0.2992154 0.7651458 0.6251478 -0.1540851 0.7651458 0.6251478 0.1540851 0.7651458 0.4819338 0.4269562 0.7651458 -0.6438571 1.171728e-17 0.7651458 0.2498122 0.6030997 0.7575385 0.04092345 0.6765369 0.7352708 0.7909841 -0.5381301 0.291136 0.7909839 -0.53813 -0.2911366 0.3789835 -0.8469673 -0.3728511 -0.8502129 -0.3785391 -0.3658498 -0.6227424 -0.6916255 -0.3658498 -0.2875939 -0.8851233 -0.3658503 0.09728198 -0.9255756 -0.3658497 -0.6256092 -0.6305859 -0.4593197 -0.4030302 -0.04451609 -0.9141034 -0.1311744 -0.403713 -0.9054331 0.2498122 0.6030997 -0.7575385 0.04092345 0.6765369 -0.7352708 0.1629628 -0.3712921 -0.9141036 0.04437132 -0.4221643 -0.9054328 -0.1405661 0.6548243 -0.7425943 -0.2840391 -0.3154574 -0.9054327 0.4819338 0.4269562 -0.7651458 0.6205364 -0.7719579 -0.137897 0.6859427 -0.1746215 -0.7063921 -0.6438571 -7.323297e-18 -0.7651458 -0.3657528 0.529884 -0.7651456 -0.5701071 0.2992154 -0.7651458 -0.3877906 -0.1726555 -0.9054328 0.6251478 0.1540851 -0.7651458 0.6251478 -0.1540851 -0.7651458 -0.3657528 -0.529884 -0.7651456 -0.07760844 -0.6391624 -0.765146 -0.5701071 -0.2992154 -0.7651458 0.4819338 -0.4269562 -0.7651458 0.228315 -0.6020169 -0.7651456 0.904534 0.3015113 -0.3015113 0.904534 0.3015113 0.3015113 0.1405662 -0.6548245 0.7425941 -0.04092293 -0.6765369 0.7352708 0.07134521 0.6856965 0.7243826 0.3657525 -0.5298841 0.7651457 -0.249812 -0.6030996 0.7575387 -0.6251479 -0.1540849 0.7651457 -0.6251479 0.1540849 0.7651457 -0.481934 -0.426956 0.7651458 0.07134521 -0.6856965 0.7243826 0.570107 -0.2992155 0.7651458 0.5701069 0.2992155 0.7651459 0.643857 -5.434744e-08 0.7651458 -0.2283149 0.6020169 0.7651457 0.0776085 0.6391625 0.7651458 -0.481934 0.426956 0.7651459 0.3657526 0.5298842 0.7651456 0.643857 -5.434744e-08 -0.7651458 0.570107 -0.2992155 -0.7651458 0.3657525 -0.5298841 -0.7651457 0.1405662 -0.6548245 -0.7425941 -0.04092293 -0.6765369 -0.7352708 -0.249812 -0.6030996 -0.7575387 -0.481934 -0.426956 -0.7651458 -0.6251479 -0.1540849 -0.7651457 -0.6251479 0.1540849 -0.7651457 -0.481934 0.426956 -0.7651459 -0.2283149 0.6020169 -0.7651457 0.0776085 0.6391625 -0.7651458 0.3657526 0.5298842 -0.7651456 0.5701069 0.2992155 -0.7651459 0.0713455 0.6856964 -0.7243826 0.0713455 -0.6856964 -0.7243826 0.6894015 -0.6657188 -0.2855591 0.2855592 -0.665719 -0.6894013 0.7243826 -0.6856966 0.0713451 0.5276447 -0.6657189 0.5276452 0.285559 -0.6657189 0.6894015 0.5276449 -0.6657188 -0.5276451 0.6894015 -0.6657188 0.2855592 0.7243826 -0.6856965 -0.07134515 0.5276447 0.6657189 0.5276452 0.6894015 0.6657188 0.2855592 0.7243826 0.6856965 -0.07134515 0.5276449 0.6657188 -0.5276451 0.2855592 0.665719 -0.6894013 0.285559 0.6657189 0.6894015 0.6894015 0.6657188 -0.2855591 0.7243826 0.6856966 0.0713451</float_array>
          <technique_common>
            <accessor count="2882" source="#normals-array-array" stride="3">
              <param type="float" name="X"/>
              <param type="float" name="Y"/>
              <param type="float" name="Z"/>
            </accessor>
          </technique_common>
        </source>
        <vertices id="verts-array-vertices">
          <input semantic="POSITION" source="#verts-array"/>
        </vertices>
        <triangles count="5796" material="material0">
          <input offset="0" semantic="VERTEX" source="#verts-array-vertices"/>
          <input offset="1" semantic="NORMAL" source="#normals-array"/>
          <p>0 0 1 1 2 2 3 3 0 0 4 4 5 5 3 3 6 6 7 7 5 5 8 8 9 9 7 7 10 10 11 11 9 9 12 12 13 13 11 11 14 14 15 15 13 13 16 16 17 17 15 15 18 18 19 19 20 20 21 21 22 22 21 21 20 20 20 20 17 17 22 22 23 23 19 19 24 24 25 25 23 23 26 26 1 1 25 25 27 27 27 27 2 2 1 1 26 26 27 27 25 25 24 24 26 26 23 23 21 21 24 24 19 19 18 18 22 22 17 17 16 16 18 18 15 15 14 14 16 16 13 13 12 12 14 14 11 11 10 10 12 12 9 9 8 8 10 10 7 7 6 6 8 8 5 5 4 4 6 6 3 3 2 2 4 4 0 0 28 28 17 17 20 20 3 3 29 29 30 30 20 20 19 19 28 28 3 3 31 31 29 29 3 3 32 32 33 33 34 34 28 28 23 23 28 28 15 15 17 17 33 33 31 31 3 3 34 34 1 1 0 0 19 19 23 23 28 28 35 35 13 13 15 15 36 36 9 9 11 11 37 37 32 32 5 5 0 0 30 30 34 34 15 15 28 28 35 35 11 11 35 35 36 36 37 37 7 7 9 9 32 32 3 3 5 5 34 34 25 25 1 1 11 11 13 13 35 35 34 34 38 38 39 39 5 5 7 7 37 37 23 23 25 25 34 34 39 39 28 28 34 34 30 30 0 0 3 3 39 39 38 38 40 40 9 9 36 36 37 37 39 39 41 41 28 28 40 40 42 42 39 39 43 43 30 30 29 29 29 29 44 44 43 43 45 45 39 39 42 42 42 42 46 46 45 45 46 46 47 47 45 45 48 48 46 46 42 42 48 48 47 47 46 46 42 42 49 49 48 48 38 38 50 50 49 49 34 34 51 51 50 50 30 30 43 43 51 51 51 51 34 34 30 30 50 50 38 38 34 34 49 49 40 40 38 38 42 42 40 40 49 49 52 52 53 53 32 32 52 52 54 54 53 53 32 32 37 37 52 52 44 44 29 29 31 31 55 55 31 31 33 33 56 56 57 57 32 32 32 32 53 53 56 56 57 57 33 33 32 32 53 53 54 54 56 56 33 33 57 57 55 55 31 31 55 55 44 44 43 43 44 44 58 58 58 58 59 59 43 43 43 43 59 59 60 60 51 51 60 60 61 61 50 50 61 61 62 62 49 49 62 62 63 63 63 63 48 48 49 49 62 62 49 49 50 50 61 61 50 50 51 51 60 60 51 51 43 43 64 64 48 48 63 63 63 63 65 65 64 64 56 56 66 66 67 67 57 57 67 67 68 68 55 55 68 68 58 58 58 58 44 44 55 55 68 68 55 55 57 57 67 67 57 57 56 56 56 56 69 69 70 70 70 70 66 66 56 56 63 63 62 62 61 61 63 63 71 71 72 72 61 61 60 60 63 63 72 72 65 65 63 63 73 73 58 58 66 66 66 66 58 58 68 68 59 59 73 73 63 63 72 72 74 74 65 65 68 68 67 67 66 66 60 60 59 59 63 63 75 75 76 76 77 77 76 76 78 78 79 79 63 63 73 73 71 71 59 59 58 58 73 73 80 80 81 81 82 82 83 83 84 84 81 81 79 79 77 77 76 76 78 78 85 85 86 86 85 85 65 65 87 87 66 66 88 88 73 73 82 82 70 70 80 80 81 81 80 80 83 83 86 86 79 79 78 78 74 74 87 87 65 65 83 83 75 75 84 84 87 87 86 86 85 85 70 70 89 89 90 90 77 77 84 84 75 75 90 90 66 66 70 70 90 90 88 88 66 66 82 82 89 89 70 70 64 64 65 65 85 85 91 91 85 85 78 78 92 92 78 78 76 76 93 93 76 76 75 75 94 94 75 75 83 83 95 95 83 83 80 80 96 96 80 80 70 70 70 70 69 69 96 96 80 80 96 96 95 95 83 83 95 95 94 94 75 75 94 94 93 93 76 76 93 93 92 92 78 78 92 92 91 91 85 85 91 91 64 64 97 97 64 64 91 91 98 98 91 91 92 92 99 99 92 92 93 93 100 100 93 93 94 94 101 101 94 94 95 95 102 102 95 95 96 96 103 103 96 96 69 69 69 69 104 104 103 103 96 96 103 103 102 102 95 95 102 102 101 101 94 94 101 101 100 100 93 93 100 100 99 99 92 92 99 99 98 98 91 91 98 98 97 97 77 77 79 79 105 105 84 84 77 77 106 106 81 81 84 84 107 107 82 82 81 81 108 108 89 89 82 82 109 109 90 90 89 89 110 110 88 88 90 90 111 111 73 73 88 88 112 112 71 71 73 73 113 113 71 71 114 114 115 115 116 116 74 74 72 72 72 72 115 115 116 116 87 87 74 74 116 116 86 86 87 87 117 117 79 79 86 86 118 118 118 118 105 105 79 79 117 117 118 118 86 86 116 116 117 117 87 87 115 115 72 72 71 71 113 113 114 114 71 71 112 112 113 113 73 73 111 111 112 112 88 88 110 110 111 111 90 90 109 109 110 110 89 89 108 108 109 109 82 82 107 107 108 108 81 81 106 106 107 107 84 84 105 105 106 106 77 77 119 119 28 28 41 41 120 120 41 41 39 39 39 39 45 45 120 120 41 41 120 120 119 119 119 119 121 121 122 122 122 122 28 28 119 119 45 45 123 123 124 124 124 124 120 120 45 45 119 119 125 125 126 126 126 126 121 121 119 119 120 120 127 127 128 128 128 128 119 119 120 120 128 128 125 125 119 119 126 126 129 129 121 121 124 124 127 127 120 120 130 130 131 131 132 132 133 133 134 134 135 135 136 136 137 137 138 138 137 137 135 135 138 138 130 130 136 136 139 139 136 136 140 140 139 139 126 126 130 130 141 141 130 130 142 142 141 141 130 130 126 126 125 125 125 125 131 131 130 130 131 131 128 128 127 127 127 127 143 143 131 131 124 124 144 144 145 145 124 124 146 146 144 144 124 124 123 123 146 146 131 131 147 147 148 148 131 131 149 149 150 150 131 131 151 151 149 149 150 150 152 152 131 131 152 152 153 153 131 131 153 153 154 154 131 131 154 154 147 147 131 131 143 143 155 155 151 151 151 151 131 131 143 143 136 136 156 156 157 157 136 136 132 132 156 156 137 137 157 157 158 158 158 158 133 133 137 137 157 157 137 137 136 136 156 156 132 132 148 148 148 148 132 132 131 131 155 155 143 143 145 145 145 145 143 143 124 124 127 127 124 124 143 143 125 125 128 128 131 131 141 141 129 129 126 126 139 139 142 142 130 130 138 138 140 140 136 136 135 135 137 137 133 133 132 132 136 136 130 130 148 148 159 159 160 160 148 148 161 161 159 159 148 148 162 162 161 161 148 148 163 163 162 162 148 148 164 164 163 163 165 165 157 157 156 156 156 156 160 160 165 165 166 166 158 158 157 157 157 157 165 165 166 166 167 167 144 144 146 146 151 151 155 155 167 167 149 149 151 151 168 168 168 168 169 169 149 149 167 167 168 168 151 151 155 155 145 145 167 167 145 145 144 144 167 167 150 150 149 149 170 170 149 149 171 171 170 170 149 149 169 169 171 171 170 170 172 172 150 150 164 164 152 152 150 150 164 164 148 148 147 147 147 147 154 154 164 164 154 154 153 153 164 164 153 153 152 152 164 164 150 150 172 172 164 164 146 146 123 123 167 167 160 160 156 156 148 148 173 173 158 158 166 166 166 166 174 174 173 173 175 175 138 138 135 135 175 175 142 142 139 139 175 175 129 129 141 141 175 175 140 140 138 138 141 141 142 142 175 175 139 139 140 140 175 175 129 129 175 175 176 176 176 176 121 121 129 129 134 134 177 177 175 175 134 134 178 178 177 177 121 121 176 176 179 179 179 179 122 122 121 121 135 135 134 134 175 175 180 180 181 181 176 176 176 176 175 175 180 180 177 177 178 178 182 182 175 175 177 177 183 183 183 183 180 180 175 175 182 182 183 183 177 177 176 176 181 181 184 184 179 179 184 184 185 185 185 185 28 28 122 122 185 185 122 122 179 179 185 185 35 35 28 28 184 184 179 179 176 176 52 52 37 37 36 36 186 186 36 36 35 35 35 35 187 187 186 186 36 36 186 186 52 52 187 187 35 35 185 185 185 185 188 188 187 187 181 181 189 189 190 190 181 181 191 191 189 189 181 181 192 192 193 193 181 181 180 180 194 194 190 190 195 195 181 181 194 194 192 192 181 181 180 180 183 183 196 196 193 193 191 191 181 181 195 195 188 188 181 181 188 188 185 185 184 184 196 196 194 194 180 180 183 183 182 182 196 196 184 184 181 181 188 188 52 52 186 186 197 197 186 186 198 198 197 197 186 186 187 187 199 199 187 187 200 200 199 199 187 187 188 188 201 201 188 188 195 195 201 201 201 201 200 200 187 187 199 199 198 198 186 186 197 197 202 202 52 52 203 203 204 204 205 205 203 203 206 206 198 198 206 206 197 197 198 198 204 204 203 203 200 200 203 203 199 199 200 200 204 204 201 201 195 195 204 204 190 190 189 189 189 189 205 205 204 204 207 207 205 205 191 191 191 191 193 193 207 207 208 208 207 207 192 192 192 192 194 194 208 208 207 207 208 208 209 209 205 205 207 207 210 210 210 210 211 211 205 205 212 212 211 211 213 213 203 203 214 214 215 215 203 203 216 216 217 217 203 203 218 218 216 216 217 217 219 219 203 203 219 219 220 220 203 203 220 220 221 221 203 203 203 203 212 212 222 222 222 222 223 223 203 203 223 223 218 218 203 203 221 221 214 214 203 203 197 197 206 206 224 224 224 224 202 202 197 197 224 224 206 206 215 215 215 215 206 206 203 203 213 213 222 222 212 212 211 211 212 212 205 205 209 209 210 210 207 207 194 194 196 196 208 208 193 193 192 192 207 207 189 189 191 191 205 205 195 195 190 190 204 204 200 200 201 201 204 204 198 198 199 199 203 203 205 205 212 212 203 203 225 225 226 226 210 210 226 226 227 227 213 213 227 227 216 216 218 218 218 218 223 223 227 227 223 223 222 222 227 227 222 222 213 213 227 227 213 213 211 211 226 226 211 211 210 210 226 226 216 216 228 228 229 229 216 216 230 230 228 228 216 216 231 231 230 230 216 216 232 232 231 231 216 216 227 227 232 232 233 233 219 219 217 217 233 233 215 215 214 214 234 234 235 235 224 224 215 215 236 236 234 234 215 215 237 237 236 236 215 215 233 233 237 237 224 224 215 215 234 234 214 214 221 221 233 233 221 221 220 220 233 233 220 220 219 219 233 233 224 224 235 235 238 238 238 238 239 239 224 224 239 239 202 202 224 224 217 217 229 229 233 233 229 229 217 217 216 216 210 210 209 209 225 225 225 225 209 209 240 240 240 240 241 241 225 225 242 242 243 243 244 244 240 240 182 182 245 245 182 182 178 178 246 246 173 173 242 242 247 247 244 244 248 248 242 242 246 246 245 245 182 182 248 248 247 247 242 242 243 243 249 249 250 250 178 178 251 251 246 246 173 173 252 252 253 253 250 250 244 244 243 243 254 254 255 255 256 256 255 255 240 240 257 257 178 178 253 253 251 251 247 247 252 252 173 173 249 249 258 258 259 259 258 258 260 260 261 261 257 257 256 256 255 255 253 253 178 178 173 173 261 261 259 259 258 258 260 260 254 254 262 262 245 245 257 257 240 240 262 262 261 261 260 260 208 208 196 196 182 182 133 133 173 173 178 178 259 259 250 250 249 249 240 240 209 209 208 208 178 178 134 134 133 133 182 182 240 240 208 208 256 256 262 262 254 254 133 133 158 158 173 173 240 240 255 255 263 263 263 263 241 241 240 240 263 263 255 255 254 254 264 264 254 254 260 260 265 265 260 260 258 258 266 266 258 258 249 249 267 267 249 249 243 243 268 268 243 243 242 242 269 269 242 242 173 173 173 173 174 174 269 269 242 242 269 269 268 268 243 243 268 268 267 267 249 249 267 267 266 266 258 258 266 266 265 265 260 260 265 265 264 264 254 254 264 264 263 263 270 270 271 271 241 241 241 241 263 263 270 270 270 270 263 263 264 264 272 272 264 264 265 265 273 273 265 265 266 266 274 274 266 266 267 267 275 275 267 267 268 268 276 276 268 268 269 269 277 277 269 269 174 174 174 174 278 278 277 277 269 269 277 277 276 276 268 268 276 276 275 275 267 267 275 275 274 274 266 266 274 274 273 273 265 265 273 273 272 272 264 264 272 272 270 270 246 246 251 251 279 279 245 245 246 246 280 280 257 257 245 245 281 281 256 256 257 257 282 282 262 262 256 256 283 283 261 261 262 262 284 284 259 259 261 261 285 285 250 250 259 259 286 286 244 244 250 250 287 287 248 248 244 244 288 288 289 289 247 247 248 248 248 248 290 290 289 289 252 252 247 247 289 289 253 253 252 252 291 291 251 251 253 253 292 292 292 292 279 279 251 251 291 291 292 292 253 253 289 289 291 291 252 252 288 288 290 290 248 248 287 287 288 288 244 244 286 286 287 287 250 250 285 285 286 286 259 259 284 284 285 285 261 261 283 283 284 284 262 262 282 282 283 283 256 256 281 281 282 282 257 257 280 280 281 281 245 245 279 279 280 280 246 246 293 293 294 294 271 271 271 271 270 270 293 293 294 294 295 295 296 296 296 296 271 271 294 294 278 278 297 297 298 298 277 277 298 298 299 299 276 276 299 299 300 300 275 275 300 300 301 301 274 274 301 301 302 302 273 273 302 302 303 303 272 272 303 303 293 293 293 293 270 270 272 272 303 303 272 272 273 273 302 302 273 273 274 274 301 301 274 274 275 275 300 300 275 275 276 276 299 299 276 276 277 277 298 298 277 277 278 278 297 297 278 278 304 304 304 304 305 305 297 297 306 306 307 307 308 308 306 306 309 309 307 307 306 306 310 310 309 309 306 306 311 311 310 310 306 306 312 312 311 311 313 313 314 314 315 315 315 315 308 308 313 313 296 296 295 295 314 314 314 314 313 313 296 296 316 316 317 317 318 318 319 319 320 320 316 316 321 321 319 319 322 322 322 322 323 323 321 321 316 316 322 322 319 319 320 320 324 324 316 316 324 324 317 317 316 316 325 325 321 321 326 326 321 321 327 327 326 326 321 321 323 323 327 327 326 326 328 328 325 325 312 312 329 329 325 325 312 312 306 306 330 330 330 330 331 331 312 312 331 331 332 332 312 312 332 332 329 329 312 312 325 325 328 328 312 312 318 318 333 333 316 316 308 308 315 315 306 306 334 334 335 335 336 336 334 334 337 337 335 335 334 334 338 338 337 337 334 334 339 339 338 338 334 334 340 340 339 339 341 341 342 342 343 343 341 341 344 344 345 345 346 346 347 347 348 348 344 344 349 349 346 346 344 344 350 350 349 349 344 344 341 341 350 350 348 348 344 344 346 346 345 345 351 351 341 341 351 351 352 352 341 341 352 352 342 342 341 341 348 348 347 347 353 353 353 353 354 354 348 348 354 354 355 355 348 348 343 343 336 336 341 341 304 304 356 356 357 357 356 356 340 340 358 358 340 340 334 334 359 359 359 359 360 360 340 340 360 360 361 361 340 340 361 361 358 358 340 340 358 358 362 362 356 356 362 362 357 357 356 356 357 357 305 305 304 304 336 336 343 343 334 334 363 363 364 364 365 365 365 365 366 366 367 367 366 366 368 368 367 367 369 369 365 365 370 370 365 365 371 371 370 370 369 369 372 372 373 373 369 369 374 374 375 375 375 375 363 363 369 369 376 376 363 363 377 377 377 377 378 378 376 376 379 379 376 376 380 380 380 380 381 381 379 379 376 376 379 379 305 305 363 363 376 376 357 357 357 357 362 362 363 363 364 364 362 362 358 358 365 365 345 345 344 344 365 365 334 334 343 343 365 365 359 359 334 334 343 343 342 342 365 365 342 342 352 352 365 365 352 352 351 351 365 365 365 365 364 364 361 361 361 361 360 360 365 365 360 360 359 359 365 365 351 351 345 345 365 365 368 368 366 366 348 348 348 348 355 355 368 368 348 348 366 366 344 344 344 344 366 366 365 365 358 358 361 361 364 364 362 362 364 364 363 363 305 305 357 357 376 376 381 381 382 382 379 379 378 378 380 380 376 376 375 375 377 377 363 363 373 373 374 374 369 369 370 370 372 372 369 369 367 367 371 371 365 365 365 365 369 369 363 363 298 298 290 290 288 288 298 298 289 289 290 290 297 297 291 291 289 289 303 303 284 284 283 283 302 302 285 285 284 284 301 301 286 286 285 285 300 300 287 287 286 286 299 299 288 288 287 287 289 289 298 298 297 297 284 284 303 303 302 302 286 286 301 301 300 300 288 288 299 299 298 298 297 297 305 305 292 292 279 279 379 379 383 383 383 383 384 384 294 294 293 293 283 283 282 282 285 285 302 302 301 301 292 292 291 291 297 297 379 379 382 382 383 383 385 385 294 294 384 384 282 282 294 294 293 293 287 287 300 300 299 299 279 279 305 305 379 379 384 384 386 386 385 385 283 283 293 293 303 303 383 383 280 280 279 279 383 383 282 282 281 281 294 294 282 282 383 383 281 281 280 280 383 383 279 279 292 292 305 305 385 385 295 295 294 294 387 387 388 388 389 389 383 383 387 387 390 390 390 390 384 384 383 383 389 389 390 390 387 387 391 391 392 392 389 389 389 389 388 388 391 391 391 391 375 375 374 374 391 391 377 377 375 375 391 391 380 380 378 378 391 391 388 388 381 381 374 374 373 373 391 391 381 381 380 380 391 391 388 388 387 387 382 382 378 378 377 377 391 391 373 373 393 393 391 391 393 393 394 394 395 395 382 382 381 381 388 388 387 387 383 383 382 382 395 395 391 391 393 393 395 395 396 396 392 392 396 396 395 395 394 394 394 394 397 397 398 398 394 394 398 398 396 396 394 394 399 399 397 397 392 392 391 391 395 395 389 389 400 400 401 401 389 389 402 402 403 403 389 389 404 404 405 405 389 389 406 406 400 400 405 405 402 402 389 389 403 403 406 406 389 389 404 404 389 389 392 392 392 392 407 407 404 404 386 386 390 390 389 389 386 386 384 384 390 390 407 407 392 392 396 396 396 396 398 398 407 407 401 401 386 386 389 389 408 408 409 409 410 410 385 385 386 386 401 401 409 409 411 411 400 400 411 411 401 401 400 400 410 410 409 409 403 403 409 409 406 406 403 403 412 412 410 410 405 405 410 410 402 402 405 405 410 410 412 412 413 413 413 413 414 414 410 410 414 414 415 415 416 416 416 416 417 417 414 414 418 418 317 317 324 324 418 418 318 318 317 317 418 418 333 333 318 318 414 414 330 330 306 306 414 414 321 321 325 325 414 414 319 319 321 321 325 325 329 329 414 414 329 329 332 332 414 414 332 332 331 331 414 414 331 331 330 330 414 414 417 417 320 320 319 319 319 319 414 414 417 417 409 409 315 315 314 314 409 409 408 408 315 315 411 411 314 314 295 295 295 295 385 385 411 411 314 314 411 411 409 409 315 315 408 408 306 306 306 306 408 408 414 414 320 320 417 417 324 324 324 324 417 417 418 418 416 416 418 418 417 417 413 413 415 415 414 414 405 405 404 404 412 412 403 403 402 402 410 410 400 400 406 406 409 409 401 401 411 411 385 385 410 410 414 414 408 408 419 419 420 420 368 368 420 420 367 367 368 368 420 420 421 421 371 371 421 421 370 370 371 371 421 421 393 393 372 372 393 393 373 373 372 372 372 372 370 370 421 421 371 371 367 367 420 420 368 368 355 355 419 419 421 421 399 399 394 394 394 394 393 393 421 421 422 422 333 333 418 418 418 418 423 423 422 422 424 424 413 413 412 412 412 412 407 407 424 424 423 423 416 416 415 415 415 415 424 424 423 423 415 415 413 413 424 424 412 412 404 404 407 407 418 418 416 416 423 423 424 424 407 407 398 398 398 398 397 397 424 424 419 419 425 425 426 426 420 420 426 426 399 399 399 399 421 421 420 420 426 426 420 420 419 419 419 419 427 427 428 428 419 419 429 429 427 427 428 428 425 425 419 419 424 424 397 397 430 430 423 423 430 430 431 431 431 431 422 422 423 423 430 430 423 423 424 424 422 422 431 431 432 432 432 432 433 433 422 422 433 433 434 434 422 422 399 399 426 426 21 21 426 426 24 24 21 21 425 425 26 26 24 24 8 8 435 435 436 436 24 24 426 426 425 425 431 431 10 10 8 8 431 431 430 430 12 12 397 397 399 399 18 18 21 21 22 22 399 399 425 425 428 428 27 27 431 431 437 437 438 438 12 12 10 10 431 431 430 430 397 397 14 14 18 18 16 16 397 397 27 27 26 26 425 425 2 2 428 428 439 439 431 431 440 440 441 441 431 431 436 436 437 437 14 14 12 12 430 430 22 22 18 18 399 399 439 439 4 4 2 2 438 438 440 440 431 431 16 16 14 14 397 397 439 439 435 435 4 4 435 435 8 8 6 6 436 436 431 431 8 8 6 6 4 4 435 435 2 2 27 27 428 428 441 441 432 432 431 431 442 442 433 433 432 432 442 442 434 434 433 433 432 432 443 443 442 442 440 440 444 444 443 443 438 438 445 445 444 444 444 444 440 440 438 438 443 443 441 441 440 440 432 432 441 441 443 443 446 446 437 437 436 436 447 447 436 436 435 435 448 448 435 435 439 439 449 449 428 428 427 427 450 450 439 439 428 428 428 428 449 449 450 450 427 427 429 429 449 449 439 439 450 450 448 448 435 435 448 448 447 447 436 436 447 447 446 446 445 445 438 438 437 437 437 437 446 446 445 445 446 446 451 451 452 452 452 452 445 445 446 446 449 449 453 453 454 454 450 450 454 454 455 455 448 448 455 455 456 456 447 447 456 456 451 451 451 451 446 446 447 447 456 456 447 447 448 448 455 455 448 448 450 450 454 454 450 450 449 449 449 449 457 457 458 458 458 458 453 453 449 449 445 445 452 452 459 459 444 444 459 459 460 460 443 443 460 460 461 461 461 461 442 442 443 443 460 460 443 443 444 444 459 459 444 444 445 445 442 442 461 461 462 462 462 462 463 463 442 442 453 453 456 456 455 455 453 453 451 451 456 456 453 453 458 458 464 464 465 465 466 466 467 467 466 466 462 462 468 468 462 462 461 461 469 469 455 455 454 454 453 453 461 461 460 460 459 459 470 470 471 471 461 461 458 458 472 472 464 464 473 473 474 474 475 475 474 474 473 473 465 465 462 462 476 476 468 468 461 461 471 471 469 469 470 470 452 452 451 451 461 461 452 452 470 470 458 458 477 477 472 472 478 478 479 479 480 480 481 481 475 475 479 479 467 467 474 474 465 465 469 469 476 476 462 462 459 459 452 452 461 461 464 464 482 482 453 453 479 479 478 478 481 481 468 468 467 467 466 466 482 482 470 470 453 453 483 483 480 480 477 477 475 475 481 481 473 473 477 477 458 458 483 483 453 453 470 470 451 451 480 480 483 483 478 478 463 463 462 462 466 466 484 484 466 466 465 465 485 485 465 465 473 473 486 486 473 473 481 481 487 487 481 481 478 478 488 488 478 478 483 483 489 489 483 483 458 458 458 458 457 457 489 489 483 483 489 489 488 488 478 478 488 488 487 487 481 481 487 487 486 486 473 473 486 486 485 485 465 465 485 485 484 484 466 466 484 484 463 463 457 457 490 490 491 491 489 489 491 491 492 492 488 488 492 492 493 493 487 487 493 493 494 494 486 486 494 494 495 495 485 485 495 495 496 496 484 484 496 496 497 497 497 497 463 463 484 484 496 496 484 484 485 485 495 495 485 485 486 486 494 494 486 486 487 487 493 493 487 487 488 488 492 492 488 488 489 489 491 491 489 489 457 457 498 498 499 499 479 479 500 500 498 498 475 475 501 501 500 500 474 474 502 502 501 501 467 467 503 503 502 502 468 468 504 504 503 503 476 476 505 505 504 504 469 469 506 506 505 505 471 471 507 507 506 506 470 470 464 464 472 472 508 508 507 507 482 482 464 464 464 464 509 509 507 507 510 510 508 508 472 472 511 511 510 510 477 477 499 499 511 511 480 480 480 480 479 479 499 499 477 477 480 480 511 511 472 472 477 477 510 510 508 508 509 509 464 464 470 470 482 482 507 507 471 471 470 470 506 506 469 469 471 471 505 505 476 476 469 469 504 504 468 468 476 476 503 503 467 467 468 468 502 502 474 474 467 467 501 501 475 475 474 474 500 500 479 479 475 475 498 498 226 226 323 323 322 322 226 226 310 310 311 311 226 226 327 327 323 323 226 226 309 309 310 310 226 226 326 326 327 327 226 226 307 307 309 309 333 333 231 231 232 232 333 333 236 236 237 237 333 333 235 235 234 234 226 226 328 328 326 326 226 226 308 308 307 307 333 333 230 230 231 231 234 234 236 236 333 333 333 333 54 54 202 202 322 322 316 316 226 226 311 311 312 312 226 226 333 333 228 228 230 230 333 333 238 238 235 235 202 202 239 239 333 333 56 56 54 54 512 512 54 54 513 513 514 514 312 312 328 328 226 226 225 225 241 241 271 271 313 313 226 226 225 225 333 333 229 229 228 228 239 239 238 238 333 333 514 514 512 512 54 54 226 226 313 313 308 308 225 225 296 296 313 313 232 232 227 227 333 333 237 237 233 233 333 333 512 512 515 515 56 56 271 271 296 296 225 225 233 233 229 229 333 333 69 69 56 56 516 516 515 515 517 517 56 56 227 227 226 226 333 333 516 516 518 518 69 69 54 54 519 519 513 513 434 434 54 54 333 333 54 54 52 52 202 202 517 517 516 516 56 56 463 463 520 520 519 519 463 463 54 54 434 434 316 316 333 333 226 226 519 519 54 54 463 463 463 463 497 497 521 521 333 333 422 422 434 434 521 521 520 520 463 463 518 518 104 104 69 69 434 434 442 442 463 463 522 522 523 523 512 512 512 512 514 514 522 522 524 524 525 525 518 518 526 526 524 524 516 516 527 527 526 526 517 517 523 523 527 527 515 515 515 515 512 512 523 523 517 517 515 515 527 527 516 516 517 517 526 526 518 518 516 516 524 524 520 520 521 521 528 528 519 519 520 520 529 529 513 513 519 519 530 530 514 514 513 513 531 531 531 531 522 522 514 514 530 530 531 531 513 513 529 529 530 530 519 519 528 528 529 529 520 520 532 532 509 509 508 508 532 532 507 507 509 509 508 508 490 490 532 532 494 494 493 493 498 498 493 493 492 492 499 499 532 532 506 506 507 507 533 533 505 505 506 506 495 495 500 500 501 501 499 499 498 498 493 493 492 492 491 491 511 511 491 491 490 490 510 510 506 506 532 532 533 533 496 496 501 501 502 502 501 501 496 496 495 495 511 511 499 499 492 492 508 508 510 510 490 490 505 505 533 533 528 528 497 497 502 502 503 503 495 495 494 494 500 500 510 510 511 511 491 491 528 528 503 503 504 504 502 502 497 497 496 496 528 528 504 504 505 505 498 498 500 500 494 494 503 503 521 521 497 497 528 528 521 521 503 503 534 534 97 97 116 116 116 116 115 115 534 534 97 97 117 117 116 116 102 102 103 103 108 108 535 535 534 534 113 113 115 115 114 114 534 534 100 100 106 106 105 105 101 101 107 107 106 106 107 107 101 101 102 102 103 103 104 104 109 109 104 104 518 518 525 525 112 112 111 111 525 525 114 114 113 113 534 534 98 98 118 118 117 117 99 99 105 105 118 118 106 106 100 100 101 101 109 109 108 108 103 103 525 525 110 110 104 104 525 525 535 535 112 112 117 117 97 97 98 98 105 105 99 99 100 100 110 110 109 109 104 104 113 113 112 112 535 535 108 108 107 107 102 102 118 118 98 98 99 99 111 111 110 110 525 525 522 522 531 531 533 533 536 536 537 537 523 523 533 533 538 538 522 522 522 522 539 539 536 536 523 523 540 540 535 535 538 538 541 541 522 522 523 523 522 522 536 536 523 523 542 542 540 540 537 537 543 543 523 523 523 523 543 543 542 542 535 535 527 527 523 523 535 535 526 526 527 527 541 541 539 539 522 522 533 533 530 530 529 529 535 535 524 524 526 526 531 531 530 530 533 533 535 535 525 525 524 524 529 529 528 528 533 533 536 536 544 544 545 545 545 545 537 537 536 536 538 538 533 533 532 532 541 541 538 538 546 546 539 539 541 541 547 547 536 536 539 539 548 548 548 548 544 544 536 536 547 547 548 548 539 539 546 546 547 547 541 541 532 532 546 546 538 538 549 549 534 534 535 535 550 550 549 549 540 540 551 551 550 550 542 542 545 545 551 551 543 543 543 543 537 537 545 545 542 542 543 543 551 551 540 540 542 542 550 550 535 535 540 540 549 549 356 356 169 169 168 168 356 356 162 162 163 163 356 356 171 171 169 169 356 356 161 161 162 162 356 356 170 170 171 171 356 356 159 159 161 161 123 123 338 338 339 339 552 552 337 337 338 338 552 552 349 349 350 350 552 552 347 347 346 346 429 429 553 553 554 554 47 47 555 555 556 556 356 356 172 172 170 170 356 356 160 160 159 159 338 338 123 123 552 552 346 346 349 349 552 552 552 552 557 557 355 355 429 429 558 558 553 553 556 556 559 559 47 47 168 168 167 167 356 356 163 163 164 164 356 356 552 552 335 335 337 337 552 552 353 353 347 347 355 355 354 354 552 552 429 429 419 419 558 558 449 449 560 560 561 561 48 48 64 64 562 562 559 559 45 45 47 47 164 164 172 172 356 356 304 304 278 278 174 174 165 165 356 356 304 304 552 552 336 336 335 335 354 354 353 353 552 552 419 419 563 563 558 558 457 457 564 564 546 546 561 561 457 457 449 449 64 64 565 565 562 562 47 47 566 566 567 567 559 559 568 568 45 45 356 356 165 165 160 160 304 304 166 166 165 165 339 339 340 340 123 123 350 350 341 341 552 552 419 419 569 569 563 563 564 564 570 570 546 546 449 449 571 571 560 560 562 562 572 572 48 48 64 64 534 534 549 549 573 573 574 574 545 545 575 575 551 551 545 545 47 47 576 576 566 566 123 123 45 45 577 577 568 568 578 578 45 45 174 174 166 166 304 304 341 341 336 336 552 552 419 419 579 579 569 569 355 355 557 557 579 579 570 570 573 573 548 548 546 546 532 532 457 457 561 561 580 580 457 457 429 429 581 581 582 582 572 572 583 583 48 48 549 549 584 584 64 64 545 545 574 574 575 575 47 47 583 583 576 576 578 578 577 577 45 45 340 340 356 356 123 123 579 579 419 419 355 355 548 548 547 547 570 570 580 580 564 564 457 457 429 429 585 585 581 581 64 64 584 584 565 565 64 64 97 97 534 534 545 545 544 544 573 573 575 575 549 549 550 550 577 577 552 552 123 123 554 554 585 585 429 429 532 532 490 490 457 457 582 582 449 449 429 429 549 549 575 575 584 584 550 550 551 551 575 575 167 167 123 123 356 356 582 582 571 571 449 449 544 544 548 548 573 573 547 547 546 546 570 570 567 567 555 555 47 47 583 583 47 47 48 48 586 586 587 587 572 572 572 572 562 562 586 586 588 588 589 589 590 590 591 591 592 592 593 593 594 594 595 595 588 588 588 588 595 595 589 589 596 596 597 597 598 598 596 596 599 599 587 587 587 587 599 599 600 600 593 593 601 601 591 591 590 590 602 602 588 588 596 596 586 586 597 597 600 600 603 603 587 587 604 604 605 605 606 606 588 588 591 591 594 594 607 607 608 608 595 595 587 587 586 586 596 596 606 606 609 609 604 604 595 595 594 594 607 607 610 610 611 611 612 612 610 610 613 613 614 614 598 598 615 615 596 596 616 616 610 610 617 617 609 609 618 618 604 604 601 601 594 594 591 591 614 614 611 611 610 610 605 605 604 604 599 599 618 618 616 616 604 604 617 617 619 619 608 608 612 612 617 617 610 610 617 617 604 604 616 616 612 612 619 619 617 617 607 607 617 617 608 608 596 596 605 605 599 599 573 573 605 605 596 596 596 596 574 574 573 573 616 616 561 561 560 560 560 560 610 610 616 616 558 558 595 595 608 608 608 608 553 553 558 558 588 588 557 557 552 552 552 552 591 591 588 588 607 607 594 594 559 559 559 559 556 556 607 607 597 597 586 586 562 562 598 598 597 597 565 565 615 615 598 598 584 584 596 596 615 615 575 575 575 575 574 574 596 596 584 584 575 575 615 615 565 565 584 584 598 598 562 562 565 565 597 597 580 580 561 561 616 616 564 564 580 580 618 618 570 570 564 564 609 609 573 573 570 570 606 606 606 606 605 605 573 573 609 609 606 606 570 570 618 618 609 609 564 564 616 616 618 618 580 580 613 613 610 610 560 560 614 614 613 613 571 571 611 611 614 614 582 582 582 582 581 581 611 611 571 571 582 582 614 614 560 560 571 571 613 613 589 589 595 595 558 558 590 590 589 589 563 563 602 602 590 590 569 569 588 588 602 602 579 579 579 579 557 557 588 588 569 569 579 579 602 602 563 563 569 569 590 590 558 558 563 563 589 589 568 568 559 559 594 594 578 578 568 568 601 601 577 577 578 578 593 593 552 552 577 577 592 592 592 592 591 591 552 552 593 593 592 592 577 577 601 601 593 593 578 578 594 594 601 601 568 568 583 583 572 572 587 587 576 576 583 583 603 603 566 566 576 576 600 600 600 600 599 599 566 566 603 603 600 600 576 576 587 587 603 603 583 583 566 566 599 599 604 604 567 567 604 604 617 617 555 555 617 617 607 607 607 607 556 556 555 555 617 617 555 555 567 567 604 604 567 567 566 566 611 611 581 581 585 585 612 612 585 585 554 554 619 619 554 554 553 553 553 553 608 608 619 619 554 554 619 619 612 612 585 585 612 612 611 611 620 620 621 621 622 622 623 623 620 620 624 624 625 625 623 623 626 626 627 627 625 625 628 628 629 629 627 627 630 630 631 631 629 629 632 632 633 633 631 631 634 634 635 635 633 633 636 636 637 637 635 635 638 638 639 639 640 640 641 641 642 642 641 641 640 640 640 640 637 637 642 642 643 643 639 639 644 644 645 645 643 643 646 646 621 621 645 645 647 647 647 647 622 622 621 621 646 646 647 647 645 645 644 644 646 646 643 643 641 641 644 644 639 639 638 638 642 642 637 637 636 636 638 638 635 635 634 634 636 636 633 633 632 632 634 634 631 631 630 630 632 632 629 629 628 628 630 630 627 627 626 626 628 628 625 625 624 624 626 626 623 623 622 622 624 624 620 620 648 648 637 637 640 640 640 640 649 649 648 648 633 633 635 635 650 650 640 640 639 639 649 649 651 651 652 652 653 653 651 651 633 633 654 654 635 635 648 648 650 650 655 655 649 649 643 643 648 648 635 635 637 637 654 654 652 652 651 651 650 650 656 656 633 633 657 657 658 658 659 659 639 639 643 643 649 649 656 656 654 654 633 633 649 649 660 660 661 661 660 660 662 662 663 663 659 659 662 662 657 657 664 664 623 623 625 625 665 665 666 666 621 621 666 666 655 655 645 645 653 653 667 667 651 651 660 660 668 668 661 661 659 659 663 663 662 662 669 669 670 670 658 658 671 671 625 625 627 627 625 625 671 671 664 664 645 645 621 621 666 666 661 661 648 648 649 649 672 672 629 629 631 631 658 658 657 657 669 669 673 673 674 674 670 670 675 675 676 676 674 674 667 667 653 653 676 676 664 664 677 677 623 623 643 643 645 645 655 655 631 631 651 651 672 672 670 670 669 669 673 673 676 676 675 675 667 667 627 627 672 672 671 671 677 677 665 665 620 620 631 631 633 633 651 651 674 674 673 673 675 675 620 620 623 623 677 677 663 663 668 668 660 660 621 621 620 620 665 665 627 627 629 629 672 672 650 650 648 648 678 678 656 656 650 650 679 679 654 654 656 656 680 680 652 652 654 654 681 681 653 653 652 652 682 682 676 676 653 653 683 683 674 674 676 676 684 684 670 670 674 674 685 685 658 658 670 670 686 686 663 663 659 659 687 687 688 688 687 687 659 659 659 659 658 658 688 688 668 668 663 663 689 689 661 661 668 668 690 690 648 648 661 661 691 691 691 691 678 678 648 648 690 690 691 691 661 661 689 689 690 690 668 668 687 687 689 689 663 663 686 686 688 688 658 658 685 685 686 686 670 670 684 684 685 685 674 674 683 683 684 684 676 676 682 682 683 683 653 653 681 681 682 682 652 652 680 680 681 681 654 654 679 679 680 680 656 656 678 678 679 679 650 650 672 672 651 651 692 692 692 692 693 693 672 672 692 692 651 651 667 667 694 694 667 667 675 675 695 695 675 675 673 673 696 696 673 673 669 669 697 697 669 669 657 657 698 698 657 657 662 662 699 699 662 662 660 660 660 660 700 700 699 699 662 662 699 699 698 698 657 657 698 698 697 697 669 669 697 697 696 696 673 673 696 696 695 695 675 675 695 695 694 694 667 667 694 694 692 692 701 701 649 649 655 655 702 702 655 655 666 666 703 703 666 666 665 665 704 704 665 665 677 677 705 705 677 677 664 664 706 706 664 664 671 671 707 707 671 671 672 672 672 672 693 693 707 707 671 671 707 707 706 706 664 664 706 706 705 705 677 677 705 705 704 704 665 665 704 704 703 703 666 666 703 703 702 702 655 655 702 702 701 701 708 708 709 709 693 693 693 693 692 692 708 708 660 660 649 649 701 701 701 701 700 700 660 660 708 708 692 692 694 694 710 710 694 694 695 695 711 711 695 695 696 696 712 712 696 696 697 697 713 713 697 697 698 698 714 714 698 698 699 699 715 715 699 699 700 700 700 700 716 716 715 715 699 699 715 715 714 714 698 698 714 714 713 713 697 697 713 713 712 712 696 696 712 712 711 711 695 695 711 711 710 710 694 694 710 710 708 708 716 716 700 700 701 701 701 701 717 717 716 716 716 716 718 718 719 719 715 715 719 719 720 720 714 714 720 720 721 721 713 713 721 721 722 722 712 712 722 722 723 723 711 711 723 723 724 724 710 710 724 724 725 725 725 725 708 708 710 710 724 724 710 710 711 711 723 723 711 711 712 712 722 722 712 712 713 713 721 721 713 713 714 714 720 720 714 714 715 715 719 719 715 715 716 716 678 678 726 726 641 641 726 726 644 644 641 641 726 726 646 646 644 644 636 636 680 680 679 679 641 641 642 642 678 678 727 727 647 647 646 646 725 725 682 682 681 681 728 728 729 729 628 628 730 730 725 725 634 634 679 679 638 638 636 636 646 646 726 726 727 727 681 681 636 636 725 725 725 725 724 724 683 683 723 723 722 722 685 685 722 722 721 721 686 686 626 626 731 731 728 728 729 729 730 730 630 630 725 725 636 636 634 634 642 642 638 638 678 678 683 683 682 682 725 725 724 724 723 723 684 684 686 686 685 685 722 722 630 630 628 628 729 729 634 634 632 632 730 730 681 681 680 680 636 636 685 685 684 684 723 723 720 720 719 719 687 687 632 632 630 630 730 730 684 684 683 683 724 724 719 719 689 689 687 687 718 718 690 690 689 689 731 731 626 626 624 624 679 679 678 678 638 638 721 721 720 720 688 688 689 689 719 719 718 718 726 726 678 678 691 691 628 628 626 626 728 728 687 687 688 688 720 720 732 732 622 622 647 647 733 733 624 624 622 622 624 624 733 733 731 731 718 718 691 691 690 690 622 622 732 732 733 733 688 688 686 686 721 721 691 691 718 718 726 726 647 647 727 727 732 732 717 717 701 701 702 702 734 734 702 702 703 703 735 735 703 703 704 704 736 736 704 704 705 705 737 737 705 705 706 706 738 738 706 706 707 707 739 739 707 707 693 693 693 693 709 709 739 739 707 707 739 739 738 738 706 706 738 738 737 737 705 705 737 737 736 736 704 704 736 736 735 735 703 703 735 735 734 734 702 702 734 734 717 717 708 708 725 725 730 730 730 730 709 709 708 708 709 709 730 730 729 729 739 739 729 729 728 728 738 738 728 728 731 731 737 737 731 731 733 733 736 736 733 733 732 732 735 735 732 732 727 727 734 734 727 727 726 726 726 726 717 717 734 734 727 727 734 734 735 735 732 732 735 735 736 736 733 733 736 736 737 737 731 731 737 737 738 738 728 728 738 738 739 739 729 729 739 739 709 709 716 716 717 717 726 726 726 726 718 718 716 716 740 740 741 741 742 742 742 742 743 743 740 740 743 743 744 744 740 740 744 744 745 745 740 740 745 745 746 746 740 740 746 746 747 747 740 740 747 747 748 748 740 740 748 748 749 749 740 740 749 749 750 750 740 740 750 750 751 751 740 740 751 751 752 752 740 740 752 752 753 753 740 740 753 753 754 754 740 740 754 754 755 755 740 740 755 755 741 741 740 740 756 756 751 751 750 750 757 757 750 750 749 749 758 758 749 749 748 748 748 748 747 747 759 759 747 747 760 760 759 759 760 760 747 747 746 746 761 761 746 746 745 745 762 762 745 745 744 744 763 763 744 744 743 743 764 764 743 743 742 742 765 765 742 742 741 741 766 766 767 767 755 755 767 767 741 741 755 755 766 766 754 754 753 753 768 768 753 753 752 752 769 769 752 752 751 751 751 751 756 756 769 769 752 752 769 769 768 768 753 753 768 768 766 766 755 755 754 754 766 766 741 741 767 767 765 765 742 742 765 765 764 764 743 743 764 764 763 763 744 744 763 763 762 762 745 745 762 762 761 761 746 746 761 761 760 760 759 759 770 770 748 748 748 748 770 770 758 758 749 749 758 758 757 757 750 750 757 757 756 756 763 763 771 771 772 772 762 762 772 772 773 773 761 761 773 773 774 774 774 774 775 775 759 759 776 776 770 770 759 759 759 759 775 775 776 776 770 770 776 776 777 777 758 758 777 777 778 778 778 778 779 779 756 756 779 779 769 769 756 756 769 769 779 779 780 780 768 768 780 780 781 781 766 766 781 781 782 782 767 767 782 782 783 783 765 765 783 783 784 784 764 764 784 784 771 771 771 771 763 763 764 764 784 784 764 764 765 765 783 783 765 765 767 767 782 782 767 767 766 766 781 781 766 766 768 768 780 780 768 768 769 769 756 756 757 757 778 778 778 778 757 757 758 758 777 777 758 758 770 770 759 759 760 760 774 774 774 774 760 760 761 761 773 773 761 761 762 762 772 772 762 762 763 763 785 785 786 786 775 775 787 787 776 776 775 775 785 785 774 774 773 773 775 775 786 786 787 787 788 788 780 780 779 779 789 789 781 781 780 780 790 790 782 782 781 781 791 791 783 783 782 782 775 775 774 774 785 785 792 792 777 777 776 776 793 793 778 778 777 777 793 793 794 794 779 779 780 780 788 788 789 789 782 782 790 790 791 791 795 795 784 784 783 783 796 796 771 771 784 784 797 797 772 772 771 771 798 798 773 773 772 772 776 776 787 787 792 792 779 779 778 778 793 793 781 781 789 789 790 790 784 784 795 795 796 796 772 772 797 797 798 798 777 777 792 792 793 793 783 783 791 791 795 795 773 773 798 798 785 785 771 771 796 796 797 797 779 779 794 794 788 788 796 796 799 799 800 800 797 797 800 800 801 801 798 798 801 801 802 802 787 787 786 786 803 803 802 802 803 803 786 786 786 786 785 785 802 802 787 787 804 804 805 805 792 792 805 805 806 806 793 793 806 806 807 807 794 794 807 807 808 808 788 788 808 808 809 809 789 789 809 809 810 810 790 790 810 810 811 811 791 791 811 811 812 812 795 795 812 812 799 799 799 799 796 796 795 795 812 812 795 795 791 791 811 811 791 791 790 790 810 810 790 790 789 789 809 809 789 789 788 788 808 808 788 788 794 794 807 807 794 794 793 793 806 806 793 793 792 792 805 805 792 792 787 787 803 803 804 804 787 787 802 802 785 785 798 798 801 801 798 798 797 797 800 800 797 797 796 796 813 813 814 814 815 815 816 816 815 815 817 817 818 818 817 817 819 819 820 820 821 821 822 822 821 821 819 819 822 822 820 820 823 823 824 824 825 825 824 824 826 826 827 827 826 826 828 828 829 829 828 828 830 830 831 831 830 830 832 832 833 833 832 832 834 834 835 835 834 834 836 836 837 837 836 836 838 838 839 839 838 838 814 814 840 840 813 813 816 816 841 841 816 816 818 818 842 842 818 818 821 821 843 843 821 821 820 820 844 844 820 820 825 825 845 845 825 825 827 827 846 846 827 827 829 829 847 847 829 829 831 831 848 848 831 831 833 833 849 849 833 833 835 835 850 850 835 835 837 837 851 851 837 837 839 839 852 852 839 839 813 813 853 853 840 840 841 841 854 854 841 841 842 842 855 855 842 842 843 843 856 856 843 843 844 844 857 857 844 844 845 845 858 858 845 845 846 846 859 859 846 846 847 847 860 860 847 847 848 848 861 861 848 848 849 849 862 862 849 849 850 850 863 863 850 850 851 851 864 864 851 851 852 852 865 865 852 852 840 840 799 799 853 853 854 854 800 800 854 854 855 855 801 801 855 855 856 856 857 857 804 804 803 803 803 803 856 856 857 857 804 804 857 857 858 858 805 805 858 858 859 859 806 806 859 859 860 860 807 807 860 860 861 861 808 808 861 861 862 862 809 809 862 862 863 863 810 810 863 863 864 864 811 811 864 864 865 865 812 812 865 865 853 853 853 853 799 799 812 812 865 865 812 812 811 811 864 864 811 811 810 810 863 863 810 810 809 809 862 862 809 809 808 808 861 861 808 808 807 807 860 860 807 807 806 806 859 859 806 806 805 805 858 858 805 805 804 804 803 803 802 802 856 856 856 856 802 802 801 801 855 855 801 801 800 800 854 854 800 800 799 799 840 840 853 853 865 865 852 852 865 865 864 864 851 851 864 864 863 863 850 850 863 863 862 862 849 849 862 862 861 861 848 848 861 861 860 860 847 847 860 860 859 859 846 846 859 859 858 858 845 845 858 858 857 857 844 844 857 857 856 856 843 843 856 856 855 855 842 842 855 855 854 854 841 841 854 854 853 853 813 813 840 840 852 852 839 839 852 852 851 851 837 837 851 851 850 850 835 835 850 850 849 849 833 833 849 849 848 848 831 831 848 848 847 847 829 829 847 847 846 846 827 827 846 846 845 845 825 825 845 845 844 844 820 820 844 844 843 843 821 821 843 843 842 842 818 818 842 842 841 841 816 816 841 841 840 840 814 814 813 813 839 839 838 838 839 839 837 837 836 836 837 837 835 835 834 834 835 835 833 833 832 832 833 833 831 831 830 830 831 831 829 829 828 828 829 829 827 827 826 826 827 827 825 825 824 824 825 825 820 820 822 822 823 823 820 820 819 819 821 821 818 818 817 817 818 818 816 816 815 815 816 816 813 813 866 866 828 828 826 826 867 867 868 868 819 819 817 817 815 815 869 869 870 870 832 832 830 830 826 826 871 871 866 866 823 823 822 822 868 868 872 872 871 871 824 824 869 869 867 867 817 817 836 836 873 873 874 874 873 873 836 836 834 834 830 830 875 875 870 870 826 826 824 824 871 871 824 824 823 823 872 872 868 868 822 822 819 819 834 834 876 876 873 873 870 870 876 876 832 832 866 866 875 875 828 828 819 819 817 817 867 867 876 876 834 834 832 832 868 868 872 872 823 823 814 814 877 877 869 869 814 814 838 838 874 874 875 875 830 830 828 828 874 874 877 877 814 814 869 869 815 815 814 814 874 874 838 838 836 836 871 871 878 878 879 879 866 866 879 879 880 880 880 880 875 875 866 866 879 879 866 866 871 871 881 881 882 882 883 883 884 884 885 885 886 886 883 883 887 887 881 881 879 879 878 878 881 881 886 886 879 879 884 884 887 887 888 888 884 884 881 881 887 887 879 879 884 884 879 879 887 887 886 886 880 880 879 879 883 883 889 889 887 887 875 875 880 880 886 886 870 870 886 886 885 885 885 885 876 876 870 870 886 886 870 870 875 875 876 876 885 885 884 884 873 873 884 884 888 888 888 888 874 874 873 873 884 884 873 873 876 876 874 874 888 888 887 887 877 877 887 887 889 889 889 889 869 869 877 877 887 887 877 877 874 874 869 869 889 889 883 883 867 867 883 883 882 882 882 882 868 868 867 867 883 883 867 867 869 869 868 868 882 882 881 881 872 872 881 881 878 878 878 878 871 871 872 872 881 881 872 872 868 868 890 890 891 891 892 892 892 892 893 893 890 890 893 893 894 894 890 890 894 894 895 895 890 890 895 895 896 896 890 890 896 896 897 897 890 890 897 897 898 898 890 890 898 898 899 899 890 890 899 899 900 900 890 890 900 900 901 901 890 890 901 901 902 902 890 890 902 902 903 903 890 890 903 903 904 904 890 890 904 904 905 905 890 890 905 905 891 891 890 890 906 906 901 901 900 900 907 907 900 900 899 899 908 908 899 899 898 898 898 898 897 897 909 909 897 897 910 910 909 909 910 910 897 897 896 896 911 911 896 896 895 895 912 912 895 895 894 894 913 913 894 894 893 893 914 914 893 893 892 892 915 915 892 892 891 891 916 916 917 917 905 905 917 917 891 891 905 905 916 916 904 904 903 903 918 918 903 903 902 902 919 919 902 902 901 901 901 901 906 906 919 919 902 902 919 919 918 918 903 903 918 918 916 916 905 905 904 904 916 916 891 891 917 917 915 915 892 892 915 915 914 914 893 893 914 914 913 913 894 894 913 913 912 912 895 895 912 912 911 911 896 896 911 911 910 910 909 909 920 920 898 898 898 898 920 920 908 908 899 899 908 908 907 907 900 900 907 907 906 906 913 913 921 921 922 922 912 912 922 922 923 923 911 911 923 923 924 924 924 924 925 925 909 909 926 926 920 920 909 909 909 909 925 925 926 926 920 920 926 926 927 927 908 908 927 927 928 928 928 928 929 929 906 906 929 929 919 919 906 906 919 919 929 929 930 930 918 918 930 930 931 931 916 916 931 931 932 932 917 917 932 932 933 933 915 915 933 933 934 934 914 914 934 934 921 921 921 921 913 913 914 914 934 934 914 914 915 915 933 933 915 915 917 917 932 932 917 917 916 916 931 931 916 916 918 918 930 930 918 918 919 919 906 906 907 907 928 928 928 928 907 907 908 908 927 927 908 908 920 920 909 909 910 910 924 924 924 924 910 910 911 911 923 923 911 911 912 912 922 922 912 912 913 913 935 935 925 925 924 924 935 935 936 936 926 926 937 937 924 924 923 923 926 926 925 925 935 935 924 924 937 937 935 935 938 938 927 927 926 926 939 939 930 930 929 929 940 940 931 931 930 930 941 941 934 934 933 933 942 942 921 921 934 934 943 943 923 923 922 922 926 926 936 936 938 938 930 930 939 939 940 940 944 944 932 932 931 931 945 945 933 933 932 932 934 934 941 941 942 942 946 946 922 922 921 921 923 923 943 943 937 937 947 947 928 928 927 927 947 947 948 948 929 929 931 931 940 940 944 944 933 933 945 945 941 941 922 922 946 946 943 943 929 929 928 928 947 947 932 932 944 944 945 945 927 927 938 938 947 947 921 921 942 942 946 946 929 929 948 948 939 939 942 942 949 949 950 950 946 946 950 950 951 951 943 943 951 951 952 952 936 936 935 935 953 953 952 952 953 953 935 935 935 935 937 937 952 952 936 936 954 954 955 955 938 938 955 955 956 956 947 947 956 956 957 957 948 948 957 957 958 958 939 939 958 958 959 959 940 940 959 959 960 960 944 944 960 960 961 961 945 945 961 961 962 962 941 941 962 962 949 949 949 949 942 942 941 941 962 962 941 941 945 945 961 961 945 945 944 944 960 960 944 944 940 940 959 959 940 940 939 939 958 958 939 939 948 948 957 957 948 948 947 947 956 956 947 947 938 938 955 955 938 938 936 936 953 953 954 954 936 936 952 952 937 937 943 943 951 951 943 943 946 946 950 950 946 946 942 942 963 963 964 964 965 965 966 966 965 965 967 967 968 968 967 967 969 969 970 970 971 971 972 972 971 971 969 969 972 972 970 970 973 973 974 974 975 975 974 974 976 976 977 977 976 976 978 978 979 979 978 978 980 980 981 981 980 980 982 982 983 983 982 982 984 984 985 985 984 984 986 986 987 987 986 986 988 988 989 989 988 988 964 964 990 990 963 963 966 966 991 991 966 966 968 968 992 992 968 968 971 971 993 993 971 971 970 970 994 994 970 970 975 975 995 995 975 975 977 977 996 996 977 977 979 979 997 997 979 979 981 981 998 998 981 981 983 983 999 999 983 983 985 985 1000 1000 985 985 987 987 1001 1001 987 987 989 989 1002 1002 989 989 963 963 1003 1003 990 990 991 991 1004 1004 991 991 992 992 1005 1005 992 992 993 993 1006 1006 993 993 994 994 1007 1007 994 994 995 995 1008 1008 995 995 996 996 1009 1009 996 996 997 997 1010 1010 997 997 998 998 1011 1011 998 998 999 999 1012 1012 999 999 1000 1000 1013 1013 1000 1000 1001 1001 1014 1014 1001 1001 1002 1002 1015 1015 1002 1002 990 990 949 949 1003 1003 1004 1004 950 950 1004 1004 1005 1005 951 951 1005 1005 1006 1006 1007 1007 954 954 953 953 953 953 1006 1006 1007 1007 954 954 1007 1007 1008 1008 955 955 1008 1008 1009 1009 956 956 1009 1009 1010 1010 957 957 1010 1010 1011 1011 958 958 1011 1011 1012 1012 959 959 1012 1012 1013 1013 960 960 1013 1013 1014 1014 961 961 1014 1014 1015 1015 962 962 1015 1015 1003 1003 1003 1003 949 949 962 962 1015 1015 962 962 961 961 1014 1014 961 961 960 960 1013 1013 960 960 959 959 1012 1012 959 959 958 958 1011 1011 958 958 957 957 1010 1010 957 957 956 956 1009 1009 956 956 955 955 1008 1008 955 955 954 954 953 953 952 952 1006 1006 1006 1006 952 952 951 951 1005 1005 951 951 950 950 1004 1004 950 950 949 949 990 990 1003 1003 1015 1015 1002 1002 1015 1015 1014 1014 1001 1001 1014 1014 1013 1013 1000 1000 1013 1013 1012 1012 999 999 1012 1012 1011 1011 998 998 1011 1011 1010 1010 997 997 1010 1010 1009 1009 996 996 1009 1009 1008 1008 995 995 1008 1008 1007 1007 994 994 1007 1007 1006 1006 993 993 1006 1006 1005 1005 992 992 1005 1005 1004 1004 991 991 1004 1004 1003 1003 963 963 990 990 1002 1002 989 989 1002 1002 1001 1001 987 987 1001 1001 1000 1000 985 985 1000 1000 999 999 983 983 999 999 998 998 981 981 998 998 997 997 979 979 997 997 996 996 977 977 996 996 995 995 975 975 995 995 994 994 970 970 994 994 993 993 971 971 993 993 992 992 968 968 992 992 991 991 966 966 991 991 990 990 964 964 963 963 989 989 988 988 989 989 987 987 986 986 987 987 985 985 984 984 985 985 983 983 982 982 983 983 981 981 980 980 981 981 979 979 978 978 979 979 977 977 976 976 977 977 975 975 974 974 975 975 970 970 972 972 973 973 970 970 969 969 971 971 968 968 967 967 968 968 966 966 965 965 966 966 963 963 1016 1016 978 978 976 976 1017 1017 1018 1018 969 969 967 967 965 965 1019 1019 1020 1020 982 982 980 980 976 976 1021 1021 1016 1016 973 973 972 972 1018 1018 1022 1022 1021 1021 974 974 1019 1019 1017 1017 967 967 986 986 1023 1023 1024 1024 1023 1023 986 986 984 984 980 980 1025 1025 1020 1020 976 976 974 974 1021 1021 974 974 973 973 1022 1022 1018 1018 972 972 969 969 984 984 1026 1026 1023 1023 1020 1020 1026 1026 982 982 1016 1016 1025 1025 978 978 969 969 967 967 1017 1017 1026 1026 984 984 982 982 1018 1018 1022 1022 973 973 964 964 1027 1027 1019 1019 964 964 988 988 1024 1024 1025 1025 980 980 978 978 1024 1024 1027 1027 964 964 1019 1019 965 965 964 964 1024 1024 988 988 986 986 1021 1021 1028 1028 1029 1029 1016 1016 1029 1029 1030 1030 1030 1030 1025 1025 1016 1016 1029 1029 1016 1016 1021 1021 1031 1031 1032 1032 1033 1033 1034 1034 1035 1035 1036 1036 1033 1033 1037 1037 1031 1031 1029 1029 1028 1028 1031 1031 1036 1036 1029 1029 1034 1034 1037 1037 1038 1038 1034 1034 1031 1031 1037 1037 1029 1029 1034 1034 1029 1029 1037 1037 1036 1036 1030 1030 1029 1029 1033 1033 1039 1039 1037 1037 1025 1025 1030 1030 1036 1036 1020 1020 1036 1036 1035 1035 1035 1035 1026 1026 1020 1020 1036 1036 1020 1020 1025 1025 1026 1026 1035 1035 1034 1034 1023 1023 1034 1034 1038 1038 1038 1038 1024 1024 1023 1023 1034 1034 1023 1023 1026 1026 1024 1024 1038 1038 1037 1037 1027 1027 1037 1037 1039 1039 1039 1039 1019 1019 1027 1027 1037 1037 1027 1027 1024 1024 1019 1019 1039 1039 1033 1033 1017 1017 1033 1033 1032 1032 1032 1032 1018 1018 1017 1017 1033 1033 1017 1017 1019 1019 1018 1018 1032 1032 1031 1031 1022 1022 1031 1031 1028 1028 1028 1028 1021 1021 1022 1022 1031 1031 1022 1022 1018 1018 1040 1040 1041 1041 1042 1042 1043 1043 1044 1044 1045 1045 1040 1040 1046 1046 1041 1041 1043 1043 1047 1047 1044 1044 1047 1047 1048 1048 1049 1049 1047 1047 1043 1043 1050 1050 1045 1045 1040 1040 1043 1043 1050 1050 1048 1048 1047 1047 1049 1049 1051 1051 1047 1047 1042 1042 1043 1043 1040 1040 1052 1052 1049 1049 1053 1053 1053 1053 1054 1054 1052 1052 1052 1052 1051 1051 1049 1049 1044 1044 1047 1047 1055 1055 1045 1045 1044 1044 1056 1056 1040 1040 1045 1045 1057 1057 1046 1046 1040 1040 1058 1058 1041 1041 1046 1046 1059 1059 1042 1042 1041 1041 1060 1060 1043 1043 1042 1042 1061 1061 1043 1043 1062 1062 1063 1063 1063 1063 1050 1050 1043 1043 1048 1048 1050 1050 1064 1064 1055 1055 1051 1051 1052 1052 1055 1055 1047 1047 1051 1051 1065 1065 1052 1052 1054 1054 1066 1066 1067 1067 1054 1054 1068 1068 1066 1066 1053 1053 1053 1053 1049 1049 1068 1068 1049 1049 1048 1048 1068 1068 1054 1054 1053 1053 1066 1066 1054 1054 1067 1067 1065 1065 1052 1052 1065 1065 1055 1055 1064 1064 1068 1068 1048 1048 1063 1063 1064 1064 1050 1050 1061 1061 1062 1062 1043 1043 1060 1060 1061 1061 1042 1042 1059 1059 1060 1060 1041 1041 1058 1058 1059 1059 1046 1046 1057 1057 1058 1058 1040 1040 1056 1056 1057 1057 1045 1045 1055 1055 1056 1056 1044 1044 1069 1069 1070 1070 1071 1071 1069 1069 1072 1072 1070 1070 1069 1069 1073 1073 1072 1072 1055 1055 1074 1074 1075 1075 1076 1076 1077 1077 1067 1067 1071 1071 1066 1066 1069 1069 1055 1055 1078 1078 1074 1074 1065 1065 1077 1077 1079 1079 1077 1077 1065 1065 1067 1067 1071 1071 1080 1080 1066 1066 1073 1073 1069 1069 1081 1081 1075 1075 1056 1056 1055 1055 1082 1082 1083 1083 1064 1064 1084 1084 1078 1078 1085 1085 1067 1067 1066 1066 1076 1076 1081 1081 1086 1086 1073 1073 1078 1078 1055 1055 1065 1065 1075 1075 1087 1087 1056 1056 1088 1088 1089 1089 1090 1090 1091 1091 1082 1082 1062 1062 1061 1061 1092 1092 1093 1093 1064 1064 1063 1063 1082 1082 1088 1088 1094 1094 1084 1084 1088 1088 1095 1095 1096 1096 1080 1080 1076 1076 1066 1066 1087 1087 1097 1097 1056 1056 1081 1081 1090 1090 1098 1098 1090 1090 1099 1099 1088 1088 1100 1100 1101 1101 1102 1102 1100 1100 1103 1103 1104 1104 1105 1105 1106 1106 1107 1107 1106 1106 1057 1057 1056 1056 1093 1093 1091 1091 1061 1061 1083 1083 1068 1068 1064 1064 1066 1066 1108 1108 1109 1109 1066 1066 1068 1068 1083 1083 1096 1096 1094 1094 1088 1088 1095 1095 1110 1110 1111 1111 1110 1110 1112 1112 1113 1113 1065 1065 1085 1085 1078 1078 1098 1098 1114 1114 1081 1081 1099 1099 1095 1095 1088 1088 1104 1104 1101 1101 1100 1100 1056 1056 1107 1107 1106 1106 1061 1061 1060 1060 1115 1115 1063 1063 1062 1062 1082 1082 1083 1083 1108 1108 1066 1066 1111 1111 1096 1096 1095 1095 1110 1110 1095 1095 1112 1112 1079 1079 1085 1085 1065 1065 1089 1089 1098 1098 1090 1090 1104 1104 1103 1103 1116 1116 1107 1107 1100 1100 1105 1105 1106 1106 1115 1115 1059 1059 1115 1115 1092 1092 1061 1061 1109 1109 1069 1069 1066 1066 1113 1113 1116 1116 1110 1110 1114 1114 1086 1086 1081 1081 1102 1102 1105 1105 1100 1100 1059 1059 1058 1058 1106 1106 1062 1062 1061 1061 1091 1091 1097 1097 1107 1107 1056 1056 1058 1058 1057 1057 1106 1106 1085 1085 1088 1088 1084 1084 1060 1060 1059 1059 1115 1115 1116 1116 1113 1113 1104 1104 1083 1083 1117 1117 1118 1118 1118 1118 1108 1108 1083 1083 1109 1109 1119 1119 1120 1120 1109 1109 1108 1108 1121 1121 1108 1108 1122 1122 1121 1121 1121 1121 1119 1119 1109 1109 1069 1069 1123 1123 1124 1124 1069 1069 1109 1109 1125 1125 1125 1125 1123 1123 1069 1069 1081 1081 1069 1069 1126 1126 1126 1126 1127 1127 1081 1081 1127 1127 1128 1128 1081 1081 1124 1124 1126 1126 1069 1069 1120 1120 1125 1125 1109 1109 1118 1118 1122 1122 1108 1108 1129 1129 1117 1117 1083 1083 1083 1083 1082 1082 1129 1129 1115 1115 1130 1130 1131 1131 1092 1092 1132 1132 1133 1133 1092 1092 1131 1131 1134 1134 1134 1134 1132 1132 1092 1092 1093 1093 1135 1135 1136 1136 1093 1093 1133 1133 1135 1135 1091 1091 1136 1136 1129 1129 1129 1129 1082 1082 1091 1091 1136 1136 1091 1091 1093 1093 1133 1133 1093 1093 1092 1092 1131 1131 1092 1092 1115 1115 1129 1129 1137 1137 1138 1138 1139 1139 1140 1140 1138 1138 1138 1138 1137 1137 1139 1139 1140 1140 1139 1139 1141 1141 1141 1141 1142 1142 1140 1140 1141 1141 1143 1143 1142 1142 1138 1138 1117 1117 1129 1129 1144 1144 1145 1145 1146 1146 1145 1145 1147 1147 1146 1146 1140 1140 1142 1142 1148 1148 1148 1148 1149 1149 1140 1140 1125 1125 1150 1150 1151 1151 1151 1151 1123 1123 1125 1125 1138 1138 1152 1152 1118 1118 1152 1152 1122 1122 1118 1118 1152 1152 1121 1121 1122 1122 1153 1153 1145 1145 1154 1154 1145 1145 1144 1144 1155 1155 1155 1155 1154 1154 1145 1145 1145 1145 1153 1153 1156 1156 1153 1153 1157 1157 1156 1156 1149 1149 1158 1158 1144 1144 1158 1158 1148 1148 1159 1159 1159 1159 1144 1144 1158 1158 1152 1152 1138 1138 1140 1140 1121 1121 1152 1152 1150 1150 1152 1152 1149 1149 1160 1160 1161 1161 1127 1127 1126 1126 1126 1126 1162 1162 1161 1161 1150 1150 1160 1160 1146 1146 1162 1162 1124 1124 1123 1123 1151 1151 1146 1146 1147 1147 1162 1162 1147 1147 1156 1156 1127 1127 1161 1161 1163 1163 1161 1161 1156 1156 1157 1157 1157 1157 1163 1163 1161 1161 1163 1163 1128 1128 1127 1127 1156 1156 1161 1161 1162 1162 1147 1147 1162 1162 1151 1151 1123 1123 1151 1151 1162 1162 1146 1146 1151 1151 1150 1150 1126 1126 1124 1124 1162 1162 1160 1160 1150 1150 1152 1152 1150 1150 1120 1120 1121 1121 1120 1120 1119 1119 1121 1121 1140 1140 1149 1149 1152 1152 1159 1159 1155 1155 1144 1144 1144 1144 1160 1160 1149 1149 1156 1156 1147 1147 1145 1145 1154 1154 1164 1164 1153 1153 1118 1118 1117 1117 1138 1138 1125 1125 1120 1120 1150 1150 1148 1148 1158 1158 1149 1149 1146 1146 1160 1160 1144 1144 1153 1153 1164 1164 1165 1165 1157 1157 1153 1153 1166 1166 1163 1163 1157 1157 1167 1167 1128 1128 1163 1163 1168 1168 1168 1168 1169 1169 1128 1128 1167 1167 1168 1168 1163 1163 1166 1166 1167 1167 1157 1157 1165 1165 1166 1166 1153 1153 1170 1170 1171 1171 1172 1172 1173 1173 1174 1174 1175 1175 1176 1176 1135 1135 1133 1133 1133 1133 1177 1177 1176 1176 1178 1178 1179 1179 1131 1131 1179 1179 1134 1134 1131 1131 1172 1172 1180 1180 1181 1181 1170 1170 1182 1182 1141 1141 1141 1141 1182 1182 1183 1183 1182 1182 1181 1181 1183 1183 1184 1184 1180 1180 1185 1185 1185 1185 1175 1175 1184 1184 1173 1173 1185 1185 1172 1172 1186 1186 1187 1187 1188 1188 1179 1179 1189 1189 1132 1132 1189 1189 1133 1133 1132 1132 1179 1179 1178 1178 1187 1187 1189 1189 1179 1179 1186 1186 1177 1177 1186 1186 1190 1190 1190 1190 1188 1188 1174 1174 1191 1191 1190 1190 1173 1173 1137 1137 1129 1129 1136 1136 1171 1171 1170 1170 1176 1176 1170 1170 1192 1192 1176 1176 1176 1176 1177 1177 1191 1191 1135 1135 1176 1176 1192 1192 1192 1192 1170 1170 1139 1139 1139 1139 1137 1137 1192 1192 1192 1192 1136 1136 1135 1135 1176 1176 1191 1191 1171 1171 1136 1136 1192 1192 1137 1137 1173 1173 1171 1171 1191 1191 1174 1174 1173 1173 1190 1190 1190 1190 1191 1191 1177 1177 1186 1186 1177 1177 1189 1189 1187 1187 1186 1186 1179 1179 1132 1132 1134 1134 1179 1179 1188 1188 1190 1190 1186 1186 1172 1172 1171 1171 1173 1173 1180 1180 1172 1172 1185 1185 1183 1183 1143 1143 1141 1141 1141 1141 1139 1139 1170 1170 1181 1181 1182 1182 1172 1172 1131 1131 1130 1130 1178 1178 1133 1133 1189 1189 1177 1177 1175 1175 1185 1185 1173 1173 1172 1172 1182 1182 1170 1170 1175 1175 1193 1193 1194 1194 1174 1174 1195 1195 1193 1193 1195 1195 1174 1174 1188 1188 1188 1188 1196 1196 1195 1195 1196 1196 1187 1187 1178 1178 1178 1178 1197 1197 1196 1196 1178 1178 1130 1130 1197 1197 1188 1188 1187 1187 1196 1196 1193 1193 1175 1175 1174 1174 1194 1194 1184 1184 1175 1175 1095 1095 1099 1099 1198 1198 1099 1099 1090 1090 1199 1199 1199 1199 1200 1200 1099 1099 1200 1200 1198 1198 1099 1099 1198 1198 1201 1201 1095 1095 1112 1112 1202 1202 1203 1203 1112 1112 1095 1095 1201 1201 1201 1201 1202 1202 1112 1112 1112 1112 1204 1204 1205 1205 1112 1112 1206 1206 1207 1207 1207 1207 1204 1204 1112 1112 1205 1205 1113 1113 1112 1112 1203 1203 1206 1206 1112 1112 1102 1102 1208 1208 1209 1209 1105 1105 1210 1210 1211 1211 1105 1105 1209 1209 1210 1210 1211 1211 1106 1106 1105 1105 1209 1209 1105 1105 1102 1102 1101 1101 1212 1212 1213 1213 1101 1101 1104 1104 1214 1214 1214 1214 1212 1212 1101 1101 1101 1101 1215 1215 1208 1208 1101 1101 1216 1216 1217 1217 1217 1217 1215 1215 1101 1101 1208 1208 1102 1102 1101 1101 1213 1213 1216 1216 1101 1101 1218 1218 1219 1219 1220 1220 1218 1218 1221 1221 1219 1219 1222 1222 1223 1223 1221 1221 1222 1222 1224 1224 1223 1223 1225 1225 1224 1224 1222 1222 1200 1200 1225 1225 1226 1226 1218 1218 1227 1227 1228 1228 1228 1228 1229 1229 1218 1218 1222 1222 1218 1218 1230 1230 1230 1230 1231 1231 1222 1222 1222 1222 1232 1232 1203 1203 1232 1232 1206 1206 1203 1203 1226 1226 1202 1202 1201 1201 1226 1226 1203 1203 1202 1202 1201 1201 1198 1198 1226 1226 1203 1203 1226 1226 1222 1222 1231 1231 1232 1232 1222 1222 1229 1229 1230 1230 1218 1218 1226 1226 1198 1198 1200 1200 1222 1222 1226 1226 1225 1225 1221 1221 1218 1218 1222 1222 1220 1220 1227 1227 1218 1218 1233 1233 1231 1231 1230 1230 1233 1233 1232 1232 1231 1231 1234 1234 1229 1229 1228 1228 1234 1234 1230 1230 1229 1229 1235 1235 1236 1236 1205 1205 1205 1205 1204 1204 1235 1235 1233 1233 1235 1235 1207 1207 1207 1207 1232 1232 1233 1233 1207 1207 1206 1206 1232 1232 1204 1204 1207 1207 1235 1235 1228 1228 1237 1237 1234 1234 1230 1230 1234 1234 1233 1233 1238 1238 1239 1239 1221 1221 1239 1239 1219 1219 1221 1221 1224 1224 1225 1225 1240 1240 1238 1238 1223 1223 1224 1224 1241 1241 1238 1238 1240 1240 1242 1242 1239 1239 1238 1238 1242 1242 1243 1243 1244 1244 1239 1239 1244 1244 1220 1220 1220 1220 1219 1219 1239 1239 1244 1244 1239 1239 1242 1242 1238 1238 1241 1241 1242 1242 1240 1240 1245 1245 1241 1241 1245 1245 1240 1240 1200 1200 1200 1200 1240 1240 1225 1225 1240 1240 1238 1238 1224 1224 1221 1221 1223 1223 1238 1238 1246 1246 1237 1237 1228 1228 1228 1228 1227 1227 1246 1246 1227 1227 1220 1220 1246 1246 1234 1234 1237 1237 1247 1247 1248 1248 1247 1247 1249 1249 1233 1233 1234 1234 1248 1248 1250 1250 1248 1248 1251 1251 1235 1235 1233 1233 1250 1250 1252 1252 1250 1250 1253 1253 1236 1236 1252 1252 1254 1254 1236 1236 1235 1235 1252 1252 1253 1253 1254 1254 1252 1252 1250 1250 1252 1252 1235 1235 1251 1251 1253 1253 1250 1250 1248 1248 1250 1250 1233 1233 1249 1249 1251 1251 1248 1248 1247 1247 1248 1248 1234 1234 1104 1104 1255 1255 1256 1256 1113 1113 1205 1205 1236 1236 1104 1104 1257 1257 1255 1255 1104 1104 1113 1113 1258 1258 1236 1236 1259 1259 1113 1113 1258 1258 1257 1257 1104 1104 1259 1259 1260 1260 1113 1113 1260 1260 1258 1258 1113 1113 1256 1256 1214 1214 1104 1104 1249 1249 1261 1261 1262 1262 1251 1251 1262 1262 1263 1263 1253 1253 1263 1263 1264 1264 1254 1254 1264 1264 1259 1259 1259 1259 1236 1236 1254 1254 1264 1264 1254 1254 1253 1253 1263 1263 1253 1253 1251 1251 1262 1262 1251 1251 1249 1249 1265 1265 1249 1249 1247 1247 1237 1237 1246 1246 1266 1266 1266 1266 1247 1247 1237 1237 1247 1247 1266 1266 1265 1265 1243 1243 1267 1267 1268 1268 1244 1244 1268 1268 1246 1246 1246 1246 1220 1220 1244 1244 1268 1268 1244 1244 1243 1243 1269 1269 1270 1270 1243 1243 1271 1271 1269 1269 1242 1242 1272 1272 1271 1271 1241 1241 1245 1245 1200 1200 1199 1199 1199 1199 1272 1272 1245 1245 1241 1241 1245 1245 1272 1272 1242 1242 1241 1241 1271 1271 1243 1243 1242 1242 1269 1269 1273 1273 1274 1274 1270 1270 1275 1275 1273 1273 1269 1269 1276 1276 1275 1275 1271 1271 1277 1277 1276 1276 1272 1272 1272 1272 1199 1199 1277 1277 1271 1271 1272 1272 1276 1276 1269 1269 1271 1271 1275 1275 1270 1270 1269 1269 1273 1273 1262 1262 1261 1261 1278 1278 1279 1279 1278 1278 1280 1280 1281 1281 1280 1280 1282 1282 1283 1283 1282 1282 1284 1284 1263 1263 1262 1262 1279 1279 1285 1285 1279 1279 1281 1281 1286 1286 1281 1281 1283 1283 1287 1287 1283 1283 1288 1288 1264 1264 1263 1263 1285 1285 1289 1289 1285 1285 1286 1286 1290 1290 1286 1286 1287 1287 1291 1291 1287 1287 1292 1292 1259 1259 1264 1264 1289 1289 1260 1260 1289 1289 1290 1290 1258 1258 1290 1290 1291 1291 1257 1257 1291 1291 1293 1293 1293 1293 1255 1255 1257 1257 1291 1291 1257 1257 1258 1258 1290 1290 1258 1258 1260 1260 1289 1289 1260 1260 1259 1259 1292 1292 1293 1293 1291 1291 1287 1287 1291 1291 1290 1290 1286 1286 1290 1290 1289 1289 1285 1285 1289 1289 1264 1264 1288 1288 1292 1292 1287 1287 1283 1283 1287 1287 1286 1286 1281 1281 1286 1286 1285 1285 1279 1279 1285 1285 1263 1263 1284 1284 1288 1288 1283 1283 1282 1282 1283 1283 1281 1281 1280 1280 1281 1281 1279 1279 1278 1278 1279 1279 1262 1262 1261 1261 1249 1249 1265 1265 1265 1265 1294 1294 1261 1261 1246 1246 1268 1268 1295 1295 1296 1296 1295 1295 1268 1268 1268 1268 1267 1267 1296 1296 1295 1295 1266 1266 1246 1246 1265 1265 1295 1295 1296 1296 1265 1265 1266 1266 1295 1295 1296 1296 1297 1297 1298 1298 1298 1298 1265 1265 1296 1296 1299 1299 1297 1297 1296 1296 1296 1296 1267 1267 1299 1299 1298 1298 1294 1294 1265 1265 1300 1300 1301 1301 1302 1302 1303 1303 1304 1304 1305 1305 1305 1305 1300 1300 1303 1303 1304 1304 1306 1306 1305 1305 1307 1307 1308 1308 1309 1309 1299 1299 1310 1310 1303 1303 1303 1303 1310 1310 1311 1311 1311 1311 1312 1312 1304 1304 1311 1311 1304 1304 1303 1303 1313 1313 1304 1304 1312 1312 1307 1307 1313 1313 1314 1314 1313 1313 1315 1315 1314 1314 1314 1314 1316 1316 1307 1307 1297 1297 1303 1303 1302 1302 1302 1302 1317 1317 1318 1318 1302 1302 1301 1301 1317 1317 1318 1318 1298 1298 1302 1302 1304 1304 1313 1313 1319 1319 1319 1319 1313 1313 1309 1309 1309 1309 1320 1320 1319 1319 1308 1308 1321 1321 1322 1322 1322 1322 1309 1309 1308 1308 1322 1322 1320 1320 1309 1309 1319 1319 1306 1306 1304 1304 1318 1318 1294 1294 1298 1298 1302 1302 1298 1298 1297 1297 1312 1312 1315 1315 1313 1313 1303 1303 1297 1297 1299 1299 1309 1309 1313 1313 1307 1307 1302 1302 1303 1303 1300 1300 1280 1280 1300 1300 1305 1305 1280 1280 1301 1301 1300 1300 1280 1280 1278 1278 1317 1317 1317 1317 1301 1301 1280 1280 1280 1280 1320 1320 1322 1322 1280 1280 1306 1306 1319 1319 1319 1319 1320 1320 1280 1280 1282 1282 1322 1322 1321 1321 1278 1278 1261 1261 1294 1294 1294 1294 1318 1318 1278 1278 1318 1318 1317 1317 1278 1278 1321 1321 1284 1284 1282 1282 1322 1322 1282 1282 1280 1280 1305 1305 1306 1306 1280 1280 1284 1284 1321 1321 1323 1323 1323 1323 1324 1324 1284 1284 1325 1325 1323 1323 1308 1308 1323 1323 1321 1321 1308 1308 1316 1316 1326 1326 1325 1325 1325 1325 1307 1307 1316 1316 1308 1308 1307 1307 1325 1325 1284 1284 1324 1324 1327 1327 1288 1288 1327 1327 1328 1328 1292 1292 1328 1328 1329 1329 1293 1293 1329 1329 1256 1256 1256 1256 1255 1255 1293 1293 1329 1329 1293 1293 1292 1292 1328 1328 1292 1292 1288 1288 1327 1327 1288 1288 1284 1284 1327 1327 1324 1324 1330 1330 1331 1331 1330 1330 1332 1332 1328 1328 1327 1327 1331 1331 1333 1333 1331 1331 1334 1334 1329 1329 1328 1328 1333 1333 1335 1335 1333 1333 1336 1336 1256 1256 1335 1335 1337 1337 1256 1256 1329 1329 1335 1335 1336 1336 1337 1337 1335 1335 1333 1333 1335 1335 1329 1329 1334 1334 1336 1336 1333 1333 1331 1331 1333 1333 1328 1328 1332 1332 1334 1334 1331 1331 1330 1330 1331 1331 1327 1327 1334 1334 1332 1332 1338 1338 1338 1338 1339 1339 1334 1334 1336 1336 1334 1334 1340 1340 1340 1340 1341 1341 1336 1336 1336 1336 1342 1342 1213 1213 1342 1342 1216 1216 1213 1213 1337 1337 1212 1212 1214 1214 1337 1337 1213 1213 1212 1212 1214 1214 1256 1256 1337 1337 1213 1213 1337 1337 1336 1336 1341 1341 1342 1342 1336 1336 1339 1339 1340 1340 1334 1334 1323 1323 1343 1343 1330 1330 1332 1332 1330 1330 1343 1343 1343 1343 1344 1344 1332 1332 1330 1330 1324 1324 1323 1323 1345 1345 1346 1346 1347 1347 1347 1347 1348 1348 1345 1345 1349 1349 1345 1345 1350 1350 1350 1350 1351 1351 1349 1349 1352 1352 1349 1349 1353 1353 1209 1209 1352 1352 1354 1354 1349 1349 1341 1341 1340 1340 1349 1349 1342 1342 1341 1341 1345 1345 1339 1339 1338 1338 1345 1345 1340 1340 1339 1339 1352 1352 1209 1209 1208 1208 1208 1208 1215 1215 1352 1352 1349 1349 1352 1352 1217 1217 1217 1217 1342 1342 1349 1349 1217 1217 1216 1216 1342 1342 1215 1215 1217 1217 1352 1352 1338 1338 1346 1346 1345 1345 1340 1340 1345 1345 1349 1349 1354 1354 1210 1210 1209 1209 1353 1353 1354 1354 1352 1352 1351 1351 1353 1353 1349 1349 1348 1348 1350 1350 1345 1345 1344 1344 1346 1346 1338 1338 1344 1344 1347 1347 1346 1346 1338 1338 1332 1332 1344 1344 1326 1326 1355 1355 1356 1356 1357 1357 1356 1356 1347 1347 1347 1347 1344 1344 1357 1357 1356 1356 1357 1357 1326 1326 1325 1325 1326 1326 1357 1357 1344 1344 1343 1343 1358 1358 1358 1358 1357 1357 1344 1344 1357 1357 1358 1358 1325 1325 1323 1323 1358 1358 1343 1343 1323 1323 1325 1325 1358 1358 1359 1359 1360 1360 1361 1361 1360 1360 1362 1362 1363 1363 1353 1353 1361 1361 1363 1363 1363 1363 1354 1354 1353 1353 1361 1361 1351 1351 1350 1350 1350 1350 1364 1364 1361 1361 1364 1364 1348 1348 1347 1347 1359 1359 1364 1364 1356 1356 1356 1356 1355 1355 1359 1359 1347 1347 1356 1356 1364 1364 1350 1350 1348 1348 1364 1364 1353 1353 1351 1351 1361 1361 1354 1354 1363 1363 1210 1210 1210 1210 1363 1363 1362 1362 1363 1363 1361 1361 1360 1360 1361 1361 1364 1364 1359 1359 1365 1365 1359 1359 1355 1355 1366 1366 1360 1360 1359 1359 1367 1367 1362 1362 1360 1360 1362 1362 1367 1367 1211 1211 1211 1211 1210 1210 1362 1362 1360 1360 1366 1366 1367 1367 1359 1359 1365 1365 1366 1366 1355 1355 1368 1368 1365 1365 1368 1368 1355 1355 1326 1326 1316 1316 1369 1369 1368 1368 1270 1270 1299 1299 1267 1267 1326 1326 1316 1316 1368 1368 1267 1267 1243 1243 1270 1270 1316 1316 1314 1314 1369 1369 1274 1274 1310 1310 1299 1299 1274 1274 1369 1369 1312 1312 1314 1314 1315 1315 1369 1369 1274 1274 1311 1311 1310 1310 1315 1315 1312 1312 1369 1369 1312 1312 1311 1311 1274 1274 1270 1270 1274 1274 1299 1299 1370 1370 1371 1371 1372 1372 1373 1373 1374 1374 1371 1371 1375 1375 1376 1376 1374 1374 1377 1377 1378 1378 1376 1376 1379 1379 1370 1370 1380 1380 1381 1381 1373 1373 1370 1370 1382 1382 1375 1375 1373 1373 1383 1383 1377 1377 1375 1375 1384 1384 1379 1379 1385 1385 1385 1385 1386 1386 1384 1384 1387 1387 1381 1381 1379 1379 1388 1388 1382 1382 1381 1381 1389 1389 1383 1383 1382 1382 1273 1273 1384 1384 1390 1390 1275 1275 1387 1387 1384 1384 1276 1276 1388 1388 1387 1387 1277 1277 1389 1389 1388 1388 1388 1388 1276 1276 1277 1277 1387 1387 1275 1275 1276 1276 1384 1384 1273 1273 1275 1275 1390 1390 1274 1274 1273 1273 1382 1382 1388 1388 1389 1389 1381 1381 1387 1387 1388 1388 1379 1379 1384 1384 1387 1387 1386 1386 1390 1390 1384 1384 1375 1375 1382 1382 1383 1383 1373 1373 1381 1381 1382 1382 1370 1370 1379 1379 1381 1381 1380 1380 1385 1385 1379 1379 1376 1376 1375 1375 1377 1377 1374 1374 1373 1373 1375 1375 1371 1371 1370 1370 1373 1373 1372 1372 1380 1380 1370 1370 1090 1090 1389 1389 1277 1277 1090 1090 1081 1081 1377 1377 1377 1377 1383 1383 1090 1090 1081 1081 1128 1128 1169 1169 1169 1169 1391 1391 1081 1081 1391 1391 1378 1378 1081 1081 1378 1378 1377 1377 1081 1081 1383 1383 1389 1389 1090 1090 1277 1277 1199 1199 1090 1090 1392 1392 1365 1365 1368 1368 1393 1393 1366 1366 1365 1365 1394 1394 1367 1367 1366 1366 1395 1395 1211 1211 1367 1367 1367 1367 1394 1394 1395 1395 1366 1366 1393 1393 1394 1394 1365 1365 1392 1392 1393 1393 1368 1368 1369 1369 1392 1392 1372 1372 1396 1396 1397 1397 1398 1398 1399 1399 1386 1386 1386 1386 1385 1385 1398 1398 1380 1380 1397 1397 1398 1398 1390 1390 1399 1399 1400 1400 1400 1400 1274 1274 1390 1390 1400 1400 1369 1369 1274 1274 1390 1390 1386 1386 1399 1399 1385 1385 1380 1380 1398 1398 1397 1397 1380 1380 1372 1372 1378 1378 1391 1391 1401 1401 1376 1376 1401 1401 1402 1402 1374 1374 1402 1402 1403 1403 1403 1403 1404 1404 1372 1372 1372 1372 1371 1371 1403 1403 1403 1403 1371 1371 1374 1374 1402 1402 1374 1374 1376 1376 1401 1401 1376 1376 1378 1378 1405 1405 1406 1406 1407 1407 1408 1408 1405 1405 1409 1409 1410 1410 1408 1408 1411 1411 1169 1169 1410 1410 1412 1412 1412 1412 1391 1391 1169 1169 1411 1411 1412 1412 1410 1410 1409 1409 1411 1411 1408 1408 1407 1407 1409 1409 1405 1405 1392 1392 1369 1369 1400 1400 1393 1393 1392 1392 1413 1413 1394 1394 1393 1393 1414 1414 1395 1395 1394 1394 1415 1415 1413 1413 1399 1399 1398 1398 1413 1413 1400 1400 1399 1399 1416 1416 1414 1414 1413 1413 1417 1417 1415 1415 1414 1414 1418 1418 1415 1415 1417 1417 1419 1419 1398 1398 1397 1397 1420 1420 1416 1416 1419 1419 1421 1421 1417 1417 1416 1416 1422 1422 1417 1417 1421 1421 1423 1423 1397 1397 1396 1396 1420 1420 1423 1423 1424 1424 1421 1421 1420 1420 1425 1425 1426 1426 1421 1421 1427 1427 1427 1427 1428 1428 1426 1426 1425 1425 1427 1427 1421 1421 1424 1424 1425 1425 1420 1420 1396 1396 1424 1424 1423 1423 1421 1421 1426 1426 1422 1422 1416 1416 1420 1420 1421 1421 1419 1419 1423 1423 1420 1420 1397 1397 1423 1423 1419 1419 1417 1417 1422 1422 1418 1418 1414 1414 1416 1416 1417 1417 1413 1413 1419 1419 1416 1416 1398 1398 1419 1419 1413 1413 1415 1415 1418 1418 1395 1395 1414 1414 1415 1415 1394 1394 1413 1413 1414 1414 1393 1393 1400 1400 1413 1413 1392 1392 1115 1115 1429 1429 1197 1197 1115 1115 1428 1428 1429 1429 1115 1115 1426 1426 1428 1428 1106 1106 1422 1422 1426 1426 1106 1106 1418 1418 1422 1422 1106 1106 1211 1211 1395 1395 1395 1395 1418 1418 1106 1106 1426 1426 1115 1115 1106 1106 1197 1197 1130 1130 1115 1115 1428 1428 1427 1427 1430 1430 1427 1427 1425 1425 1431 1431 1425 1425 1424 1424 1432 1432 1432 1432 1424 1424 1396 1396 1396 1396 1433 1433 1432 1432 1432 1432 1431 1431 1425 1425 1431 1431 1430 1430 1427 1427 1430 1430 1429 1429 1428 1428 1434 1434 1435 1435 1436 1436 1437 1437 1434 1434 1438 1438 1439 1439 1437 1437 1440 1440 1429 1429 1439 1439 1441 1441 1441 1441 1197 1197 1429 1429 1440 1440 1441 1441 1439 1439 1438 1438 1440 1440 1437 1437 1436 1436 1438 1438 1434 1434 1406 1406 1405 1405 1442 1442 1405 1405 1408 1408 1443 1443 1408 1408 1410 1410 1444 1444 1167 1167 1443 1443 1444 1444 1166 1166 1442 1442 1443 1443 1445 1445 1442 1442 1166 1166 1166 1166 1165 1165 1445 1445 1443 1443 1167 1167 1166 1166 1444 1444 1168 1168 1167 1167 1168 1168 1444 1444 1169 1169 1169 1169 1444 1444 1410 1410 1444 1444 1443 1443 1408 1408 1443 1443 1442 1442 1405 1405 1442 1442 1445 1445 1406 1406 1446 1446 1406 1406 1445 1445 1447 1447 1445 1445 1165 1165 1165 1165 1448 1448 1447 1447 1445 1445 1447 1447 1446 1446 1404 1404 1403 1403 1449 1449 1403 1403 1402 1402 1450 1450 1402 1402 1401 1401 1451 1451 1411 1411 1450 1450 1451 1451 1409 1409 1449 1449 1450 1450 1409 1409 1407 1407 1452 1452 1452 1452 1449 1449 1409 1409 1450 1450 1411 1411 1409 1409 1451 1451 1412 1412 1411 1411 1412 1412 1451 1451 1391 1391 1391 1391 1451 1451 1401 1401 1451 1451 1450 1450 1402 1402 1450 1450 1449 1449 1403 1403 1449 1449 1452 1452 1404 1404 1446 1446 1453 1453 1407 1407 1407 1407 1406 1406 1446 1446 1454 1454 1404 1404 1452 1452 1455 1455 1452 1452 1407 1407 1407 1407 1453 1453 1455 1455 1452 1452 1455 1455 1454 1454 1456 1456 1457 1457 1458 1458 1453 1453 1446 1446 1459 1459 1459 1459 1457 1457 1453 1453 1459 1459 1458 1458 1457 1457 1458 1458 1460 1460 1456 1456 1461 1461 1460 1460 1458 1458 1446 1446 1447 1447 1461 1461 1462 1462 1461 1461 1447 1447 1447 1447 1448 1448 1462 1462 1461 1461 1459 1459 1446 1446 1460 1460 1461 1461 1462 1462 1458 1458 1459 1459 1461 1461 1462 1462 1463 1463 1464 1464 1464 1464 1460 1460 1462 1462 1465 1465 1463 1463 1462 1462 1462 1462 1448 1448 1465 1465 1464 1464 1466 1466 1460 1460 1467 1467 1454 1454 1455 1455 1453 1453 1457 1457 1468 1468 1468 1468 1455 1455 1453 1453 1455 1455 1468 1468 1467 1467 1456 1456 1468 1468 1457 1457 1456 1456 1467 1467 1468 1468 1466 1466 1469 1469 1456 1456 1456 1456 1460 1460 1466 1466 1470 1470 1471 1471 1472 1472 1473 1473 1474 1474 1470 1470 1470 1470 1475 1475 1473 1473 1476 1476 1477 1477 1478 1478 1465 1465 1479 1479 1475 1475 1475 1475 1479 1479 1480 1480 1480 1480 1473 1473 1475 1475 1481 1481 1482 1482 1483 1483 1473 1473 1480 1480 1481 1481 1476 1476 1483 1483 1482 1482 1482 1482 1484 1484 1476 1476 1463 1463 1475 1475 1472 1472 1464 1464 1472 1472 1485 1485 1472 1472 1471 1471 1485 1485 1473 1473 1483 1483 1486 1486 1486 1486 1483 1483 1478 1478 1478 1478 1487 1487 1486 1486 1477 1477 1488 1488 1487 1487 1487 1487 1478 1478 1477 1477 1486 1486 1474 1474 1473 1473 1485 1485 1466 1466 1464 1464 1472 1472 1464 1464 1463 1463 1483 1483 1473 1473 1481 1481 1475 1475 1463 1463 1465 1465 1478 1478 1483 1483 1476 1476 1472 1472 1475 1475 1470 1470 1465 1465 1164 1164 1154 1154 1154 1154 1155 1155 1465 1465 1164 1164 1465 1465 1448 1448 1465 1465 1148 1148 1142 1142 1448 1448 1165 1165 1164 1164 1465 1465 1159 1159 1148 1148 1484 1484 1482 1482 1143 1143 1184 1184 1194 1194 1489 1489 1484 1484 1181 1181 1180 1180 1142 1142 1479 1479 1465 1465 1143 1143 1183 1183 1484 1484 1180 1180 1184 1184 1484 1484 1142 1142 1480 1480 1479 1479 1143 1143 1481 1481 1480 1480 1489 1489 1484 1484 1184 1184 1480 1480 1142 1142 1143 1143 1183 1183 1181 1181 1484 1484 1482 1482 1481 1481 1143 1143 1155 1155 1159 1159 1465 1465 1193 1193 1195 1195 1490 1490 1195 1195 1196 1196 1491 1491 1440 1440 1490 1490 1491 1491 1438 1438 1492 1492 1490 1490 1436 1436 1493 1493 1492 1492 1493 1493 1194 1194 1193 1193 1193 1193 1492 1492 1493 1493 1492 1492 1438 1438 1436 1436 1490 1490 1440 1440 1438 1438 1491 1491 1441 1441 1440 1440 1441 1441 1491 1491 1197 1197 1197 1197 1491 1491 1196 1196 1491 1491 1490 1490 1195 1195 1490 1490 1492 1492 1193 1193 1467 1467 1456 1456 1494 1494 1456 1456 1469 1469 1494 1494 1495 1495 1454 1454 1467 1467 1467 1467 1496 1496 1495 1495 1494 1494 1496 1496 1467 1467 1487 1487 1488 1488 1497 1497 1486 1486 1487 1487 1498 1498 1499 1499 1474 1474 1486 1486 1498 1498 1499 1499 1486 1486 1500 1500 1471 1471 1470 1470 1471 1471 1500 1500 1501 1501 1501 1501 1485 1485 1471 1471 1474 1474 1502 1502 1503 1503 1503 1503 1504 1504 1474 1474 1504 1504 1500 1500 1474 1474 1485 1485 1505 1505 1469 1469 1485 1485 1501 1501 1505 1505 1469 1469 1466 1466 1485 1485 1470 1470 1474 1474 1500 1500 1499 1499 1502 1502 1474 1474 1497 1497 1498 1498 1487 1487 1506 1506 1507 1507 1477 1477 1507 1507 1488 1488 1477 1477 1484 1484 1489 1489 1506 1506 1506 1506 1476 1476 1484 1484 1477 1477 1476 1476 1506 1506 1436 1436 1508 1508 1509 1509 1493 1493 1509 1509 1489 1489 1489 1489 1194 1194 1493 1493 1509 1509 1493 1493 1436 1436 1510 1510 1511 1511 1512 1512 1496 1496 1510 1510 1513 1513 1510 1510 1514 1514 1513 1513 1513 1513 1495 1495 1496 1496 1515 1515 1516 1516 1517 1517 1517 1517 1516 1516 1518 1518 1518 1518 1512 1512 1511 1511 1518 1518 1511 1511 1517 1517 1510 1510 1504 1504 1503 1503 1504 1504 1510 1510 1519 1519 1519 1519 1500 1500 1504 1504 1503 1503 1511 1511 1510 1510 1520 1520 1521 1521 1498 1498 1499 1499 1498 1498 1521 1521 1511 1511 1502 1502 1499 1499 1499 1499 1517 1517 1511 1511 1522 1522 1517 1517 1521 1521 1519 1519 1494 1494 1505 1505 1505 1505 1501 1501 1519 1519 1494 1494 1469 1469 1505 1505 1496 1496 1494 1494 1519 1519 1519 1519 1510 1510 1496 1496 1501 1501 1500 1500 1519 1519 1521 1521 1520 1520 1522 1522 1521 1521 1517 1517 1499 1499 1498 1498 1497 1497 1520 1520 1503 1503 1502 1502 1511 1511 1517 1517 1522 1522 1515 1515 1512 1512 1514 1514 1510 1510 1372 1372 1404 1404 1454 1454 1454 1454 1495 1495 1372 1372 1396 1396 1515 1515 1523 1523 1495 1495 1513 1513 1372 1372 1396 1396 1516 1516 1515 1515 1396 1396 1372 1372 1512 1512 1513 1513 1514 1514 1372 1372 1396 1396 1518 1518 1516 1516 1514 1514 1512 1512 1372 1372 1512 1512 1518 1518 1396 1396 1523 1523 1433 1433 1396 1396 1434 1434 1437 1437 1524 1524 1437 1437 1439 1439 1525 1525 1431 1431 1524 1524 1525 1525 1432 1432 1526 1526 1524 1524 1433 1433 1527 1527 1526 1526 1434 1434 1526 1526 1527 1527 1527 1527 1435 1435 1434 1434 1526 1526 1432 1432 1433 1433 1524 1524 1431 1431 1432 1432 1525 1525 1430 1430 1431 1431 1430 1430 1525 1525 1429 1429 1429 1429 1525 1525 1439 1439 1525 1525 1524 1524 1437 1437 1524 1524 1526 1526 1434 1434 1508 1508 1436 1436 1435 1435 1435 1435 1528 1528 1508 1508 1488 1488 1507 1507 1529 1529 1529 1529 1497 1497 1488 1488 1530 1530 1531 1531 1532 1532 1506 1506 1489 1489 1509 1509 1508 1508 1531 1531 1530 1530 1530 1530 1509 1509 1508 1508 1509 1509 1530 1530 1506 1506 1532 1532 1507 1507 1530 1530 1507 1507 1506 1506 1530 1530 1533 1533 1522 1522 1520 1520 1520 1520 1529 1529 1533 1533 1515 1515 1522 1522 1533 1533 1533 1533 1523 1523 1515 1515 1520 1520 1497 1497 1529 1529 1529 1529 1507 1507 1532 1532 1528 1528 1534 1534 1531 1531 1534 1534 1532 1532 1531 1531 1531 1531 1508 1508 1528 1528 1532 1532 1534 1534 1529 1529 1433 1433 1523 1523 1535 1535 1527 1527 1535 1535 1528 1528 1528 1528 1435 1435 1527 1527 1535 1535 1527 1527 1433 1433 1528 1528 1535 1535 1536 1536 1533 1533 1536 1536 1535 1535 1535 1535 1523 1523 1533 1533 1536 1536 1534 1534 1528 1528 1529 1529 1536 1536 1533 1533 1529 1529 1534 1534 1536 1536 1537 1537 1538 1538 1114 1114 1539 1539 1537 1537 1098 1098 1540 1540 1539 1539 1089 1089 1541 1541 1540 1540 1088 1088 1542 1542 1071 1071 1070 1070 1070 1070 1543 1543 1542 1542 1544 1544 1543 1543 1072 1072 1545 1545 1544 1544 1073 1073 1538 1538 1545 1545 1086 1086 1071 1071 1542 1542 1546 1546 1546 1546 1080 1080 1071 1071 1080 1080 1547 1547 1548 1548 1548 1548 1549 1549 1077 1077 1079 1079 1077 1077 1549 1549 1085 1085 1079 1079 1550 1550 1079 1079 1551 1551 1550 1550 1550 1550 1541 1541 1085 1085 1549 1549 1551 1551 1079 1079 1077 1077 1076 1076 1548 1548 1548 1548 1076 1076 1080 1080 1546 1546 1547 1547 1080 1080 1086 1086 1114 1114 1538 1538 1073 1073 1086 1086 1545 1545 1072 1072 1073 1073 1544 1544 1070 1070 1072 1072 1543 1543 1088 1088 1085 1085 1541 1541 1089 1089 1088 1088 1540 1540 1098 1098 1089 1089 1539 1539 1114 1114 1098 1098 1537 1537 1543 1543 1545 1545 1538 1538 1543 1543 1537 1537 1539 1539 1543 1543 1544 1544 1545 1545 1541 1541 1550 1550 1546 1546 1538 1538 1537 1537 1543 1543 1546 1546 1542 1542 1541 1541 1539 1539 1540 1540 1543 1543 1540 1540 1541 1541 1543 1543 1542 1542 1543 1543 1541 1541 1546 1546 1550 1550 1552 1552 1552 1552 1550 1550 1551 1551 1552 1552 1549 1549 1548 1548 1548 1548 1547 1547 1552 1552 1551 1551 1549 1549 1552 1552 1552 1552 1547 1547 1546 1546 1111 1111 1553 1553 1554 1554 1111 1111 1555 1555 1553 1553 1096 1096 1556 1556 1557 1557 1096 1096 1558 1558 1556 1556 1096 1096 1554 1554 1558 1558 1094 1094 1559 1559 1560 1560 1094 1094 1557 1557 1559 1559 1084 1084 1561 1561 1562 1562 1084 1084 1560 1560 1561 1561 1074 1074 1562 1562 1563 1563 1563 1563 1075 1075 1074 1074 1074 1074 1078 1078 1562 1562 1087 1087 1075 1075 1564 1564 1564 1564 1565 1565 1087 1087 1097 1097 1087 1087 1566 1566 1566 1566 1567 1567 1097 1097 1107 1107 1097 1097 1568 1568 1568 1568 1569 1569 1107 1107 1100 1100 1107 1107 1570 1570 1570 1570 1571 1571 1100 1100 1103 1103 1100 1100 1572 1572 1572 1572 1573 1573 1103 1103 1103 1103 1574 1574 1575 1575 1575 1575 1116 1116 1103 1103 1116 1116 1576 1576 1577 1577 1116 1116 1578 1578 1576 1576 1116 1116 1579 1579 1578 1578 1110 1110 1580 1580 1555 1555 1110 1110 1577 1577 1580 1580 1555 1555 1111 1111 1110 1110 1577 1577 1110 1110 1116 1116 1575 1575 1579 1579 1116 1116 1573 1573 1574 1574 1103 1103 1571 1571 1572 1572 1100 1100 1569 1569 1570 1570 1107 1107 1567 1567 1568 1568 1097 1097 1565 1565 1566 1566 1087 1087 1563 1563 1564 1564 1075 1075 1562 1562 1078 1078 1084 1084 1560 1560 1084 1084 1094 1094 1557 1557 1094 1094 1096 1096 1554 1554 1096 1096 1111 1111 1571 1571 1556 1556 1581 1581 1581 1581 1572 1572 1571 1571 1581 1581 1553 1553 1555 1555 1581 1581 1558 1558 1554 1554 1556 1556 1569 1569 1568 1568 1571 1571 1570 1570 1556 1556 1554 1554 1553 1553 1581 1581 1570 1570 1569 1569 1556 1556 1581 1581 1556 1556 1558 1558 1555 1555 1580 1580 1581 1581 1568 1568 1567 1567 1556 1556 1556 1556 1567 1567 1582 1582 1582 1582 1567 1567 1566 1566 1566 1566 1565 1565 1582 1582 1565 1565 1564 1564 1582 1582 1582 1582 1561 1561 1560 1560 1582 1582 1562 1562 1561 1561 1560 1560 1559 1559 1582 1582 1582 1582 1563 1563 1562 1562 1559 1559 1557 1557 1582 1582 1564 1564 1563 1563 1582 1582 1582 1582 1557 1557 1556 1556 1581 1581 1574 1574 1573 1573 1581 1581 1575 1575 1574 1574 1581 1581 1579 1579 1575 1575 1581 1581 1576 1576 1578 1578 1581 1581 1577 1577 1576 1576 1581 1581 1580 1580 1577 1577 1578 1578 1579 1579 1581 1581 1573 1573 1572 1572 1581 1581 1583 1583 1584 1584 1585 1585 1583 1583 1586 1586 1587 1587 1583 1583 1588 1588 1586 1586 1587 1587 1584 1584 1583 1583 1583 1583 1589 1589 1590 1590 1583 1583 1591 1591 1589 1589 1590 1590 1592 1592 1583 1583 1583 1583 1593 1593 1594 1594 1583 1583 1595 1595 1593 1593 1583 1583 1596 1596 1597 1597 1597 1597 1595 1595 1583 1583 1583 1583 1592 1592 1596 1596 1583 1583 1598 1598 1599 1599 1599 1599 1600 1600 1583 1583 1600 1600 1601 1601 1583 1583 1601 1601 1588 1588 1583 1583 1594 1594 1598 1598 1583 1583 1585 1585 1591 1591 1583 1583 1602 1602 1603 1603 1588 1588 1588 1588 1601 1601 1602 1602 1604 1604 1602 1602 1600 1600 1605 1605 1604 1604 1599 1599 1606 1606 1605 1605 1598 1598 1607 1607 1606 1606 1594 1594 1608 1608 1607 1607 1593 1593 1593 1593 1595 1595 1608 1608 1608 1608 1596 1596 1592 1592 1608 1608 1597 1597 1596 1596 1609 1609 1592 1592 1590 1590 1610 1610 1590 1590 1589 1589 1611 1611 1589 1589 1591 1591 1612 1612 1591 1591 1585 1585 1613 1613 1584 1584 1587 1587 1613 1613 1585 1585 1584 1584 1614 1614 1587 1587 1586 1586 1586 1586 1603 1603 1614 1614 1586 1586 1588 1588 1603 1603 1587 1587 1614 1614 1613 1613 1585 1585 1613 1613 1612 1612 1591 1591 1612 1612 1611 1611 1589 1589 1611 1611 1610 1610 1590 1590 1610 1610 1609 1609 1592 1592 1609 1609 1608 1608 1595 1595 1597 1597 1608 1608 1594 1594 1593 1593 1607 1607 1598 1598 1594 1594 1606 1606 1599 1599 1598 1598 1605 1605 1600 1600 1599 1599 1604 1604 1601 1601 1600 1600 1602 1602 1615 1615 1616 1616 1603 1603 1616 1616 1617 1617 1614 1614 1618 1618 1607 1607 1608 1608 1619 1619 1606 1606 1607 1607 1614 1614 1603 1603 1616 1616 1617 1617 1620 1620 1613 1613 1621 1621 1622 1622 1611 1611 1623 1623 1610 1610 1611 1611 1624 1624 1609 1609 1610 1610 1624 1624 1625 1625 1608 1608 1607 1607 1618 1618 1619 1619 1619 1619 1626 1626 1605 1605 1626 1626 1627 1627 1604 1604 1627 1627 1615 1615 1602 1602 1613 1613 1614 1614 1617 1617 1620 1620 1621 1621 1612 1612 1611 1611 1622 1622 1623 1623 1608 1608 1609 1609 1624 1624 1605 1605 1606 1606 1619 1619 1602 1602 1604 1604 1627 1627 1612 1612 1613 1613 1620 1620 1610 1610 1623 1623 1624 1624 1604 1604 1605 1605 1626 1626 1611 1611 1612 1612 1621 1621 1603 1603 1602 1602 1615 1615 1608 1608 1625 1625 1618 1618 1615 1615 1628 1628 1629 1629 1615 1615 1630 1630 1628 1628 1616 1616 1629 1629 1631 1631 1631 1631 1617 1617 1616 1616 1620 1620 1617 1617 1632 1632 1632 1632 1633 1633 1620 1620 1621 1621 1620 1620 1634 1634 1635 1635 1636 1636 1634 1634 1634 1634 1620 1620 1635 1635 1621 1621 1637 1637 1638 1638 1639 1639 1623 1623 1640 1640 1622 1622 1638 1638 1640 1640 1640 1640 1623 1623 1622 1622 1624 1624 1623 1623 1639 1639 1625 1625 1624 1624 1641 1641 1641 1641 1642 1642 1625 1625 1625 1625 1643 1643 1644 1644 1625 1625 1645 1645 1643 1643 1618 1618 1644 1644 1646 1646 1626 1626 1619 1619 1647 1647 1646 1646 1648 1648 1647 1647 1647 1647 1619 1619 1646 1646 1626 1626 1649 1649 1650 1650 1630 1630 1615 1615 1651 1651 1627 1627 1650 1650 1651 1651 1651 1651 1615 1615 1627 1627 1651 1651 1652 1652 1630 1630 1650 1650 1627 1627 1626 1626 1647 1647 1649 1649 1626 1626 1646 1646 1619 1619 1618 1618 1644 1644 1618 1618 1625 1625 1642 1642 1645 1645 1625 1625 1639 1639 1641 1641 1624 1624 1640 1640 1653 1653 1639 1639 1638 1638 1622 1622 1621 1621 1634 1634 1637 1637 1621 1621 1633 1633 1635 1635 1620 1620 1631 1631 1632 1632 1617 1617 1629 1629 1616 1616 1615 1615 1654 1654 1655 1655 1656 1656 1657 1657 1656 1656 1658 1658 1659 1659 1658 1658 1652 1652 1652 1652 1651 1651 1659 1659 1658 1658 1659 1659 1657 1657 1656 1656 1657 1657 1654 1654 1655 1655 1654 1654 1660 1660 1660 1660 1661 1661 1655 1655 1662 1662 1663 1663 1664 1664 1665 1665 1662 1662 1666 1666 1667 1667 1665 1665 1668 1668 1660 1660 1667 1667 1669 1669 1669 1669 1670 1670 1660 1660 1670 1670 1661 1661 1660 1660 1668 1668 1669 1669 1667 1667 1666 1666 1668 1668 1665 1665 1664 1664 1666 1666 1662 1662 1671 1671 1634 1634 1636 1636 1672 1672 1671 1671 1673 1673 1674 1674 1672 1672 1675 1675 1675 1675 1676 1676 1674 1674 1673 1673 1675 1675 1672 1672 1636 1636 1673 1673 1671 1671 1676 1676 1677 1677 1678 1678 1678 1678 1674 1674 1676 1676 1678 1678 1679 1679 1680 1680 1678 1678 1677 1677 1679 1679 1681 1681 1680 1680 1682 1682 1683 1683 1682 1682 1684 1684 1685 1685 1684 1684 1686 1686 1686 1686 1687 1687 1685 1685 1684 1684 1685 1685 1683 1683 1682 1682 1683 1683 1681 1681 1680 1680 1681 1681 1678 1678 1688 1688 1670 1670 1689 1689 1689 1689 1670 1670 1669 1669 1689 1689 1668 1668 1666 1666 1666 1666 1664 1664 1689 1689 1669 1669 1668 1668 1689 1689 1688 1688 1661 1661 1670 1670 1688 1688 1658 1658 1656 1656 1688 1688 1652 1652 1658 1658 1656 1656 1655 1655 1688 1688 1655 1655 1661 1661 1688 1688 1688 1688 1630 1630 1652 1652 1690 1690 1628 1628 1630 1630 1690 1690 1629 1629 1628 1628 1630 1630 1688 1688 1690 1690 1690 1690 1691 1691 1631 1631 1631 1631 1629 1629 1690 1690 1691 1691 1692 1692 1635 1635 1635 1635 1633 1633 1691 1691 1692 1692 1676 1676 1675 1675 1675 1675 1673 1673 1692 1692 1692 1692 1677 1677 1676 1676 1693 1693 1686 1686 1684 1684 1693 1693 1682 1682 1680 1680 1680 1680 1679 1679 1693 1693 1692 1692 1686 1686 1693 1693 1693 1693 1679 1679 1692 1692 1684 1684 1682 1682 1693 1693 1679 1679 1677 1677 1692 1692 1673 1673 1636 1636 1692 1692 1636 1636 1635 1635 1692 1692 1633 1633 1632 1632 1691 1691 1632 1632 1631 1631 1691 1691 1689 1689 1664 1664 1688 1688 1694 1694 1695 1695 1691 1691 1691 1691 1690 1690 1694 1694 1696 1696 1694 1694 1690 1690 1697 1697 1696 1696 1663 1663 1688 1688 1664 1664 1663 1663 1663 1663 1696 1696 1688 1688 1663 1663 1698 1698 1697 1697 1690 1690 1688 1688 1696 1696 1699 1699 1692 1692 1691 1691 1692 1692 1699 1699 1687 1687 1700 1700 1701 1701 1687 1687 1687 1687 1699 1699 1700 1700 1687 1687 1686 1686 1692 1692 1691 1691 1695 1695 1699 1699 1647 1647 1648 1648 1702 1702 1703 1703 1702 1702 1704 1704 1705 1705 1704 1704 1706 1706 1706 1706 1707 1707 1705 1705 1704 1704 1705 1705 1703 1703 1702 1702 1703 1703 1647 1647 1649 1649 1708 1708 1660 1660 1649 1649 1705 1705 1707 1707 1657 1657 1659 1659 1650 1650 1660 1660 1654 1654 1649 1649 1667 1667 1660 1660 1708 1708 1649 1649 1703 1703 1705 1705 1650 1650 1649 1649 1657 1657 1708 1708 1709 1709 1667 1667 1665 1665 1667 1667 1709 1709 1662 1662 1710 1710 1698 1698 1649 1649 1647 1647 1703 1703 1654 1654 1657 1657 1649 1649 1709 1709 1711 1711 1665 1665 1698 1698 1663 1663 1662 1662 1659 1659 1651 1651 1650 1650 1662 1662 1665 1665 1710 1710 1711 1711 1710 1710 1665 1665 1707 1707 1708 1708 1649 1649 1707 1707 1712 1712 1713 1713 1707 1707 1714 1714 1712 1712 1707 1707 1706 1706 1714 1714 1713 1713 1708 1708 1707 1707 1708 1708 1715 1715 1716 1716 1708 1708 1713 1713 1715 1715 1709 1709 1717 1717 1718 1718 1709 1709 1716 1716 1717 1717 1711 1711 1718 1718 1719 1719 1719 1719 1710 1710 1711 1711 1718 1718 1711 1711 1709 1709 1716 1716 1709 1709 1708 1708 1720 1720 1721 1721 1710 1710 1697 1697 1698 1698 1710 1710 1710 1710 1721 1721 1697 1697 1710 1710 1719 1719 1720 1720 1722 1722 1721 1721 1720 1720 1723 1723 1722 1722 1724 1724 1724 1724 1725 1725 1723 1723 1726 1726 1723 1723 1727 1727 1727 1727 1728 1728 1726 1726 1725 1725 1727 1727 1723 1723 1720 1720 1724 1724 1722 1722 1729 1729 1730 1730 1731 1731 1732 1732 1729 1729 1733 1733 1640 1640 1732 1732 1734 1734 1734 1734 1653 1653 1640 1640 1733 1733 1734 1734 1732 1732 1731 1731 1733 1733 1729 1729 1638 1638 1674 1674 1678 1678 1681 1681 1735 1735 1736 1736 1638 1638 1672 1672 1674 1674 1672 1672 1638 1638 1637 1637 1638 1638 1736 1736 1730 1730 1678 1678 1736 1736 1638 1638 1637 1637 1634 1634 1671 1671 1730 1730 1729 1729 1638 1638 1683 1683 1737 1737 1735 1735 1637 1637 1671 1671 1672 1672 1729 1729 1732 1732 1638 1638 1685 1685 1687 1687 1701 1701 1683 1683 1738 1738 1737 1737 1732 1732 1640 1640 1638 1638 1738 1738 1683 1683 1685 1685 1736 1736 1678 1678 1681 1681 1735 1735 1681 1681 1683 1683 1701 1701 1738 1738 1685 1685 1730 1730 1736 1736 1739 1739 1739 1739 1740 1740 1730 1730 1740 1740 1741 1741 1730 1730 1741 1741 1731 1731 1730 1730 1737 1737 1738 1738 1742 1742 1742 1742 1743 1743 1737 1737 1735 1735 1737 1737 1744 1744 1744 1744 1745 1745 1735 1735 1736 1736 1735 1735 1746 1746 1746 1746 1747 1747 1736 1736 1747 1747 1739 1739 1736 1736 1745 1745 1746 1746 1735 1735 1743 1743 1744 1744 1737 1737 1700 1700 1748 1748 1738 1738 1749 1749 1742 1742 1738 1738 1738 1738 1748 1748 1749 1749 1738 1738 1701 1701 1700 1700 1750 1750 1726 1726 1728 1728 1751 1751 1750 1750 1752 1752 1753 1753 1751 1751 1754 1754 1754 1754 1755 1755 1753 1753 1752 1752 1754 1754 1751 1751 1728 1728 1752 1752 1750 1750 1756 1756 1752 1752 1728 1728 1756 1756 1754 1754 1752 1752 1756 1756 1755 1755 1754 1754 1757 1757 1727 1727 1725 1725 1757 1757 1728 1728 1727 1727 1758 1758 1725 1725 1724 1724 1719 1719 1718 1718 1758 1758 1757 1757 1758 1758 1718 1718 1718 1718 1717 1717 1757 1757 1713 1713 1712 1712 1756 1756 1757 1757 1716 1716 1715 1715 1715 1715 1713 1713 1757 1757 1759 1759 1756 1756 1712 1712 1760 1760 1761 1761 1755 1755 1755 1755 1759 1759 1760 1760 1755 1755 1756 1756 1759 1759 1712 1712 1714 1714 1759 1759 1756 1756 1757 1757 1713 1713 1717 1717 1716 1716 1757 1757 1758 1758 1720 1720 1719 1719 1724 1724 1720 1720 1758 1758 1725 1725 1758 1758 1757 1757 1728 1728 1757 1757 1756 1756 1762 1762 1763 1763 1764 1764 1765 1765 1766 1766 1767 1767 1765 1765 1764 1764 1766 1766 1768 1768 1767 1767 1749 1749 1749 1749 1748 1748 1768 1768 1767 1767 1768 1768 1765 1765 1764 1764 1765 1765 1762 1762 1769 1769 1770 1770 1771 1771 1772 1772 1771 1771 1773 1773 1774 1774 1773 1773 1763 1763 1763 1763 1762 1762 1774 1774 1773 1773 1774 1774 1772 1772 1771 1771 1772 1772 1769 1769 1775 1775 1741 1741 1740 1740 1776 1776 1777 1777 1740 1740 1740 1740 1739 1739 1776 1776 1776 1776 1745 1745 1744 1744 1776 1776 1746 1746 1745 1745 1776 1776 1747 1747 1746 1746 1742 1742 1749 1749 1778 1778 1778 1778 1744 1744 1743 1743 1778 1778 1749 1749 1767 1767 1776 1776 1778 1778 1766 1766 1766 1766 1764 1764 1776 1776 1777 1777 1776 1776 1763 1763 1763 1763 1773 1773 1777 1777 1773 1773 1771 1771 1777 1777 1779 1779 1775 1775 1770 1770 1775 1775 1777 1777 1770 1770 1770 1770 1780 1780 1779 1779 1771 1771 1770 1770 1777 1777 1764 1764 1763 1763 1776 1776 1767 1767 1766 1766 1778 1778 1778 1778 1743 1743 1742 1742 1744 1744 1778 1778 1776 1776 1739 1739 1747 1747 1776 1776 1740 1740 1777 1777 1775 1775 1779 1779 1780 1780 1781 1781 1782 1782 1781 1781 1783 1783 1784 1784 1785 1785 1786 1786 1785 1785 1784 1784 1787 1787 1788 1788 1787 1787 1789 1789 1790 1790 1791 1791 1792 1792 1793 1793 1794 1794 1791 1791 1794 1794 1795 1795 1796 1796 1794 1794 1797 1797 1798 1798 1798 1798 1795 1795 1794 1794 1794 1794 1793 1793 1797 1797 1796 1796 1799 1799 1794 1794 1791 1791 1790 1790 1793 1793 1792 1792 1789 1789 1790 1790 1789 1789 1792 1792 1788 1788 1787 1787 1788 1788 1785 1785 1786 1786 1783 1783 1784 1784 1783 1783 1786 1786 1782 1782 1781 1781 1782 1782 1779 1779 1800 1800 1801 1801 1794 1794 1801 1801 1802 1802 1792 1792 1788 1788 1792 1792 1802 1802 1788 1788 1803 1803 1804 1804 1805 1805 1786 1786 1785 1785 1806 1806 1779 1779 1782 1782 1782 1782 1805 1805 1806 1806 1782 1782 1786 1786 1805 1805 1785 1785 1804 1804 1805 1805 1804 1804 1785 1785 1788 1788 1802 1802 1803 1803 1788 1788 1792 1792 1791 1791 1801 1801 1791 1791 1794 1794 1801 1801 1794 1794 1799 1799 1800 1800 1775 1775 1734 1734 1733 1733 1775 1775 1653 1653 1734 1734 1733 1733 1731 1731 1775 1775 1775 1775 1639 1639 1653 1653 1775 1775 1641 1641 1639 1639 1806 1806 1642 1642 1775 1775 1642 1642 1641 1641 1775 1775 1806 1806 1807 1807 1645 1645 1645 1645 1642 1642 1806 1806 1807 1807 1760 1760 1759 1759 1759 1759 1643 1643 1807 1807 1759 1759 1644 1644 1643 1643 1643 1643 1645 1645 1807 1807 1759 1759 1706 1706 1704 1704 1704 1704 1702 1702 1759 1759 1759 1759 1714 1714 1706 1706 1702 1702 1648 1648 1759 1759 1648 1648 1646 1646 1759 1759 1646 1646 1644 1644 1759 1759 1775 1775 1779 1779 1806 1806 1731 1731 1741 1741 1775 1775 1807 1807 1806 1806 1805 1805 1808 1808 1805 1805 1804 1804 1809 1809 1810 1810 1803 1803 1804 1804 1803 1803 1810 1810 1810 1810 1811 1811 1804 1804 1809 1809 1802 1802 1801 1801 1812 1812 1801 1801 1800 1800 1800 1800 1813 1813 1812 1812 1801 1801 1812 1812 1809 1809 1803 1803 1802 1802 1809 1809 1804 1804 1811 1811 1808 1808 1805 1805 1808 1808 1807 1807 1813 1813 1814 1814 1815 1815 1812 1812 1816 1816 1817 1817 1818 1818 1810 1810 1809 1809 1818 1818 1819 1819 1811 1811 1808 1808 1811 1811 1819 1819 1807 1807 1808 1808 1820 1820 1820 1820 1760 1760 1807 1807 1808 1808 1821 1821 1820 1820 1819 1819 1821 1821 1808 1808 1811 1811 1810 1810 1818 1818 1809 1809 1817 1817 1818 1818 1817 1817 1809 1809 1812 1812 1812 1812 1815 1815 1816 1816 1815 1815 1812 1812 1813 1813 1822 1822 1823 1823 1815 1815 1823 1823 1824 1824 1816 1816 1824 1824 1825 1825 1817 1817 1819 1819 1818 1818 1825 1825 1821 1821 1819 1819 1826 1826 1820 1820 1821 1821 1827 1827 1760 1760 1820 1820 1828 1828 1828 1828 1761 1761 1760 1760 1827 1827 1828 1828 1820 1820 1826 1826 1827 1827 1821 1821 1825 1825 1826 1826 1819 1819 1825 1825 1818 1818 1817 1817 1817 1817 1816 1816 1824 1824 1816 1816 1815 1815 1823 1823 1815 1815 1814 1814 1822 1822 1800 1800 1829 1829 1830 1830 1829 1829 1831 1831 1832 1832 1832 1832 1830 1830 1829 1829 1832 1832 1831 1831 1833 1833 1833 1833 1834 1834 1832 1832 1830 1830 1813 1813 1800 1800 1835 1835 1836 1836 1837 1837 1838 1838 1837 1837 1839 1839 1840 1840 1835 1835 1838 1838 1841 1841 1838 1838 1842 1842 1843 1843 1842 1842 1844 1844 1844 1844 1845 1845 1843 1843 1842 1842 1846 1846 1844 1844 1843 1843 1847 1847 1848 1848 1848 1848 1849 1849 1843 1843 1843 1843 1849 1849 1850 1850 1850 1850 1841 1841 1843 1843 1841 1841 1851 1851 1852 1852 1852 1852 1840 1840 1841 1841 1840 1840 1853 1853 1854 1854 1835 1835 1840 1840 1855 1855 1840 1840 1856 1856 1855 1855 1836 1836 1835 1835 1857 1857 1835 1835 1858 1858 1857 1857 1839 1839 1833 1833 1831 1831 1842 1842 1796 1796 1859 1859 1842 1842 1839 1839 1796 1796 1839 1839 1829 1829 1799 1799 1829 1829 1800 1800 1799 1799 1799 1799 1796 1796 1839 1839 1859 1859 1846 1846 1842 1842 1831 1831 1829 1829 1839 1839 1833 1833 1836 1836 1860 1860 1857 1857 1860 1860 1836 1836 1855 1855 1858 1858 1835 1835 1854 1854 1856 1856 1840 1840 1852 1852 1853 1853 1840 1840 1850 1850 1851 1851 1841 1841 1848 1848 1861 1861 1849 1849 1845 1845 1847 1847 1843 1843 1842 1842 1843 1843 1841 1841 1838 1838 1841 1841 1840 1840 1839 1839 1842 1842 1838 1838 1837 1837 1838 1838 1835 1835 1839 1839 1837 1837 1833 1833 1837 1837 1836 1836 1833 1833 1862 1862 1863 1863 1864 1864 1862 1862 1865 1865 1866 1866 1862 1862 1867 1867 1863 1863 1862 1862 1868 1868 1865 1865 1769 1769 1869 1869 1870 1870 1866 1866 1867 1867 1862 1862 1862 1862 1869 1869 1871 1871 1859 1859 1795 1795 1798 1798 1869 1869 1862 1862 1870 1870 1871 1871 1868 1868 1862 1862 1859 1859 1796 1796 1795 1795 1864 1864 1872 1872 1862 1862 1780 1780 1770 1770 1873 1873 1798 1798 1797 1797 1859 1859 1870 1870 1874 1874 1769 1769 1875 1875 1781 1781 1780 1780 1844 1844 1783 1783 1781 1781 1784 1784 1844 1844 1846 1846 1787 1787 1846 1846 1859 1859 1797 1797 1793 1793 1859 1859 1864 1864 1876 1876 1872 1872 1864 1864 1861 1861 1877 1877 1781 1781 1875 1875 1844 1844 1859 1859 1789 1789 1787 1787 1793 1793 1790 1790 1859 1859 1769 1769 1878 1878 1879 1879 1877 1877 1876 1876 1864 1864 1844 1844 1784 1784 1783 1783 1790 1790 1789 1789 1859 1859 1879 1879 1770 1770 1769 1769 1874 1874 1880 1880 1769 1769 1875 1875 1881 1881 1861 1861 1846 1846 1787 1787 1784 1784 1880 1880 1878 1878 1769 1769 1861 1861 1881 1881 1882 1882 1861 1861 1848 1848 1875 1875 1770 1770 1883 1883 1873 1873 1882 1882 1877 1877 1861 1861 1848 1848 1847 1847 1875 1875 1879 1879 1883 1883 1770 1770 1847 1847 1845 1845 1875 1875 1845 1845 1844 1844 1875 1875 1873 1873 1875 1875 1780 1780 1884 1884 1885 1885 1886 1886 1887 1887 1886 1886 1888 1888 1889 1889 1884 1884 1887 1887 1890 1890 1887 1887 1891 1891 1892 1892 1889 1889 1890 1890 1893 1893 1890 1890 1894 1894 1895 1895 1892 1892 1893 1893 1896 1896 1893 1893 1897 1897 1888 1888 1863 1863 1867 1867 1888 1888 1864 1864 1863 1863 1891 1891 1867 1867 1866 1866 1894 1894 1865 1865 1868 1868 1894 1894 1866 1866 1865 1865 1897 1897 1871 1871 1869 1869 1897 1897 1868 1868 1871 1871 1869 1869 1898 1898 1897 1897 1868 1868 1897 1897 1894 1894 1866 1866 1894 1894 1891 1891 1867 1867 1891 1891 1888 1888 1897 1897 1898 1898 1896 1896 1893 1893 1896 1896 1895 1895 1894 1894 1897 1897 1893 1893 1890 1890 1893 1893 1892 1892 1891 1891 1894 1894 1890 1890 1887 1887 1890 1890 1889 1889 1888 1888 1891 1891 1887 1887 1886 1886 1887 1887 1884 1884 1876 1876 1877 1877 1899 1899 1872 1872 1876 1876 1900 1900 1862 1862 1872 1872 1901 1901 1902 1902 1903 1903 1870 1870 1874 1874 1870 1870 1903 1903 1903 1903 1904 1904 1874 1874 1880 1880 1874 1874 1904 1904 1878 1878 1880 1880 1905 1905 1879 1879 1878 1878 1906 1906 1883 1883 1879 1879 1907 1907 1873 1873 1883 1883 1908 1908 1875 1875 1873 1873 1909 1909 1881 1881 1875 1875 1910 1910 1882 1882 1881 1881 1911 1911 1877 1877 1882 1882 1912 1912 1912 1912 1899 1899 1877 1877 1911 1911 1912 1912 1882 1882 1910 1910 1911 1911 1881 1881 1909 1909 1910 1910 1875 1875 1908 1908 1909 1909 1873 1873 1907 1907 1908 1908 1883 1883 1906 1906 1907 1907 1879 1879 1905 1905 1906 1906 1878 1878 1904 1904 1905 1905 1880 1880 1870 1870 1862 1862 1902 1902 1901 1901 1902 1902 1862 1862 1900 1900 1901 1901 1872 1872 1899 1899 1900 1900 1876 1876 1913 1913 1904 1904 1903 1903 1913 1913 1914 1914 1905 1905 1905 1905 1904 1904 1913 1913 1914 1914 1915 1915 1906 1906 1915 1915 1916 1916 1907 1907 1917 1917 1908 1908 1907 1907 1918 1918 1910 1910 1909 1909 1919 1919 1911 1911 1910 1910 1906 1906 1905 1905 1914 1914 1907 1907 1916 1916 1917 1917 1920 1920 1909 1909 1908 1908 1910 1910 1918 1918 1919 1919 1921 1921 1922 1922 1900 1900 1907 1907 1906 1906 1915 1915 1909 1909 1920 1920 1918 1918 1923 1923 1912 1912 1911 1911 1924 1924 1899 1899 1912 1912 1899 1899 1924 1924 1921 1921 1922 1922 1925 1925 1901 1901 1925 1925 1926 1926 1902 1902 1908 1908 1917 1917 1920 1920 1912 1912 1923 1923 1924 1924 1901 1901 1900 1900 1922 1922 1926 1926 1903 1903 1902 1902 1911 1911 1919 1919 1923 1923 1902 1902 1901 1901 1925 1925 1900 1900 1899 1899 1921 1921 1903 1903 1926 1926 1913 1913 1885 1885 1927 1927 1928 1928 1885 1885 1929 1929 1930 1930 1930 1930 1931 1931 1885 1885 1931 1931 1927 1927 1885 1885 1888 1888 1886 1886 1932 1932 1886 1886 1928 1928 1932 1932 1932 1932 1933 1933 1888 1888 1849 1849 1934 1934 1935 1935 1935 1935 1850 1850 1849 1849 1861 1861 1936 1936 1934 1934 1861 1861 1924 1924 1936 1936 1861 1861 1864 1864 1921 1921 1864 1864 1888 1888 1937 1937 1937 1937 1938 1938 1864 1864 1938 1938 1939 1939 1864 1864 1939 1939 1921 1921 1864 1864 1921 1921 1924 1924 1861 1861 1851 1851 1940 1940 1941 1941 1941 1941 1852 1852 1851 1851 1851 1851 1850 1850 1940 1940 1850 1850 1935 1935 1940 1940 1854 1854 1942 1942 1943 1943 1854 1854 1944 1944 1942 1942 1944 1944 1854 1854 1853 1853 1853 1853 1945 1945 1944 1944 1853 1853 1852 1852 1945 1945 1943 1943 1946 1946 1854 1854 1941 1941 1945 1945 1852 1852 1849 1849 1861 1861 1934 1934 1933 1933 1937 1937 1888 1888 1928 1928 1886 1886 1885 1885 1917 1917 1942 1942 1944 1944 1917 1917 1943 1943 1942 1942 1920 1920 1945 1945 1941 1941 1920 1920 1944 1944 1945 1945 1918 1918 1941 1941 1940 1940 1919 1919 1935 1935 1934 1934 1919 1919 1940 1940 1935 1935 1923 1923 1934 1934 1936 1936 1922 1922 1921 1921 1939 1939 1925 1925 1922 1922 1938 1938 1938 1938 1937 1937 1925 1925 1926 1926 1925 1925 1933 1933 1913 1913 1926 1926 1932 1932 1932 1932 1928 1928 1913 1913 1914 1914 1913 1913 1927 1927 1927 1927 1931 1931 1914 1914 1915 1915 1914 1914 1929 1929 1914 1914 1930 1930 1929 1929 1916 1916 1915 1915 1947 1947 1916 1916 1948 1948 1946 1946 1946 1946 1917 1917 1916 1916 1946 1946 1943 1943 1917 1917 1947 1947 1948 1948 1916 1916 1929 1929 1947 1947 1915 1915 1931 1931 1930 1930 1914 1914 1928 1928 1927 1927 1913 1913 1933 1933 1932 1932 1926 1926 1937 1937 1933 1933 1925 1925 1939 1939 1938 1938 1922 1922 1936 1936 1924 1924 1923 1923 1934 1934 1923 1923 1919 1919 1940 1940 1919 1919 1918 1918 1941 1941 1918 1918 1920 1920 1944 1944 1920 1920 1917 1917 1949 1949 1947 1947 1929 1929 1929 1929 1885 1885 1949 1949 1947 1947 1950 1950 1951 1951 1950 1950 1952 1952 1951 1951 1951 1951 1948 1948 1947 1947 1951 1951 1854 1854 1946 1946 1946 1946 1948 1948 1951 1951 1949 1949 1950 1950 1947 1947 1951 1951 1953 1953 1856 1856 1953 1953 1855 1855 1856 1856 1953 1953 1954 1954 1858 1858 1954 1954 1857 1857 1858 1858 1954 1954 1955 1955 1860 1860 1860 1860 1955 1955 1956 1956 1953 1953 1951 1951 1952 1952 1954 1954 1953 1953 1957 1957 1954 1954 1958 1958 1959 1959 1955 1955 1959 1959 1960 1960 1960 1960 1956 1956 1955 1955 1959 1959 1955 1955 1954 1954 1957 1957 1958 1958 1954 1954 1952 1952 1957 1957 1953 1953 1956 1956 1833 1833 1860 1860 1860 1860 1857 1857 1954 1954 1858 1858 1855 1855 1953 1953 1856 1856 1854 1854 1951 1951 1961 1961 1950 1950 1949 1949 1962 1962 1949 1949 1885 1885 1963 1963 1961 1961 1962 1962 1964 1964 1962 1962 1884 1884 1965 1965 1963 1963 1964 1964 1966 1966 1964 1964 1889 1889 1967 1967 1965 1965 1966 1966 1968 1968 1966 1966 1892 1892 1892 1892 1895 1895 1968 1968 1966 1966 1968 1968 1967 1967 1889 1889 1892 1892 1966 1966 1964 1964 1966 1966 1965 1965 1884 1884 1889 1889 1964 1964 1962 1962 1964 1964 1963 1963 1885 1885 1884 1884 1962 1962 1949 1949 1962 1962 1961 1961 1950 1950 1969 1969 1970 1970 1970 1970 1971 1971 1950 1950 1969 1969 1972 1972 1973 1973 1973 1973 1970 1970 1969 1969 1971 1971 1952 1952 1950 1950 1974 1974 1969 1969 1950 1950 1975 1975 1974 1974 1961 1961 1976 1976 1975 1975 1963 1963 1977 1977 1976 1976 1965 1965 1976 1976 1977 1977 1978 1978 1978 1978 1979 1979 1976 1976 1975 1975 1980 1980 1981 1981 1975 1975 1976 1976 1982 1982 1982 1982 1980 1980 1975 1975 1975 1975 1983 1983 1984 1984 1983 1983 1985 1985 1984 1984 1974 1974 1986 1986 1972 1972 1974 1974 1984 1984 1986 1986 1972 1972 1969 1969 1974 1974 1984 1984 1974 1974 1975 1975 1981 1981 1983 1983 1975 1975 1979 1979 1982 1982 1976 1976 1965 1965 1967 1967 1977 1977 1963 1963 1965 1965 1976 1976 1961 1961 1963 1963 1975 1975 1950 1950 1961 1961 1974 1974 1987 1987 1988 1988 1989 1989 1990 1990 1989 1989 1991 1991 1992 1992 1987 1987 1990 1990 1993 1993 1990 1990 1994 1994 1988 1988 1830 1830 1832 1832 1991 1991 1995 1995 1996 1996 1996 1996 1994 1994 1991 1991 1994 1994 1997 1997 1998 1998 1998 1998 1999 1999 1994 1994 1999 1999 2000 2000 2001 2001 1993 1993 1999 1999 2002 2002 1999 1999 2003 2003 2002 2002 1992 1992 1993 1993 2004 2004 1993 1993 2005 2005 2004 2004 2006 2006 1992 1992 2007 2007 1992 1992 2006 2006 2008 2008 2008 2008 1987 1987 1992 1992 1988 1988 1822 1822 1814 1814 1814 1814 1830 1830 1988 1988 1987 1987 2009 2009 1822 1822 1822 1822 1988 1988 1987 1987 1814 1814 1813 1813 1830 1830 2008 2008 2009 2009 1987 1987 2007 2007 2010 2010 2006 2006 2004 2004 2007 2007 1992 1992 2002 2002 2005 2005 1993 1993 2001 2001 2003 2003 1999 1999 1998 1998 2000 2000 1999 1999 1996 1996 1997 1997 1994 1994 1995 1995 1991 1991 1834 1834 1832 1832 1834 1834 1988 1988 1994 1994 1999 1999 1993 1993 1990 1990 1993 1993 1992 1992 1991 1991 1994 1994 1990 1990 1989 1989 1990 1990 1987 1987 1991 1991 1989 1989 1834 1834 1989 1989 1988 1988 1834 1834 2009 2009 1825 1825 1824 1824 2011 2011 2012 2012 1761 1761 2011 2011 1828 1828 2010 2010 1824 1824 1823 1823 2009 2009 1827 1827 1826 1826 2009 2009 1755 1755 1761 1761 2012 2012 2010 2010 2013 2013 2011 2011 2009 2009 1826 1826 1825 1825 2009 2009 2008 2008 1827 1827 1828 1828 1827 1827 2006 2006 1761 1761 1828 1828 2011 2011 1755 1755 2014 2014 2015 2015 2008 2008 2006 2006 1827 1827 2012 2012 2016 2016 1755 1755 2017 2017 2018 2018 2019 2019 2017 2017 2020 2020 2021 2021 2017 2017 2022 2022 2023 2023 2015 2015 1753 1753 1755 1755 2006 2006 2010 2010 1828 1828 2021 2021 2018 2018 2017 2017 2023 2023 2024 2024 2017 2017 1753 1753 2025 2025 2026 2026 1755 1755 2016 2016 2014 2014 2010 2010 2027 2027 2013 2013 2010 2010 2023 2023 2028 2028 2024 2024 2020 2020 2017 2017 1753 1753 2029 2029 2025 2025 1823 1823 1822 1822 2009 2009 2028 2028 2030 2030 2010 2010 2019 2019 2031 2031 2017 2017 2015 2015 2029 2029 1753 1753 2022 2022 2028 2028 2023 2023 2030 2030 2027 2027 2010 2010 2017 2017 2031 2031 2032 2032 2032 2032 2026 2026 2017 2017 2026 2026 2032 2032 1753 1753 2033 2033 2034 2034 2035 2035 2036 2036 2035 2035 2037 2037 2038 2038 2033 2033 2036 2036 2039 2039 2036 2036 2040 2040 2041 2041 2038 2038 2039 2039 2042 2042 2039 2039 2043 2043 2044 2044 2041 2041 2042 2042 2045 2045 2042 2042 2046 2046 2041 2041 2044 2044 2032 2032 2038 2038 2041 2041 2031 2031 2031 2031 2019 2019 2038 2038 2033 2033 2038 2038 2018 2018 2018 2018 2021 2021 2033 2033 2034 2034 2033 2033 2020 2020 2020 2020 2024 2024 2034 2034 2024 2024 2023 2023 2034 2034 2021 2021 2020 2020 2033 2033 2019 2019 2018 2018 2038 2038 2032 2032 2031 2031 2041 2041 2046 2046 2047 2047 2045 2045 2042 2042 2045 2045 2044 2044 2043 2043 2046 2046 2042 2042 2039 2039 2042 2042 2041 2041 2040 2040 2043 2043 2039 2039 2036 2036 2039 2039 2038 2038 2037 2037 2040 2040 2036 2036 2035 2035 2036 2036 2033 2033 1697 1697 1721 1721 2048 2048 1721 1721 2047 2047 2048 2048 2049 2049 2050 2050 1696 1696 1753 1753 2044 2044 2045 2045 2047 2047 1750 1750 1751 1751 1696 1696 1697 1697 2049 2049 1700 1700 1967 1967 1968 1968 1895 1895 1769 1769 1772 1772 1769 1769 1895 1895 1896 1896 1753 1753 2032 2032 2044 2044 2047 2047 1726 1726 1750 1750 2048 2048 2049 2049 1697 1697 2050 2050 2051 2051 1694 1694 1967 1967 1700 1700 1699 1699 1968 1968 1748 1748 1700 1700 1772 1772 1774 1774 1895 1895 1896 1896 1898 1898 1769 1769 1751 1751 1753 1753 2047 2047 1694 1694 1696 1696 2050 2050 1968 1968 1895 1895 1748 1748 1898 1898 1869 1869 1769 1769 2047 2047 1723 1723 1726 1726 1721 1721 1722 1722 2047 2047 1977 1977 1699 1699 1695 1695 1895 1895 1768 1768 1748 1748 1774 1774 1762 1762 1895 1895 1722 1722 1723 1723 2047 2047 2051 2051 1978 1978 1695 1695 1699 1699 1977 1977 1967 1967 1762 1762 1765 1765 1895 1895 1695 1695 1694 1694 2051 2051 1765 1765 1768 1768 1895 1895 1695 1695 1978 1978 1977 1977 2045 2045 2047 2047 1753 1753 2040 2040 2037 2037 2052 2052 2053 2053 2052 2052 2054 2054 2043 2043 2040 2040 2053 2053 2055 2055 2053 2053 2056 2056 2046 2046 2043 2043 2055 2055 2057 2057 2055 2055 2058 2058 2047 2047 2046 2046 2057 2057 2048 2048 2057 2057 2059 2059 2059 2059 2049 2049 2048 2048 2057 2057 2048 2048 2047 2047 2058 2058 2059 2059 2057 2057 2055 2055 2057 2057 2046 2046 2056 2056 2058 2058 2055 2055 2053 2053 2055 2055 2043 2043 2054 2054 2056 2056 2053 2053 2052 2052 2053 2053 2040 2040 2060 2060 2061 2061 2062 2062 2063 2063 2064 2064 2061 2061 2063 2063 2065 2065 2066 2066 2065 2065 2067 2067 2068 2068 2069 2069 2001 2001 2000 2000 2000 2000 2060 2060 2069 2069 2060 2060 1998 1998 1997 1997 1997 1997 2063 2063 2060 2060 2063 2063 1996 1996 1995 1995 1995 1995 1834 1834 2067 2067 2067 2067 2065 2065 1995 1995 1995 1995 2065 2065 2063 2063 1997 1997 1996 1996 2063 2063 2000 2000 1998 1998 2060 2060 2068 2068 2066 2066 2065 2065 2066 2066 2064 2064 2063 2063 2061 2061 2060 2060 2063 2063 2062 2062 2069 2069 2060 2060 1834 1834 1833 1833 1956 1956 2070 2070 2071 2071 2072 2072 2072 2072 2073 2073 2070 2070 2068 2068 1960 1960 2070 2070 1956 1956 1960 1960 2068 2068 2068 2068 2067 2067 1956 1956 2073 2073 2068 2068 2070 2070 1956 1956 2067 2067 1834 1834 2029 2029 2015 2015 2074 2074 2025 2025 2029 2029 2075 2075 2026 2026 2025 2025 2076 2076 2017 2017 2026 2026 2077 2077 2022 2022 2017 2017 2078 2078 2028 2028 2022 2022 2079 2079 2030 2030 2028 2028 2080 2080 2027 2027 2030 2030 2081 2081 2013 2013 2027 2027 2082 2082 2083 2083 2012 2012 2011 2011 2013 2013 2084 2084 2085 2085 2085 2085 2011 2011 2013 2013 2016 2016 2012 2012 2083 2083 2014 2014 2016 2016 2086 2086 2015 2015 2014 2014 2087 2087 2087 2087 2074 2074 2015 2015 2086 2086 2087 2087 2014 2014 2083 2083 2086 2086 2016 2016 2011 2011 2085 2085 2083 2083 2082 2082 2084 2084 2013 2013 2081 2081 2082 2082 2027 2027 2080 2080 2081 2081 2030 2030 2079 2079 2080 2080 2028 2028 2078 2078 2079 2079 2022 2022 2077 2077 2078 2078 2017 2017 2076 2076 2077 2077 2026 2026 2075 2075 2076 2076 2025 2025 2074 2074 2075 2075 2029 2029 2088 2088 2089 2089 2003 2003 2089 2089 2002 2002 2003 2003 2001 2001 2090 2090 2091 2091 2091 2091 2092 2092 2001 2001 2092 2092 2088 2088 2001 2001 2005 2005 2002 2002 2093 2093 2094 2094 2004 2004 2005 2005 2002 2002 2089 2089 2093 2093 2093 2093 2094 2094 2005 2005 2023 2023 2095 2095 2096 2096 2023 2023 2097 2097 2095 2095 2023 2023 2098 2098 2097 2097 2010 2010 2099 2099 2098 2098 2007 2007 2004 2004 2100 2100 2101 2101 2010 2010 2007 2007 2100 2100 2101 2101 2007 2007 2101 2101 2102 2102 2010 2010 2102 2102 2099 2099 2010 2010 2098 2098 2023 2023 2010 2010 2034 2034 2103 2103 2104 2104 2104 2104 2035 2035 2034 2034 2034 2034 2096 2096 2103 2103 2037 2037 2105 2105 2106 2106 2037 2037 2107 2107 2105 2105 2037 2037 2035 2035 2108 2108 2108 2108 2107 2107 2037 2037 2106 2106 2109 2109 2037 2037 2104 2104 2108 2108 2035 2035 2096 2096 2034 2034 2023 2023 2094 2094 2100 2100 2004 2004 2003 2003 2001 2001 2088 2088 2110 2110 2074 2074 2087 2087 2111 2111 2084 2084 2082 2082 2112 2112 2085 2085 2084 2084 2113 2113 2086 2086 2083 2083 2114 2114 2087 2087 2086 2086 2087 2087 2114 2114 2110 2110 2115 2115 2116 2116 2077 2077 2116 2116 2117 2117 2078 2078 2118 2118 2098 2098 2080 2080 2099 2099 2081 2081 2080 2080 2119 2119 2082 2082 2081 2081 2084 2084 2111 2111 2112 2112 2083 2083 2112 2112 2113 2113 2110 2110 2120 2120 2074 2074 2120 2120 2121 2121 2075 2075 2121 2121 2115 2115 2076 2076 2078 2078 2077 2077 2116 2116 2117 2117 2118 2118 2079 2079 2080 2080 2098 2098 2099 2099 2082 2082 2119 2119 2111 2111 2086 2086 2113 2113 2114 2114 2076 2076 2075 2075 2121 2121 2079 2079 2078 2078 2117 2117 2081 2081 2099 2099 2119 2119 2075 2075 2074 2074 2120 2120 2080 2080 2079 2079 2118 2118 2077 2077 2076 2076 2115 2115 2083 2083 2085 2085 2112 2112 2121 2121 2105 2105 2107 2107 2121 2121 2106 2106 2105 2105 2115 2115 2108 2108 2104 2104 2115 2115 2107 2107 2108 2108 2116 2116 2104 2104 2103 2103 2117 2117 2096 2096 2095 2095 2117 2117 2103 2103 2096 2096 2118 2118 2095 2095 2097 2097 2119 2119 2099 2099 2102 2102 2111 2111 2119 2119 2101 2101 2101 2101 2100 2100 2111 2111 2112 2112 2111 2111 2094 2094 2113 2113 2112 2112 2093 2093 2093 2093 2089 2089 2113 2113 2114 2114 2113 2113 2088 2088 2088 2088 2092 2092 2114 2114 2110 2110 2114 2114 2090 2090 2114 2114 2091 2091 2090 2090 2120 2120 2110 2110 2122 2122 2120 2120 2123 2123 2109 2109 2109 2109 2121 2121 2120 2120 2109 2109 2106 2106 2121 2121 2122 2122 2123 2123 2120 2120 2090 2090 2122 2122 2110 2110 2092 2092 2091 2091 2114 2114 2089 2089 2088 2088 2113 2113 2094 2094 2093 2093 2112 2112 2100 2100 2094 2094 2111 2111 2102 2102 2101 2101 2119 2119 2097 2097 2098 2098 2118 2118 2095 2095 2118 2118 2117 2117 2103 2103 2117 2117 2116 2116 2104 2104 2116 2116 2115 2115 2107 2107 2115 2115 2121 2121 2069 2069 2122 2122 2090 2090 2123 2123 2122 2122 2069 2069 2069 2069 2054 2054 2123 2123 2052 2052 2037 2037 2109 2109 2123 2123 2054 2054 2052 2052 2109 2109 2123 2123 2052 2052 2069 2069 2062 2062 2054 2054 2090 2090 2001 2001 2069 2069 2056 2056 2054 2054 2124 2124 2058 2058 2056 2056 2125 2125 2059 2059 2058 2058 2126 2126 2049 2049 2059 2059 2127 2127 2126 2126 2128 2128 2129 2129 2126 2126 2130 2130 2128 2128 2127 2127 2131 2131 2051 2051 2127 2127 2129 2129 2132 2132 2132 2132 2131 2131 2127 2127 2125 2125 2124 2124 2133 2133 2133 2133 2134 2134 2125 2125 2126 2126 2125 2125 2135 2135 2135 2135 2130 2130 2126 2126 2135 2135 2136 2136 2130 2130 2134 2134 2135 2135 2125 2125 2051 2051 2050 2050 2127 2127 2129 2129 2127 2127 2126 2126 2127 2127 2050 2050 2049 2049 2126 2126 2127 2127 2059 2059 2125 2125 2126 2126 2058 2058 2124 2124 2125 2125 2056 2056 2054 2054 2137 2137 2138 2138 2054 2054 2062 2062 2137 2137 2124 2124 2138 2138 2139 2139 2139 2139 2133 2133 2124 2124 2138 2138 2124 2124 2054 2054 1980 1980 2131 2131 2132 2132 2131 2131 1979 1979 1978 1978 2131 2131 1980 1980 1982 1982 1982 1982 1979 1979 2131 2131 1978 1978 2051 2051 2131 2131 1981 1981 1980 1980 2129 2129 2128 2128 1983 1983 1981 1981 2129 2129 2128 2128 1981 1981 2140 2140 2141 2141 2142 2142 2142 2142 2143 2143 2140 2140 2144 2144 2145 2145 2140 2140 2130 2130 2145 2145 2144 2144 2144 2144 1983 1983 2130 2130 2130 2130 2136 2136 2145 2145 2144 2144 1985 1985 1983 1983 2143 2143 2144 2144 2140 2140 2128 2128 2130 2130 1983 1983 2132 2132 2129 2129 1980 1980 2146 2146 1986 1986 1984 1984 2146 2146 1973 1973 1972 1972 1972 1972 1986 1986 2146 2146 2146 2146 2143 2143 2142 2142 2146 2146 1985 1985 2144 2144 2144 2144 2143 2143 2146 2146 2142 2142 2147 2147 2146 2146 1984 1984 1985 1985 2146 2146 2147 2147 2142 2142 2141 2141 2147 2147 2148 2148 2149 2149 2149 2149 2150 2150 2147 2147 2141 2141 2148 2148 2147 2147 2151 2151 2140 2140 2145 2145 2151 2151 2148 2148 2141 2141 2141 2141 2140 2140 2151 2151 2151 2151 2134 2134 2133 2133 2151 2151 2136 2136 2135 2135 2135 2135 2134 2134 2151 2151 2133 2133 2139 2139 2151 2151 2145 2145 2136 2136 2151 2151 2152 2152 2153 2153 1959 1959 1970 1970 2154 2154 2155 2155 2152 2152 1958 1958 2155 2155 1958 1958 1957 1957 2155 2155 1957 1957 1952 1952 1971 1971 2070 2070 1959 1959 2153 2153 2153 2153 2071 2071 2070 2070 2156 2156 2157 2157 2154 2154 1970 1970 2158 2158 2156 2156 1970 1970 1973 1973 2158 2158 2157 2157 2159 2159 2152 2152 2152 2152 2159 2159 2160 2160 2071 2071 2153 2153 2160 2160 2160 2160 2153 2153 2152 2152 2152 2152 2154 2154 2157 2157 2154 2154 1970 1970 2156 2156 2070 2070 1960 1960 1959 1959 1971 1971 2155 2155 1957 1957 2155 2155 2154 2154 2152 2152 2155 2155 1971 1971 1970 1970 1959 1959 1958 1958 2152 2152 2146 2146 2161 2161 2162 2162 2162 2162 1973 1973 2146 2146 2146 2146 2147 2147 2150 2150 2150 2150 2161 2161 2146 2146 2162 2162 2158 2158 1973 1973 2161 2161 2163 2163 2164 2164 2163 2163 2165 2165 2166 2166 2161 2161 2150 2150 2167 2167 2163 2163 2167 2167 2168 2168 2168 2168 2165 2165 2163 2163 2165 2165 2169 2169 2170 2170 2071 2071 2160 2160 2166 2166 2164 2164 2166 2166 2159 2159 2166 2166 2160 2160 2159 2159 2162 2162 2164 2164 2157 2157 2157 2157 2156 2156 2162 2162 2156 2156 2158 2158 2162 2162 2159 2159 2157 2157 2164 2164 2166 2166 2165 2165 2071 2071 2170 2170 2071 2071 2165 2165 2168 2168 2169 2169 2165 2165 2167 2167 2163 2163 2161 2161 2166 2166 2164 2164 2163 2163 2164 2164 2162 2162 2161 2161 2171 2171 2172 2172 2173 2173 2173 2173 2064 2064 2171 2171 2068 2068 2073 2073 2174 2174 2138 2138 2137 2137 2173 2173 2061 2061 2173 2173 2137 2137 2171 2171 2064 2064 2066 2066 2175 2175 2174 2174 2073 2073 2073 2073 2072 2072 2175 2175 2171 2171 2174 2174 2176 2176 2177 2177 2172 2172 2171 2171 2171 2171 2178 2178 2177 2177 2179 2179 2138 2138 2172 2172 2172 2172 2180 2180 2179 2179 2179 2179 2139 2139 2138 2138 2177 2177 2180 2180 2172 2172 2176 2176 2178 2178 2171 2171 2175 2175 2176 2176 2174 2174 2066 2066 2174 2174 2171 2171 2137 2137 2062 2062 2061 2061 2173 2173 2172 2172 2138 2138 2174 2174 2066 2066 2068 2068 2173 2173 2061 2061 2064 2064 2181 2181 2072 2072 2071 2071 2071 2071 2170 2170 2181 2181 2168 2168 2182 2182 2181 2181 2167 2167 2183 2183 2182 2182 2182 2182 2168 2168 2167 2167 2150 2150 2149 2149 2183 2183 2167 2167 2150 2150 2183 2183 2181 2181 2169 2169 2168 2168 2170 2170 2169 2169 2181 2181 2179 2179 2184 2184 2151 2151 2148 2148 2151 2151 2185 2185 2151 2151 2184 2184 2185 2185 2185 2185 2149 2149 2148 2148 2151 2151 2139 2139 2179 2179 2072 2072 2181 2181 2186 2186 2184 2184 2187 2187 2188 2188 2186 2186 2181 2181 2182 2182 2182 2182 2188 2188 2186 2186 2187 2187 2189 2189 2186 2186 2185 2185 2188 2188 2183 2183 2184 2184 2179 2179 2180 2180 2180 2180 2187 2187 2184 2184 2187 2187 2177 2177 2178 2178 2178 2178 2189 2189 2187 2187 2189 2189 2176 2176 2175 2175 2175 2175 2072 2072 2189 2189 2178 2178 2176 2176 2189 2189 2180 2180 2177 2177 2187 2187 2183 2183 2149 2149 2185 2185 2186 2186 2188 2188 2187 2187 2182 2182 2183 2183 2188 2188 2188 2188 2185 2185 2184 2184 2186 2186 2189 2189 2072 2072 2190 2190 2191 2191 2192 2192 2192 2192 2193 2193 2190 2190 2193 2193 2194 2194 2190 2190 2194 2194 2195 2195 2190 2190 2195 2195 2196 2196 2190 2190 2196 2196 2197 2197 2190 2190 2197 2197 2198 2198 2190 2190 2198 2198 2199 2199 2190 2190 2199 2199 2200 2200 2190 2190 2200 2200 2201 2201 2190 2190 2201 2201 2202 2202 2190 2190 2202 2202 2203 2203 2190 2190 2203 2203 2204 2204 2190 2190 2204 2204 2205 2205 2190 2190 2205 2205 2191 2191 2190 2190 2206 2206 2201 2201 2200 2200 2207 2207 2200 2200 2199 2199 2208 2208 2199 2199 2198 2198 2198 2198 2197 2197 2209 2209 2197 2197 2210 2210 2209 2209 2210 2210 2197 2197 2196 2196 2211 2211 2196 2196 2195 2195 2212 2212 2195 2195 2194 2194 2213 2213 2194 2194 2193 2193 2214 2214 2193 2193 2192 2192 2215 2215 2192 2192 2191 2191 2216 2216 2217 2217 2205 2205 2217 2217 2191 2191 2205 2205 2216 2216 2204 2204 2203 2203 2218 2218 2203 2203 2202 2202 2219 2219 2202 2202 2201 2201 2201 2201 2206 2206 2219 2219 2202 2202 2219 2219 2218 2218 2203 2203 2218 2218 2216 2216 2205 2205 2204 2204 2216 2216 2191 2191 2217 2217 2215 2215 2192 2192 2215 2215 2214 2214 2193 2193 2214 2214 2213 2213 2194 2194 2213 2213 2212 2212 2195 2195 2212 2212 2211 2211 2196 2196 2211 2211 2210 2210 2209 2209 2220 2220 2198 2198 2198 2198 2220 2220 2208 2208 2199 2199 2208 2208 2207 2207 2200 2200 2207 2207 2206 2206 2213 2213 2221 2221 2222 2222 2212 2212 2222 2222 2223 2223 2211 2211 2223 2223 2224 2224 2224 2224 2225 2225 2209 2209 2226 2226 2220 2220 2209 2209 2209 2209 2225 2225 2226 2226 2220 2220 2226 2226 2227 2227 2208 2208 2227 2227 2228 2228 2228 2228 2229 2229 2206 2206 2229 2229 2219 2219 2206 2206 2219 2219 2229 2229 2230 2230 2218 2218 2230 2230 2231 2231 2216 2216 2231 2231 2232 2232 2217 2217 2232 2232 2233 2233 2215 2215 2233 2233 2234 2234 2214 2214 2234 2234 2221 2221 2221 2221 2213 2213 2214 2214 2234 2234 2214 2214 2215 2215 2233 2233 2215 2215 2217 2217 2232 2232 2217 2217 2216 2216 2231 2231 2216 2216 2218 2218 2230 2230 2218 2218 2219 2219 2206 2206 2207 2207 2228 2228 2228 2228 2207 2207 2208 2208 2227 2227 2208 2208 2220 2220 2209 2209 2210 2210 2224 2224 2224 2224 2210 2210 2211 2211 2223 2223 2211 2211 2212 2212 2222 2222 2212 2212 2213 2213 2235 2235 2225 2225 2224 2224 2235 2235 2236 2236 2226 2226 2237 2237 2224 2224 2223 2223 2226 2226 2225 2225 2235 2235 2238 2238 2230 2230 2229 2229 2239 2239 2231 2231 2230 2230 2240 2240 2234 2234 2233 2233 2241 2241 2221 2221 2234 2234 2224 2224 2237 2237 2235 2235 2242 2242 2227 2227 2226 2226 2243 2243 2228 2228 2227 2227 2243 2243 2244 2244 2229 2229 2230 2230 2238 2238 2239 2239 2245 2245 2232 2232 2231 2231 2246 2246 2233 2233 2232 2232 2234 2234 2240 2240 2241 2241 2247 2247 2222 2222 2221 2221 2248 2248 2223 2223 2222 2222 2226 2226 2236 2236 2242 2242 2229 2229 2228 2228 2243 2243 2231 2231 2239 2239 2245 2245 2233 2233 2246 2246 2240 2240 2222 2222 2247 2247 2248 2248 2227 2227 2242 2242 2243 2243 2232 2232 2245 2245 2246 2246 2223 2223 2248 2248 2237 2237 2221 2221 2241 2241 2247 2247 2229 2229 2244 2244 2238 2238 2241 2241 2249 2249 2250 2250 2247 2247 2250 2250 2251 2251 2248 2248 2251 2251 2252 2252 2236 2236 2235 2235 2253 2253 2252 2252 2253 2253 2235 2235 2235 2235 2237 2237 2252 2252 2236 2236 2254 2254 2255 2255 2242 2242 2255 2255 2256 2256 2243 2243 2256 2256 2257 2257 2244 2244 2257 2257 2258 2258 2238 2238 2258 2258 2259 2259 2239 2239 2259 2259 2260 2260 2245 2245 2260 2260 2261 2261 2246 2246 2261 2261 2262 2262 2240 2240 2262 2262 2249 2249 2249 2249 2241 2241 2240 2240 2262 2262 2240 2240 2246 2246 2261 2261 2246 2246 2245 2245 2260 2260 2245 2245 2239 2239 2259 2259 2239 2239 2238 2238 2258 2258 2238 2238 2244 2244 2257 2257 2244 2244 2243 2243 2256 2256 2243 2243 2242 2242 2255 2255 2242 2242 2236 2236 2253 2253 2254 2254 2236 2236 2252 2252 2237 2237 2248 2248 2251 2251 2248 2248 2247 2247 2250 2250 2247 2247 2241 2241 2263 2263 2264 2264 2265 2265 2266 2266 2265 2265 2267 2267 2268 2268 2267 2267 2269 2269 2270 2270 2271 2271 2272 2272 2271 2271 2269 2269 2272 2272 2270 2270 2273 2273 2274 2274 2275 2275 2274 2274 2276 2276 2277 2277 2276 2276 2278 2278 2279 2279 2278 2278 2280 2280 2281 2281 2280 2280 2282 2282 2283 2283 2282 2282 2284 2284 2285 2285 2284 2284 2286 2286 2287 2287 2286 2286 2288 2288 2289 2289 2288 2288 2264 2264 2290 2290 2263 2263 2266 2266 2291 2291 2266 2266 2268 2268 2292 2292 2268 2268 2271 2271 2293 2293 2271 2271 2270 2270 2294 2294 2270 2270 2275 2275 2295 2295 2275 2275 2277 2277 2296 2296 2277 2277 2279 2279 2297 2297 2279 2279 2281 2281 2298 2298 2281 2281 2283 2283 2299 2299 2283 2283 2285 2285 2300 2300 2285 2285 2287 2287 2301 2301 2287 2287 2289 2289 2302 2302 2289 2289 2263 2263 2303 2303 2290 2290 2291 2291 2304 2304 2291 2291 2292 2292 2305 2305 2292 2292 2293 2293 2306 2306 2293 2293 2294 2294 2307 2307 2294 2294 2295 2295 2308 2308 2295 2295 2296 2296 2309 2309 2296 2296 2297 2297 2310 2310 2297 2297 2298 2298 2311 2311 2298 2298 2299 2299 2312 2312 2299 2299 2300 2300 2313 2313 2300 2300 2301 2301 2314 2314 2301 2301 2302 2302 2315 2315 2302 2302 2290 2290 2249 2249 2303 2303 2304 2304 2250 2250 2304 2304 2305 2305 2251 2251 2305 2305 2306 2306 2307 2307 2254 2254 2253 2253 2253 2253 2306 2306 2307 2307 2254 2254 2307 2307 2308 2308 2255 2255 2308 2308 2309 2309 2256 2256 2309 2309 2310 2310 2257 2257 2310 2310 2311 2311 2258 2258 2311 2311 2312 2312 2259 2259 2312 2312 2313 2313 2260 2260 2313 2313 2314 2314 2261 2261 2314 2314 2315 2315 2262 2262 2315 2315 2303 2303 2303 2303 2249 2249 2262 2262 2315 2315 2262 2262 2261 2261 2314 2314 2261 2261 2260 2260 2313 2313 2260 2260 2259 2259 2312 2312 2259 2259 2258 2258 2311 2311 2258 2258 2257 2257 2310 2310 2257 2257 2256 2256 2309 2309 2256 2256 2255 2255 2308 2308 2255 2255 2254 2254 2253 2253 2252 2252 2306 2306 2306 2306 2252 2252 2251 2251 2305 2305 2251 2251 2250 2250 2304 2304 2250 2250 2249 2249 2290 2290 2303 2303 2315 2315 2302 2302 2315 2315 2314 2314 2301 2301 2314 2314 2313 2313 2300 2300 2313 2313 2312 2312 2299 2299 2312 2312 2311 2311 2298 2298 2311 2311 2310 2310 2297 2297 2310 2310 2309 2309 2296 2296 2309 2309 2308 2308 2295 2295 2308 2308 2307 2307 2294 2294 2307 2307 2306 2306 2293 2293 2306 2306 2305 2305 2292 2292 2305 2305 2304 2304 2291 2291 2304 2304 2303 2303 2263 2263 2290 2290 2302 2302 2289 2289 2302 2302 2301 2301 2287 2287 2301 2301 2300 2300 2285 2285 2300 2300 2299 2299 2283 2283 2299 2299 2298 2298 2281 2281 2298 2298 2297 2297 2279 2279 2297 2297 2296 2296 2277 2277 2296 2296 2295 2295 2275 2275 2295 2295 2294 2294 2270 2270 2294 2294 2293 2293 2271 2271 2293 2293 2292 2292 2268 2268 2292 2292 2291 2291 2266 2266 2291 2291 2290 2290 2264 2264 2263 2263 2289 2289 2288 2288 2289 2289 2287 2287 2286 2286 2287 2287 2285 2285 2284 2284 2285 2285 2283 2283 2282 2282 2283 2283 2281 2281 2280 2280 2281 2281 2279 2279 2278 2278 2279 2279 2277 2277 2276 2276 2277 2277 2275 2275 2274 2274 2275 2275 2270 2270 2272 2272 2273 2273 2270 2270 2269 2269 2271 2271 2268 2268 2267 2267 2268 2268 2266 2266 2265 2265 2266 2266 2263 2263 2316 2316 2317 2317 2269 2269 2267 2267 2265 2265 2318 2318 2319 2319 2320 2320 2278 2278 2318 2318 2316 2316 2267 2267 2264 2264 2321 2321 2318 2318 2264 2264 2288 2288 2322 2322 2323 2323 2282 2282 2280 2280 2276 2276 2324 2324 2319 2319 2273 2273 2272 2272 2317 2317 2325 2325 2324 2324 2274 2274 2317 2317 2272 2272 2269 2269 2322 2322 2321 2321 2264 2264 2286 2286 2326 2326 2322 2322 2326 2326 2286 2286 2284 2284 2280 2280 2320 2320 2323 2323 2276 2276 2274 2274 2324 2324 2274 2274 2273 2273 2325 2325 2318 2318 2265 2265 2264 2264 2284 2284 2327 2327 2326 2326 2323 2323 2327 2327 2282 2282 2278 2278 2276 2276 2319 2319 2269 2269 2267 2267 2316 2316 2327 2327 2284 2284 2282 2282 2317 2317 2325 2325 2273 2273 2320 2320 2280 2280 2278 2278 2322 2322 2288 2288 2286 2286 2324 2324 2328 2328 2329 2329 2319 2319 2329 2329 2330 2330 2330 2330 2320 2320 2319 2319 2329 2329 2319 2319 2324 2324 2331 2331 2329 2329 2332 2332 2333 2333 2334 2334 2335 2335 2333 2333 2329 2329 2331 2331 2329 2329 2328 2328 2332 2332 2329 2329 2333 2333 2336 2336 2335 2335 2336 2336 2333 2333 2332 2332 2337 2337 2331 2331 2335 2335 2338 2338 2336 2336 2336 2336 2330 2330 2329 2329 2331 2331 2339 2339 2333 2333 2320 2320 2330 2330 2336 2336 2323 2323 2336 2336 2338 2338 2338 2338 2327 2327 2323 2323 2336 2336 2323 2323 2320 2320 2327 2327 2338 2338 2335 2335 2326 2326 2335 2335 2334 2334 2334 2334 2322 2322 2326 2326 2335 2335 2326 2326 2327 2327 2322 2322 2334 2334 2333 2333 2321 2321 2333 2333 2339 2339 2339 2339 2318 2318 2321 2321 2333 2333 2321 2321 2322 2322 2318 2318 2339 2339 2331 2331 2316 2316 2331 2331 2337 2337 2337 2337 2317 2317 2316 2316 2331 2331 2316 2316 2318 2318 2317 2317 2337 2337 2332 2332 2325 2325 2332 2332 2328 2328 2328 2328 2324 2324 2325 2325 2332 2332 2325 2325 2317 2317 2340 2340 2341 2341 2342 2342 2343 2343 2340 2340 2344 2344 2345 2345 2343 2343 2346 2346 2347 2347 2348 2348 2349 2349 2350 2350 2349 2349 2348 2348 2348 2348 2351 2351 2350 2350 2352 2352 2350 2350 2351 2351 2353 2353 2352 2352 2354 2354 2355 2355 2353 2353 2356 2356 2357 2357 2355 2355 2358 2358 2359 2359 2357 2357 2360 2360 2361 2361 2359 2359 2362 2362 2363 2363 2361 2361 2364 2364 2365 2365 2363 2363 2366 2366 2341 2341 2365 2365 2367 2367 2367 2367 2342 2342 2341 2341 2366 2366 2367 2367 2365 2365 2364 2364 2366 2366 2363 2363 2362 2362 2364 2364 2361 2361 2360 2360 2362 2362 2359 2359 2358 2358 2360 2360 2357 2357 2356 2356 2358 2358 2355 2355 2354 2354 2356 2356 2353 2353 2351 2351 2354 2354 2352 2352 2349 2349 2345 2345 2347 2347 2346 2346 2347 2347 2345 2345 2344 2344 2346 2346 2343 2343 2342 2342 2344 2344 2340 2340 2368 2368 2345 2345 2349 2349 2349 2349 2369 2369 2368 2368 2368 2368 2343 2343 2345 2345 2370 2370 2359 2359 2361 2361 2369 2369 2353 2353 2355 2355 2349 2349 2350 2350 2369 2369 2371 2371 2365 2365 2341 2341 2370 2370 2357 2357 2359 2359 2355 2355 2370 2370 2369 2369 2350 2350 2352 2352 2369 2369 2371 2371 2363 2363 2365 2365 2355 2355 2357 2357 2370 2370 2368 2368 2340 2340 2343 2343 2341 2341 2368 2368 2371 2371 2352 2352 2353 2353 2369 2369 2371 2371 2361 2361 2363 2363 2341 2341 2340 2340 2368 2368 2361 2361 2371 2371 2370 2370 2369 2369 2372 2372 2373 2373 2369 2369 2370 2370 2372 2372 2374 2374 2375 2375 2376 2376 2374 2374 2373 2373 2375 2375 2377 2377 2378 2378 2379 2379 2377 2377 2376 2376 2378 2378 2380 2380 2379 2379 2381 2381 2381 2381 2382 2382 2380 2380 2379 2379 2380 2380 2377 2377 2376 2376 2377 2377 2374 2374 2373 2373 2374 2374 2369 2369 2383 2383 2370 2370 2371 2371 2383 2383 2372 2372 2370 2370 2371 2371 2384 2384 2383 2383 2385 2385 2381 2381 2379 2379 2385 2385 2386 2386 2381 2381 2387 2387 2388 2388 2378 2378 2388 2388 2379 2379 2378 2378 2389 2389 2387 2387 2375 2375 2387 2387 2376 2376 2375 2375 2383 2383 2389 2389 2373 2373 2373 2373 2372 2372 2383 2383 2375 2375 2373 2373 2389 2389 2378 2378 2376 2376 2387 2387 2379 2379 2388 2388 2385 2385 2386 2386 2385 2385 2390 2390 2390 2390 2391 2391 2386 2386 2382 2382 2386 2386 2391 2391 2382 2382 2381 2381 2386 2386 2391 2391 2392 2392 2382 2382 2391 2391 2393 2393 2392 2392 2394 2394 2392 2392 2395 2395 2395 2395 2396 2396 2394 2394 2380 2380 2369 2369 2374 2374 2368 2368 2382 2382 2394 2394 2394 2394 2382 2382 2392 2392 2374 2374 2377 2377 2380 2380 2396 2396 2397 2397 2394 2394 2382 2382 2368 2368 2369 2369 2380 2380 2382 2382 2369 2369 2394 2394 2398 2398 2368 2368 2395 2395 2392 2392 2393 2393 2396 2396 2395 2395 2399 2399 2397 2397 2396 2396 2400 2400 2394 2394 2397 2397 2401 2401 2401 2401 2402 2402 2394 2394 2402 2402 2403 2403 2394 2394 2400 2400 2401 2401 2397 2397 2399 2399 2400 2400 2396 2396 2393 2393 2399 2399 2395 2395 2404 2404 2405 2405 2402 2402 2406 2406 2404 2404 2401 2401 2407 2407 2406 2406 2400 2400 2407 2407 2399 2399 2393 2393 2393 2393 2390 2390 2407 2407 2393 2393 2391 2391 2390 2390 2400 2400 2399 2399 2407 2407 2401 2401 2400 2400 2406 2406 2402 2402 2401 2401 2404 2404 2405 2405 2408 2408 2409 2409 2409 2409 2403 2403 2405 2405 2403 2403 2402 2402 2405 2405 2394 2394 2410 2410 2411 2411 2394 2394 2403 2403 2412 2412 2409 2409 2413 2413 2414 2414 2409 2409 2398 2398 2415 2415 2398 2398 2394 2394 2416 2416 2394 2394 2417 2417 2410 2410 2403 2403 2418 2418 2412 2412 2403 2403 2409 2409 2419 2419 2415 2415 2413 2413 2409 2409 2416 2416 2420 2420 2398 2398 2412 2412 2417 2417 2394 2394 2419 2419 2421 2421 2403 2403 2398 2398 2422 2422 2415 2415 2420 2420 2423 2423 2398 2398 2421 2421 2418 2418 2403 2403 2423 2423 2422 2422 2398 2398 2414 2414 2419 2419 2409 2409 2411 2411 2416 2416 2394 2394 2424 2424 2425 2425 2415 2415 2426 2426 2424 2424 2422 2422 2427 2427 2426 2426 2423 2423 2416 2416 2411 2411 2428 2428 2416 2416 2429 2429 2427 2427 2427 2427 2420 2420 2416 2416 2430 2430 2428 2428 2411 2411 2431 2431 2430 2430 2410 2410 2432 2432 2431 2431 2417 2417 2433 2433 2432 2432 2412 2412 2434 2434 2433 2433 2418 2418 2435 2435 2434 2434 2421 2421 2436 2436 2435 2435 2419 2419 2437 2437 2436 2436 2414 2414 2425 2425 2437 2437 2413 2413 2413 2413 2415 2415 2425 2425 2414 2414 2413 2413 2437 2437 2419 2419 2414 2414 2436 2436 2421 2421 2419 2419 2435 2435 2418 2418 2421 2421 2434 2434 2412 2412 2418 2418 2433 2433 2417 2417 2412 2412 2432 2432 2410 2410 2417 2417 2431 2431 2411 2411 2410 2410 2430 2430 2428 2428 2429 2429 2416 2416 2423 2423 2420 2420 2427 2427 2422 2422 2423 2423 2426 2426 2415 2415 2422 2422 2424 2424 2409 2409 2408 2408 2438 2438 2439 2439 2440 2440 2398 2398 2398 2398 2409 2409 2439 2439 2441 2441 2368 2368 2398 2398 2442 2442 2371 2371 2368 2368 2371 2371 2442 2442 2443 2443 2398 2398 2440 2440 2441 2441 2443 2443 2384 2384 2371 2371 2368 2368 2441 2441 2442 2442 2438 2438 2439 2439 2409 2409 2443 2443 2444 2444 2383 2383 2444 2444 2389 2389 2383 2383 2444 2444 2445 2445 2390 2390 2438 2438 2408 2408 2405 2405 2444 2444 2387 2387 2389 2389 2390 2390 2385 2385 2444 2444 2405 2405 2445 2445 2438 2438 2444 2444 2388 2388 2387 2387 2445 2445 2407 2407 2390 2390 2405 2405 2404 2404 2445 2445 2385 2385 2388 2388 2444 2444 2404 2404 2406 2406 2445 2445 2406 2406 2407 2407 2445 2445 2383 2383 2384 2384 2443 2443 2445 2445 2446 2446 2439 2439 2439 2439 2438 2438 2445 2445 2447 2447 2448 2448 2449 2449 2450 2450 2449 2449 2451 2451 2452 2452 2451 2451 2446 2446 2446 2446 2445 2445 2452 2452 2451 2451 2452 2452 2450 2450 2449 2449 2450 2450 2447 2447 2444 2444 2443 2443 2442 2442 2442 2442 2453 2453 2444 2444 2444 2444 2453 2453 2454 2454 2455 2455 2454 2454 2456 2456 2457 2457 2456 2456 2458 2458 2458 2458 2459 2459 2457 2457 2456 2456 2457 2457 2455 2455 2454 2454 2455 2455 2444 2444 2460 2460 2448 2448 2447 2447 2447 2447 2461 2461 2460 2460 2440 2440 2429 2429 2428 2428 2448 2448 2460 2460 2432 2432 2431 2431 2432 2432 2460 2460 2440 2440 2427 2427 2429 2429 2434 2434 2451 2451 2449 2449 2433 2433 2449 2449 2448 2448 2460 2460 2462 2462 2431 2431 2463 2463 2430 2430 2464 2464 2440 2440 2426 2426 2427 2427 2434 2434 2446 2446 2451 2451 2462 2462 2465 2465 2431 2431 2464 2464 2466 2466 2463 2463 2430 2430 2431 2431 2465 2465 2428 2428 2463 2463 2440 2440 2439 2439 2437 2437 2425 2425 2439 2439 2446 2446 2434 2434 2432 2432 2433 2433 2448 2448 2465 2465 2464 2464 2430 2430 2440 2440 2424 2424 2426 2426 2425 2425 2440 2440 2439 2439 2449 2449 2433 2433 2434 2434 2428 2428 2430 2430 2463 2463 2439 2439 2436 2436 2437 2437 2466 2466 2467 2467 2463 2463 2439 2439 2435 2435 2436 2436 2425 2425 2424 2424 2440 2440 2434 2434 2435 2435 2439 2439 2466 2466 2464 2464 2468 2468 2464 2464 2465 2465 2469 2469 2465 2465 2462 2462 2470 2470 2462 2462 2460 2460 2461 2461 2461 2461 2470 2470 2462 2462 2470 2470 2469 2469 2465 2465 2469 2469 2468 2468 2464 2464 2468 2468 2471 2471 2466 2466 2472 2472 2461 2461 2447 2447 2447 2447 2473 2473 2472 2472 2461 2461 2472 2472 2474 2474 2470 2470 2474 2474 2475 2475 2469 2469 2475 2475 2476 2476 2471 2471 2468 2468 2477 2477 2468 2468 2476 2476 2477 2477 2477 2477 2478 2478 2471 2471 2476 2476 2468 2468 2469 2469 2475 2475 2469 2469 2470 2470 2474 2474 2470 2470 2461 2461 2471 2471 2479 2479 2467 2467 2467 2467 2466 2466 2471 2471 2463 2463 2467 2467 2480 2480 2480 2480 2481 2481 2463 2463 2467 2467 2479 2479 2482 2482 2482 2482 2480 2480 2467 2467 2483 2483 2481 2481 2480 2480 2480 2480 2484 2484 2483 2483 2480 2480 2482 2482 2485 2485 2485 2485 2484 2484 2480 2480 2483 2483 2484 2484 2486 2486 2487 2487 2486 2486 2488 2488 2489 2489 2488 2488 2490 2490 2490 2490 2491 2491 2489 2489 2488 2488 2489 2489 2487 2487 2486 2486 2487 2487 2483 2483 2484 2484 2485 2485 2492 2492 2486 2486 2492 2492 2493 2493 2488 2488 2493 2493 2494 2494 2494 2494 2490 2490 2488 2488 2493 2493 2488 2488 2486 2486 2492 2492 2486 2486 2484 2484 2491 2491 2490 2490 2495 2495 2495 2495 2496 2496 2491 2491 2490 2490 2494 2494 2497 2497 2497 2497 2495 2495 2490 2490 2496 2496 2495 2495 2498 2498 2499 2499 2498 2498 2500 2500 2501 2501 2500 2500 2502 2502 2502 2502 2503 2503 2501 2501 2500 2500 2501 2501 2499 2499 2498 2498 2499 2499 2496 2496 2495 2495 2497 2497 2504 2504 2498 2498 2504 2504 2505 2505 2500 2500 2505 2505 2506 2506 2506 2506 2502 2502 2500 2500 2505 2505 2500 2500 2498 2498 2504 2504 2498 2498 2495 2495 2503 2503 2502 2502 2507 2507 2507 2507 2508 2508 2503 2503 2509 2509 2510 2510 2508 2508 2508 2508 2507 2507 2509 2509 2502 2502 2506 2506 2511 2511 2511 2511 2507 2507 2502 2502 2507 2507 2511 2511 2512 2512 2512 2512 2509 2509 2507 2507 2510 2510 2513 2513 2514 2514 2458 2458 2360 2360 2358 2358 2362 2362 2360 2360 2456 2456 2441 2441 2510 2510 2351 2351 2354 2354 2514 2514 2515 2515 2510 2510 2509 2509 2513 2513 2356 2356 2516 2516 2517 2517 2358 2358 2517 2517 2458 2458 2456 2456 2454 2454 2362 2362 2510 2510 2354 2354 2351 2351 2514 2514 2354 2354 2510 2510 2356 2356 2515 2515 2516 2516 2454 2454 2453 2453 2362 2362 2442 2442 2364 2364 2362 2362 2515 2515 2356 2356 2354 2354 2458 2458 2456 2456 2360 2360 2442 2442 2366 2366 2364 2364 2517 2517 2358 2358 2356 2356 2442 2442 2367 2367 2366 2366 2442 2442 2441 2441 2342 2342 2362 2362 2453 2453 2442 2442 2441 2441 2344 2344 2342 2342 2441 2441 2348 2348 2347 2347 2342 2342 2367 2367 2442 2442 2347 2347 2346 2346 2441 2441 2346 2346 2344 2344 2441 2441 2351 2351 2348 2348 2441 2441 2518 2518 2513 2513 2509 2509 2509 2509 2512 2512 2518 2518 2517 2517 2516 2516 2519 2519 2516 2516 2515 2515 2520 2520 2515 2515 2514 2514 2521 2521 2514 2514 2513 2513 2518 2518 2518 2518 2521 2521 2514 2514 2521 2521 2520 2520 2515 2515 2520 2520 2519 2519 2516 2516 2519 2519 2522 2522 2517 2517 2459 2459 2458 2458 2517 2517 2517 2517 2522 2522 2459 2459 2523 2523 2459 2459 2522 2522 2522 2522 2524 2524 2523 2523 2457 2457 2459 2459 2523 2523 2523 2523 2525 2525 2457 2457 2455 2455 2457 2457 2526 2526 2526 2526 2527 2527 2455 2455 2527 2527 2528 2528 2455 2455 2445 2445 2529 2529 2530 2530 2445 2445 2444 2444 2531 2531 2531 2531 2529 2529 2445 2445 2444 2444 2455 2455 2532 2532 2532 2532 2531 2531 2444 2444 2452 2452 2533 2533 2534 2534 2452 2452 2535 2535 2533 2533 2452 2452 2530 2530 2535 2535 2450 2450 2536 2536 2473 2473 2450 2450 2534 2534 2536 2536 2473 2473 2447 2447 2450 2450 2534 2534 2450 2450 2452 2452 2530 2530 2452 2452 2445 2445 2528 2528 2532 2532 2455 2455 2525 2525 2526 2526 2457 2457 2537 2537 2538 2538 2477 2477 2477 2477 2476 2476 2537 2537 2539 2539 2537 2537 2475 2475 2540 2540 2473 2473 2536 2536 2540 2540 2534 2534 2533 2533 2533 2533 2535 2535 2540 2540 2540 2540 2541 2541 2472 2472 2472 2472 2473 2473 2540 2540 2540 2540 2535 2535 2541 2541 2541 2541 2539 2539 2474 2474 2474 2474 2472 2472 2541 2541 2542 2542 2541 2541 2535 2535 2535 2535 2530 2530 2542 2542 2530 2530 2529 2529 2542 2542 2536 2536 2534 2534 2540 2540 2475 2475 2474 2474 2539 2539 2476 2476 2475 2475 2537 2537 2543 2543 2542 2542 2529 2529 2529 2529 2531 2531 2543 2543 2544 2544 2545 2545 2546 2546 2547 2547 2548 2548 2549 2549 2547 2547 2546 2546 2548 2548 2543 2543 2532 2532 2528 2528 2543 2543 2531 2531 2532 2532 2550 2550 2524 2524 2545 2545 2551 2551 2523 2523 2524 2524 2550 2550 2528 2528 2551 2551 2551 2551 2528 2528 2527 2527 2551 2551 2526 2526 2525 2525 2525 2525 2523 2523 2551 2551 2527 2527 2526 2526 2551 2551 2524 2524 2550 2550 2551 2551 2545 2545 2544 2544 2550 2550 2528 2528 2550 2550 2543 2543 2549 2549 2552 2552 2547 2547 2546 2546 2547 2547 2544 2544 2518 2518 2553 2553 2549 2549 2549 2549 2521 2521 2518 2518 2520 2520 2521 2521 2548 2548 2519 2519 2520 2520 2546 2546 2522 2522 2519 2519 2545 2545 2545 2545 2524 2524 2522 2522 2546 2546 2545 2545 2519 2519 2548 2548 2546 2546 2520 2520 2549 2549 2548 2548 2521 2521 2554 2554 2555 2555 2478 2478 2478 2478 2538 2538 2554 2554 2478 2478 2477 2477 2538 2538 2556 2556 2552 2552 2553 2553 2552 2552 2549 2549 2553 2553 2553 2553 2557 2557 2556 2556 2558 2558 2555 2555 2554 2554 2554 2554 2559 2559 2558 2558 2560 2560 2558 2558 2559 2559 2559 2559 2561 2561 2560 2560 2562 2562 2560 2560 2561 2561 2563 2563 2562 2562 2564 2564 2565 2565 2563 2563 2566 2566 2566 2566 2567 2567 2565 2565 2564 2564 2566 2566 2563 2563 2561 2561 2564 2564 2562 2562 2567 2567 2568 2568 2569 2569 2569 2569 2565 2565 2567 2567 2497 2497 2494 2494 2565 2565 2565 2565 2569 2569 2497 2497 2492 2492 2485 2485 2562 2562 2563 2563 2494 2494 2493 2493 2482 2482 2558 2558 2560 2560 2504 2504 2497 2497 2570 2570 2571 2571 2506 2506 2505 2505 2494 2494 2563 2563 2565 2565 2493 2493 2492 2492 2563 2563 2560 2560 2485 2485 2482 2482 2555 2555 2558 2558 2482 2482 2518 2518 2512 2512 2557 2557 2557 2557 2512 2512 2511 2511 2511 2511 2506 2506 2572 2572 2505 2505 2504 2504 2571 2571 2562 2562 2563 2563 2492 2492 2482 2482 2479 2479 2555 2555 2471 2471 2478 2478 2555 2555 2511 2511 2573 2573 2557 2557 2506 2506 2571 2571 2572 2572 2569 2569 2570 2570 2497 2497 2555 2555 2479 2479 2471 2471 2572 2572 2573 2573 2511 2511 2560 2560 2562 2562 2485 2485 2570 2570 2571 2571 2504 2504 2557 2557 2553 2553 2518 2518 2574 2574 2573 2573 2572 2572 2572 2572 2575 2575 2574 2574 2570 2570 2569 2569 2568 2568 2571 2571 2570 2570 2576 2576 2572 2572 2571 2571 2577 2577 2577 2577 2575 2575 2572 2572 2576 2576 2577 2577 2571 2571 2568 2568 2576 2576 2570 2570 2557 2557 2573 2573 2574 2574 2574 2574 2556 2556 2557 2557 2578 2578 2579 2579 2580 2580 2581 2581 2580 2580 2579 2579 2579 2579 2582 2582 2581 2581 2583 2583 2584 2584 2585 2585 2586 2586 2587 2587 2584 2584 2547 2547 2552 2552 2588 2588 2589 2589 2590 2590 2591 2591 2586 2586 2592 2592 2593 2593 2585 2585 2578 2578 2583 2583 2584 2584 2592 2592 2586 2586 2575 2575 2594 2594 2595 2595 2596 2596 2544 2544 2547 2547 2582 2582 2597 2597 2556 2556 2591 2591 2583 2583 2589 2589 2590 2590 2561 2561 2559 2559 2590 2590 2566 2566 2564 2564 2539 2539 2541 2541 2598 2598 2593 2593 2542 2542 2586 2586 2587 2587 2585 2585 2584 2584 2575 2575 2599 2599 2594 2594 2550 2550 2596 2596 2600 2600 2552 2552 2601 2601 2588 2588 2556 2556 2602 2602 2601 2601 2556 2556 2574 2574 2582 2582 2590 2590 2603 2603 2604 2604 2591 2591 2605 2605 2583 2583 2564 2564 2561 2561 2590 2590 2606 2606 2559 2559 2554 2554 2538 2538 2607 2607 2608 2608 2538 2538 2537 2537 2609 2609 2609 2609 2537 2537 2539 2539 2580 2580 2583 2583 2578 2578 2595 2595 2582 2582 2575 2575 2542 2542 2543 2543 2610 2610 2600 2600 2543 2543 2550 2550 2601 2601 2552 2552 2556 2556 2574 2574 2575 2575 2582 2582 2589 2589 2603 2603 2590 2590 2554 2554 2611 2611 2606 2606 2608 2608 2554 2554 2538 2538 2598 2598 2609 2609 2539 2539 2598 2598 2541 2541 2542 2542 2595 2595 2581 2581 2582 2582 2610 2610 2612 2612 2542 2542 2550 2550 2544 2544 2596 2596 2597 2597 2602 2602 2556 2556 2604 2604 2566 2566 2590 2590 2608 2608 2611 2611 2554 2554 2542 2542 2613 2613 2598 2598 2612 2612 2586 2586 2542 2542 2588 2588 2596 2596 2547 2547 2599 2599 2576 2576 2568 2568 2599 2599 2575 2575 2577 2577 2567 2567 2614 2614 2615 2615 2616 2616 2614 2614 2567 2567 2566 2566 2604 2604 2617 2617 2605 2605 2618 2618 2583 2583 2609 2609 2607 2607 2538 2538 2600 2600 2610 2610 2543 2543 2577 2577 2576 2576 2599 2599 2567 2567 2566 2566 2616 2616 2618 2618 2584 2584 2583 2583 2593 2593 2613 2613 2542 2542 2568 2568 2615 2615 2619 2619 2617 2617 2616 2616 2566 2566 2568 2568 2619 2619 2599 2599 2559 2559 2606 2606 2590 2590 2615 2615 2568 2568 2567 2567 2620 2620 2621 2621 2622 2622 2622 2622 2623 2623 2620 2620 2623 2623 2624 2624 2620 2620 2625 2625 2626 2626 2627 2627 2621 2621 2628 2628 2622 2622 2629 2629 2463 2463 2630 2630 2625 2625 2631 2631 2626 2626 2630 2630 2620 2620 2629 2629 2630 2630 2463 2463 2481 2481 2503 2503 2508 2508 2632 2632 2633 2633 2632 2632 2508 2508 2621 2621 2634 2634 2635 2635 2625 2625 2636 2636 2631 2631 2634 2634 2621 2621 2637 2637 2510 2510 2441 2441 2638 2638 2463 2463 2629 2629 2639 2639 2481 2481 2640 2640 2630 2630 2641 2641 2642 2642 2643 2643 2644 2644 2440 2440 2645 2645 2508 2508 2510 2510 2633 2633 2510 2510 2636 2636 2625 2625 2635 2635 2643 2643 2621 2621 2637 2637 2627 2627 2634 2634 2441 2441 2646 2646 2638 2638 2440 2440 2463 2463 2647 2647 2624 2624 2629 2629 2620 2620 2648 2648 2489 2489 2491 2491 2491 2491 2496 2496 2649 2649 2643 2643 2650 2650 2641 2641 2440 2440 2651 2651 2645 2645 2625 2625 2633 2633 2510 2510 2627 2627 2637 2637 2625 2625 2638 2638 2652 2652 2510 2510 2441 2441 2653 2653 2654 2654 2647 2647 2655 2655 2440 2440 2621 2621 2656 2656 2628 2628 2648 2648 2487 2487 2489 2489 2496 2496 2657 2657 2649 2649 2658 2658 2499 2499 2501 2501 2658 2658 2657 2657 2496 2496 2440 2440 2644 2644 2653 2653 2645 2645 2642 2642 2644 2644 2635 2635 2650 2650 2643 2643 2654 2654 2646 2646 2441 2441 2655 2655 2659 2659 2440 2440 2621 2621 2643 2643 2656 2656 2481 2481 2483 2483 2660 2660 2648 2648 2660 2660 2483 2483 2649 2649 2661 2661 2491 2491 2496 2496 2499 2499 2658 2658 2641 2641 2644 2644 2642 2642 2652 2652 2636 2636 2510 2510 2639 2639 2647 2647 2463 2463 2483 2483 2487 2487 2648 2648 2501 2501 2503 2503 2658 2658 2632 2632 2658 2658 2503 2503 2660 2660 2640 2640 2481 2481 2653 2653 2441 2441 2440 2440 2491 2491 2661 2661 2648 2648 2659 2659 2651 2651 2440 2440 2617 2617 2604 2604 2640 2640 2616 2616 2617 2617 2660 2660 2614 2614 2616 2616 2648 2648 2615 2615 2649 2649 2657 2657 2649 2649 2615 2615 2614 2614 2614 2614 2661 2661 2649 2649 2599 2599 2619 2619 2657 2657 2594 2594 2599 2599 2658 2658 2595 2595 2594 2594 2632 2632 2581 2581 2595 2595 2633 2633 2580 2580 2581 2581 2625 2625 2583 2583 2580 2580 2637 2637 2589 2589 2583 2583 2621 2621 2603 2603 2589 2589 2620 2620 2604 2604 2603 2603 2630 2630 2630 2630 2640 2640 2604 2604 2620 2620 2630 2630 2603 2603 2621 2621 2620 2620 2589 2589 2637 2637 2621 2621 2583 2583 2625 2625 2637 2637 2580 2580 2633 2633 2625 2625 2581 2581 2632 2632 2633 2633 2595 2595 2658 2658 2632 2632 2594 2594 2657 2657 2658 2658 2599 2599 2657 2657 2619 2619 2615 2615 2648 2648 2661 2661 2614 2614 2660 2660 2648 2648 2616 2616 2640 2640 2660 2660 2617 2617 2608 2608 2607 2607 2647 2647 2611 2611 2608 2608 2639 2639 2606 2606 2611 2611 2629 2629 2590 2590 2623 2623 2622 2622 2623 2623 2590 2590 2606 2606 2606 2606 2624 2624 2623 2623 2605 2605 2591 2591 2622 2622 2618 2618 2605 2605 2628 2628 2584 2584 2618 2618 2656 2656 2592 2592 2584 2584 2643 2643 2593 2593 2592 2592 2642 2642 2613 2613 2593 2593 2645 2645 2598 2598 2613 2613 2651 2651 2609 2609 2598 2598 2659 2659 2607 2607 2609 2609 2655 2655 2655 2655 2647 2647 2607 2607 2659 2659 2655 2655 2609 2609 2651 2651 2659 2659 2598 2598 2645 2645 2651 2651 2613 2613 2642 2642 2645 2645 2593 2593 2643 2643 2642 2642 2592 2592 2656 2656 2643 2643 2584 2584 2628 2628 2656 2656 2618 2618 2622 2622 2628 2628 2605 2605 2622 2622 2591 2591 2590 2590 2629 2629 2624 2624 2606 2606 2639 2639 2629 2629 2611 2611 2647 2647 2639 2639 2608 2608 2585 2585 2587 2587 2650 2650 2578 2578 2585 2585 2635 2635 2579 2579 2578 2578 2634 2634 2582 2582 2626 2626 2631 2631 2626 2626 2582 2582 2579 2579 2579 2579 2627 2627 2626 2626 2602 2602 2597 2597 2631 2631 2601 2601 2602 2602 2636 2636 2588 2588 2601 2601 2652 2652 2596 2596 2588 2588 2638 2638 2600 2600 2596 2596 2646 2646 2610 2610 2600 2600 2654 2654 2612 2612 2610 2610 2653 2653 2586 2586 2612 2612 2644 2644 2587 2587 2586 2586 2641 2641 2641 2641 2650 2650 2587 2587 2644 2644 2641 2641 2586 2586 2653 2653 2644 2644 2612 2612 2654 2654 2653 2653 2610 2610 2646 2646 2654 2654 2600 2600 2638 2638 2646 2646 2596 2596 2652 2652 2638 2638 2588 2588 2636 2636 2652 2652 2601 2601 2631 2631 2636 2636 2602 2602 2631 2631 2597 2597 2582 2582 2634 2634 2627 2627 2579 2579 2635 2635 2634 2634 2578 2578 2650 2650 2635 2635 2585 2585 2662 2662 2663 2663 2664 2664 2665 2665 2662 2662 2666 2666 2667 2667 2665 2665 2668 2668 2669 2669 2667 2667 2670 2670 2671 2671 2669 2669 2672 2672 2673 2673 2671 2671 2674 2674 2675 2675 2673 2673 2676 2676 2677 2677 2675 2675 2678 2678 2679 2679 2677 2677 2680 2680 2679 2679 2681 2681 2682 2682 2683 2683 2684 2684 2685 2685 2685 2685 2682 2682 2683 2683 2686 2686 2684 2684 2683 2683 2687 2687 2686 2686 2688 2688 2663 2663 2687 2687 2689 2689 2689 2689 2664 2664 2663 2663 2688 2688 2689 2689 2687 2687 2683 2683 2688 2688 2686 2686 2682 2682 2685 2685 2679 2679 2680 2680 2681 2681 2679 2679 2678 2678 2680 2680 2677 2677 2676 2676 2678 2678 2675 2675 2674 2674 2676 2676 2673 2673 2672 2672 2674 2674 2671 2671 2670 2670 2672 2672 2669 2669 2668 2668 2670 2670 2667 2667 2666 2666 2668 2668 2665 2665 2664 2664 2666 2666 2662 2662 2690 2690 2688 2688 2683 2683 2683 2683 2691 2691 2690 2690 2690 2690 2692 2692 2689 2689 2689 2689 2688 2688 2690 2690 2693 2693 2666 2666 2664 2664 2694 2694 2676 2676 2674 2674 2694 2694 2695 2695 2678 2678 2695 2695 2696 2696 2680 2680 2692 2692 2664 2664 2689 2689 2693 2693 2668 2668 2666 2666 2693 2693 2697 2697 2670 2670 2674 2674 2697 2697 2694 2694 2680 2680 2678 2678 2695 2695 2696 2696 2698 2698 2681 2681 2698 2698 2691 2691 2682 2682 2664 2664 2692 2692 2693 2693 2697 2697 2672 2672 2670 2670 2678 2678 2676 2676 2694 2694 2682 2682 2681 2681 2698 2698 2670 2670 2668 2668 2693 2693 2681 2681 2680 2680 2696 2696 2674 2674 2672 2672 2697 2697 2683 2683 2682 2682 2691 2691 2699 2699 2694 2694 2697 2697 2697 2697 2700 2700 2699 2699 2701 2701 2690 2690 2691 2691 2702 2702 2691 2691 2698 2698 2703 2703 2698 2698 2696 2696 2704 2704 2696 2696 2695 2695 2705 2705 2695 2695 2694 2694 2694 2694 2699 2699 2705 2705 2695 2695 2705 2705 2704 2704 2696 2696 2704 2704 2703 2703 2698 2698 2703 2703 2702 2702 2691 2691 2702 2702 2701 2701 2690 2690 2701 2701 2706 2706 2706 2706 2692 2692 2690 2690 2699 2699 2707 2707 2708 2708 2705 2705 2708 2708 2709 2709 2704 2704 2709 2709 2710 2710 2703 2703 2710 2710 2711 2711 2702 2702 2711 2711 2712 2712 2712 2712 2701 2701 2702 2702 2711 2711 2702 2702 2703 2703 2710 2710 2703 2703 2704 2704 2709 2709 2704 2704 2705 2705 2708 2708 2705 2705 2699 2699 2706 2706 2701 2701 2712 2712 2712 2712 2713 2713 2706 2706 2714 2714 2715 2715 2713 2713 2713 2713 2712 2712 2714 2714 2707 2707 2716 2716 2717 2717 2708 2708 2717 2717 2718 2718 2709 2709 2718 2718 2719 2719 2710 2710 2719 2719 2720 2720 2711 2711 2720 2720 2714 2714 2714 2714 2712 2712 2711 2711 2720 2720 2711 2711 2710 2710 2719 2719 2710 2710 2709 2709 2718 2718 2709 2709 2708 2708 2717 2717 2708 2708 2707 2707 2721 2721 2716 2716 2707 2707 2707 2707 2722 2722 2721 2721 2719 2719 2679 2679 2685 2685 2667 2667 2669 2669 2723 2723 2714 2714 2720 2720 2684 2684 2685 2685 2720 2720 2719 2719 2669 2669 2724 2724 2723 2723 2685 2685 2684 2684 2720 2720 2718 2718 2677 2677 2679 2679 2725 2725 2667 2667 2726 2726 2723 2723 2727 2727 2667 2667 2715 2715 2663 2663 2662 2662 2714 2714 2686 2686 2687 2687 2679 2679 2719 2719 2718 2718 2725 2725 2728 2728 2729 2729 2667 2667 2730 2730 2726 2726 2669 2669 2731 2731 2724 2724 2721 2721 2732 2732 2731 2731 2715 2715 2687 2687 2663 2663 2684 2684 2686 2686 2714 2714 2717 2717 2675 2675 2677 2677 2716 2716 2673 2673 2675 2675 2726 2726 2728 2728 2725 2725 2731 2731 2669 2669 2721 2721 2687 2687 2715 2715 2714 2714 2675 2675 2717 2717 2716 2716 2716 2716 2721 2721 2671 2671 2733 2733 2725 2725 2734 2734 2727 2727 2730 2730 2667 2667 2725 2725 2662 2662 2665 2665 2677 2677 2718 2718 2717 2717 2721 2721 2669 2669 2671 2671 2729 2729 2734 2734 2725 2725 2721 2721 2735 2735 2736 2736 2735 2735 2737 2737 2738 2738 2737 2737 2739 2739 2740 2740 2733 2733 2741 2741 2740 2740 2662 2662 2725 2725 2715 2715 2734 2734 2741 2741 2733 2733 2738 2738 2736 2736 2735 2735 2740 2740 2739 2739 2733 2733 2671 2671 2673 2673 2716 2716 2740 2740 2738 2738 2737 2737 2736 2736 2732 2732 2721 2721 2665 2665 2667 2667 2725 2725 2742 2742 2733 2733 2739 2739 2743 2743 2739 2739 2737 2737 2744 2744 2737 2737 2735 2735 2745 2745 2735 2735 2721 2721 2721 2721 2722 2722 2745 2745 2735 2735 2745 2745 2744 2744 2737 2737 2744 2744 2743 2743 2739 2739 2743 2743 2742 2742 2733 2733 2742 2742 2746 2746 2746 2746 2725 2725 2733 2733 2747 2747 2742 2742 2743 2743 2748 2748 2743 2743 2744 2744 2749 2749 2744 2744 2745 2745 2750 2750 2745 2745 2722 2722 2722 2722 2751 2751 2750 2750 2745 2745 2750 2750 2749 2749 2744 2744 2749 2749 2748 2748 2743 2743 2748 2748 2747 2747 2752 2752 2746 2746 2742 2742 2742 2742 2747 2747 2752 2752 2747 2747 2753 2753 2754 2754 2754 2754 2752 2752 2747 2747 2729 2729 2728 2728 2755 2755 2734 2734 2729 2729 2756 2756 2741 2741 2734 2734 2757 2757 2740 2740 2741 2741 2758 2758 2738 2738 2740 2740 2759 2759 2736 2736 2738 2738 2760 2760 2732 2732 2736 2736 2761 2761 2731 2731 2732 2732 2762 2762 2724 2724 2731 2731 2763 2763 2764 2764 2727 2727 2723 2723 2724 2724 2765 2765 2766 2766 2766 2766 2723 2723 2724 2724 2730 2730 2727 2727 2764 2764 2726 2726 2730 2730 2767 2767 2728 2728 2726 2726 2768 2768 2768 2768 2755 2755 2728 2728 2767 2767 2768 2768 2726 2726 2764 2764 2767 2767 2730 2730 2723 2723 2766 2766 2764 2764 2763 2763 2765 2765 2724 2724 2762 2762 2763 2763 2731 2731 2761 2761 2762 2762 2732 2732 2760 2760 2761 2761 2736 2736 2759 2759 2760 2760 2738 2738 2758 2758 2759 2759 2740 2740 2757 2757 2758 2758 2741 2741 2756 2756 2757 2757 2734 2734 2755 2755 2756 2756 2729 2729 2751 2751 2769 2769 2770 2770 2750 2750 2770 2770 2771 2771 2749 2749 2771 2771 2772 2772 2748 2748 2772 2772 2753 2753 2753 2753 2747 2747 2748 2748 2772 2772 2748 2748 2749 2749 2771 2771 2749 2749 2750 2750 2770 2770 2750 2750 2751 2751 2773 2773 2774 2774 2769 2769 2769 2769 2751 2751 2773 2773 2773 2773 2751 2751 2775 2775 2751 2751 2722 2722 2700 2700 2700 2700 2775 2775 2751 2751 2707 2707 2699 2699 2700 2700 2700 2700 2722 2722 2707 2707 2775 2775 2776 2776 2773 2773 2777 2777 2778 2778 2779 2779 2780 2780 2779 2779 2781 2781 2782 2782 2781 2781 2783 2783 2784 2784 2783 2783 2785 2785 2786 2786 2785 2785 2774 2774 2774 2774 2773 2773 2786 2786 2785 2785 2786 2786 2784 2784 2783 2783 2784 2784 2782 2782 2781 2781 2782 2782 2780 2780 2779 2779 2780 2780 2777 2777 2787 2787 2764 2764 2766 2766 2788 2788 2754 2754 2755 2755 2753 2753 2772 2772 2759 2759 2771 2771 2760 2760 2759 2759 2778 2778 2789 2789 2790 2790 2767 2767 2791 2791 2792 2792 2787 2787 2767 2767 2764 2764 2755 2755 2768 2768 2788 2788 2754 2754 2757 2757 2756 2756 2753 2753 2758 2758 2757 2757 2759 2759 2772 2772 2771 2771 2765 2765 2793 2793 2794 2794 2790 2790 2779 2779 2778 2778 2778 2778 2788 2788 2795 2795 2792 2792 2788 2788 2767 2767 2766 2766 2794 2794 2787 2787 2756 2756 2755 2755 2754 2754 2759 2759 2758 2758 2753 2753 2769 2769 2793 2793 2763 2763 2794 2794 2766 2766 2765 2765 2795 2795 2789 2789 2778 2778 2787 2787 2791 2791 2767 2767 2757 2757 2754 2754 2753 2753 2765 2765 2763 2763 2793 2793 2774 2774 2796 2796 2793 2793 2774 2774 2785 2785 2797 2797 2785 2785 2783 2783 2798 2798 2788 2788 2799 2799 2795 2795 2768 2768 2767 2767 2788 2788 2770 2770 2761 2761 2760 2760 2769 2769 2762 2762 2761 2761 2793 2793 2769 2769 2774 2774 2798 2798 2797 2797 2785 2785 2783 2783 2781 2781 2800 2800 2781 2781 2779 2779 2801 2801 2792 2792 2799 2799 2788 2788 2761 2761 2770 2770 2769 2769 2797 2797 2796 2796 2774 2774 2801 2801 2800 2800 2781 2781 2760 2760 2771 2771 2770 2770 2800 2800 2798 2798 2783 2783 2763 2763 2762 2762 2769 2769 2790 2790 2801 2801 2779 2779 2778 2778 2777 2777 2802 2802 2802 2802 2788 2788 2778 2778 2803 2803 2802 2802 2777 2777 2777 2777 2804 2804 2803 2803 2773 2773 2776 2776 2805 2805 2786 2786 2805 2805 2806 2806 2784 2784 2806 2806 2807 2807 2782 2782 2807 2807 2808 2808 2780 2780 2808 2808 2804 2804 2804 2804 2777 2777 2780 2780 2808 2808 2780 2780 2782 2782 2807 2807 2782 2782 2784 2784 2806 2806 2784 2784 2786 2786 2805 2805 2786 2786 2773 2773 2776 2776 2775 2775 2809 2809 2809 2809 2810 2810 2776 2776 2811 2811 2812 2812 2813 2813 2814 2814 2815 2815 2816 2816 2813 2813 2815 2815 2811 2811 2813 2813 2816 2816 2815 2815 2817 2817 2818 2818 2812 2812 2819 2819 2820 2820 2821 2821 2814 2814 2822 2822 2823 2823 2812 2812 2811 2811 2817 2817 2824 2824 2825 2825 2818 2818 2810 2810 2826 2826 2825 2825 2819 2819 2827 2827 2828 2828 2821 2821 2829 2829 2819 2819 2816 2816 2822 2822 2814 2814 2825 2825 2824 2824 2810 2810 2810 2810 2809 2809 2830 2830 2829 2829 2827 2827 2819 2819 2823 2823 2820 2820 2814 2814 2830 2830 2826 2826 2810 2810 2823 2823 2821 2821 2820 2820 2809 2809 2831 2831 2830 2830 2818 2818 2817 2817 2824 2824 2809 2809 2828 2828 2831 2831 2828 2828 2809 2809 2819 2819 2776 2776 2810 2810 2824 2824 2805 2805 2824 2824 2817 2817 2806 2806 2817 2817 2811 2811 2807 2807 2811 2811 2815 2815 2808 2808 2815 2815 2814 2814 2814 2814 2804 2804 2808 2808 2815 2815 2808 2808 2807 2807 2811 2811 2807 2807 2806 2806 2817 2817 2806 2806 2805 2805 2824 2824 2805 2805 2776 2776 2814 2814 2820 2820 2803 2803 2803 2803 2804 2804 2814 2814 2829 2829 2821 2821 2799 2799 2827 2827 2829 2829 2792 2792 2828 2828 2827 2827 2791 2791 2831 2831 2828 2828 2787 2787 2830 2830 2831 2831 2794 2794 2826 2826 2830 2830 2793 2793 2825 2825 2826 2826 2796 2796 2818 2818 2825 2825 2797 2797 2812 2812 2818 2818 2798 2798 2813 2813 2812 2812 2800 2800 2801 2801 2790 2790 2816 2816 2816 2816 2813 2813 2801 2801 2822 2822 2816 2816 2790 2790 2823 2823 2822 2822 2789 2789 2821 2821 2823 2823 2795 2795 2795 2795 2799 2799 2821 2821 2789 2789 2795 2795 2823 2823 2790 2790 2789 2789 2822 2822 2800 2800 2801 2801 2813 2813 2798 2798 2800 2800 2812 2812 2797 2797 2798 2798 2818 2818 2796 2796 2797 2797 2825 2825 2793 2793 2796 2796 2826 2826 2794 2794 2793 2793 2830 2830 2787 2787 2794 2794 2831 2831 2791 2791 2787 2787 2828 2828 2792 2792 2791 2791 2827 2827 2799 2799 2792 2792 2829 2829 2697 2697 2693 2693 2819 2819 2819 2819 2809 2809 2697 2697 2775 2775 2700 2700 2697 2697 2809 2809 2775 2775 2697 2697 2715 2715 2692 2692 2706 2706 2725 2725 2746 2746 2832 2832 2715 2715 2693 2693 2692 2692 2832 2832 2693 2693 2725 2725 2754 2754 2819 2819 2833 2833 2820 2820 2788 2788 2802 2802 2693 2693 2715 2715 2725 2725 2746 2746 2752 2752 2833 2833 2754 2754 2788 2788 2819 2819 2802 2802 2803 2803 2820 2820 2833 2833 2832 2832 2746 2746 2820 2820 2819 2819 2788 2788 2833 2833 2752 2752 2754 2754 2706 2706 2713 2713 2715 2715 2833 2833 2834 2834 2835 2835 2835 2835 2836 2836 2833 2833 2833 2833 2837 2837 2834 2834 2835 2835 2838 2838 2836 2836 2836 2836 2839 2839 2840 2840 2838 2838 2841 2841 2836 2836 2840 2840 2842 2842 2836 2836 2833 2833 2843 2843 2837 2837 2819 2819 2844 2844 2845 2845 2842 2842 2846 2846 2847 2847 2841 2841 2839 2839 2836 2836 2845 2845 2833 2833 2819 2819 2842 2842 2848 2848 2846 2846 2845 2845 2843 2843 2833 2833 2840 2840 2848 2848 2842 2842 2819 2819 2847 2847 2849 2849 2849 2849 2844 2844 2819 2819 2847 2847 2819 2819 2842 2842 2843 2843 2845 2845 2850 2850 2837 2837 2843 2843 2851 2851 2834 2834 2837 2837 2852 2852 2853 2853 2854 2854 2835 2835 2855 2855 2838 2838 2835 2835 2835 2835 2854 2854 2855 2855 2841 2841 2838 2838 2855 2855 2839 2839 2841 2841 2856 2856 2840 2840 2839 2839 2857 2857 2848 2848 2840 2840 2858 2858 2846 2846 2848 2848 2859 2859 2847 2847 2846 2846 2860 2860 2849 2849 2847 2847 2861 2861 2844 2844 2849 2849 2862 2862 2845 2845 2844 2844 2863 2863 2863 2863 2850 2850 2845 2845 2862 2862 2863 2863 2844 2844 2861 2861 2862 2862 2849 2849 2860 2860 2861 2861 2847 2847 2859 2859 2860 2860 2846 2846 2858 2858 2859 2859 2848 2848 2857 2857 2858 2858 2840 2840 2856 2856 2857 2857 2839 2839 2855 2855 2856 2856 2841 2841 2835 2835 2834 2834 2853 2853 2852 2852 2853 2853 2834 2834 2851 2851 2852 2852 2837 2837 2850 2850 2851 2851 2843 2843 2864 2864 2856 2856 2855 2855 2864 2864 2865 2865 2858 2858 2864 2864 2857 2857 2856 2856 2865 2865 2859 2859 2858 2858 2865 2865 2693 2693 2861 2861 2832 2832 2864 2864 2854 2854 2858 2858 2857 2857 2864 2864 2861 2861 2860 2860 2865 2865 2693 2693 2832 2832 2850 2850 2854 2854 2853 2853 2832 2832 2860 2860 2859 2859 2865 2865 2693 2693 2863 2863 2862 2862 2832 2832 2851 2851 2850 2850 2853 2853 2852 2852 2832 2832 2862 2862 2861 2861 2693 2693 2852 2852 2851 2851 2832 2832 2850 2850 2863 2863 2693 2693 2855 2855 2854 2854 2864 2864 2866 2866 2865 2865 2867 2867 2868 2868 2869 2869 2870 2870 2867 2867 2871 2871 2866 2866 2868 2868 2872 2872 2869 2869 2866 2866 2873 2873 2865 2865 2819 2819 2693 2693 2865 2865 2870 2870 2842 2842 2868 2868 2865 2865 2868 2868 2819 2819 2873 2873 2868 2868 2865 2865 2842 2842 2819 2819 2868 2868 2836 2836 2874 2874 2875 2875 2876 2876 2877 2877 2878 2878 2836 2836 2879 2879 2874 2874 2876 2876 2880 2880 2877 2877 2832 2832 2833 2833 2881 2881 2881 2881 2833 2833 2836 2836 2878 2878 2864 2864 2876 2876 2875 2875 2881 2881 2836 2836 2881 2881 2876 2876 2832 2832 2864 2864 2832 2832 2876 2876 2873 2873 2876 2876 2881 2881 2881 2881 2868 2868 2873 2873 2836 2836 2842 2842 2870 2870 2879 2879 2870 2870 2869 2869 2874 2874 2869 2869 2872 2872 2875 2875 2872 2872 2868 2868 2868 2868 2881 2881 2875 2875 2872 2872 2875 2875 2874 2874 2869 2869 2874 2874 2879 2879 2870 2870 2879 2879 2836 2836 2865 2865 2864 2864 2878 2878 2867 2867 2878 2878 2877 2877 2871 2871 2877 2877 2880 2880 2866 2866 2880 2880 2876 2876 2876 2876 2873 2873 2866 2866 2880 2880 2866 2866 2871 2871 2877 2877 2871 2871 2867 2867 2878 2878 2867 2867 2865 2865</p>
        </triangles>
      </mesh>
    </geometry>
  </library_geometries>
  <library_materials>
    <material id="1f40be570caa47d68dee083b36c616e5" name="defaultmaterial">
      <instance_effect url="#06eca42e279348a99904b3f394b5dfc9"/>
    </material>
  </library_materials>
  <library_visual_scenes>
    <visual_scene id="scene">
      <node id="node0" name="node0">
        <instance_geometry url="#c48a54f67aed4784a0de719e35af3bd4">
          <bind_material>
            <technique_common>
              <instance_material symbol="material0" target="#1f40be570caa47d68dee083b36c616e5"/>
            </technique_common>
          </bind_material>
        </instance_geometry>
      </node>
    </visual_scene>
  </library_visual_scenes>
  <scene>
    <instance_visual_scene url="#scene"/>
  </scene>
</COLLADA>
